#id,name,icon,r1,g1,b1,r2,g2,b2,gltf,ddsd,ddsc,haircutting,
-1,없음,-1,0,0,0,0,0,0,
11400001,초보자 운동복,11400001,63,59,51,20,18,15,11400001_F_BasicSportwearTop.gltf,11400001_f_basicsportweartop_d.png,11400001_f_basicsportweartop_c.png,0,
11400002,캐쥬얼 후드 티,11400002,63,59,51,20,18,15,11400002_F_CasualShortsleeveHood.gltf,11400002_f_casualshortsleevehood_d.png,11400002_f_casualshortsleevehood_c.png,0,
11400003,가죽 흉갑,11400003,63,59,51,20,18,15,11400014_F_ProbationWarrior.gltf,11400014_f_probationwarrior_d.png,11400014_f_probationwarrior_c.png,0,
11400004,포인트 가죽 흉갑,11400004,63,59,51,20,18,15,11400003_F_BronzeWarrior.gltf,11400003_f_bronzewarrior_d.png,11400003_f_bronzewarrior_c.png,0,
11400005,스파이크 가죽 흉갑,11400005,63,59,51,20,18,15,11400004_F_RollingThunderSpike.gltf,11400004_f_rollingthunderspike_d.png,11400004_f_rollingthunderspike_c.png,0,
11400006,투박한 바이킹 아머,11400006,63,59,51,20,18,15,11400005_F_LittleBone.gltf,11400005_f_littlebone_d.png,11400005_f_littlebone_c.png,0,
11400007,캐리비안 아머,11400007,63,59,51,20,18,15,11400006_F_Viking.gltf,11400006_f_viking_d.png,11400006_f_viking_c.png,0,
11400008,크란츠 아머,11400008,63,59,51,20,18,15,11400005_F_LittleBone.gltf,11400005_f_littlebone_d.png,11400005_f_littlebone_c.png,0,
11400009,좀도둑 베스트,11400009,63,59,51,20,18,15,11400028_F_ProbationThief.gltf,11400028_f_probationthief_d.png,11400028_m_probationthief_c.png,0,
11400010,가죽 좀도둑 베스트,11400010,63,59,51,20,18,15,11400013_F_ProbationThief.gltf,11400013_f_probationthief_d.png,11400028_m_probationthief_c.png,0,
11400011,세련된 좀도둑 베스트,11400011,63,59,51,20,18,15,11400029_F_BlackEyeGoldline.gltf,11400029_f_blackeyegoldline_d.png,11400029_f_blackeyegoldline_c.png,0,
11400012,닌자 도복 상의,11400012,63,59,51,20,18,15,11400030_F_Junior.gltf,11400030_f_junior_d.png,11400030_f_junior_c.png,0,
11400013,가죽 닌자 도복 상의,11400013,63,59,51,20,18,15,11400031_F_FirstDegree.gltf,11400031_f_firstdegree_d.png,11400031_f_firstdegree_c.png,0,
11400014,자객 상의,11400014,63,59,51,20,18,15,11400030_F_Junior.gltf,11400030_f_junior_d.png,11400030_f_junior_c.png,0,
11400015,해적 재킷,11400015,63,59,51,20,18,15,11400033_F_CLPirateJacket.gltf,11400033_f_clpiratejacket_d.png,11400033_f_clpiratejacket_c.png,0,
11400016,숙련 자객 재킷,11400016,63,59,51,20,18,15,11400031_F_FirstDegree.gltf,11400031_f_firstdegree_d.png,11400031_f_firstdegree_c.png,0,
11400017,십자 해적 재킷,11400017,63,59,51,20,18,15,11400035_F_CLCrossPirate.gltf,11400035_f_clcrosspirate_d.png,11400035_f_clcrosspirate_c.png,0,
11400018,숲지기 수렵복,11400018,63,59,51,20,18,15,11400011_F_ProbationRanger.gltf,11400011_f_probationranger_d.png,11400011_f_probationranger_c.png,0,
11400019,금빛 숲지기 수렵복,11400019,63,59,51,20,18,15,11400017_F_LeatherFeather.gltf,11400017_f_leatherfeather_d.png,11400017_f_leatherfeather_c.png,0,
11400020,로빈훗 수렵복,11400020,63,59,51,20,18,15,11400018_F_HelenaEagleEye.gltf,11400018_f_helenaeagleeye_d.png,11400018_f_helenaeagleeye_c.png,0,
11400021,스트라이프 티 (남),11400021,147,226,242,89,153,165,01400011_M_StripeTee.gltf,01400011_m_stripetee_d.png,01400011_m_stripetee_c.png,0,
11400022,리본 민소매 티 (여),11400022,239,112,145,153,66,82,01400012_F_RibbonSleeveless.gltf,01400012_f_ribbonsleeveless_d.png,01400012_f_ribbonsleeveless_c.png,0,
11400023,물방울 스카프 티셔츠,11400023,63,59,51,20,18,15,11450022_F_CLRainDropScarp.gltf,11450022_f_clraindropscarp_d.png,11450022_f_clraindropscarp_c.png,0,
11400024,디자인 티셔츠 (남),11400024,63,59,51,20,18,15,01400009_M_UGC01.gltf,01400009_m_ugc01_d.png,01400009_m_ugc01_d.png,0,
11400025,디자인 티셔츠 (여),11400025,63,59,51,20,18,15,01400010_F_UGC01.gltf,01400010_f_ugc01_d.png,01400010_f_ugc01_d.png,0,
11400026,디자인 쫄티 (남),11400026,63,59,51,20,18,15,01400009_M_UGC02.gltf,01400009_m_ugc02_d.png,01400009_m_ugc02_d.png,0,
11400027,디자인 쫄티 (여),11400027,63,59,51,20,18,15,01400010_F_UGC02.gltf,01400010_f_ugc02_d.png,01400010_f_ugc02_d.png,0,
11400028,유치원 상의 (남),11400028,180,165,248,108,96,176,01400001_M_Preschool.gltf,01400001_m_preschool_d.png,01400001_m_preschool_c.png,0,
11400029,유치원 상의 (여),11400029,180,165,248,108,96,176,01400002_F_Preschool.gltf,01400002_f_preschool_d.png,01400002_f_preschool_c.png,0,
11400030,럭셔리 교복 재킷 (남),11400030,158,83,63,68,31,19,01400007_M_PrestigiousSchool.gltf,01400007_m_prestigiousschool_d.png,01400007_m_prestigiousschool_c.png,0,
11400031,럭셔리 교복 재킷 (여),11400031,158,83,63,68,31,19,01400008_F_PrestigiousSchool.gltf,01400008_f_prestigiousschool_d.png,01400008_f_prestigiousschool_c.png,0,
11400032,메이플 스타 야구 점퍼 (남),11400032,76,105,181,23,40,79,01400005_M_MapleStarBaseball.gltf,01400005_m_maplestarbaseball_d.png,01400005_m_maplestarbaseball_c.png,0,
11400033,메이플 스타 야구 점퍼 (여),11400033,255,168,203,205,86,106,01400006_F_MapleStarBaseball.gltf,01400006_f_maplestarbaseball_d.png,01400006_f_maplestarbaseball_c.png,0,
11400034,마린 티셔츠 (남),11400034,62,73,117,27,26,48,01400013_M_Marine.gltf,01400013_m_marine_d.png,01400013_m_marine_c.png,0,
11400035,마린 티셔츠 (여),11400035,62,73,117,27,26,48,01400014_F_RibbonMarine.gltf,01400014_f_ribbonmarine_d.png,01400014_f_ribbonmarine_c.png,0,
11400036,승무원 재킷 (남),11400036,76,105,181,23,40,79,01400015_M_CaptainJacket.gltf,01400015_m_captainjacket_d.png,01400015_m_captainjacket_c.png,0,
11400037,승무원 재킷 (여),11400037,76,105,181,23,40,79,01400016_F_CrewJacket.gltf,01400016_f_crewjacket_d.png,01400016_f_crewjacket_c.png,0,
11400038,줄무늬 해골 셔츠 (남),11400038,170,47,47,96,19,19,01400017_M_StripeSkeleton.gltf,01400017_m_stripeskeleton_d.png,01400017_m_stripeskeleton_c.png,0,
11400042,레이어드 라운드 티 (남),11400042,147,226,242,89,153,165,11450029_M_CLLayeredRound.gltf,11450029_m_layeredround_d.png,11450029_m_layeredround_c.png,0,
11400043,퍼플 숏 점퍼 (남),11400043,133,81,165,53,42,71,11450030_M_CLBlackShortJumper.gltf,11450030_m_blackshortjumper_d.png,11450030_m_blackshortjumper_c.png,0,
11400044,트레이닝 져지 (남),11400044,194,209,96,64,104,54,11450023_M_CLTraining.gltf,11450023_c_cltraining_d.png,11450023_m_cltraining_c.png,0,
11400045,트레이닝 져지 (여),11400045,194,209,96,64,104,54,11450023_F_CLTraining.gltf,11450023_c_cltraining_d.png,11450023_f_cltraining_c.png,0,
11400046,썸머 묶음 셔츠 (여),11400046,180,165,248,108,96,176,11450024_F_CLTieUpShirts.gltf,11450024_f_cltieupshirts_d.png,11450024_f_cltieupshirts_c.png,0,
11400047,클로이즈 베스트,11400047,63,59,51,20,18,15,11450025_F_CLPaddingVestHood.gltf,11450025_f_clpaddingvesthood_d.png,11450025_c_clpaddingvesthood_c.png,0,
11400048,다크 스위프트,11400048,63,59,51,20,18,15,11400042_F_CLDarkSwift.gltf,11400042_f_cldarkswift_d.png,11400042_f_cldarkswift_c.png,0,
11400049,십자군 서전트,11400049,63,59,51,20,18,15,11400049_F_CLCrusadesSergeant.gltf,11400049_f_clcrusadessergeant_d.png,11400051_f_clgoldencrusadessergeant_c.png,0,
11400050,은빛 크란츠 서전트,11400050,63,59,51,20,18,15,11400006_F_Viking.gltf,11400006_f_viking_d.png,11400006_f_viking_c.png,0,
11400051,금빛 십자군 서전트,11400051,63,59,51,20,18,15,11400051_F_CLGoldenCrusadesSergeant.gltf,11400051_f_clgoldencrusadessergeant_d.png,11400051_f_clgoldencrusadessergeant_c.png,0,
11400052,벨벳 상의,11400052,63,59,51,20,18,15,11400040_F_CLVelvetTunic.gltf,11400040_f_clvelvettunic_d.png,11400040_f_clvelvettunic_c.png,0,
11400053,큐빅 벨벳 상의,11400053,63,59,51,20,18,15,11400041_F_CLCubicVelvet.gltf,11400041_f_clcubicvelvet_d.png,11400041_f_clcubicvelvet_c.png,0,
11400054,쉐도우 스파이크 베스트,11400054,63,59,51,20,18,15,11400054_F_ShadowSpike.gltf,11400054_f_shadowspike_d.png,11400054_f_shadowspike_c.png,0,
11400055,디멘티드 숄더 메일,11400055,63,59,51,20,18,15,11400055_F_CLDementedShoulderMale.gltf,11400055_f_cldementedshouldermale_d.png,11400055_f_cldementedshouldermale_c.png,0,
11400056,운영자 상의 (여),11400056,63,59,51,20,18,15,11400056_F_CLGm.gltf,11400056_f_clgm_d.png,11400056_f_clgm_d.png,0,
11400057,고급 피혁 흉갑,11400057,63,59,51,20,18,15,11400014_F_ProbationWarrior.gltf,11400014_f_probationwarrior_d.png,11400014_f_probationwarrior_c.png,0,
11400058,포인트 고급 피혁 흉갑,11400058,63,59,51,20,18,15,11400003_F_BronzeWarrior.gltf,11400003_f_bronzewarrior_d.png,11400003_f_bronzewarrior_c.png,0,
11400059,스파이크 고급 피혁 흉갑,11400059,63,59,51,20,18,15,11400004_F_RollingThunderSpike.gltf,11400004_f_rollingthunderspike_d.png,11400004_f_rollingthunderspike_c.png,0,
11400060,투박한 캐리비안 아머,11400060,63,59,51,20,18,15,11400005_F_LittleBone.gltf,11400005_f_littlebone_d.png,11400005_f_littlebone_c.png,0,
11400061,나이트 아머,11400061,63,59,51,20,18,15,11400049_F_CLCrusadesSergeant.gltf,11400049_f_clcrusadessergeant_d.png,11400051_f_clgoldencrusadessergeant_c.png,0,
11400062,슬럼가의 상의,11400062,63,59,51,20,18,15,11400028_F_ProbationThief.gltf,11400028_f_probationthief_d.png,11400028_m_probationthief_c.png,0,
11400063,슬럼 스타일 레더 베스트,11400063,63,59,51,20,18,15,11400013_F_ProbationThief.gltf,11400013_f_probationthief_d.png,11400028_m_probationthief_c.png,0,
11400064,슬럼 스타일 베스트,11400064,63,59,51,20,18,15,11400029_F_BlackEyeGoldline.gltf,11400029_f_blackeyegoldline_d.png,11400029_f_blackeyegoldline_c.png,0,
11400065,암살 특화 상의,11400065,63,59,51,20,18,15,11400030_F_Junior.gltf,11400030_f_junior_d.png,11400030_f_junior_c.png,0,
11400066,밴디트 상의,11400066,63,59,51,20,18,15,11400033_F_CLPirateJacket.gltf,11400033_f_clpiratejacket_d.png,11400033_f_clpiratejacket_c.png,0,
11400067,바다 모험가 상의,11400067,63,59,51,20,18,15,11400033_F_CLPirateJacket.gltf,11400033_f_clpiratejacket_d.png,11400033_f_clpiratejacket_c.png,0,
11400068,바다모험가 가죽 상의,11400068,63,59,51,20,18,15,11400034_F_CLLeatherPirate.gltf,11400034_f_clleatherpirate_d.png,11400034_f_clleatherpirate_c.png,0,
11400069,우드랜드 베스트,11400069,63,59,51,20,18,15,11400011_F_ProbationRanger.gltf,11400011_f_probationranger_d.png,11400011_f_probationranger_c.png,0,
11400070,골든 우드랜드 셔츠,11400070,63,59,51,20,18,15,11400017_F_LeatherFeather.gltf,11400017_f_leatherfeather_d.png,11400017_f_leatherfeather_c.png,0,
11400071,명사수의 상의,11400071,63,59,51,20,18,15,11400018_F_HelenaEagleEye.gltf,11400018_f_helenaeagleeye_d.png,11400018_f_helenaeagleeye_c.png,0,
11400072,기사단 상의,11400072,63,59,51,20,18,15,11400049_F_CLCrusadesSergeant.gltf,11400049_f_clcrusadessergeant_d.png,11400051_f_clgoldencrusadessergeant_c.png,0,
11400073,근위대 갑옷,11400073,63,59,51,20,18,15,11400050_F_CLBlackCrusadesSergeant.gltf,11400050_f_clblackcrusadessergeant_d.png,11400051_f_clgoldencrusadessergeant_c.png,0,
11400074,스켈레톤 아머,11400074,63,59,51,20,18,15,11400074_F_CLSkeletonArmor.gltf,11400074_f_clskeletonarmor_d.png,11400074_f_clskeletonarmor_c.png,0,
11400075,블러디 더스크 아머,11400075,63,59,51,20,18,15,11400075_F_CLBloodyDuskArmor.gltf,11400075_c_clbloodyduskarmor_d.png,11400075_c_clbloodyduskarmor_c.png,0,
11400076,님블 비트 자켓,11400076,63,59,51,20,18,15,11400076_F_CLNimbleBitJacket.gltf,11400076_f_clnimblebitjacket_d.png,11400076_f_clnimblebitjacket_c.png,0,
11400077,팬텀 베스트,11400077,63,59,51,20,18,15,11400077_F_CLPhantomVest.gltf,11400077_f_clphantomvest_d.png,11400077_f_clphantomvest_c.png,0,
11400079,스터드 재킷,11400079,63,59,51,20,18,15,11400079_F_CLStuddedJacket.gltf,11400079_f_clstuddedjacket_d.png,11400079_f_clstuddedjacket_c.png,0,
11400080,디자인 후드티 (남),11400080,63,59,51,20,18,15,11400080_M_UGC03.gltf,11400080_m_ugc03_d.png,11400080_m_ugc03_d.png,0,
11400081,디자인 후드티 (여),11400081,63,59,51,20,18,15,11400081_F_UGC03.gltf,11400081_f_ugc03_d.png,11400081_f_ugc03_d.png,0,
11400082,디자인 져지 (남),11400082,63,59,51,20,18,15,11400082_M_UGC04.gltf,11400082_m_ugc04_d.png,11400082_m_ugc04_d.png,0,
11400083,디자인 져지 (여),11400083,63,59,51,20,18,15,11400083_F_UGC04.gltf,11400083_f_ugc04_d.png,11400083_f_ugc04_d.png,0,
11400084,검은 크란츠 아머,11400084,63,59,51,20,18,15,11400007_F_RollingThunderBlackbone.gltf,11400007_c_rollingthunderblackbone_d.png,11400007_c_rollingthunderblackbone_c.png,0,
11400085,강한 자객 상의,11400085,63,59,51,20,18,15,11400032_F_NinjaUniform.gltf,11400032_f_ninjauniform_d.png,11400032_f_ninjauniform_c.png,0,
11400086,블랙 나이트 아머,11400086,63,59,51,20,18,15,11400050_F_CLBlackCrusadesSergeant.gltf,11400050_f_clblackcrusadessergeant_d.png,11400051_f_clgoldencrusadessergeant_c.png,0,
11400087,어퍼 밴디트 상의,11400087,63,59,51,20,18,15,11400034_F_CLLeatherPirate.gltf,11400034_f_clleatherpirate_d.png,11400034_f_clleatherpirate_c.png,0,
11400088,골든 나이트 아머,11400088,63,59,51,20,18,15,11400051_F_CLGoldenCrusadesSergeant.gltf,11400051_f_clgoldencrusadessergeant_d.png,11400051_f_clgoldencrusadessergeant_c.png,0,
11400089,모스트 밴디트 재킷,11400089,63,59,51,20,18,15,11400035_F_CLCrossPirate.gltf,11400035_f_clcrosspirate_d.png,11400035_f_clcrosspirate_c.png,0,
11400090,체크 데님 셔츠 (남),11400090,63,59,51,20,18,15,11400090_M_CLCheckDenimShirts.gltf,11400090_m_clcheckdenimshirts_d.png,11400090_m_clcheckdenimshirts_d.png,0,
11400091,체크 데님 셔츠 (여),11400091,63,59,51,20,18,15,11400091_F_CLCheckDenimShirts.gltf,11400091_f_clcheckdenimshirts_d.png,11400091_f_clcheckdenimshirts_d.png,0,
11400092,화이트 워싱 셔츠 (남),11400092,63,59,51,20,18,15,11400092_M_CLWhiteWashingShirts.gltf,11400092_m_clwhitewashingshirts_d.png,11400092_m_clwhitewashingshirts_d.png,0,
11400093,화이트 워싱 셔츠 (여),11400093,63,59,51,20,18,15,11400093_F_CLWhiteWashingShirts.gltf,11400093_f_clwhitewashingshirts_d.png,11400093_f_clwhitewashingshirts_d.png,0,
11400094,딥 블루 셔츠 (남),11400094,63,59,51,20,18,15,11400094_M_CLDeepBlueShirts.gltf,11400094_m_cldeepblueshirts_d.png,11400094_m_cldeepblueshirts_d.png,0,
11400095,딥 블루 셔츠 (여),11400095,63,59,51,20,18,15,11400095_F_CLDeepBlueShirts.gltf,11400095_f_cldeepblueshirts_d.png,11400095_f_cldeepblueshirts_d.png,0,
11400096,레인보우 후드 (남),11400096,63,59,51,20,18,15,11400096_M_CLRainBow.gltf,11400096_m_clrainbow_d.png,11400096_m_clrainbow_c.png,0,
11400097,레인보우 후드 (여),11400097,249,137,77,147,60,20,11400097_F_CLRainBow.gltf,11400097_f_clrainbow_d.png,11400097_f_clrainbow_c.png,0,
11400098,깔끔한 짐꾼 상의,11400023,63,59,51,20,18,15,11450022_F_CLRainDropScarp.gltf,11450022_f_clraindropscarp_d.png,11450022_f_clraindropscarp_c.png,0,
11400099,최고급 벨벳 상의,11400099,63,59,51,20,18,15,11400041_F_CLCubicVelvet.gltf,11400041_f_clcubicvelvet_d.png,11400041_f_clcubicvelvet_c.png,0,
11400100,정장 상의 (남),11400100,63,59,51,20,18,15,11400098_M_CLClassicSuit.gltf,11400098_m_clclassicsuit_d.png,11400098_m_clclassicsuit_c.png,0,
11400102,크러스트 상의,11400084,63,59,51,20,18,15,11400007_F_RollingThunderBlackbone.gltf,11400007_c_rollingthunderblackbone_d.png,11400007_c_rollingthunderblackbone_c.png,0,
11400103,디비전 상의,11400061,63,59,51,20,18,15,11400049_F_CLCrusadesSergeant.gltf,11400049_f_clcrusadessergeant_d.png,11400051_f_clgoldencrusadessergeant_c.png,0,
11400104,블랙 크러스트 상의,11400086,63,59,51,20,18,15,11400050_F_CLBlackCrusadesSergeant.gltf,11400050_f_clblackcrusadessergeant_d.png,11400051_f_clgoldencrusadessergeant_c.png,0,
11400105,다이너스 상의,11400088,63,59,51,20,18,15,11400051_F_CLGoldenCrusadesSergeant.gltf,11400051_f_clgoldencrusadessergeant_d.png,11400051_f_clgoldencrusadessergeant_c.png,0,
11400106,브루탈 상의,11400072,63,59,51,20,18,15,11400049_F_CLCrusadesSergeant.gltf,11400049_f_clcrusadessergeant_d.png,11400051_f_clgoldencrusadessergeant_c.png,0,
11400107,블랙 다이너스 상의,11400088,63,59,51,20,18,15,11400051_F_CLGoldenCrusadesSergeant.gltf,11400051_f_clgoldencrusadessergeant_d.png,11400051_f_clgoldencrusadessergeant_c.png,0,
11400108,스키퍼 상의,11400085,63,59,51,20,18,15,11400032_F_NinjaUniform.gltf,11400032_f_ninjauniform_d.png,11400032_f_ninjauniform_c.png,0,
11400109,머깅 상의,11400066,63,59,51,20,18,15,11400033_F_CLPirateJacket.gltf,11400033_f_clpiratejacket_d.png,11400033_f_clpiratejacket_c.png,0,
11400110,트루 스키퍼 상의,11400087,63,59,51,20,18,15,11400034_F_CLLeatherPirate.gltf,11400034_f_clleatherpirate_d.png,11400034_f_clleatherpirate_c.png,0,
11400111,마스트 상의,11400089,63,59,51,20,18,15,11400035_F_CLCrossPirate.gltf,11400035_f_clcrosspirate_d.png,11400035_f_clcrosspirate_c.png,0,
11400112,크루 상의,11400067,63,59,51,20,18,15,11400033_F_CLPirateJacket.gltf,11400033_f_clpiratejacket_d.png,11400033_f_clpiratejacket_c.png,0,
11400113,포어 마스트 상의,11400089,63,59,51,20,18,15,11400035_F_CLCrossPirate.gltf,11400035_f_clcrosspirate_d.png,11400035_f_clcrosspirate_c.png,0,
11400114,스포츠 슬리브리스 (남),11400114,132,130,120,68,68,65,11400114_M_CLSportsSleeveless.gltf,11400114_m_clsportssleeveless_d.png,11400114_m_clsportssleeveless_c.png,0,
11400115,베이직 화이트 셔츠 (남),11400115,119,147,68,32,51,30,11400115_M_CLWhiteShirts.gltf,11400115_m_clwhiteshirts_d.png,11400115_m_clwhiteshirts_c.png,0,
11400116,스카프 무지 티셔츠 (남),11400116,230,230,230,150,150,150,11400116_M_CLScarfTshirts.gltf,11400116_c_clscarftshirts_d.png,11400116_c_clscarftshirts_c.png,0,
11400117,스포츠 슬리브리스 (여),11400117,132,130,120,68,68,65,11400114_F_CLSportsSleeveless.gltf,11400114_f_clsportssleeveless_d.png,11400114_f_clsportssleeveless_c.png,0,
11400118,베이직 화이트 셔츠 (여),11400118,239,112,145,153,66,82,11400115_F_CLWhiteshirts.gltf,11400115_f_clwhiteshirts_d.png,11400115_f_clwhiteshirts_c.png,0,
11400119,스카프 무지 티셔츠 (여),11400119,230,230,230,150,150,150,11400116_F_CLScarfTshirts.gltf,11400116_c_clscarftshirts_d.png,11400116_c_clscarftshirts_c.png,0,
11400120,디자인 박시 티셔츠 (남),11400120,63,59,51,20,18,15,11400120_M_UGC05.gltf,11400120_m_ugc05_d.png,11400120_m_ugc05_d.png,0,
11400122,거대 전사의 상의,11400003,63,59,51,20,18,15,11400014_F_ProbationWarrior.gltf,11400014_f_probationwarrior_d.png,11400014_f_probationwarrior_c.png,0,
11400123,강력한 전사의 상의,11400004,63,59,51,20,18,15,11400003_F_BronzeWarrior.gltf,11400003_f_bronzewarrior_d.png,11400003_f_bronzewarrior_c.png,0,
11400124,거대 도적의 상의,11400009,63,59,51,20,18,15,11400028_F_ProbationThief.gltf,11400028_f_probationthief_d.png,11400028_m_probationthief_c.png,0,
11400125,강력한 도적의 상의,11400010,63,59,51,20,18,15,11400013_F_ProbationThief.gltf,11400013_f_probationthief_d.png,11400028_m_probationthief_c.png,0,
11400126,거대 궁수의 상의,11400018,63,59,51,20,18,15,11400011_F_ProbationRanger.gltf,11400011_f_probationranger_d.png,11400011_f_probationranger_c.png,0,
11400127,강력한 궁수의 상의,11400019,63,59,51,20,18,15,11400017_F_LeatherFeather.gltf,11400017_f_leatherfeather_d.png,11400017_f_leatherfeather_c.png,0,
11400128,베이직 칼라 니트 (남),11400128,194,209,96,64,104,54,11400128_M_CLBasicKnit.gltf,11400128_c_clbasicknit_d.png,11400128_c_clbasicknit_c.png,0,
11400129,베이직 칼라 니트 (여),11400129,170,47,47,96,19,19,11400129_F_CLBasicKnit.gltf,11400128_c_clbasicknit_d.png,11400128_c_clbasicknit_c.png,0,
11400130,슬림 모직 재킷 (남),11400130,132,130,120,68,68,65,11400130_M_CLSlimJacket.gltf,11400130_m_clslimjacket_d.png,11400130_m_clslimjacket_c.png,0,
11400131,슬림 모직 재킷 (여),11400131,132,130,120,68,68,65,11400131_F_CLSlimJacket.gltf,11400131_f_clslimjacket_d.png,11400131_f_clslimjacket_c.png,0,
11400132,명예로운 용사의 전투갑옷,11409996,63,59,51,20,18,15,11400006_F_CLSavagery.gltf,11400007_c_clsavagery_d.png,11400007_c_clsavagery_c.png,0,
11400133,명예로운 용사의 집중갑옷,11409998,63,59,51,20,18,15,11400065_F_CLPhoenixPiette.gltf,11400065_f_clphoenixpiette_d.png,11400065_f_clphoenixpiette_c.png,0,
11400134,명예로운 용사의 혼란갑옷,11400039,63,59,51,20,18,15,01400019_F_FunkRaderJacket.gltf,01400019_f_funkraderjacket_d.png,01400019_f_funkraderjacket_c.png,0,
11400135,레인보우 후드 (남),11400096,63,59,51,20,18,15,11400096_M_CLRainBow.gltf,11400096_m_clrainbow_d.png,11400096_m_clrainbow_c.png,0,
11400136,레인보우 후드 (여),11400097,249,137,77,147,60,20,11400097_F_CLRainBow.gltf,11400097_f_clrainbow_d.png,11400097_f_clrainbow_c.png,0,
11400137,라운드 반팔 티셔츠 (남),11400137,63,59,51,20,18,15,11400137_M_RoundShortsleeved.gltf,11400137_m_roundshortsleeved_d.png,11400137_m_roundshortsleeved_c.png,0,
11400138,라운드 반팔 티셔츠 (여),11400138,63,59,51,20,18,15,11400138_F_RoundShortsleeved.gltf,11400138_f_roundshortsleeved_d.png,11400138_f_roundshortsleeved_c.png,0,
11400141,라운드 긴팔 티셔츠 (남),11400141,63,59,51,20,18,15,11400141_M_RoundTshirts.gltf,11400141_m_roundtshirts_d.png,11400141_m_roundtshirts_c.png,0,
11400142,라운드 긴팔 티셔츠 (여),11400142,63,59,51,20,18,15,11400142_F_RoundTshirts.gltf,11400142_f_roundtshirts_d.png,11400142_f_roundtshirts_c.png,0,
11400145,브이넥 반팔 티셔츠 (남),11400145,63,59,51,20,18,15,11400145_M_VneckShortsleeved.gltf,11400145_m_vneckshortsleeved_d.png,11400145_m_vneckshortsleeved_c.png,0,
11400146,브이넥 반팔 티셔츠 (여),11400146,63,59,51,20,18,15,11400146_F_VneckShortsleeved.gltf,11400146_f_vneckshortsleeved_d.png,11400146_f_vneckshortsleeved_c.png,0,
11400149,브이넥 긴팔 티셔츠 (남),11400149,63,59,51,20,18,15,11400149_M_VneckTshirts.gltf,11400149_m_vnecktshirts_d.png,11400149_m_vnecktshirts_c.png,0,
11400150,브이넥 긴팔 티셔츠 (여),11400150,63,59,51,20,18,15,11400150_F_VneckTshirts.gltf,11400150_f_vnecktshirts_d.png,11400150_f_vnecktshirts_c.png,0,
11400153,후드 반팔 티셔츠 (남),11400153,63,59,51,20,18,15,11400153_M_HoodShortsleeved.gltf,11400151_m_hoodsleeveless_d.png,11400151_m_hoodsleeveless_c.png,0,
11400154,후드 반팔 티셔츠 (여),11400154,63,59,51,20,18,15,11400154_F_HoodShortsleeved.gltf,11400151_m_hoodsleeveless_d.png,11400151_m_hoodsleeveless_c.png,0,
11400157,후드 긴팔 티셔츠 (남),11400157,63,59,51,20,18,15,11400157_M_HoodTshirts.gltf,11400151_m_hoodsleeveless_d.png,11400151_m_hoodsleeveless_c.png,0,
11400158,후드 긴팔 티셔츠 (여),11400158,63,59,51,20,18,15,11400158_F_HoodTshirts.gltf,11400151_m_hoodsleeveless_d.png,11400151_m_hoodsleeveless_c.png,0,
11400199,광선의 전사 상의,11400007,63,59,51,20,18,15,11400006_F_Viking.gltf,11400006_f_viking_d.png,11400006_f_viking_c.png,0,
11400200,광선의 도적 상의,11400013,63,59,51,20,18,15,11400031_F_FirstDegree.gltf,11400031_f_firstdegree_d.png,11400031_f_firstdegree_c.png,0,
11400201,경량의 전사 상의,11400084,63,59,51,20,18,15,11400007_F_RollingThunderBlackbone.gltf,11400007_c_rollingthunderblackbone_d.png,11400007_c_rollingthunderblackbone_c.png,0,
11400202,경량의 도적 상의,11400085,63,59,51,20,18,15,11400032_F_NinjaUniform.gltf,11400032_f_ninjauniform_d.png,11400032_f_ninjauniform_c.png,0,
11400203,견고한 전사 상의,11400049,63,59,51,20,18,15,11400049_F_CLCrusadesSergeant.gltf,11400049_f_clcrusadessergeant_d.png,11400051_f_clgoldencrusadessergeant_c.png,0,
11400204,견고한 도적 상의,11400015,63,59,51,20,18,15,11400033_F_CLPirateJacket.gltf,11400033_f_clpiratejacket_d.png,11400033_f_clpiratejacket_c.png,0,
11400205,야수의 전사 상의,11400007,63,59,51,20,18,15,11400006_F_Viking.gltf,11400006_f_viking_d.png,11400006_f_viking_c.png,0,
11400206,야수의 도적 상의,11400013,63,59,51,20,18,15,11400031_F_FirstDegree.gltf,11400031_f_firstdegree_d.png,11400031_f_firstdegree_c.png,0,
11400207,거구의 전사 상의,11400084,63,59,51,20,18,15,11400007_F_RollingThunderBlackbone.gltf,11400007_c_rollingthunderblackbone_d.png,11400007_c_rollingthunderblackbone_c.png,0,
11400208,거구의 도적 상의,11400085,63,59,51,20,18,15,11400032_F_NinjaUniform.gltf,11400032_f_ninjauniform_d.png,11400032_f_ninjauniform_c.png,0,
11400209,짐승의 전사 상의,11400049,63,59,51,20,18,15,11400049_F_CLCrusadesSergeant.gltf,11400049_f_clcrusadessergeant_d.png,11400051_f_clgoldencrusadessergeant_c.png,0,
11400210,짐승의 도적 상의,11400015,63,59,51,20,18,15,11400033_F_CLPirateJacket.gltf,11400033_f_clpiratejacket_d.png,11400033_f_clpiratejacket_c.png,0,
11400211,야생의 전사 상의,11400073,63,59,51,20,18,15,11400050_F_CLBlackCrusadesSergeant.gltf,11400050_f_clblackcrusadessergeant_d.png,11400051_f_clgoldencrusadessergeant_c.png,0,
11400212,야생의 도적 상의,11400068,63,59,51,20,18,15,11400034_F_CLLeatherPirate.gltf,11400034_f_clleatherpirate_d.png,11400034_f_clleatherpirate_c.png,0,
11400213,스타터 티셔츠,11400213,63,59,51,20,18,15,11400213_F_OBTCelebrateTshirts.gltf,11400213_c_obtcelebratetshirts_d.png,11400213_c_obtcelebratetshirts_d.png,0,
11400214,GM 워릭 후드,11400214,63,59,51,20,18,15,11400215_F_EventW.gltf,11400214_c_eventw_d.png,11400214_c_eventw_d.png,0,
11400215,GM 잭키 후드,11400215,63,59,51,20,18,15,11400217_F_EventJ.gltf,11400216_c_eventj_d.png,11400216_c_eventj_d.png,0,
11400216,GM 춘배 후드,11400216,63,59,51,20,18,15,11400219_F_EventChun.gltf,11400218_c_eventchun_d.png,11400218_c_eventchun_d.png,0,
11400217,GM 로라 후드,11400217,63,59,51,20,18,15,11400221_F_EventL.gltf,11400220_c_eventl_d.png,11400220_c_eventl_d.png,0,
11400218,GM 메튜 후드,11400218,63,59,51,20,18,15,11400223_F_EventM.gltf,11400222_c_eventm_d.png,11400222_c_eventm_d.png,0,
11400219,GM 요디 후드,11400219,63,59,51,20,18,15,11400225_F_EventY.gltf,11400224_c_eventy_d.png,11400224_c_eventy_d.png,0,
11400228,반팔 타이 화이트 셔츠 (남),11400228,63,59,51,20,18,15,11400228_M_ShortsleevedWhiteTieShirts.gltf,11400226_m_sleevelesswhitetieshrits_d.png,11400226_m_sleevelesswhitetieshrits_c.png,0,
11400229,반팔 타이 화이트 셔츠 (여),11400229,63,59,51,20,18,15,11400229_F_ShortsleevedWhiteTieShirts.gltf,11400227_f_sleevelesswhitetieshrits_d.png,11400226_m_sleevelesswhitetieshrits_c.png,0,
11400274,캡틴 모크의 상의,11400048,63,59,51,20,18,15,11400042_F_CLDarkSwift.gltf,11400042_f_cldarkswift_d.png,11400042_f_cldarkswift_c.png,0,
11400277,반팔 칼라 티셔츠 (남),11400277,63,59,51,20,18,15,11400277_M_ShortsleevedTshirts.gltf,11400277_m_shortsleevedtshirts_d.png,11400277_m_shortsleevedtshirts_c.png,0,
11400278,반팔 칼라 티셔츠 (여),11400278,63,59,51,20,18,15,11400278_F_ShortsleevedTshirts.gltf,11400278_f_shortsleevedtshirts_d.png,11400278_f_shortsleevedtshirts_c.png,0,
11400281,긴팔 칼라 티셔츠 (남),11400281,63,59,51,20,18,15,11400281_M_NecklineTshirts.gltf,11400281_m_necklinetshirts_d.png,11400281_m_necklinetshirts_c.png,0,
11400282,긴팔 칼라 티셔츠 (여),11400282,63,59,51,20,18,15,11400282_F_NecklineTshirts.gltf,11400282_f_necklinetshirts_d.png,11400282_f_necklinetshirts_c.png,0,
11400297,긴팔 셔츠 (남),11400297,63,59,51,20,18,15,11400297_M_BasicShirts.gltf,11400291_m_sleevelessshirts_d.png,11400291_m_sleevelessshirts_c.png,0,
11400298,긴팔 셔츠 (여),11400298,63,59,51,20,18,15,11400298_F_BasicShirts.gltf,11400292_f_sleevelessshirts_d.png,11400292_f_sleevelessshirts_c.png,0,
11400307,라운드 반팔 티셔츠 (남),11400307,230,230,230,150,150,150,11400137_M_RoundShortsleeved.gltf,11400137_m_roundshortsleeved_d.png,11400137_m_roundshortsleeved_c.png,0,
11400308,라운드 반팔 티셔츠 (여),11400308,230,230,230,150,150,150,11400138_F_RoundShortsleeved.gltf,11400138_f_roundshortsleeved_d.png,11400138_f_roundshortsleeved_c.png,0,
11400309,라운드 긴팔 티셔츠 (남),11400309,230,230,230,150,150,150,11400141_M_RoundTshirts.gltf,11400141_m_roundtshirts_d.png,11400141_m_roundtshirts_c.png,0,
11400310,라운드 긴팔 티셔츠 (여),11400310,230,230,230,150,150,150,11400142_F_RoundTshirts.gltf,11400142_f_roundtshirts_d.png,11400142_f_roundtshirts_c.png,0,
11400311,브이넥 반팔 티셔츠 (남),11400311,230,230,230,150,150,150,11400145_M_VneckShortsleeved.gltf,11400145_m_vneckshortsleeved_d.png,11400145_m_vneckshortsleeved_c.png,0,
11400312,브이넥 반팔 티셔츠 (여),11400312,230,230,230,150,150,150,11400146_F_VneckShortsleeved.gltf,11400146_f_vneckshortsleeved_d.png,11400146_f_vneckshortsleeved_c.png,0,
11400313,브이넥 긴팔 티셔츠 (남),11400313,230,230,230,150,150,150,11400149_M_VneckTshirts.gltf,11400149_m_vnecktshirts_d.png,11400149_m_vnecktshirts_c.png,0,
11400314,브이넥 긴팔 티셔츠 (여),11400314,230,230,230,150,150,150,11400150_F_VneckTshirts.gltf,11400150_f_vnecktshirts_d.png,11400150_f_vnecktshirts_c.png,0,
11400315,후드 반팔 티셔츠 (남),11400315,230,230,230,150,150,150,11400153_M_HoodShortsleeved.gltf,11400151_m_hoodsleeveless_d.png,11400151_m_hoodsleeveless_c.png,0,
11400316,후드 반팔 티셔츠 (여),11400316,230,230,230,150,150,150,11400154_F_HoodShortsleeved.gltf,11400151_m_hoodsleeveless_d.png,11400151_m_hoodsleeveless_c.png,0,
11400317,후드 긴팔 티셔츠 (남),11400317,230,230,230,150,150,150,11400157_M_HoodTshirts.gltf,11400151_m_hoodsleeveless_d.png,11400151_m_hoodsleeveless_c.png,0,
11400318,후드 긴팔 티셔츠 (여),11400318,230,230,230,150,150,150,11400158_F_HoodTshirts.gltf,11400151_m_hoodsleeveless_d.png,11400151_m_hoodsleeveless_c.png,0,
11400319,반팔 칼라 티셔츠 (남),11400319,230,230,230,150,150,150,11400277_M_ShortsleevedTshirts.gltf,11400277_m_shortsleevedtshirts_d.png,11400277_m_shortsleevedtshirts_c.png,0,
11400320,반팔 칼라 티셔츠 (여),11400320,230,230,230,150,150,150,11400278_F_ShortsleevedTshirts.gltf,11400278_f_shortsleevedtshirts_d.png,11400278_f_shortsleevedtshirts_c.png,0,
11400321,긴팔 칼라 티셔츠 (남),11400321,230,230,230,150,150,150,11400281_M_NecklineTshirts.gltf,11400281_m_necklinetshirts_d.png,11400281_m_necklinetshirts_c.png,0,
11400322,긴팔 칼라 티셔츠 (여),11400322,230,230,230,150,150,150,11400282_F_NecklineTshirts.gltf,11400282_f_necklinetshirts_d.png,11400282_f_necklinetshirts_c.png,0,
11400323,긴팔 셔츠 (남),11400323,230,230,230,150,150,150,11400297_M_BasicShirts.gltf,11400291_m_sleevelessshirts_d.png,11400291_m_sleevelessshirts_c.png,0,
11400324,긴팔 셔츠 (여),11400324,230,230,230,150,150,150,11400298_F_BasicShirts.gltf,11400292_f_sleevelessshirts_d.png,11400292_f_sleevelessshirts_c.png,0,
11400325,희미한 전사 상의,11400007,63,59,51,20,18,15,11400006_F_Viking.gltf,11400006_f_viking_d.png,11400006_f_viking_c.png,0,
11400326,희미한 도적 상의,11400013,63,59,51,20,18,15,11400031_F_FirstDegree.gltf,11400031_f_firstdegree_d.png,11400031_f_firstdegree_c.png,0,
11400327,혼탁한 전사 상의,11400007,63,59,51,20,18,15,11400006_F_Viking.gltf,11400006_f_viking_d.png,11400006_f_viking_c.png,0,
11400328,혼탁한 도적 상의,11400013,63,59,51,20,18,15,11400031_F_FirstDegree.gltf,11400031_f_firstdegree_d.png,11400031_f_firstdegree_c.png,0,
11400329,수집된 전사 상의,11400049,63,59,51,20,18,15,11400049_F_CLCrusadesSergeant.gltf,11400049_f_clcrusadessergeant_d.png,11400051_f_clgoldencrusadessergeant_c.png,0,
11400330,수집된 도적 상의,11400015,63,59,51,20,18,15,11400033_F_CLPirateJacket.gltf,11400033_f_clpiratejacket_d.png,11400033_f_clpiratejacket_c.png,0,
11400331,가치있는 전사 상의,11400074,63,59,51,20,18,15,11400074_F_CLSkeletonArmor.gltf,11400074_f_clskeletonarmor_d.png,11400074_f_clskeletonarmor_c.png,0,
11400332,가치있는 도적 상의,11400076,63,59,51,20,18,15,11400076_F_CLNimbleBitJacket.gltf,11400076_f_clnimblebitjacket_d.png,11400076_f_clnimblebitjacket_c.png,0,
11400333,탐험가 점퍼,11400333,170,47,47,96,19,19,11400334_F_CLExplore.gltf,11400334_f_clexplore_d.png,11400334_f_clexplore_d.png,0,
11400335,장교 재킷 (남),11400335,63,59,51,20,18,15,11400335_M_CLOfficer.gltf,11400335_c_clofficer_d.png,11400335_m_clofficer_c.png,0,
11400336,장교 재킷 (여),11400336,63,59,51,20,18,15,11400336_F_CLOfficer.gltf,11400335_c_clofficer_d.png,11400336_f_clofficer_c.png,0,
11400339,탐정 코트 (남),11400339,244,189,88,163,121,39,11400339_M_CLDetectiveCoat.gltf,11400339_m_cldetectivecoat_d.png,11400339_m_cldetectivecoat_c.png,0,
11400340,오리할콘 상의 (남),11400340,63,59,51,20,18,15,11400004_M_CLSilverOrihalcon.gltf,11400004_m_clsilverorihalcon_d.png,11400004_m_clsilverorihalcon_d.png,0,
11400341,오리할콘 상의 (여),11400341,63,59,51,20,18,15,11400003_F_CLSilverOrihalcon.gltf,11400003_f_clsilverorihalcon_d.png,11400003_f_clsilverorihalcon_d.png,0,
11400342,진열된 전사 상의,11400007,63,59,51,20,18,15,11400006_F_Viking.gltf,11400006_f_viking_d.png,11400006_f_viking_c.png,0,
11400343,진열된 도적 상의,11400013,63,59,51,20,18,15,11400031_F_FirstDegree.gltf,11400031_f_firstdegree_d.png,11400031_f_firstdegree_c.png,0,
11400344,귀중한 전사 상의,11400084,63,59,51,20,18,15,11400007_F_RollingThunderBlackbone.gltf,11400007_c_rollingthunderblackbone_d.png,11400007_c_rollingthunderblackbone_c.png,0,
11400345,귀중한 도적 상의,11400085,63,59,51,20,18,15,11400032_F_NinjaUniform.gltf,11400032_f_ninjauniform_d.png,11400032_f_ninjauniform_c.png,0,
11400346,메이플 운동복 상의 (남),11400346,170,47,47,96,19,19,11400346_M_CLMapleSportswear.gltf,11400346_c_clmaplesportswear_d.png,11400346_c_clmaplesportswear_c.png,0,
11400347,메이플 운동복 상의 (여),11400347,170,47,47,96,19,19,11400347_F_CLMapleSportswear.gltf,11400346_c_clmaplesportswear_d.png,11400346_c_clmaplesportswear_c.png,0,
11400348,스터드 재킷 (남),11400348,62,73,117,27,26,48,11400079_M_CLStuddedJacket.gltf,11400079_m_clstuddedjacket_d.png,11400079_m_clstuddedjacket_c.png,0,
11400349,스터드 재킷 (여),11400349,62,73,117,27,26,48,11400079_F_CLStuddedJacket.gltf,11400079_f_clstuddedjacket_d.png,11400079_f_clstuddedjacket_c.png,0,
11400350,해어진 민소매 후드티 (남),11400350,133,81,165,53,42,71,11400151_M_HoodSleeveless.gltf,11400151_m_hoodsleeveless_d.png,11400151_m_hoodsleeveless_c.png,0,
11400351,해어진 민소매 후드티 (여),11400351,239,112,145,153,66,82,11400152_F_HoodSleeveless.gltf,11400151_m_hoodsleeveless_d.png,11400151_m_hoodsleeveless_c.png,0,
11400352,흉포한 전사 상의,11400051,63,59,51,20,18,15,11400051_F_CLGoldenCrusadesSergeant.gltf,11400051_f_clgoldencrusadessergeant_d.png,11400051_f_clgoldencrusadessergeant_c.png,0,
11400353,흉포한 도적 상의,11400017,63,59,51,20,18,15,11400035_F_CLCrossPirate.gltf,11400035_f_clcrosspirate_d.png,11400035_f_clcrosspirate_c.png,0,
11400354,탐식의 스터드 재킷,11400079,63,59,51,20,18,15,11400079_F_CLStuddedJacket.gltf,11400079_f_clstuddedjacket_d.png,11400079_f_clstuddedjacket_c.png,0,
11400355,어둠의 전사 상의,11400084,63,59,51,20,18,15,11400007_F_RollingThunderBlackbone.gltf,11400007_c_rollingthunderblackbone_d.png,11400007_c_rollingthunderblackbone_c.png,0,
11400356,어둠의 도적 상의,11400085,63,59,51,20,18,15,11400032_F_NinjaUniform.gltf,11400032_f_ninjauniform_d.png,11400032_f_ninjauniform_c.png,0,
11400357,다크 스위프트 상의 (남),11400357,170,47,47,96,19,19,11400042_M_CLDarkSwift.gltf,11400042_m_cldarkswift_d.png,11400042_m_cldarkswift_c.png,0,
11400358,다크 스위프트 상의 (여),11400358,170,47,47,96,19,19,11400042_F_CLDarkSwift.gltf,11400042_f_cldarkswift_d.png,11400042_f_cldarkswift_c.png,0,
11400359,포효하는 용사의 전투갑옷,11409996,63,59,51,20,18,15,11400006_F_CLSavagery.gltf,11400007_c_clsavagery_d.png,11400007_c_clsavagery_c.png,0,
11400360,포효하는 용사의 집중갑옷,11409998,63,59,51,20,18,15,11400065_F_CLPhoenixPiette.gltf,11400065_f_clphoenixpiette_d.png,11400065_f_clphoenixpiette_c.png,0,
11400361,포효하는 용사의 혼란갑옷,11400039,63,59,51,20,18,15,01400019_F_FunkRaderJacket.gltf,01400019_f_funkraderjacket_d.png,01400019_f_funkraderjacket_c.png,0,
11400362,소리치는 전사의 상의,11400007,63,59,51,20,18,15,11400006_F_Viking.gltf,11400006_f_viking_d.png,11400006_f_viking_c.png,0,
11400363,소리치는 도적의 상의,11400013,63,59,51,20,18,15,11400031_F_FirstDegree.gltf,11400031_f_firstdegree_d.png,11400031_f_firstdegree_c.png,0,
11400364,포효하는 용사의 광란갑옷,11409996,63,59,51,20,18,15,11400006_F_CLSavagery.gltf,11400007_c_clsavagery_d.png,11400007_c_clsavagery_c.png,0,
11400365,포효하는 용사의 포격갑옷,11409998,63,59,51,20,18,15,11400065_F_CLPhoenixPiette.gltf,11400065_f_clphoenixpiette_d.png,11400065_f_clphoenixpiette_c.png,0,
11400366,포효하는 용사의 암살갑옷,11400039,63,59,51,20,18,15,01400019_F_FunkRaderJacket.gltf,01400019_f_funkraderjacket_d.png,01400019_f_funkraderjacket_c.png,0,
11400367,난폭한 영혼의 상의,11400885,63,59,51,20,18,15,11400885_F_CLViolent.gltf,11400885_f_clviolent_d.png,11400885_f_clviolent_c.png,0,
11400368,핏빛 선장의 상의,11400048,63,59,51,20,18,15,11400042_F_CLDarkSwift.gltf,11400042_f_cldarkswift_d.png,11400042_f_cldarkswift_c.png,0,
11400370,매지컬 할로윈 셔츠 (여),11400370,63,59,51,20,18,15,11400370_F_CLMagicalHalloween.gltf,11400370_f_clmagicalhalloween_d.png,11400370_f_clmagicalhalloween_d.png,0,
11400375,인페르노 갑옷 상의 (남),11400375,170,47,47,96,19,19,11400375_M_CLInferno.gltf,11400375_c_clinferno_d.png,11400375_c_clinferno_c.png,0,
11400376,인페르노 갑옷 상의 (여),11400376,170,47,47,96,19,19,11400376_F_CLInferno.gltf,11400375_c_clinferno_d.png,11400375_c_clinferno_c.png,0,
11400377,테룬칼리브 보급형 상의,11400377,63,59,51,20,18,15,11400377_F_CLRuneBlader01.gltf,11400377_c_clruneblader01_d.png,11400377_f_clruneblader01_c.png,0,
11400378,이슈라의 상의,11400378,63,59,51,20,18,15,11400378_F_CLRuneBlader02.gltf,11400378_c_clruneblader02_d.png,11400378_f_clruneblader02_c.png,0,
11400379,커머스 상의,11400379,63,59,51,20,18,15,11400379_F_CLRuneBlader03.gltf,11400379_c_clruneblader03_d.png,11400379_f_clruneblader03_c.png,0,
11400380,펠기아 상의,11400380,63,59,51,20,18,15,11400380_F_CLRuneBlader04.gltf,11400380_f_clruneblader04_d.png,11400380_f_clruneblader04_c.png,0,
11400381,테룬칼리브 고급형 상의,11400381,63,59,51,20,18,15,11400381_F_CLRuneBlader05.gltf,11400381_f_clruneblader05_d.png,11400381_f_clruneblader05_c.png,0,
11400382,바즈의 상의,11400382,63,59,51,20,18,15,11400382_F_CLRuneBlader06.gltf,11400382_c_clruneblader06_d.png,11400382_c_clruneblader06_c.png,0,
11400383,낚시꾼 상의,11400383,63,59,51,20,18,15,11400383_F_CLFishing_01.gltf,11400383_f_clfishing_d.png,11400383_f_clfishing_d.png,0,
11400384,난폭한 파멸의 상의,11400885,63,59,51,20,18,15,11400885_F_CLViolent.gltf,11400885_f_clviolent_d.png,11400885_f_clviolent_c.png,0,
11400385,단련된 더블 자켓,11400378,63,59,51,20,18,15,11400378_F_CLRuneBlader02.gltf,11400378_c_clruneblader02_d.png,11400378_f_clruneblader02_c.png,0,
11400386,탐식의 트리밍 자켓,11400379,63,59,51,20,18,15,11400379_F_CLRuneBlader03.gltf,11400379_c_clruneblader03_d.png,11400379_f_clruneblader03_c.png,0,
11400387,새벽의 보이드 자켓,11400380,63,59,51,20,18,15,11400380_F_CLRuneBlader04.gltf,11400380_f_clruneblader04_d.png,11400380_f_clruneblader04_c.png,0,
11400388,검은 불꽃의 데크 자켓,11400381,63,59,51,20,18,15,11400381_F_CLRuneBlader05.gltf,11400381_f_clruneblader05_d.png,11400381_f_clruneblader05_c.png,0,
11400389,클래식 더플 코트 (남),11400389,244,189,88,163,121,39,11400389_M_ClassicDuffleCoat.gltf,11400389_c_classicdufflecoat_d.png,11400389_c_classicdufflecoat_c.png,0,
11400390,클래식 더플 코트 (여),11400390,244,189,88,163,121,39,11400390_F_ClassicDuffleCoat.gltf,11400389_c_classicdufflecoat_d.png,11400389_c_classicdufflecoat_c.png,0,
11400391,라쿤 사파리 점퍼 (남),11400391,119,147,68,32,51,30,11400391_M_RacoonSafariJumper.gltf,11400391_c_racoonsafarijumper_d.png,11400391_c_racoonsafarijumper_c.png,0,
11400392,라쿤 사파리 점퍼 (여),11400392,119,147,68,32,51,30,11400392_F_RacconSafariJumper.gltf,11400391_c_racoonsafarijumper_d.png,11400391_c_racoonsafarijumper_c.png,0,
11400393,구스 패딩 점퍼 (남),11400393,76,105,181,23,40,79,11400393_M_GoosePaddingJumper.gltf,11400393_c_goosepaddingjumper_d.png,11400393_c_goosepaddingjumper_c.png,0,
11400394,구스 패딩 점퍼 (여),11400394,76,105,181,23,40,79,11400394_F_GoosePaddingJumper.gltf,11400393_c_goosepaddingjumper_d.png,11400393_c_goosepaddingjumper_c.png,0,
11400395,버클 무스탕 재킷 (남),11400395,63,59,51,20,18,15,11400395_M_BuckleMustangJacket.gltf,11400395_m_bucklemustangjacket_d.png,11400395_m_bucklemustangjacket_c.png,0,
11400396,버클 무스탕 재킷 (여),11400396,63,59,51,20,18,15,11400396_F_BuckleMustangJacket.gltf,11400395_m_bucklemustangjacket_d.png,11400395_m_bucklemustangjacket_c.png,0,
11400397,루미 드 코르 플레이트,11400371,63,59,51,20,18,15,11400371_F_CLDragonScalesPlate.gltf,11400371_c_cldragonscalesplate_d.png,11400371_c_cldragonscalesplate_c.png,0,
11400398,루미 드 라비에르 플레이트,11400371,63,59,51,20,18,15,11400371_F_CLDragonScalesPlate.gltf,11400371_c_cldragonscalesplate_d.png,11400371_c_cldragonscalesplate_c.png,0,
11400399,루미 드 마기아 아머,11400372,63,59,51,20,18,15,11400372_F_CLAngelicTelaaArmor.gltf,11400372_c_clangelictelaarmor_d.png,11400372_c_clangelictelaarmor_c.png,0,
11400400,루미 드 데우스 아머,11400372,63,59,51,20,18,15,11400372_F_CLAngelicTelaaArmor.gltf,11400372_c_clangelictelaarmor_d.png,11400372_c_clangelictelaarmor_c.png,0,
11400401,루미 드 테로 자켓,11400373,63,59,51,20,18,15,11400373_F_CLPadlockCueroJacket.gltf,11400373_f_clpadlockcuerojacket_d.png,11400373_f_clpadlockcuerojacket_c.png,0,
11400402,루미 드 리브라토 자켓,11400373,63,59,51,20,18,15,11400373_F_CLPadlockCueroJacket.gltf,11400373_f_clpadlockcuerojacket_d.png,11400373_f_clpadlockcuerojacket_c.png,0,
11400403,루미 드 에레보스 자켓,11400374,63,59,51,20,18,15,11400374_F_CLBuckledStrapJacket.gltf,11400374_f_clbuckledstrapjacket_d.png,11400374_f_clbuckledstrapjacket_c.png,0,
11400404,루미 드 시카 자켓,11400374,63,59,51,20,18,15,11400374_F_CLBuckledStrapJacket.gltf,11400374_f_clbuckledstrapjacket_d.png,11400374_f_clbuckledstrapjacket_c.png,0,
11400405,루미 드 폴루스 플레이트,11400371,63,59,51,20,18,15,11400371_F_CLDragonScalesPlate.gltf,11400371_c_cldragonscalesplate_d.png,11400371_c_cldragonscalesplate_c.png,0,
11400406,광포한 전투 상의,11400887,63,59,51,20,18,15,11400887_F_CLFury.gltf,11400887_c_clfury_d.png,11400887_c_clfury_c.png,0,
11400407,광포한 광란 상의,11400887,63,59,51,20,18,15,11400887_F_CLFury.gltf,11400887_c_clfury_d.png,11400887_c_clfury_c.png,0,
11400408,광포한 혼란 상의,11400887,63,59,51,20,18,15,11400887_F_CLFury.gltf,11400887_c_clfury_d.png,11400887_c_clfury_c.png,0,
11400409,광포한 암살 상의,11400887,63,59,51,20,18,15,11400887_F_CLFury.gltf,11400887_c_clfury_d.png,11400887_c_clfury_c.png,0,
11400410,광포한 주술 상의,11400887,63,59,51,20,18,15,11400887_F_CLFury.gltf,11400887_c_clfury_d.png,11400887_c_clfury_c.png,0,
11400411,극한의 전투 상의,11400886,63,59,51,20,18,15,11400886_F_CLLimit.gltf,11400886_f_cllimit_d.png,11400886_c_cllimit_c.png,0,
11400412,극한의 광란 상의,11400886,63,59,51,20,18,15,11400886_F_CLLimit.gltf,11400886_f_cllimit_d.png,11400886_c_cllimit_c.png,0,
11400413,극한의 혼란 상의,11400886,63,59,51,20,18,15,11400886_F_CLLimit.gltf,11400886_f_cllimit_d.png,11400886_c_cllimit_c.png,0,
11400414,극한의 암살 상의,11400886,63,59,51,20,18,15,11400886_F_CLLimit.gltf,11400886_f_cllimit_d.png,11400886_c_cllimit_c.png,0,
11400415,극한의 주술 상의,11400886,63,59,51,20,18,15,11400886_F_CLLimit.gltf,11400886_f_cllimit_d.png,11400886_c_cllimit_c.png,0,
11400416,엠파이어 나이트 아머,11400416,249,137,77,147,60,20,11400416_F_CLEmpireKnight.gltf,11400416_c_clempireknight_d.png,11400416_c_clempireknight_c.png,0,
11400417,디아볼루스 슬레이어 아머,11400417,63,59,51,20,18,15,11400417_F_CLDiabolusSlayer.gltf,11400417_c_cldiabolusslayer_d.png,11400417_c_cldiabolusslayer_c.png,0,
11400418,디자인 크롭 탑 (남),11400418,63,59,51,20,18,15,11400418_M_UGC06.gltf,11400418_m_ugc06_d.png,11400418_m_ugc06_d.png,0,
11400419,디자인 크롭 탑 (여),11400419,63,59,51,20,18,15,11400419_F_UGC06.gltf,11400419_f_ugc06_d.png,11400419_f_ugc06_d.png,0,
11400420,튼튼 전사 상의,11400003,63,59,51,20,18,15,11400014_F_ProbationWarrior.gltf,11400014_f_probationwarrior_d.png,11400014_f_probationwarrior_c.png,0,
11400421,튼튼 궁수 상의,11400018,63,59,51,20,18,15,11400011_F_ProbationRanger.gltf,11400011_f_probationranger_d.png,11400011_f_probationranger_c.png,0,
11400422,튼튼 도적 상의,11400009,63,59,51,20,18,15,11400028_F_ProbationThief.gltf,11400028_f_probationthief_d.png,11400028_m_probationthief_c.png,0,
11400427,섹시 불가사리 비키니,11400427,249,137,77,147,60,20,11400427_F_CLSexyStarFishBikini.gltf,11400427_c_clsexystarfishbikini_d.png,11400427_c_clsexystarfishbikini_c.png,0,
11400428,섹시 불가사리 비키니,11400427,249,137,77,147,60,20,11400427_F_CLSexyStarFishBikini.gltf,11400427_c_clsexystarfishbikini_d.png,11400427_c_clsexystarfishbikini_c.png,0,
11400429,섹시 불가사리 비키니,11400427,249,137,77,147,60,20,11400427_F_CLSexyStarFishBikini.gltf,11400427_c_clsexystarfishbikini_d.png,11400427_c_clsexystarfishbikini_c.png,0,
11400442,깨끗한 짐꾼 상의,11400023,63,59,51,20,18,15,11450022_F_CLRainDropScarp.gltf,11450022_f_clraindropscarp_d.png,11450022_f_clraindropscarp_c.png,0,
11400443,다이나믹 콘테스트 기념 티셔츠,11400443,63,59,51,20,18,15,11400443_F_DynamicContest.gltf,11400443_f_dynamiccontest_d.png,11400443_c_dynamiccontest_c.png,0,
11400444,고요한 전투 상의,11409996,63,59,51,20,18,15,11400006_F_CLSavagery.gltf,11400007_c_clsavagery_d.png,11400007_c_clsavagery_c.png,0,
11400445,고요한 광란 상의,11409996,63,59,51,20,18,15,11400006_F_CLSavagery.gltf,11400007_c_clsavagery_d.png,11400007_c_clsavagery_c.png,0,
11400446,고요한 집중 상의,11409998,63,59,51,20,18,15,11400065_F_CLPhoenixPiette.gltf,11400065_f_clphoenixpiette_d.png,11400065_f_clphoenixpiette_c.png,0,
11400447,고요한 포격 상의,11409998,63,59,51,20,18,15,11400065_F_CLPhoenixPiette.gltf,11400065_f_clphoenixpiette_d.png,11400065_f_clphoenixpiette_c.png,0,
11400448,고요한 혼란 상의,11400039,63,59,51,20,18,15,01400019_F_FunkRaderJacket.gltf,01400019_f_funkraderjacket_d.png,01400019_f_funkraderjacket_c.png,0,
11400449,고요한 암살 상의,11400039,63,59,51,20,18,15,01400019_F_FunkRaderJacket.gltf,01400019_f_funkraderjacket_d.png,01400019_f_funkraderjacket_c.png,0,
11400450,고요한 주술 상의,11409996,63,59,51,20,18,15,11400006_F_CLSavagery.gltf,11400007_c_clsavagery_d.png,11400007_c_clsavagery_c.png,0,
11400451,적막한 전투 상의,11400416,63,59,51,20,18,15,11400416_F_CLEmpireKnight.gltf,11400416_c_clempireknight_d.png,11400416_c_clempireknight_c.png,0,
11400452,적막한 광란 상의,11400416,63,59,51,20,18,15,11400416_F_CLEmpireKnight.gltf,11400416_c_clempireknight_d.png,11400416_c_clempireknight_c.png,0,
11400453,적막한 마법 상의,11400416,63,59,51,20,18,15,11400416_F_CLEmpireKnight.gltf,11400416_c_clempireknight_d.png,11400416_c_clempireknight_c.png,0,
11400454,적막한 신성 상의,11400416,63,59,51,20,18,15,11400416_F_CLEmpireKnight.gltf,11400416_c_clempireknight_d.png,11400416_c_clempireknight_c.png,0,
11400455,적막한 집중 상의,11400416,63,59,51,20,18,15,11400416_F_CLEmpireKnight.gltf,11400416_c_clempireknight_d.png,11400416_c_clempireknight_c.png,0,
11400456,적막한 포격 상의,11400416,63,59,51,20,18,15,11400416_F_CLEmpireKnight.gltf,11400416_c_clempireknight_d.png,11400416_c_clempireknight_c.png,0,
11400457,적막한 혼란 상의,11400416,63,59,51,20,18,15,11400416_F_CLEmpireKnight.gltf,11400416_c_clempireknight_d.png,11400416_c_clempireknight_c.png,0,
11400458,적막한 암살 상의,11400416,63,59,51,20,18,15,11400416_F_CLEmpireKnight.gltf,11400416_c_clempireknight_d.png,11400416_c_clempireknight_c.png,0,
11400459,적막한 주술 상의,11400416,63,59,51,20,18,15,11400416_F_CLEmpireKnight.gltf,11400416_c_clempireknight_d.png,11400416_c_clempireknight_c.png,0,
11400460,썸머 래쉬가드 상의 (남),11400471,126,204,247,72,94,168,11400471_M_CLRashGuardSwim.gltf,11400471_m_clrashguardswim_d.png,11400471_m_clrashguardswim_c.png,0,
11400461,썸머 래쉬가드 상의 (여),11400475,255,168,203,205,86,106,11400471_F_CLRashGuardSwim.gltf,11400471_f_clrashguardswim_d.png,11400471_f_clrashguardswim_c.png,0,
11400462,버블 바스 상의 (남),11400472,242,224,191,165,127,96,11400472_M_CLBubbleTop.gltf,11400472_c_clbubbletop_d.png,11400472_c_clbubbletop_c.png,0,
11400463,버블 바스 상의 (여),11400476,242,224,191,165,127,96,11400472_F_CLBubbleTop.gltf,11400472_c_clbubbletop_d.png,11400472_c_clbubbletop_c.png,0,
11400469,아련한 그리움의 전사 상의,11400051,63,59,51,20,18,15,11400051_F_CLGoldenCrusadesSergeant.gltf,11400051_f_clgoldencrusadessergeant_d.png,11400051_f_clgoldencrusadessergeant_c.png,0,
11400470,아련한 그리움의 도적 상의,11400017,63,59,51,20,18,15,11400035_F_CLCrossPirate.gltf,11400035_f_clcrosspirate_d.png,11400035_f_clcrosspirate_c.png,0,
11400471,썸머 래쉬가드 상의 (남),11400471,126,204,247,72,94,168,11400471_M_CLRashGuardSwim.gltf,11400471_m_clrashguardswim_d.png,11400471_m_clrashguardswim_c.png,0,
11400472,버블 바스 상의 (남),11400472,242,224,191,165,127,96,11400472_M_CLBubbleTop.gltf,11400472_c_clbubbletop_d.png,11400472_c_clbubbletop_c.png,0,
11400473,와일드 플레임 재킷 (남),11400473,63,59,51,20,18,15,11400473_M_StrikerRedTop.gltf,11400473_m_strikerredtop_d.png,11400473_m_strikerredtop_c.png,0,
11400474,스피릿 원 로브 (남),11400474,76,105,181,23,40,79,11400440_M_CLSoulbinder05.gltf,11400440_m_clsoulbinder05_d.png,11400440_m_clsoulbinder05_c.png,0,
11400475,썸머 래쉬가드 상의 (여),11400475,255,168,203,205,86,106,11400471_F_CLRashGuardSwim.gltf,11400471_f_clrashguardswim_d.png,11400471_f_clrashguardswim_c.png,0,
11400476,버블 바스 상의 (여),11400476,242,224,191,165,127,96,11400472_F_CLBubbleTop.gltf,11400472_c_clbubbletop_d.png,11400472_c_clbubbletop_c.png,0,
11400477,해피 데이 티셔츠,11400477,63,59,51,20,18,15,11400477_F_GMDayEvent01.gltf,11400477_f_gmdayevent01_d.png,11400477_f_gmdayevent01_d.png,0,
11400478,메이플스토리2 로고 티셔츠,11400478,63,59,51,20,18,15,11400478_F_GMDayEvent02.gltf,11400478_f_gmdayevent02_d.png,11400478_f_gmdayevent02_d.png,0,
11400480,스피릿 원 로브 (여),11400480,76,105,181,23,40,79,11400440_F_CLSoulbinder05.gltf,11400440_f_clsoulbinder05_d.png,11400440_f_clsoulbinder05_c.png,0,
11400481,무딘 격투 상의,11400460,63,59,51,20,18,15,11400460_F_CLFighter01.gltf,11400460_c_clfighter01_d.png,11400460_c_clfighter01_c.png,0,
11400482,기초 격투 상의,11400460,63,59,51,20,18,15,11400460_F_CLFighter01.gltf,11400460_c_clfighter01_d.png,11400460_c_clfighter01_c.png,0,
11400483,기초 무투 상의,11400461,63,59,51,20,18,15,11400461_F_CLFighter02.gltf,11400461_c_clfighter02_d.png,11400461_c_clfighter02_c.png,0,
11400484,기초 사투 상의,11400462,63,59,51,20,18,15,11400462_F_CLFighter03.gltf,11400462_c_clfighter03_d.png,11400462_c_clfighter03_c.png,0,
11400485,초급 격투 상의,11400463,63,59,51,20,18,15,11400463_F_CLFighter04.gltf,11400463_f_clfighter04_d.png,11400463_f_clfighter04_c.png,0,
11400486,초급 무투 상의,11400464,63,59,51,20,18,15,11400464_F_CLFighter05.gltf,11400464_f_clfighter05_d.png,11400464_f_clfighter05_c.png,0,
11400487,초급 사투 상의,11400465,63,59,51,20,18,15,11400465_F_CLFighter06.gltf,11400465_c_clfighter06_d.png,11400465_f_clfighter06_c.png,0,
11400488,중급 격투 상의,11400466,63,59,51,20,18,15,11400466_F_CLFighter07.gltf,11400466_c_clfighter07_d.png,11400466_f_clfighter07_c.png,0,
11400489,중급 무투 상의,11400467,63,59,51,20,18,15,11400467_F_CLFighter08.gltf,11400467_c_clfighter08_d.png,11400467_f_clfighter08_c.png,0,
11400490,중급 사투 상의,11400468,63,59,51,20,18,15,11400468_F_CLFighter09.gltf,11400468_c_clfighter09_d.png,11400468_f_clfighter09_c.png,0,
11400491,숙련 격투 상의,11400461,63,59,51,20,18,15,11400461_F_CLFighter02.gltf,11400461_c_clfighter02_d.png,11400461_c_clfighter02_c.png,0,
11400492,숙련 무투 상의,11400462,63,59,51,20,18,15,11400462_F_CLFighter03.gltf,11400462_c_clfighter03_d.png,11400462_c_clfighter03_c.png,0,
11400493,숙련 사투 상의,11400464,63,59,51,20,18,15,11400464_F_CLFighter05.gltf,11400464_f_clfighter05_d.png,11400464_f_clfighter05_c.png,0,
11400494,상급 격투 상의,11400465,63,59,51,20,18,15,11400465_F_CLFighter06.gltf,11400465_c_clfighter06_d.png,11400465_f_clfighter06_c.png,0,
11400495,상급 무투 상의,11400466,63,59,51,20,18,15,11400466_F_CLFighter07.gltf,11400466_c_clfighter07_d.png,11400466_f_clfighter07_c.png,0,
11400496,상급 사투 상의,11400467,63,59,51,20,18,15,11400467_F_CLFighter08.gltf,11400467_c_clfighter08_d.png,11400467_f_clfighter08_c.png,0,
11400497,고급 격투 상의,11400468,63,59,51,20,18,15,11400468_F_CLFighter09.gltf,11400468_c_clfighter09_d.png,11400468_f_clfighter09_c.png,0,
11400498,베이직 격투 상의,11400431,63,59,51,20,18,15,11400431_F_CLStriker02.gltf,11400431_c_clstriker02_d.png,11400431_c_clstriker02_c.png,0,
11400499,거대 격투가 상의,11400460,63,59,51,20,18,15,11400460_F_CLFighter01.gltf,11400460_c_clfighter01_d.png,11400460_c_clfighter01_c.png,0,
11400500,강력한 격투가 상의,11400461,63,59,51,20,18,15,11400461_F_CLFighter02.gltf,11400461_c_clfighter02_d.png,11400461_c_clfighter02_c.png,0,
11400501,광선의 격투가 상의,11400462,63,59,51,20,18,15,11400462_F_CLFighter03.gltf,11400462_c_clfighter03_d.png,11400462_c_clfighter03_c.png,0,
11400502,경량의 격투가 상의,11400463,63,59,51,20,18,15,11400463_F_CLFighter04.gltf,11400463_f_clfighter04_d.png,11400463_f_clfighter04_c.png,0,
11400503,견고한 격투가 상의,11400464,63,59,51,20,18,15,11400464_F_CLFighter05.gltf,11400464_f_clfighter05_d.png,11400464_f_clfighter05_c.png,0,
11400504,야수의 격투가 상의,11400465,63,59,51,20,18,15,11400465_F_CLFighter06.gltf,11400465_c_clfighter06_d.png,11400465_f_clfighter06_c.png,0,
11400505,광석의 격투가 상의,11400466,63,59,51,20,18,15,11400466_F_CLFighter07.gltf,11400466_c_clfighter07_d.png,11400466_f_clfighter07_c.png,0,
11400506,거구의 격투가 상의,11400467,63,59,51,20,18,15,11400467_F_CLFighter08.gltf,11400467_c_clfighter08_d.png,11400467_f_clfighter08_c.png,0,
11400507,짐승의 격투가 상의,11400467,63,59,51,20,18,15,11400467_F_CLFighter08.gltf,11400467_c_clfighter08_d.png,11400467_f_clfighter08_c.png,0,
11400508,야생의 격투가 상의,11400468,63,59,51,20,18,15,11400468_F_CLFighter09.gltf,11400468_c_clfighter09_d.png,11400468_f_clfighter09_c.png,0,
11400509,단련된 격투가 상의,11400468,63,59,51,20,18,15,11400468_F_CLFighter09.gltf,11400468_c_clfighter09_d.png,11400468_f_clfighter09_c.png,0,
11400510,흉포한 격투가 상의,11400465,63,59,51,20,18,15,11400465_F_CLFighter06.gltf,11400465_c_clfighter06_d.png,11400465_f_clfighter06_c.png,0,
11400511,탐식의 격투가 상의,11400468,63,59,51,20,18,15,11400468_F_CLFighter09.gltf,11400468_c_clfighter09_d.png,11400468_f_clfighter09_c.png,0,
11400512,새벽의 격투 상의,11400430,63,59,51,20,18,15,11400430_F_CLStriker01.gltf,11400430_c_clstriker01_d.png,11400430_c_clstriker01_c.png,0,
11400513,검은 불꽃의 격투 상의,11400433,63,59,51,20,18,15,11400433_F_CLStriker04.gltf,11400433_c_clstriker04_d.png,11400433_f_clstriker04_c.png,0,
11400514,아련한 그리움의 격투 상의,11400462,63,59,51,20,18,15,11400462_F_CLFighter03.gltf,11400462_c_clfighter03_d.png,11400462_c_clfighter03_c.png,0,
11400515,어둠의 격투 상의,11400462,63,59,51,20,18,15,11400462_F_CLFighter03.gltf,11400462_c_clfighter03_d.png,11400462_c_clfighter03_c.png,0,
11400516,난폭한 절멸의 상의,11400885,63,59,51,20,18,15,11400885_F_CLViolent.gltf,11400885_f_clviolent_d.png,11400885_f_clviolent_c.png,0,
11400517,튼튼 격투 상의,11400460,63,59,51,20,18,15,11400460_F_CLFighter01.gltf,11400460_c_clfighter01_d.png,11400460_c_clfighter01_c.png,0,
11400518,광포한 난투 상의,11400887,63,59,51,20,18,15,11400887_F_CLFury.gltf,11400887_c_clfury_d.png,11400887_c_clfury_c.png,0,
11400519,극한의 난투 상의,11400886,63,59,51,20,18,15,11400886_F_CLLimit.gltf,11400886_f_cllimit_d.png,11400886_c_cllimit_c.png,0,
11400520,고요한 난투 상의,11400462,63,59,51,20,18,15,11400462_F_CLFighter03.gltf,11400462_c_clfighter03_d.png,11400462_c_clfighter03_c.png,0,
11400521,적막한 난투 상의,11400416,63,59,51,20,18,15,11400416_F_CLEmpireKnight.gltf,11400416_c_clempireknight_d.png,11400416_c_clempireknight_c.png,0,
11400522,루미 드 마누스 상의,11400435,63,59,51,20,18,15,11400435_F_CLStriker06.gltf,11400435_c_clstriker06_d.png,11400435_c_clstriker06_c.png,0,
11400523,한 주먹 상의,11400461,63,59,51,20,18,15,11400461_F_CLFighter02.gltf,11400461_c_clfighter02_d.png,11400461_c_clfighter02_c.png,0,
11400524,검은 별 가죽 상의,11400462,63,59,51,20,18,15,11400462_F_CLFighter03.gltf,11400462_c_clfighter03_d.png,11400462_c_clfighter03_c.png,0,
11400525,뒷골목 형제의 상의,11400463,63,59,51,20,18,15,11400463_F_CLFighter04.gltf,11400463_f_clfighter04_d.png,11400463_f_clfighter04_c.png,0,
11400526,블랙 스톤 장식 상의,11400464,63,59,51,20,18,15,11400464_F_CLFighter05.gltf,11400464_f_clfighter05_d.png,11400464_f_clfighter05_c.png,0,
11400527,잿빛 격투 상의,11400465,63,59,51,20,18,15,11400465_F_CLFighter06.gltf,11400465_c_clfighter06_d.png,11400465_f_clfighter06_c.png,0,
11400546,베이스볼 유니폼 상의 (남),11400546,62,73,117,27,26,48,11400546_M_CLBaseball01.gltf,11400546_c_clbaseball01_d.png,11400546_c_clbaseball01_c.png,0,
11400547,베이스볼 유니폼 상의 (여),11400547,62,73,117,27,26,48,11400547_F_CLBaseball01.gltf,11400546_c_clbaseball01_d.png,11400546_c_clbaseball01_c.png,0,
11400548,보이 스카우트 상의 (남),11400548,147,226,242,89,153,165,11400548_M_CLScouts01.gltf,11400548_c_clscouts01_d.png,11400548_m_clscouts01_c.png,0,
11400549,걸 스카우트 상의 (여),11400549,147,226,242,89,153,165,11400549_F_CLScouts01.gltf,11400548_c_clscouts01_d.png,11400548_f_clscouts01_c.png,0,
11400550,디자인 후드티 (남),11400080,63,59,51,20,18,15,11400080_M_UGC03.gltf,11400080_m_ugc03_d.png,11400080_m_ugc03_d.png,0,
11400551,디자인 후드티 (여),11400081,63,59,51,20,18,15,11400081_F_UGC03.gltf,11400081_f_ugc03_d.png,11400081_f_ugc03_d.png,0,
11400553,베이직 기공 상의,11400439,63,59,51,20,18,15,11400480_F_SoulbinderWhite.gltf,11400480_f_soulbinderwhite_d.png,11400480_f_soulbinderwhite_c.png,0,
11400554,단련된 기공사 상의,11400468,63,59,51,20,18,15,11400468_F_CLFighter09.gltf,11400468_c_clfighter09_d.png,11400468_f_clfighter09_c.png,0,
11400555,탐식의 기공사 상의,11400468,63,59,51,20,18,15,11400468_F_CLFighter09.gltf,11400468_c_clfighter09_d.png,11400468_f_clfighter09_c.png,0,
11400556,새벽의 기공 상의,11400436,63,59,51,20,18,15,11400436_F_CLSoulbinder01.gltf,11400436_f_clsoulbinder01_d.png,11400436_f_clsoulbinder01_c.png,0,
11400557,검은 불꽃의 기공 상의,11400439,63,59,51,20,18,15,11400480_F_SoulbinderWhite.gltf,11400480_f_soulbinderwhite_d.png,11400480_f_soulbinderwhite_c.png,0,
11400558,난폭한 공세의 상의,11400885,63,59,51,20,18,15,11400885_F_CLViolent.gltf,11400885_f_clviolent_d.png,11400885_f_clviolent_c.png,0,
11400559,광포한 의식 상의,11400887,63,59,51,20,18,15,11400887_F_CLFury.gltf,11400887_c_clfury_d.png,11400887_c_clfury_c.png,0,
11400560,극한의 의식 상의,11400886,63,59,51,20,18,15,11400886_F_CLLimit.gltf,11400886_f_cllimit_d.png,11400886_c_cllimit_c.png,0,
11400561,고요한 의식 상의,11400462,63,59,51,20,18,15,11400462_F_CLFighter03.gltf,11400462_c_clfighter03_d.png,11400462_c_clfighter03_c.png,0,
11400562,적막한 의식 상의,11400416,63,59,51,20,18,15,11400416_F_CLEmpireKnight.gltf,11400416_c_clempireknight_d.png,11400416_c_clempireknight_c.png,0,
11400563,루미 드 애니마르 상의,11400441,63,59,51,20,18,15,11400441_F_CLSoulbinder06.gltf,11400441_f_clsoulbinder06_d.png,11400441_f_clsoulbinder06_c.png,0,
11400564,수련자의 상의,11400461,63,59,51,20,18,15,11400461_F_CLFighter02.gltf,11400461_c_clfighter02_d.png,11400461_c_clfighter02_c.png,0,
11400565,수행자의 상의,11400462,63,59,51,20,18,15,11400462_F_CLFighter03.gltf,11400462_c_clfighter03_d.png,11400462_c_clfighter03_c.png,0,
11400566,너울빛 상의,11400463,63,59,51,20,18,15,11400463_F_CLFighter04.gltf,11400463_f_clfighter04_d.png,11400463_f_clfighter04_c.png,0,
11400567,어스름 달빛 상의,11400464,63,59,51,20,18,15,11400464_F_CLFighter05.gltf,11400464_f_clfighter05_d.png,11400464_f_clfighter05_c.png,0,
11400568,고요한 새벽의 상의,11400465,63,59,51,20,18,15,11400465_F_CLFighter06.gltf,11400465_c_clfighter06_d.png,11400465_f_clfighter06_c.png,0,
11400569,나르바샨의 전투 상의,11400423,63,59,51,20,18,15,11400423_F_CLWarriorClassSetTop01.gltf,11400423_c_clwarriorclasssettop01_d.png,11400423_c_clwarriorclasssettop01_c.png,0,
11400570,나르바샨의 광란 상의,11400423,63,59,51,20,18,15,11400423_F_CLWarriorClassSetTop01.gltf,11400423_c_clwarriorclasssettop01_d.png,11400423_c_clwarriorclasssettop01_c.png,0,
11400571,나르바샨의 마법 상의,11400424,63,59,51,20,18,15,11400424_F_CLMageClassSetTop01.gltf,11400424_c_clmageclasssettop01_d.png,11400424_c_clmageclasssettop01_c.png,0,
11400572,나르바샨의 신성 상의,11400424,63,59,51,20,18,15,11400424_F_CLMageClassSetTop01.gltf,11400424_c_clmageclasssettop01_d.png,11400424_c_clmageclasssettop01_c.png,0,
11400573,나르바샨의 집중 상의,11400425,63,59,51,20,18,15,11400425_F_CLHunterClassSetTop01.gltf,11400425_c_clhunterclasssettop01_d.png,11400425_f_clhunterclasssettop01_c.png,0,
11400574,나르바샨의 포격 상의,11400425,63,59,51,20,18,15,11400425_F_CLHunterClassSetTop01.gltf,11400425_c_clhunterclasssettop01_d.png,11400425_f_clhunterclasssettop01_c.png,0,
11400575,나르바샨의 혼란 상의,11400426,63,59,51,20,18,15,11400426_F_CLBrigandClassSetTop01.gltf,11400426_c_clbrigandclasssettop01_d.png,11400426_c_clbrigandclasssettop01_c.png,0,
11400576,나르바샨의 암살 상의,11400426,63,59,51,20,18,15,11400426_F_CLBrigandClassSetTop01.gltf,11400426_c_clbrigandclasssettop01_d.png,11400426_c_clbrigandclasssettop01_c.png,0,
11400577,나르바샨의 주술 상의,11400423,63,59,51,20,18,15,11400423_F_CLWarriorClassSetTop01.gltf,11400423_c_clwarriorclasssettop01_d.png,11400423_c_clwarriorclasssettop01_c.png,0,
11400578,나르바샨의 난투 상의,11400545,63,59,51,20,18,15,11400545_F_CLFighter10.gltf,11400545_c_clfighter10_d.png,11400545_c_clfighter10_c.png,0,
11400579,나르바샨의 의식 상의,11400545,63,59,51,20,18,15,11400545_F_CLFighter10.gltf,11400545_c_clfighter10_d.png,11400545_c_clfighter10_c.png,0,
11400580,맹렬한 전투 상의,11400075,63,59,51,20,18,15,11400075_F_CLBloodyDuskArmor.gltf,11400075_c_clbloodyduskarmor_d.png,11400075_c_clbloodyduskarmor_c.png,0,
11400581,맹렬한 광란 상의,11400055,63,59,51,20,18,15,11400055_F_CLDementedShoulderMale.gltf,11400055_f_cldementedshouldermale_d.png,11400055_f_cldementedshouldermale_c.png,0,
11400586,맹렬한 혼란 상의,11400079,63,59,51,20,18,15,11400079_F_CLStuddedJacket.gltf,11400079_f_clstuddedjacket_d.png,11400079_f_clstuddedjacket_c.png,0,
11400587,맹렬한 암살 상의,11400077,63,59,51,20,18,15,11400077_F_CLPhantomVest.gltf,11400077_f_clphantomvest_d.png,11400077_f_clphantomvest_c.png,0,
11400588,맹렬한 주술 상의,11400379,63,59,51,20,18,15,11400379_F_CLRuneBlader03.gltf,11400379_c_clruneblader03_d.png,11400379_f_clruneblader03_c.png,0,
11400589,맹렬한 난투 상의,11400432,63,59,51,20,18,15,11400432_F_CLStriker03.gltf,11400432_c_clstriker03_d.png,11400432_c_clstriker03_c.png,0,
11400590,맹렬한 의식 상의,11400438,63,59,51,20,18,15,11400438_F_CLSoulbinder03.gltf,11400438_c_clsoulbinder03_d.png,11400438_c_clsoulbinder03_c.png,0,
11400591,침묵하는 전투 상의,11400417,63,59,51,20,18,15,11400417_F_CLDiabolusSlayer.gltf,11400417_c_cldiabolusslayer_d.png,11400417_c_cldiabolusslayer_c.png,0,
11400592,침묵하는 광란 상의,11400417,63,59,51,20,18,15,11400417_F_CLDiabolusSlayer.gltf,11400417_c_cldiabolusslayer_d.png,11400417_c_cldiabolusslayer_c.png,0,
11400593,침묵하는 마법 상의,11400417,63,59,51,20,18,15,11400417_F_CLDiabolusSlayer.gltf,11400417_c_cldiabolusslayer_d.png,11400417_c_cldiabolusslayer_c.png,0,
11400594,침묵하는 신성 상의,11400417,63,59,51,20,18,15,11400417_F_CLDiabolusSlayer.gltf,11400417_c_cldiabolusslayer_d.png,11400417_c_cldiabolusslayer_c.png,0,
11400595,침묵하는 집중 상의,11400417,63,59,51,20,18,15,11400417_F_CLDiabolusSlayer.gltf,11400417_c_cldiabolusslayer_d.png,11400417_c_cldiabolusslayer_c.png,0,
11400596,침묵하는 포격 상의,11400417,63,59,51,20,18,15,11400417_F_CLDiabolusSlayer.gltf,11400417_c_cldiabolusslayer_d.png,11400417_c_cldiabolusslayer_c.png,0,
11400597,침묵하는 혼란 상의,11400417,63,59,51,20,18,15,11400417_F_CLDiabolusSlayer.gltf,11400417_c_cldiabolusslayer_d.png,11400417_c_cldiabolusslayer_c.png,0,
11400598,침묵하는 암살 상의,11400417,63,59,51,20,18,15,11400417_F_CLDiabolusSlayer.gltf,11400417_c_cldiabolusslayer_d.png,11400417_c_cldiabolusslayer_c.png,0,
11400599,침묵하는 주술 상의,11400417,63,59,51,20,18,15,11400417_F_CLDiabolusSlayer.gltf,11400417_c_cldiabolusslayer_d.png,11400417_c_cldiabolusslayer_c.png,0,
11400600,침묵하는 난투 상의,11400417,63,59,51,20,18,15,11400417_F_CLDiabolusSlayer.gltf,11400417_c_cldiabolusslayer_d.png,11400417_c_cldiabolusslayer_c.png,0,
11400601,침묵하는 의식 상의,11400417,63,59,51,20,18,15,11400417_F_CLDiabolusSlayer.gltf,11400417_c_cldiabolusslayer_d.png,11400417_c_cldiabolusslayer_c.png,0,
11400605,가을 감성 후드 티 ,11400605,63,59,51,20,18,15,11400605_F_GMDayEvent03.gltf,11400605_c_gmdayevent03_d.png,11400605_c_gmdayevent03_d.png,0,
11400606,밀키즈 화이트 셔츠,11400606,62,73,117,27,26,48,11400606_F_CLLivestock01.gltf,11400606_f_cllivestock_d.png,11400606_f_cllivestock_c.png,0,
11400607,디자인 티셔츠 (남),11400024,63,59,51,20,18,15,01400009_M_UGC01.gltf,01400009_m_ugc01_d.png,01400009_m_ugc01_d.png,0,
11400608,디자인 티셔츠 (여),11400025,63,59,51,20,18,15,01400010_F_UGC01.gltf,01400010_f_ugc01_d.png,01400010_f_ugc01_d.png,0,
11400609,금빛 정복자 상의,11400609,76,105,181,23,40,79,11400609_F_CLChaosRaid01.gltf,11400609_c_clchaosraid01_d.png,11400609_c_clchaosraid01_c.png,0,
11400610,탐험 전문가 상의,11400610,214,147,100,186,113,50,11400610_F_CLMapGoal.gltf,11400610_c_clmapgoal_d.png,11400610_c_clmapgoal_c.png,0,
11400611,퍼 트리밍 후드 점퍼 (남),11400611,62,73,117,27,26,48,11400611_M_WoolHoodJumper.gltf,11400611_m_woolhoodjumper_d.png,11400611_m_woolhoodjumper_c.png,0,
11400612,노르딕 꽈배기 스웨터 (남),11400612,119,147,68,32,51,30,11400612_M_NordicSweater.gltf,11400612_m_nordicsweater_d.png,11400612_m_nordicsweater_c.png,0,
11400613,희미하게 난폭한 영혼의 상의,11400885,63,59,51,20,18,15,11400885_F_CLViolent.gltf,11400885_f_clviolent_d.png,11400885_f_clviolent_c.png,0,
11400614,희미하게 난폭한 파멸의 상의,11400885,63,59,51,20,18,15,11400885_F_CLViolent.gltf,11400885_f_clviolent_d.png,11400885_f_clviolent_c.png,0,
11400615,희미하게 난폭한 절멸의 상의,11400885,63,59,51,20,18,15,11400885_F_CLViolent.gltf,11400885_f_clviolent_d.png,11400885_f_clviolent_c.png,0,
11400616,희미하게 난폭한 공세의 상의,11400885,63,59,51,20,18,15,11400885_F_CLViolent.gltf,11400885_f_clviolent_d.png,11400885_f_clviolent_c.png,0,
11400617,슬림 모직 재킷 (남),11400617,132,130,120,68,68,65,11400130_M_CLSlimJacket.gltf,11400130_m_clslimjacket_d.png,11400130_m_clslimjacket_c.png,0,
11400618,슬림 모직 자켓 (여),11400618,132,130,120,68,68,65,11400131_F_CLSlimJacket.gltf,11400131_f_clslimjacket_d.png,11400131_f_clslimjacket_c.png,0,
11400619,마린 티셔츠 (남),11400619,62,73,117,27,26,48,01400013_M_Marine.gltf,01400013_m_marine_d.png,01400013_m_marine_c.png,0,
11400620,마린 티셔츠 (여),11400620,62,73,117,27,26,48,01400014_F_RibbonMarine.gltf,01400014_f_ribbonmarine_d.png,01400014_f_ribbonmarine_c.png,0,
11400621,딥 블루 셔츠 (남),11400621,63,59,51,20,18,15,11400094_M_CLDeepBlueShirts.gltf,11400094_m_cldeepblueshirts_d.png,11400094_m_cldeepblueshirts_d.png,0,
11400622,리본 민소매 티 (여),11400622,239,112,145,153,66,82,01400012_F_RibbonSleeveless.gltf,01400012_f_ribbonsleeveless_d.png,01400012_f_ribbonsleeveless_c.png,0,
11400623,버클 무스탕 재킷 (남),11400623,63,59,51,20,18,15,11400395_M_BuckleMustangJacket.gltf,11400395_m_bucklemustangjacket_d.png,11400395_m_bucklemustangjacket_c.png,0,
11400624,버클 무스탕 재킷 (여),11400624,63,59,51,20,18,15,11400396_F_BuckleMustangJacket.gltf,11400395_m_bucklemustangjacket_d.png,11400395_m_bucklemustangjacket_c.png,0,
11400625,라쿤 사파리 점퍼 (남),11400625,119,147,68,32,51,30,11400391_M_RacoonSafariJumper.gltf,11400391_c_racoonsafarijumper_d.png,11400391_c_racoonsafarijumper_c.png,0,
11400626,라쿤 사파리 점퍼 (여),11400626,119,147,68,32,51,30,11400392_F_RacconSafariJumper.gltf,11400391_c_racoonsafarijumper_d.png,11400391_c_racoonsafarijumper_c.png,0,
11400627,구스 패딩 점퍼 (남),11400627,76,105,181,23,40,79,11400393_M_GoosePaddingJumper.gltf,11400393_c_goosepaddingjumper_d.png,11400393_c_goosepaddingjumper_c.png,0,
11400628,구스 패딩 점퍼 (여),11400628,76,105,181,23,40,79,11400394_F_GoosePaddingJumper.gltf,11400393_c_goosepaddingjumper_d.png,11400393_c_goosepaddingjumper_c.png,0,
11400629,럭셔리 교복 재킷 (남),11400629,158,83,63,68,31,19,01400007_M_PrestigiousSchool.gltf,01400007_m_prestigiousschool_d.png,01400007_m_prestigiousschool_c.png,0,
11400630,럭셔리 교복 재킷 (여),11400630,158,83,63,68,31,19,01400008_F_PrestigiousSchool.gltf,01400008_f_prestigiousschool_d.png,01400008_f_prestigiousschool_c.png,0,
11400631,반팔 타이 화이트 셔츠 (남),11400631,63,59,51,20,18,15,11400228_M_ShortsleevedWhiteTieShirts.gltf,11400226_m_sleevelesswhitetieshrits_d.png,11400226_m_sleevelesswhitetieshrits_c.png,0,
11400632,반팔 타이 화이트 셔츠 (여),11400632,63,59,51,20,18,15,11400229_F_ShortsleevedWhiteTieShirts.gltf,11400227_f_sleevelesswhitetieshrits_d.png,11400226_m_sleevelesswhitetieshrits_c.png,0,
11400633,정장 상의 (남),11400633,63,59,51,20,18,15,11400098_M_CLClassicSuit.gltf,11400098_m_clclassicsuit_d.png,11400098_m_clclassicsuit_c.png,0,
11400635,메이플 운동복 상의 (남),11400635,170,47,47,96,19,19,11400346_M_CLMapleSportswear.gltf,11400346_c_clmaplesportswear_d.png,11400346_c_clmaplesportswear_c.png,0,
11400636,메이플 운동복 상의 (여),11400636,170,47,47,96,19,19,11400347_F_CLMapleSportswear.gltf,11400346_c_clmaplesportswear_d.png,11400346_c_clmaplesportswear_c.png,0,
11400637,베르크 터틀넥 베스트,11400637,62,73,117,27,26,48,11400637_F_CLMining01.gltf,11400637_f_clmining01_d.png,11400637_f_clmining01_c.png,0,
11400638,알키미 바로크 셔츠,11400638,63,59,51,20,18,15,11400638_F_CLCollecting01.gltf,11400638_f_clcollecting01_d.png,11400638_c_clcollecting01_c.png,0,
11400639,레더바우 리본 셔츠,11400639,158,83,63,68,31,19,11400639_F_CLFarming01.gltf,11400639_f_clfarming01_d.png,11400639_f_clfarming01_c.png,0,
11400645,파도의 전투 상의,11400640,63,59,51,20,18,15,11400545_F_CLPirate.gltf,11400545_f_clpirate_d.png,11400545_f_clpirate_c.png,0,
11400646,파도의 광란 상의,11400640,63,59,51,20,18,15,11400545_F_CLPirate.gltf,11400545_f_clpirate_d.png,11400545_f_clpirate_c.png,0,
11400647,파도의 마법 상의,11400640,63,59,51,20,18,15,11400545_F_CLPirate.gltf,11400545_f_clpirate_d.png,11400545_f_clpirate_c.png,0,
11400648,파도의 신성 상의,11400640,63,59,51,20,18,15,11400545_F_CLPirate.gltf,11400545_f_clpirate_d.png,11400545_f_clpirate_c.png,0,
11400649,파도의 집중 상의,11400640,63,59,51,20,18,15,11400545_F_CLPirate.gltf,11400545_f_clpirate_d.png,11400545_f_clpirate_c.png,0,
11400650,파도의 포격 상의,11400640,63,59,51,20,18,15,11400545_F_CLPirate.gltf,11400545_f_clpirate_d.png,11400545_f_clpirate_c.png,0,
11400651,파도의 혼란 상의,11400640,63,59,51,20,18,15,11400545_F_CLPirate.gltf,11400545_f_clpirate_d.png,11400545_f_clpirate_c.png,0,
11400652,파도의 암살 상의,11400640,63,59,51,20,18,15,11400545_F_CLPirate.gltf,11400545_f_clpirate_d.png,11400545_f_clpirate_c.png,0,
11400653,파도의 주술 상의,11400640,63,59,51,20,18,15,11400545_F_CLPirate.gltf,11400545_f_clpirate_d.png,11400545_f_clpirate_c.png,0,
11400654,파도의 난투 상의,11400640,63,59,51,20,18,15,11400545_F_CLPirate.gltf,11400545_f_clpirate_d.png,11400545_f_clpirate_c.png,0,
11400655,파도의 의식 상의,11400640,63,59,51,20,18,15,11400545_F_CLPirate.gltf,11400545_f_clpirate_d.png,11400545_f_clpirate_c.png,0,
11400656,사라진 왕국의 전투 상의,11400602,63,59,51,20,18,15,11400602_F_CLDragon.gltf,11400602_c_cldragon_d.png,11400602_c_cldragon_c.png,0,
11400657,사라진 왕국의 광란 상의,11400602,63,59,51,20,18,15,11400602_F_CLDragon.gltf,11400602_c_cldragon_d.png,11400602_c_cldragon_c.png,0,
11400658,사라진 왕국의 마법 상의,11400602,63,59,51,20,18,15,11400602_F_CLDragon.gltf,11400602_c_cldragon_d.png,11400602_c_cldragon_c.png,0,
11400659,사라진 왕국의 신성 상의,11400602,63,59,51,20,18,15,11400602_F_CLDragon.gltf,11400602_c_cldragon_d.png,11400602_c_cldragon_c.png,0,
11400660,사라진 왕국의 집중 상의,11400602,63,59,51,20,18,15,11400602_F_CLDragon.gltf,11400602_c_cldragon_d.png,11400602_c_cldragon_c.png,0,
11400661,사라진 왕국의 포격 상의,11400602,63,59,51,20,18,15,11400602_F_CLDragon.gltf,11400602_c_cldragon_d.png,11400602_c_cldragon_c.png,0,
11400662,사라진 왕국의 혼란 상의,11400602,63,59,51,20,18,15,11400602_F_CLDragon.gltf,11400602_c_cldragon_d.png,11400602_c_cldragon_c.png,0,
11400663,사라진 왕국의 암살 상의,11400602,63,59,51,20,18,15,11400602_F_CLDragon.gltf,11400602_c_cldragon_d.png,11400602_c_cldragon_c.png,0,
11400664,사라진 왕국의 주술 상의,11400602,63,59,51,20,18,15,11400602_F_CLDragon.gltf,11400602_c_cldragon_d.png,11400602_c_cldragon_c.png,0,
11400665,사라진 왕국의 난투 상의,11400602,63,59,51,20,18,15,11400602_F_CLDragon.gltf,11400602_c_cldragon_d.png,11400602_c_cldragon_c.png,0,
11400666,사라진 왕국의 의식 상의,11400602,63,59,51,20,18,15,11400602_F_CLDragon.gltf,11400602_c_cldragon_d.png,11400602_c_cldragon_c.png,0,
11400667,루미에라곤 전투 상의,11400552,63,59,51,20,18,15,11400552_F_CLDarkSteel.gltf,11400552_c_cldarksteel_d.png,11400552_c_cldarksteel_c.png,0,
11400668,루미에라곤 광란 상의,11400552,63,59,51,20,18,15,11400552_F_CLDarkSteel.gltf,11400552_c_cldarksteel_d.png,11400552_c_cldarksteel_c.png,0,
11400669,루미에라곤 마법 상의,11400552,63,59,51,20,18,15,11400552_F_CLDarkSteel.gltf,11400552_c_cldarksteel_d.png,11400552_c_cldarksteel_c.png,0,
11400670,루미에라곤 신성 상의,11400552,63,59,51,20,18,15,11400552_F_CLDarkSteel.gltf,11400552_c_cldarksteel_d.png,11400552_c_cldarksteel_c.png,0,
11400671,루미에라곤 집중 상의,11400552,63,59,51,20,18,15,11400552_F_CLDarkSteel.gltf,11400552_c_cldarksteel_d.png,11400552_c_cldarksteel_c.png,0,
11400672,루미에라곤 포격 상의,11400552,63,59,51,20,18,15,11400552_F_CLDarkSteel.gltf,11400552_c_cldarksteel_d.png,11400552_c_cldarksteel_c.png,0,
11400673,루미에라곤 혼란 상의,11400552,63,59,51,20,18,15,11400552_F_CLDarkSteel.gltf,11400552_c_cldarksteel_d.png,11400552_c_cldarksteel_c.png,0,
11400674,루미에라곤 암살 상의,11400552,63,59,51,20,18,15,11400552_F_CLDarkSteel.gltf,11400552_c_cldarksteel_d.png,11400552_c_cldarksteel_c.png,0,
11400675,루미에라곤 주술 상의,11400552,63,59,51,20,18,15,11400552_F_CLDarkSteel.gltf,11400552_c_cldarksteel_d.png,11400552_c_cldarksteel_c.png,0,
11400676,루미에라곤 난투 상의,11400552,63,59,51,20,18,15,11400552_F_CLDarkSteel.gltf,11400552_c_cldarksteel_d.png,11400552_c_cldarksteel_c.png,0,
11400677,루미에라곤 의식 상의,11400552,63,59,51,20,18,15,11400552_F_CLDarkSteel.gltf,11400552_c_cldarksteel_d.png,11400552_c_cldarksteel_c.png,0,
11400678,초월의 루미에라곤 전투 상의,11400552,63,59,51,20,18,15,11400552_F_CLDarkSteel.gltf,11400552_c_cldarksteel_d.png,11400552_c_cldarksteel_c.png,0,
11400679,초월의 루미에라곤 광란 상의,11400552,63,59,51,20,18,15,11400552_F_CLDarkSteel.gltf,11400552_c_cldarksteel_d.png,11400552_c_cldarksteel_c.png,0,
11400680,초월의 루미에라곤 마법 상의,11400552,63,59,51,20,18,15,11400552_F_CLDarkSteel.gltf,11400552_c_cldarksteel_d.png,11400552_c_cldarksteel_c.png,0,
11400681,초월의 루미에라곤 신성 상의,11400552,63,59,51,20,18,15,11400552_F_CLDarkSteel.gltf,11400552_c_cldarksteel_d.png,11400552_c_cldarksteel_c.png,0,
11400682,초월의 루미에라곤 집중 상의,11400552,63,59,51,20,18,15,11400552_F_CLDarkSteel.gltf,11400552_c_cldarksteel_d.png,11400552_c_cldarksteel_c.png,0,
11400683,초월의 루미에라곤 포격 상의,11400552,63,59,51,20,18,15,11400552_F_CLDarkSteel.gltf,11400552_c_cldarksteel_d.png,11400552_c_cldarksteel_c.png,0,
11400684,초월의 루미에라곤 혼란 상의,11400552,63,59,51,20,18,15,11400552_F_CLDarkSteel.gltf,11400552_c_cldarksteel_d.png,11400552_c_cldarksteel_c.png,0,
11400685,초월의 루미에라곤 암살 상의,11400552,63,59,51,20,18,15,11400552_F_CLDarkSteel.gltf,11400552_c_cldarksteel_d.png,11400552_c_cldarksteel_c.png,0,
11400686,초월의 루미에라곤 주술 상의,11400552,63,59,51,20,18,15,11400552_F_CLDarkSteel.gltf,11400552_c_cldarksteel_d.png,11400552_c_cldarksteel_c.png,0,
11400687,초월의 루미에라곤 난투 상의,11400552,63,59,51,20,18,15,11400552_F_CLDarkSteel.gltf,11400552_c_cldarksteel_d.png,11400552_c_cldarksteel_c.png,0,
11400688,초월의 루미에라곤 의식 상의,11400552,63,59,51,20,18,15,11400552_F_CLDarkSteel.gltf,11400552_c_cldarksteel_d.png,11400552_c_cldarksteel_c.png,0,
11400689,검증하는 전투 상의,11400417,63,59,51,20,18,15,11400417_F_CLDiabolusSlayer.gltf,11400417_c_cldiabolusslayer_d.png,11400417_c_cldiabolusslayer_c.png,0,
11400690,검증하는 광란 상의,11400417,63,59,51,20,18,15,11400417_F_CLDiabolusSlayer.gltf,11400417_c_cldiabolusslayer_d.png,11400417_c_cldiabolusslayer_c.png,0,
11400691,검증하는 마법 상의,11400417,63,59,51,20,18,15,11400417_F_CLDiabolusSlayer.gltf,11400417_c_cldiabolusslayer_d.png,11400417_c_cldiabolusslayer_c.png,0,
11400692,검증하는 신성 상의,11400417,63,59,51,20,18,15,11400417_F_CLDiabolusSlayer.gltf,11400417_c_cldiabolusslayer_d.png,11400417_c_cldiabolusslayer_c.png,0,
11400693,검증하는 집중 상의,11400417,63,59,51,20,18,15,11400417_F_CLDiabolusSlayer.gltf,11400417_c_cldiabolusslayer_d.png,11400417_c_cldiabolusslayer_c.png,0,
11400694,검증하는 포격 상의,11400417,63,59,51,20,18,15,11400417_F_CLDiabolusSlayer.gltf,11400417_c_cldiabolusslayer_d.png,11400417_c_cldiabolusslayer_c.png,0,
11400695,검증하는 혼란 상의,11400417,63,59,51,20,18,15,11400417_F_CLDiabolusSlayer.gltf,11400417_c_cldiabolusslayer_d.png,11400417_c_cldiabolusslayer_c.png,0,
11400696,검증하는 암살 상의,11400417,63,59,51,20,18,15,11400417_F_CLDiabolusSlayer.gltf,11400417_c_cldiabolusslayer_d.png,11400417_c_cldiabolusslayer_c.png,0,
11400697,검증하는 주술 상의,11400417,63,59,51,20,18,15,11400417_F_CLDiabolusSlayer.gltf,11400417_c_cldiabolusslayer_d.png,11400417_c_cldiabolusslayer_c.png,0,
11400698,검증하는 난투 상의,11400417,63,59,51,20,18,15,11400417_F_CLDiabolusSlayer.gltf,11400417_c_cldiabolusslayer_d.png,11400417_c_cldiabolusslayer_c.png,0,
11400699,검증하는 의식 상의,11400417,63,59,51,20,18,15,11400417_F_CLDiabolusSlayer.gltf,11400417_c_cldiabolusslayer_d.png,11400417_c_cldiabolusslayer_c.png,0,
11400702,메이플 연합 나이트 배틀셔츠,11400604,63,59,51,20,18,15,11400604_F_CLEmerald.gltf,11400604_f_clemerald_d.png,11400604_f_clemerald_c.png,0,
11400703,메이플 연합 버서커 배틀셔츠,11400604,63,59,51,20,18,15,11400604_F_CLEmerald.gltf,11400604_f_clemerald_d.png,11400604_f_clemerald_c.png,0,
11400704,메이플 연합 위자드 배틀셔츠,11400604,63,59,51,20,18,15,11400604_F_CLEmerald.gltf,11400604_f_clemerald_d.png,11400604_f_clemerald_c.png,0,
11400705,메이플 연합 프리스트 배틀셔츠,11400604,63,59,51,20,18,15,11400604_F_CLEmerald.gltf,11400604_f_clemerald_d.png,11400604_f_clemerald_c.png,0,
11400706,메이플 연합 레인저 배틀셔츠,11400604,63,59,51,20,18,15,11400604_F_CLEmerald.gltf,11400604_f_clemerald_d.png,11400604_f_clemerald_c.png,0,
11400707,메이플 연합 헤비거너 배틀셔츠,11400604,63,59,51,20,18,15,11400604_F_CLEmerald.gltf,11400604_f_clemerald_d.png,11400604_f_clemerald_c.png,0,
11400708,메이플 연합 시프 배틀셔츠,11400604,63,59,51,20,18,15,11400604_F_CLEmerald.gltf,11400604_f_clemerald_d.png,11400604_f_clemerald_c.png,0,
11400709,메이플 연합 어쌔신 배틀셔츠,11400604,63,59,51,20,18,15,11400604_F_CLEmerald.gltf,11400604_f_clemerald_d.png,11400604_f_clemerald_c.png,0,
11400710,메이플 연합 블레이더 배틀셔츠,11400604,63,59,51,20,18,15,11400604_F_CLEmerald.gltf,11400604_f_clemerald_d.png,11400604_f_clemerald_c.png,0,
11400711,메이플 연합 스트라이커 배틀셔츠,11400604,63,59,51,20,18,15,11400604_F_CLEmerald.gltf,11400604_f_clemerald_d.png,11400604_f_clemerald_c.png,0,
11400712,메이플 연합 소울바인더 배틀셔츠,11400604,63,59,51,20,18,15,11400604_F_CLEmerald.gltf,11400604_f_clemerald_d.png,11400604_f_clemerald_c.png,0,
11400713,품위의 전투 상의,11400643,63,59,51,20,18,15,11400643_F_CLArenaA01.gltf,11400643_c_clarenaa01_d.png,11400643_c_clarenaa01_c.png,0,
11400714,품위의 광란 상의,11400643,63,59,51,20,18,15,11400643_F_CLArenaA01.gltf,11400643_c_clarenaa01_d.png,11400643_c_clarenaa01_c.png,0,
11400715,품위의 마법 상의,11400643,63,59,51,20,18,15,11400643_F_CLArenaA01.gltf,11400643_c_clarenaa01_d.png,11400643_c_clarenaa01_c.png,0,
11400716,품위의 신성 상의,11400643,63,59,51,20,18,15,11400643_F_CLArenaA01.gltf,11400643_c_clarenaa01_d.png,11400643_c_clarenaa01_c.png,0,
11400717,품위의 집중 상의,11400643,63,59,51,20,18,15,11400643_F_CLArenaA01.gltf,11400643_c_clarenaa01_d.png,11400643_c_clarenaa01_c.png,0,
11400718,품위의 포격 상의,11400643,63,59,51,20,18,15,11400643_F_CLArenaA01.gltf,11400643_c_clarenaa01_d.png,11400643_c_clarenaa01_c.png,0,
11400719,품위의 혼란 상의,11400643,63,59,51,20,18,15,11400643_F_CLArenaA01.gltf,11400643_c_clarenaa01_d.png,11400643_c_clarenaa01_c.png,0,
11400720,품위의 암살 상의,11400643,63,59,51,20,18,15,11400643_F_CLArenaA01.gltf,11400643_c_clarenaa01_d.png,11400643_c_clarenaa01_c.png,0,
11400721,품위의 주술 상의,11400643,63,59,51,20,18,15,11400643_F_CLArenaA01.gltf,11400643_c_clarenaa01_d.png,11400643_c_clarenaa01_c.png,0,
11400722,품위의 난투 상의,11400643,63,59,51,20,18,15,11400643_F_CLArenaA01.gltf,11400643_c_clarenaa01_d.png,11400643_c_clarenaa01_c.png,0,
11400723,품위의 의식 상의,11400643,63,59,51,20,18,15,11400643_F_CLArenaA01.gltf,11400643_c_clarenaa01_d.png,11400643_c_clarenaa01_c.png,0,
11400724,존엄의 전투 상의,11400644,63,59,51,20,18,15,11400644_F_CLArenaA02.gltf,11400644_c_clarenaa02_d.png,11400643_c_clarenaa01_c.png,0,
11400725,존엄의 광란 상의,11400644,63,59,51,20,18,15,11400644_F_CLArenaA02.gltf,11400644_c_clarenaa02_d.png,11400643_c_clarenaa01_c.png,0,
11400726,존엄의 마법 상의,11400644,63,59,51,20,18,15,11400644_F_CLArenaA02.gltf,11400644_c_clarenaa02_d.png,11400643_c_clarenaa01_c.png,0,
11400727,존엄의 신성 상의,11400644,63,59,51,20,18,15,11400644_F_CLArenaA02.gltf,11400644_c_clarenaa02_d.png,11400643_c_clarenaa01_c.png,0,
11400728,존엄의 집중 상의,11400644,63,59,51,20,18,15,11400644_F_CLArenaA02.gltf,11400644_c_clarenaa02_d.png,11400643_c_clarenaa01_c.png,0,
11400729,존엄의 포격 상의,11400644,63,59,51,20,18,15,11400644_F_CLArenaA02.gltf,11400644_c_clarenaa02_d.png,11400643_c_clarenaa01_c.png,0,
11400730,존엄의 혼란 상의,11400644,63,59,51,20,18,15,11400644_F_CLArenaA02.gltf,11400644_c_clarenaa02_d.png,11400643_c_clarenaa01_c.png,0,
11400731,존엄의 암살 상의,11400644,63,59,51,20,18,15,11400644_F_CLArenaA02.gltf,11400644_c_clarenaa02_d.png,11400643_c_clarenaa01_c.png,0,
11400732,존엄의 주술 상의,11400644,63,59,51,20,18,15,11400644_F_CLArenaA02.gltf,11400644_c_clarenaa02_d.png,11400643_c_clarenaa01_c.png,0,
11400733,존엄의 난투 상의,11400644,63,59,51,20,18,15,11400644_F_CLArenaA02.gltf,11400644_c_clarenaa02_d.png,11400643_c_clarenaa01_c.png,0,
11400734,존엄의 의식 상의,11400644,63,59,51,20,18,15,11400644_F_CLArenaA02.gltf,11400644_c_clarenaa02_d.png,11400643_c_clarenaa01_c.png,0,
11400735,썸머 래쉬가드 상의 (남),11400471,126,204,247,72,94,168,11400471_M_CLRashGuardSwim.gltf,11400471_m_clrashguardswim_d.png,11400471_m_clrashguardswim_c.png,0,
11400736,썸머 래쉬가드 상의 (여),11400475,255,168,203,205,86,106,11400471_F_CLRashGuardSwim.gltf,11400471_f_clrashguardswim_d.png,11400471_f_clrashguardswim_c.png,0,
11400737,버블 바스 상의 (남),11400472,242,224,191,165,127,96,11400472_M_CLBubbleTop.gltf,11400472_c_clbubbletop_d.png,11400472_c_clbubbletop_c.png,0,
11400738,버블 바스 상의 (여),11400476,242,224,191,165,127,96,11400472_F_CLBubbleTop.gltf,11400472_c_clbubbletop_d.png,11400472_c_clbubbletop_c.png,0,
11400739,퍼 트리밍 후드 점퍼 (남),11400611,62,73,117,27,26,48,11400611_M_WoolHoodJumper.gltf,11400611_m_woolhoodjumper_d.png,11400611_m_woolhoodjumper_c.png,0,
11400740,노르딕 꽈배기 스웨터 (남),11400612,119,147,68,32,51,30,11400612_M_NordicSweater.gltf,11400612_m_nordicsweater_d.png,11400612_m_nordicsweater_c.png,0,
11400741,앵그리 솔로부대 티셔츠,11400741,63,59,51,20,18,15,11400741_F_CoupleHell.gltf,11400741_c_couplehell_d.png,11400741_c_couplehell_d.png,0,
11400742,로맨틱 커플부대 티셔츠,11400742,63,59,51,20,18,15,11400742_F_CoupleHeaven.gltf,11400742_c_coupleheaven_d.png,11400742_c_coupleheaven_d.png,0,
11400743,트라이아 기사단 배틀튜닉,11400743,76,105,181,23,40,79,11400050_F_CLBlackCrusadesSergeant.gltf,11400050_f_clblackcrusadessergeant_d.png,11400051_f_clgoldencrusadessergeant_c.png,0,
11400744,트라이아 기사단 배틀튜닉,11400744,76,105,181,23,40,79,11400050_F_CLBlackCrusadesSergeant.gltf,11400050_f_clblackcrusadessergeant_d.png,11400051_f_clgoldencrusadessergeant_c.png,0,
11400745,할아버지가 만든 털옷,11400745,170,47,47,96,19,19,11400006_F_Viking.gltf,11400006_f_viking_d.png,11400006_f_viking_c.png,0,
11400746,할아버지가 만든 털옷,11400746,170,47,47,96,19,19,11400006_F_Viking.gltf,11400006_f_viking_d.png,11400006_f_viking_c.png,0,
11400747,매듭으로 멋을 낸 자켓,11400747,63,59,51,20,18,15,11400034_F_CLLeatherPirate.gltf,11400034_f_clleatherpirate_d.png,11400034_f_clleatherpirate_c.png,0,
11400748,매듭으로 멋을 낸 자켓,11400748,63,59,51,20,18,15,11400034_F_CLLeatherPirate.gltf,11400034_f_clleatherpirate_d.png,11400034_f_clleatherpirate_c.png,0,
11400749,로그스 잠행복 상의,11400749,133,81,165,53,42,71,11400013_F_ProbationThief.gltf,11400013_f_probationthief_d.png,11400028_m_probationthief_c.png,0,
11400750,로그스 잠행복 상의,11400750,133,81,165,53,42,71,11400013_F_ProbationThief.gltf,11400013_f_probationthief_d.png,11400028_m_probationthief_c.png,0,
11400751,기사단 훈련복 상의 (남),11400346,170,47,47,96,19,19,11400346_M_CLMapleSportswear.gltf,11400346_c_clmaplesportswear_d.png,11400346_c_clmaplesportswear_c.png,0,
11400752,기사단 훈련복 상의 (여),11400347,170,47,47,96,19,19,11400347_F_CLMapleSportswear.gltf,11400346_c_clmaplesportswear_d.png,11400346_c_clmaplesportswear_c.png,0,
11400753,룬 슈라우드,11400753,133,81,165,53,42,71,11400377_F_CLRuneBlader01.gltf,11400377_c_clruneblader01_d.png,11400377_f_clruneblader01_c.png,0,
11400754,룬 슈라우드,11400754,133,81,165,53,42,71,11400377_F_CLRuneBlader01.gltf,11400377_c_clruneblader01_d.png,11400377_f_clruneblader01_c.png,0,
11400755,격투용 수련복 상의,11400755,249,137,77,147,60,20,11400466_F_CLFighter07.gltf,11400466_c_clfighter07_d.png,11400466_f_clfighter07_c.png,0,
11400756,격투용 수련복 상의,11400756,249,137,77,147,60,20,11400466_F_CLFighter07.gltf,11400466_c_clfighter07_d.png,11400466_f_clfighter07_c.png,0,
11400757,가이던스 도복 상의,11400757,242,224,191,165,127,96,11400463_F_CLFighter04.gltf,11400463_f_clfighter04_d.png,11400463_f_clfighter04_c.png,0,
11400758,가이던스 도복 상의,11400758,242,224,191,165,127,96,11400463_F_CLFighter04.gltf,11400463_f_clfighter04_d.png,11400463_f_clfighter04_c.png,0,
11400759,품격의 전투 상의,11400644,63,59,51,20,18,15,11400644_F_CLArenaA02.gltf,11400644_c_clarenaa02_d.png,11400643_c_clarenaa01_c.png,0,
11400760,품격의 광란 상의,11400644,63,59,51,20,18,15,11400644_F_CLArenaA02.gltf,11400644_c_clarenaa02_d.png,11400643_c_clarenaa01_c.png,0,
11400761,품격의 마법 상의,11400644,63,59,51,20,18,15,11400644_F_CLArenaA02.gltf,11400644_c_clarenaa02_d.png,11400643_c_clarenaa01_c.png,0,
11400762,품격의 신성 상의,11400644,63,59,51,20,18,15,11400644_F_CLArenaA02.gltf,11400644_c_clarenaa02_d.png,11400643_c_clarenaa01_c.png,0,
11400763,품격의 집중 상의,11400644,63,59,51,20,18,15,11400644_F_CLArenaA02.gltf,11400644_c_clarenaa02_d.png,11400643_c_clarenaa01_c.png,0,
11400764,품격의 포격 상의,11400644,63,59,51,20,18,15,11400644_F_CLArenaA02.gltf,11400644_c_clarenaa02_d.png,11400643_c_clarenaa01_c.png,0,
11400765,품격의 혼란 상의,11400644,63,59,51,20,18,15,11400644_F_CLArenaA02.gltf,11400644_c_clarenaa02_d.png,11400643_c_clarenaa01_c.png,0,
11400766,품격의 암살 상의,11400644,63,59,51,20,18,15,11400644_F_CLArenaA02.gltf,11400644_c_clarenaa02_d.png,11400643_c_clarenaa01_c.png,0,
11400767,품격의 주술 상의,11400644,63,59,51,20,18,15,11400644_F_CLArenaA02.gltf,11400644_c_clarenaa02_d.png,11400643_c_clarenaa01_c.png,0,
11400768,품격의 난투 상의,11400644,63,59,51,20,18,15,11400644_F_CLArenaA02.gltf,11400644_c_clarenaa02_d.png,11400643_c_clarenaa01_c.png,0,
11400769,품격의 의식 상의,11400644,63,59,51,20,18,15,11400644_F_CLArenaA02.gltf,11400644_c_clarenaa02_d.png,11400643_c_clarenaa01_c.png,0,
11400792,낡은 가죽 흉갑,11400003,63,59,51,20,18,15,11400014_F_ProbationWarrior.gltf,11400014_f_probationwarrior_d.png,11400014_f_probationwarrior_c.png,0,
11400793,낡은 좀도둑 베스트,11400009,63,59,51,20,18,15,11400028_F_ProbationThief.gltf,11400028_f_probationthief_d.png,11400028_m_probationthief_c.png,0,
11400794,낡은 숲지기 수렵복,11400018,63,59,51,20,18,15,11400011_F_ProbationRanger.gltf,11400011_f_probationranger_d.png,11400011_f_probationranger_c.png,0,
11400795,낡은 무딘 격투 상의,11400460,63,59,51,20,18,15,11400460_F_CLFighter01.gltf,11400460_c_clfighter01_d.png,11400460_c_clfighter01_c.png,0,
11400796,(PC방) 탐정 코트 (남),11400339,244,189,88,163,121,39,11400339_M_CLDetectiveCoat.gltf,11400339_m_cldetectivecoat_d.png,11400339_m_cldetectivecoat_c.png,0,
11400797,(PC방) 럭셔리 교복 재킷 (여),11400031,158,83,63,68,31,19,01400008_F_PrestigiousSchool.gltf,01400008_f_prestigiousschool_d.png,01400008_f_prestigiousschool_c.png,0,
11400798,리버스 나이트 컴뱃아머 (LV50),11400603,63,59,51,20,18,15,11400603_F_CLBrightStar.gltf,11400603_c_clbrightstar_d.png,11400603_c_clbrightstar_c.png,0,
11400799,리버스 버서커 컴뱃아머 (LV50),11400603,63,59,51,20,18,15,11400603_F_CLBrightStar.gltf,11400603_c_clbrightstar_d.png,11400603_c_clbrightstar_c.png,0,
11400800,리버스 위자드 컴뱃아머 (LV50),11400603,63,59,51,20,18,15,11400603_F_CLBrightStar.gltf,11400603_c_clbrightstar_d.png,11400603_c_clbrightstar_c.png,0,
11400801,리버스 프리스트 컴뱃아머 (LV50),11400603,63,59,51,20,18,15,11400603_F_CLBrightStar.gltf,11400603_c_clbrightstar_d.png,11400603_c_clbrightstar_c.png,0,
11400802,리버스 레인저 컴뱃아머 (LV50),11400603,63,59,51,20,18,15,11400603_F_CLBrightStar.gltf,11400603_c_clbrightstar_d.png,11400603_c_clbrightstar_c.png,0,
11400803,리버스 헤비거너 컴뱃아머 (LV50),11400603,63,59,51,20,18,15,11400603_F_CLBrightStar.gltf,11400603_c_clbrightstar_d.png,11400603_c_clbrightstar_c.png,0,
11400804,리버스 시프 컴뱃아머 (LV50),11400603,63,59,51,20,18,15,11400603_F_CLBrightStar.gltf,11400603_c_clbrightstar_d.png,11400603_c_clbrightstar_c.png,0,
11400805,리버스 어쌔신 컴뱃아머 (LV50),11400603,63,59,51,20,18,15,11400603_F_CLBrightStar.gltf,11400603_c_clbrightstar_d.png,11400603_c_clbrightstar_c.png,0,
11400806,리버스 룬 블레이더 컴뱃아머 (LV50),11400603,63,59,51,20,18,15,11400603_F_CLBrightStar.gltf,11400603_c_clbrightstar_d.png,11400603_c_clbrightstar_c.png,0,
11400807,리버스 스트라이커 컴뱃아머 (LV50),11400603,63,59,51,20,18,15,11400603_F_CLBrightStar.gltf,11400603_c_clbrightstar_d.png,11400603_c_clbrightstar_c.png,0,
11400808,리버스 소울바인더 컴뱃아머 (LV50),11400603,63,59,51,20,18,15,11400603_F_CLBrightStar.gltf,11400603_c_clbrightstar_d.png,11400603_c_clbrightstar_c.png,0,
11400809,리버스 나이트 컴뱃아머 (LV56),11400603,63,59,51,20,18,15,11400603_F_CLBrightStar.gltf,11400603_c_clbrightstar_d.png,11400603_c_clbrightstar_c.png,0,
11400810,리버스 버서커 컴뱃아머 (LV56),11400603,63,59,51,20,18,15,11400603_F_CLBrightStar.gltf,11400603_c_clbrightstar_d.png,11400603_c_clbrightstar_c.png,0,
11400811,리버스 위자드 컴뱃아머 (LV56),11400603,63,59,51,20,18,15,11400603_F_CLBrightStar.gltf,11400603_c_clbrightstar_d.png,11400603_c_clbrightstar_c.png,0,
11400812,리버스 프리스트 컴뱃아머 (LV56),11400603,63,59,51,20,18,15,11400603_F_CLBrightStar.gltf,11400603_c_clbrightstar_d.png,11400603_c_clbrightstar_c.png,0,
11400813,리버스 레인저 컴뱃아머 (LV56),11400603,63,59,51,20,18,15,11400603_F_CLBrightStar.gltf,11400603_c_clbrightstar_d.png,11400603_c_clbrightstar_c.png,0,
11400814,리버스 헤비거너 컴뱃아머 (LV56),11400603,63,59,51,20,18,15,11400603_F_CLBrightStar.gltf,11400603_c_clbrightstar_d.png,11400603_c_clbrightstar_c.png,0,
11400815,리버스 시프 컴뱃아머 (LV56),11400603,63,59,51,20,18,15,11400603_F_CLBrightStar.gltf,11400603_c_clbrightstar_d.png,11400603_c_clbrightstar_c.png,0,
11400816,리버스 어쌔신 컴뱃아머 (LV56),11400603,63,59,51,20,18,15,11400603_F_CLBrightStar.gltf,11400603_c_clbrightstar_d.png,11400603_c_clbrightstar_c.png,0,
11400817,리버스 룬 블레이더 컴뱃아머 (LV56),11400603,63,59,51,20,18,15,11400603_F_CLBrightStar.gltf,11400603_c_clbrightstar_d.png,11400603_c_clbrightstar_c.png,0,
11400818,리버스 스트라이커 컴뱃아머 (LV56),11400603,63,59,51,20,18,15,11400603_F_CLBrightStar.gltf,11400603_c_clbrightstar_d.png,11400603_c_clbrightstar_c.png,0,
11400819,리버스 소울바인더 컴뱃아머 (LV56),11400603,63,59,51,20,18,15,11400603_F_CLBrightStar.gltf,11400603_c_clbrightstar_d.png,11400603_c_clbrightstar_c.png,0,
11400820,섹시 불가사리 비키니,11400427,249,137,77,147,60,20,11400427_F_CLSexyStarFishBikini.gltf,11400427_c_clsexystarfishbikini_d.png,11400427_c_clsexystarfishbikini_c.png,0,
11400821,(입문용) 가죽 흉갑,11400003,63,59,51,20,18,15,11400014_F_ProbationWarrior.gltf,11400014_f_probationwarrior_d.png,11400014_f_probationwarrior_c.png,0,
11400822,(입문용) 포인트 가죽 흉갑,11400004,63,59,51,20,18,15,11400003_F_BronzeWarrior.gltf,11400003_f_bronzewarrior_d.png,11400003_f_bronzewarrior_c.png,0,
11400823,(입문용) 스파이크 가죽 흉갑,11400005,63,59,51,20,18,15,11400004_F_RollingThunderSpike.gltf,11400004_f_rollingthunderspike_d.png,11400004_f_rollingthunderspike_c.png,0,
11400824,(입문용) 투박한 바이킹 아머,11400006,63,59,51,20,18,15,11400005_F_LittleBone.gltf,11400005_f_littlebone_d.png,11400005_f_littlebone_c.png,0,
11400825,(입문용) 크란츠 아머,11400008,63,59,51,20,18,15,11400005_F_LittleBone.gltf,11400005_f_littlebone_d.png,11400005_f_littlebone_c.png,0,
11400826,(입문용) 좀도둑 베스트,11400009,63,59,51,20,18,15,11400028_F_ProbationThief.gltf,11400028_f_probationthief_d.png,11400028_m_probationthief_c.png,0,
11400827,(입문용) 가죽 좀도둑 베스트,11400010,63,59,51,20,18,15,11400013_F_ProbationThief.gltf,11400013_f_probationthief_d.png,11400028_m_probationthief_c.png,0,
11400828,(입문용) 세련된 좀도둑 베스트,11400011,63,59,51,20,18,15,11400029_F_BlackEyeGoldline.gltf,11400029_f_blackeyegoldline_d.png,11400029_f_blackeyegoldline_c.png,0,
11400829,(입문용) 닌자 도복 상의,11400012,63,59,51,20,18,15,11400030_F_Junior.gltf,11400030_f_junior_d.png,11400030_f_junior_c.png,0,
11400830,(입문용) 자객 상의,11400014,63,59,51,20,18,15,11400030_F_Junior.gltf,11400030_f_junior_d.png,11400030_f_junior_c.png,0,
11400831,(입문용) 숙련 자객 재킷,11400016,63,59,51,20,18,15,11400031_F_FirstDegree.gltf,11400031_f_firstdegree_d.png,11400031_f_firstdegree_c.png,0,
11400832,(입문용) 숲지기 수렵복,11400018,63,59,51,20,18,15,11400011_F_ProbationRanger.gltf,11400011_f_probationranger_d.png,11400011_f_probationranger_c.png,0,
11400833,(입문용) 금빛 숲지기 수렵복,11400019,63,59,51,20,18,15,11400017_F_LeatherFeather.gltf,11400017_f_leatherfeather_d.png,11400017_f_leatherfeather_c.png,0,
11400834,(입문용) 로빈훗 수렵복,11400020,63,59,51,20,18,15,11400018_F_HelenaEagleEye.gltf,11400018_f_helenaeagleeye_d.png,11400018_f_helenaeagleeye_c.png,0,
11400835,(입문용) 은빛 크란츠 서전트,11400050,63,59,51,20,18,15,11400006_F_Viking.gltf,11400006_f_viking_d.png,11400006_f_viking_c.png,0,
11400838,(입문용) 나이트 아머,11400061,63,59,51,20,18,15,11400049_F_CLCrusadesSergeant.gltf,11400049_f_clcrusadessergeant_d.png,11400051_f_clgoldencrusadessergeant_c.png,0,
11400839,(입문용) 밴디트 상의,11400066,63,59,51,20,18,15,11400033_F_CLPirateJacket.gltf,11400033_f_clpiratejacket_d.png,11400033_f_clpiratejacket_c.png,0,
11400840,(입문용) 바다 모험가 상의,11400067,63,59,51,20,18,15,11400033_F_CLPirateJacket.gltf,11400033_f_clpiratejacket_d.png,11400033_f_clpiratejacket_c.png,0,
11400841,(입문용) 기사단 상의,11400072,63,59,51,20,18,15,11400049_F_CLCrusadesSergeant.gltf,11400049_f_clcrusadessergeant_d.png,11400051_f_clgoldencrusadessergeant_c.png,0,
11400842,(입문용) 검은 크란츠 아머,11400084,63,59,51,20,18,15,11400007_F_RollingThunderBlackbone.gltf,11400007_c_rollingthunderblackbone_d.png,11400007_c_rollingthunderblackbone_c.png,0,
11400843,(입문용) 강한 자객 상의,11400085,63,59,51,20,18,15,11400032_F_NinjaUniform.gltf,11400032_f_ninjauniform_d.png,11400032_f_ninjauniform_c.png,0,
11400844,(입문용) 블랙 나이트 아머,11400086,63,59,51,20,18,15,11400050_F_CLBlackCrusadesSergeant.gltf,11400050_f_clblackcrusadessergeant_d.png,11400051_f_clgoldencrusadessergeant_c.png,0,
11400845,(입문용) 어퍼 밴디트 상의,11400087,63,59,51,20,18,15,11400034_F_CLLeatherPirate.gltf,11400034_f_clleatherpirate_d.png,11400034_f_clleatherpirate_c.png,0,
11400846,(입문용) 골든 나이트 아머,11400088,63,59,51,20,18,15,11400051_F_CLGoldenCrusadesSergeant.gltf,11400051_f_clgoldencrusadessergeant_d.png,11400051_f_clgoldencrusadessergeant_c.png,0,
11400847,(입문용) 모스트 밴디트 재킷,11400089,63,59,51,20,18,15,11400035_F_CLCrossPirate.gltf,11400035_f_clcrosspirate_d.png,11400035_f_clcrosspirate_c.png,0,
11400849,(입문용) 크러스트 상의,11400084,63,59,51,20,18,15,11400007_F_RollingThunderBlackbone.gltf,11400007_c_rollingthunderblackbone_d.png,11400007_c_rollingthunderblackbone_c.png,0,
11400850,(입문용) 디비전 상의,11400061,63,59,51,20,18,15,11400049_F_CLCrusadesSergeant.gltf,11400049_f_clcrusadessergeant_d.png,11400051_f_clgoldencrusadessergeant_c.png,0,
11400851,(입문용) 블랙 크러스트 상의,11400086,63,59,51,20,18,15,11400050_F_CLBlackCrusadesSergeant.gltf,11400050_f_clblackcrusadessergeant_d.png,11400051_f_clgoldencrusadessergeant_c.png,0,
11400852,(입문용) 다이너스 상의,11400088,63,59,51,20,18,15,11400051_F_CLGoldenCrusadesSergeant.gltf,11400051_f_clgoldencrusadessergeant_d.png,11400051_f_clgoldencrusadessergeant_c.png,0,
11400853,(입문용) 브루탈 상의,11400072,63,59,51,20,18,15,11400049_F_CLCrusadesSergeant.gltf,11400049_f_clcrusadessergeant_d.png,11400051_f_clgoldencrusadessergeant_c.png,0,
11400854,(입문용) 블랙 다이너스 상의,11400088,63,59,51,20,18,15,11400051_F_CLGoldenCrusadesSergeant.gltf,11400051_f_clgoldencrusadessergeant_d.png,11400051_f_clgoldencrusadessergeant_c.png,0,
11400855,(입문용) 스키퍼 상의,11400085,63,59,51,20,18,15,11400032_F_NinjaUniform.gltf,11400032_f_ninjauniform_d.png,11400032_f_ninjauniform_c.png,0,
11400856,(입문용) 머깅 상의,11400066,63,59,51,20,18,15,11400033_F_CLPirateJacket.gltf,11400033_f_clpiratejacket_d.png,11400033_f_clpiratejacket_c.png,0,
11400857,(입문용) 트루 스키퍼 상의,11400087,63,59,51,20,18,15,11400034_F_CLLeatherPirate.gltf,11400034_f_clleatherpirate_d.png,11400034_f_clleatherpirate_c.png,0,
11400858,(입문용) 마스트 상의,11400089,63,59,51,20,18,15,11400035_F_CLCrossPirate.gltf,11400035_f_clcrosspirate_d.png,11400035_f_clcrosspirate_c.png,0,
11400859,(입문용) 크루 상의,11400067,63,59,51,20,18,15,11400033_F_CLPirateJacket.gltf,11400033_f_clpiratejacket_d.png,11400033_f_clpiratejacket_c.png,0,
11400860,(입문용) 포어 마스트 상의,11400089,63,59,51,20,18,15,11400035_F_CLCrossPirate.gltf,11400035_f_clcrosspirate_d.png,11400035_f_clcrosspirate_c.png,0,
11400861,(입문용) 무딘 격투 상의,11400460,63,59,51,20,18,15,11400460_F_CLFighter01.gltf,11400460_c_clfighter01_d.png,11400460_c_clfighter01_c.png,0,
11400862,(입문용) 기초 격투 상의,11400460,63,59,51,20,18,15,11400460_F_CLFighter01.gltf,11400460_c_clfighter01_d.png,11400460_c_clfighter01_c.png,0,
11400863,(입문용) 기초 무투 상의,11400461,63,59,51,20,18,15,11400461_F_CLFighter02.gltf,11400461_c_clfighter02_d.png,11400461_c_clfighter02_c.png,0,
11400864,(입문용) 기초 사투 상의,11400462,63,59,51,20,18,15,11400462_F_CLFighter03.gltf,11400462_c_clfighter03_d.png,11400462_c_clfighter03_c.png,0,
11400865,(입문용) 초급 격투 상의,11400463,63,59,51,20,18,15,11400463_F_CLFighter04.gltf,11400463_f_clfighter04_d.png,11400463_f_clfighter04_c.png,0,
11400866,(입문용) 초급 무투 상의,11400464,63,59,51,20,18,15,11400464_F_CLFighter05.gltf,11400464_f_clfighter05_d.png,11400464_f_clfighter05_c.png,0,
11400867,(입문용) 초급 사투 상의,11400465,63,59,51,20,18,15,11400465_F_CLFighter06.gltf,11400465_c_clfighter06_d.png,11400465_f_clfighter06_c.png,0,
11400868,(입문용) 중급 격투 상의,11400466,63,59,51,20,18,15,11400466_F_CLFighter07.gltf,11400466_c_clfighter07_d.png,11400466_f_clfighter07_c.png,0,
11400869,(입문용) 중급 무투 상의,11400467,63,59,51,20,18,15,11400467_F_CLFighter08.gltf,11400467_c_clfighter08_d.png,11400467_f_clfighter08_c.png,0,
11400870,(입문용) 중급 사투 상의,11400468,63,59,51,20,18,15,11400468_F_CLFighter09.gltf,11400468_c_clfighter09_d.png,11400468_f_clfighter09_c.png,0,
11400871,(입문용) 숙련 격투 상의,11400461,63,59,51,20,18,15,11400461_F_CLFighter02.gltf,11400461_c_clfighter02_d.png,11400461_c_clfighter02_c.png,0,
11400872,(입문용) 숙련 무투 상의,11400462,63,59,51,20,18,15,11400462_F_CLFighter03.gltf,11400462_c_clfighter03_d.png,11400462_c_clfighter03_c.png,0,
11400873,(입문용) 숙련 사투 상의,11400464,63,59,51,20,18,15,11400464_F_CLFighter05.gltf,11400464_f_clfighter05_d.png,11400464_f_clfighter05_c.png,0,
11400874,(입문용) 상급 격투 상의,11400465,63,59,51,20,18,15,11400465_F_CLFighter06.gltf,11400465_c_clfighter06_d.png,11400465_f_clfighter06_c.png,0,
11400875,(입문용) 상급 무투 상의,11400466,63,59,51,20,18,15,11400466_F_CLFighter07.gltf,11400466_c_clfighter07_d.png,11400466_f_clfighter07_c.png,0,
11400876,(입문용) 상급 사투 상의,11400467,63,59,51,20,18,15,11400467_F_CLFighter08.gltf,11400467_c_clfighter08_d.png,11400467_f_clfighter08_c.png,0,
11400877,(입문용) 고급 격투 상의,11400468,63,59,51,20,18,15,11400468_F_CLFighter09.gltf,11400468_c_clfighter09_d.png,11400468_f_clfighter09_c.png,0,
11400880,레이 야구복,11400880,62,73,117,27,26,48,11400880_F_Lay01.gltf,11400880_c_lay01_d.png,11400880_c_lay01_c.png,0,
11400881,레이 섹시 정장,11400881,249,137,77,147,60,20,11400881_F_Lay02.gltf,11400881_c_lay02_d.png,11400881_c_lay02_c.png,0,
11400894,다크윈드 아텐토 상의 (남),11400894,63,59,51,20,18,15,11400894_F_CLDarkWind01.gltf,11400894_c_cldarkwind01_d.png,11400894_c_cldarkwind01_d.png,0,
11400895,루미나이츠 오네스타 상의 (남),11400895,63,59,51,20,18,15,11400895_F_CLLumiKnight01.gltf,11400895_c_cllumiknight01_d.png,11400895_c_cllumiknight01_d.png,0,
11400896,트라이아 근위대 리네아르 상의 (남),11400896,63,59,51,20,18,15,11400896_F_CLTriaRoyalGuard01.gltf,11400896_c_cltriaroyalguard01_d.png,11400896_c_cltriaroyalguard01_d.png,0,
11400897,그린후드 자경단 피오레 상의 (남),11400897,63,59,51,20,18,15,11400897_M_CLGreenHood01.gltf,11400897_m_clgreenhood01_d.png,11400897_m_clgreenhood01_d.png,0,
11400901,매직 스톤 상의,11400901,133,81,165,53,42,71,11400901_F_CLMagicStone.gltf,11400901_c_clmagicstone_d.png,11400901_c_clmagicstone_c.png,0,
11400902,은빛 기사단 상의,11400902,76,105,181,23,40,79,11400902_F_CLSaveArmorA01.gltf,11400902_c_clsavearmora01_d.png,11400902_c_clsavearmora01_c.png,0,
11400903,금빛 기사단 상의,11400903,76,105,181,23,40,79,11400903_F_CLSaveArmorA02.gltf,11400903_c_clsavearmora02_d.png,11400902_c_clsavearmora01_c.png,0,
11400904,검은빛 방랑무사 조끼,11400904,170,47,47,96,19,19,11400904_F_CLSaveArmorB01.gltf,11400904_f_clsavearmorb01_d.png,11400904_c_clsavearmorb01_c.png,0,
11400905,은빛 방랑무사 조끼,11400905,170,47,47,96,19,19,11400905_F_CLSaveArmorB02.gltf,11400905_f_clsavearmorb02_d.png,11400904_c_clsavearmorb01_c.png,0,
11400906,윈디 어드벤처 탑,11400906,76,105,181,23,40,79,11400906_F_CLSaveArmorC01.gltf,11400906_c_clsavearmorc01_d.png,11400906_c_clsavearmorc01_c.png,0,
11400912,인페르노 갑옷 상의 (남),11400375,170,47,47,96,19,19,11400375_M_CLInferno.gltf,11400375_c_clinferno_d.png,11400375_c_clinferno_c.png,0,
11400913,인페르노 갑옷 상의 (여),11400376,170,47,47,96,19,19,11400376_F_CLInferno.gltf,11400375_c_clinferno_d.png,11400375_c_clinferno_c.png,0,
11400922,섹시 불가사리 비키니,11400427,249,137,77,147,60,20,11400427_F_CLSexyStarFishBikini.gltf,11400427_c_clsexystarfishbikini_d.png,11400427_c_clsexystarfishbikini_c.png,0,
11400927,(길라잡이) 포인트 가죽 흉갑,11400004,63,59,51,20,18,15,11400003_F_BronzeWarrior.gltf,11400003_f_bronzewarrior_d.png,11400003_f_bronzewarrior_c.png,0,
11400928,(길라잡이) 스파이크 가죽 흉갑,11400005,63,59,51,20,18,15,11400004_F_RollingThunderSpike.gltf,11400004_f_rollingthunderspike_d.png,11400004_f_rollingthunderspike_c.png,0,
11400929,(길라잡이) 크란츠 아머,11400008,63,59,51,20,18,15,11400005_F_LittleBone.gltf,11400005_f_littlebone_d.png,11400005_f_littlebone_c.png,0,
11400930,(길라잡이) 은빛 크란츠 서전트,11400050,63,59,51,20,18,15,11400006_F_Viking.gltf,11400006_f_viking_d.png,11400006_f_viking_c.png,0,
11400931,(길라잡이) 나이트 아머,11400061,63,59,51,20,18,15,11400049_F_CLCrusadesSergeant.gltf,11400049_f_clcrusadessergeant_d.png,11400051_f_clgoldencrusadessergeant_c.png,0,
11400932,(길라잡이) 검은 크란츠 아머,11400084,63,59,51,20,18,15,11400007_F_RollingThunderBlackbone.gltf,11400007_c_rollingthunderblackbone_d.png,11400007_c_rollingthunderblackbone_c.png,0,
11400933,(길라잡이) 블랙 나이트 아머,11400086,63,59,51,20,18,15,11400050_F_CLBlackCrusadesSergeant.gltf,11400050_f_clblackcrusadessergeant_d.png,11400051_f_clgoldencrusadessergeant_c.png,0,
11400934,(길라잡이) 골든 나이트 아머,11400088,63,59,51,20,18,15,11400051_F_CLGoldenCrusadesSergeant.gltf,11400051_f_clgoldencrusadessergeant_d.png,11400051_f_clgoldencrusadessergeant_c.png,0,
11400942,완성된 힘의 전사 상의,11409997,63,59,51,20,18,15,11400003_F_CLSilverOrihalcon.gltf,11400003_f_clsilverorihalcon_d.png,11400003_f_clsilverorihalcon_d.png,0,
11400943,완성된 힘의 격투가 상의,11400466,63,59,51,20,18,15,11400466_F_CLFighter07.gltf,11400466_c_clfighter07_d.png,11400466_f_clfighter07_c.png,0,
11400944,완성된 힘의 기공사 상의,11400466,63,59,51,20,18,15,11400466_F_CLFighter07.gltf,11400466_c_clfighter07_d.png,11400466_f_clfighter07_c.png,0,
11400945,메이플 연합 골든 파워 상의 (남),11400945,63,59,51,20,18,15,11400945_F_CLMapleUnion01.gltf,11400945_c_clmapleunion01_d.png,11400945_c_clmapleunion01_d.png,0,
11400957,크림슨 발록의 전투 상의,11400893,63,59,51,20,18,15,11400893_F_CLBalrogB01.gltf,11400893_c_clbalrogb01_d.png,11400893_c_clbalrogb01_c.png,0,
11400958,크림슨 발록의 광란 상의,11400893,63,59,51,20,18,15,11400893_F_CLBalrogB01.gltf,11400893_c_clbalrogb01_d.png,11400893_c_clbalrogb01_c.png,0,
11400959,크림슨 발록의 마법 상의,11400893,63,59,51,20,18,15,11400893_F_CLBalrogB01.gltf,11400893_c_clbalrogb01_d.png,11400893_c_clbalrogb01_c.png,0,
11400960,크림슨 발록의 신성 상의,11400893,63,59,51,20,18,15,11400893_F_CLBalrogB01.gltf,11400893_c_clbalrogb01_d.png,11400893_c_clbalrogb01_c.png,0,
11400961,크림슨 발록의 집중 상의,11400893,63,59,51,20,18,15,11400893_F_CLBalrogB01.gltf,11400893_c_clbalrogb01_d.png,11400893_c_clbalrogb01_c.png,0,
11400962,크림슨 발록의 포격 상의,11400893,63,59,51,20,18,15,11400893_F_CLBalrogB01.gltf,11400893_c_clbalrogb01_d.png,11400893_c_clbalrogb01_c.png,0,
11400963,크림슨 발록의 혼란 상의,11400893,63,59,51,20,18,15,11400893_F_CLBalrogB01.gltf,11400893_c_clbalrogb01_d.png,11400893_c_clbalrogb01_c.png,0,
11400964,크림슨 발록의 암살 상의,11400893,63,59,51,20,18,15,11400893_F_CLBalrogB01.gltf,11400893_c_clbalrogb01_d.png,11400893_c_clbalrogb01_c.png,0,
11400965,크림슨 발록의 주술 상의,11400893,63,59,51,20,18,15,11400893_F_CLBalrogB01.gltf,11400893_c_clbalrogb01_d.png,11400893_c_clbalrogb01_c.png,0,
11400966,크림슨 발록의 난투 상의,11400893,63,59,51,20,18,15,11400893_F_CLBalrogB01.gltf,11400893_c_clbalrogb01_d.png,11400893_c_clbalrogb01_c.png,0,
11400967,크림슨 발록의 의식 상의,11400893,63,59,51,20,18,15,11400893_F_CLBalrogB01.gltf,11400893_c_clbalrogb01_d.png,11400893_c_clbalrogb01_c.png,0,
11400968,앵그리 솔로부대 티셔츠,11400640,63,59,51,20,18,15,11400545_F_CLPirate.gltf,11400545_f_clpirate_d.png,11400545_f_clpirate_c.png,0,
11400969,로맨틱 커플부대 티셔츠,11400640,63,59,51,20,18,15,11400545_F_CLPirate.gltf,11400545_f_clpirate_d.png,11400545_f_clpirate_c.png,0,
11400972,타이드 캡틴 레더아머 (나이트),11400640,63,59,51,20,18,15,11400545_F_CLPirate.gltf,11400545_f_clpirate_d.png,11400545_f_clpirate_c.png,0,
11400973,타이드 캡틴 레더아머 (버서커),11400640,63,59,51,20,18,15,11400545_F_CLPirate.gltf,11400545_f_clpirate_d.png,11400545_f_clpirate_c.png,0,
11400974,타이드 캡틴 레더아머 (위자드),11400640,63,59,51,20,18,15,11400545_F_CLPirate.gltf,11400545_f_clpirate_d.png,11400545_f_clpirate_c.png,0,
11400975,타이드 캡틴 레더아머 (프리스트),11400640,63,59,51,20,18,15,11400545_F_CLPirate.gltf,11400545_f_clpirate_d.png,11400545_f_clpirate_c.png,0,
11400976,타이드 캡틴 레더아머 (레인저),11400640,63,59,51,20,18,15,11400545_F_CLPirate.gltf,11400545_f_clpirate_d.png,11400545_f_clpirate_c.png,0,
11400977,타이드 캡틴 레더아머 (헤비거너),11400640,63,59,51,20,18,15,11400545_F_CLPirate.gltf,11400545_f_clpirate_d.png,11400545_f_clpirate_c.png,0,
11400978,타이드 캡틴 레더아머 (시프),11400640,63,59,51,20,18,15,11400545_F_CLPirate.gltf,11400545_f_clpirate_d.png,11400545_f_clpirate_c.png,0,
11400979,타이드 캡틴 레더아머 (어쌔신),11400640,63,59,51,20,18,15,11400545_F_CLPirate.gltf,11400545_f_clpirate_d.png,11400545_f_clpirate_c.png,0,
11400980,타이드 캡틴 레더아머 (룬블레이더),11400640,63,59,51,20,18,15,11400545_F_CLPirate.gltf,11400545_f_clpirate_d.png,11400545_f_clpirate_c.png,0,
11400981,타이드 캡틴 레더아머 (스트라이커),11400640,63,59,51,20,18,15,11400545_F_CLPirate.gltf,11400545_f_clpirate_d.png,11400545_f_clpirate_c.png,0,
11400982,타이드 캡틴 레더아머 (소울바인더),11400640,63,59,51,20,18,15,11400545_F_CLPirate.gltf,11400545_f_clpirate_d.png,11400545_f_clpirate_c.png,0,
11400983,프론티어 수트 (나이트),11400604,63,59,51,20,18,15,11400604_F_CLEmerald.gltf,11400604_f_clemerald_d.png,11400604_f_clemerald_c.png,0,
11400984,프론티어 수트 (버서커),11400604,63,59,51,20,18,15,11400604_F_CLEmerald.gltf,11400604_f_clemerald_d.png,11400604_f_clemerald_c.png,0,
11400985,프론티어 수트 (위자드),11400604,63,59,51,20,18,15,11400604_F_CLEmerald.gltf,11400604_f_clemerald_d.png,11400604_f_clemerald_c.png,0,
11400986,프론티어 수트 (프리스트),11400604,63,59,51,20,18,15,11400604_F_CLEmerald.gltf,11400604_f_clemerald_d.png,11400604_f_clemerald_c.png,0,
11400987,프론티어 수트 (레인저),11400604,63,59,51,20,18,15,11400604_F_CLEmerald.gltf,11400604_f_clemerald_d.png,11400604_f_clemerald_c.png,0,
11400988,프론티어 수트 (헤비거너),11400604,63,59,51,20,18,15,11400604_F_CLEmerald.gltf,11400604_f_clemerald_d.png,11400604_f_clemerald_c.png,0,
11400989,프론티어 수트 (시프),11400604,63,59,51,20,18,15,11400604_F_CLEmerald.gltf,11400604_f_clemerald_d.png,11400604_f_clemerald_c.png,0,
11400990,프론티어 수트 (어쌔신),11400604,63,59,51,20,18,15,11400604_F_CLEmerald.gltf,11400604_f_clemerald_d.png,11400604_f_clemerald_c.png,0,
11400991,프론티어 수트 (룬블레이더),11400604,63,59,51,20,18,15,11400604_F_CLEmerald.gltf,11400604_f_clemerald_d.png,11400604_f_clemerald_c.png,0,
11400992,프론티어 수트 (스트라이커),11400604,63,59,51,20,18,15,11400604_F_CLEmerald.gltf,11400604_f_clemerald_d.png,11400604_f_clemerald_c.png,0,
11400993,프론티어 수트 (소울바인더),11400604,63,59,51,20,18,15,11400604_F_CLEmerald.gltf,11400604_f_clemerald_d.png,11400604_f_clemerald_c.png,0,
11400994,윙드 데몬 엣지 아머 (나이트),11400602,63,59,51,20,18,15,11400602_F_CLDragon.gltf,11400602_c_cldragon_d.png,11400602_c_cldragon_c.png,0,
11400995,윙드 데몬 엣지 아머 (버서커),11400602,63,59,51,20,18,15,11400602_F_CLDragon.gltf,11400602_c_cldragon_d.png,11400602_c_cldragon_c.png,0,
11400996,윙드 데몬 엣지 아머 (위자드),11400602,63,59,51,20,18,15,11400602_F_CLDragon.gltf,11400602_c_cldragon_d.png,11400602_c_cldragon_c.png,0,
11400997,윙드 데몬 엣지 아머 (프리스트),11400602,63,59,51,20,18,15,11400602_F_CLDragon.gltf,11400602_c_cldragon_d.png,11400602_c_cldragon_c.png,0,
11400998,윙드 데몬 엣지 아머 (레인저),11400602,63,59,51,20,18,15,11400602_F_CLDragon.gltf,11400602_c_cldragon_d.png,11400602_c_cldragon_c.png,0,
11400999,윙드 데몬 엣지 아머 (헤비거너),11400602,63,59,51,20,18,15,11400602_F_CLDragon.gltf,11400602_c_cldragon_d.png,11400602_c_cldragon_c.png,0,
11401000,윙드 데몬 엣지 아머 (시프),11400602,63,59,51,20,18,15,11400602_F_CLDragon.gltf,11400602_c_cldragon_d.png,11400602_c_cldragon_c.png,0,
11401001,윙드 데몬 엣지 아머 (어쌔신),11400602,63,59,51,20,18,15,11400602_F_CLDragon.gltf,11400602_c_cldragon_d.png,11400602_c_cldragon_c.png,0,
11401002,윙드 데몬 엣지 아머 (룬블레이더),11400602,63,59,51,20,18,15,11400602_F_CLDragon.gltf,11400602_c_cldragon_d.png,11400602_c_cldragon_c.png,0,
11401003,윙드 데몬 엣지 아머 (스트라이커),11400602,63,59,51,20,18,15,11400602_F_CLDragon.gltf,11400602_c_cldragon_d.png,11400602_c_cldragon_c.png,0,
11401004,윙드 데몬 엣지 아머 (소울바인더),11400602,63,59,51,20,18,15,11400602_F_CLDragon.gltf,11400602_c_cldragon_d.png,11400602_c_cldragon_c.png,0,
11401005,베히모스 스킨 코트 (나이트),11400888,63,59,51,20,18,15,11400888_F_CLVehement.gltf,11400888_f_clvehement_d.png,11400888_c_clvehement_c.png,0,
11401006,베히모스 스킨 코트 (버서커),11400888,63,59,51,20,18,15,11400888_F_CLVehement.gltf,11400888_f_clvehement_d.png,11400888_c_clvehement_c.png,0,
11401007,베히모스 스킨 코트 (위자드),11400888,63,59,51,20,18,15,11400888_F_CLVehement.gltf,11400888_f_clvehement_d.png,11400888_c_clvehement_c.png,0,
11401008,베히모스 스킨 코트 (프리스트),11400888,63,59,51,20,18,15,11400888_F_CLVehement.gltf,11400888_f_clvehement_d.png,11400888_c_clvehement_c.png,0,
11401009,베히모스 스킨 코트 (레인저),11400888,63,59,51,20,18,15,11400888_F_CLVehement.gltf,11400888_f_clvehement_d.png,11400888_c_clvehement_c.png,0,
11401010,베히모스 스킨 코트 (헤비거너),11400888,63,59,51,20,18,15,11400888_F_CLVehement.gltf,11400888_f_clvehement_d.png,11400888_c_clvehement_c.png,0,
11401011,베히모스 스킨 코트 (시프),11400888,63,59,51,20,18,15,11400888_F_CLVehement.gltf,11400888_f_clvehement_d.png,11400888_c_clvehement_c.png,0,
11401012,베히모스 스킨 코트 (어쌔신),11400888,63,59,51,20,18,15,11400888_F_CLVehement.gltf,11400888_f_clvehement_d.png,11400888_c_clvehement_c.png,0,
11401013,베히모스 스킨 코트 (룬블레이더),11400888,63,59,51,20,18,15,11400888_F_CLVehement.gltf,11400888_f_clvehement_d.png,11400888_c_clvehement_c.png,0,
11401014,베히모스 스킨 코트 (스트라이커),11400888,63,59,51,20,18,15,11400888_F_CLVehement.gltf,11400888_f_clvehement_d.png,11400888_c_clvehement_c.png,0,
11401015,베히모스 스킨 코트 (소울바인더),11400888,63,59,51,20,18,15,11400888_F_CLVehement.gltf,11400888_f_clvehement_d.png,11400888_c_clvehement_c.png,0,
11401016,에일리온 체스트 가드 (나이트),11400770,63,59,51,20,18,15,11400770_F_CLReverseRaidA02.gltf,11400770_c_clreverseraida02_d.png,11400770_c_clreverseraida02_c.png,0,
11401017,에일리온 체스트 가드 (버서커),11400770,63,59,51,20,18,15,11400770_F_CLReverseRaidA02.gltf,11400770_c_clreverseraida02_d.png,11400770_c_clreverseraida02_c.png,0,
11401018,에일리온 체스트 가드 (위자드),11400770,63,59,51,20,18,15,11400770_F_CLReverseRaidA02.gltf,11400770_c_clreverseraida02_d.png,11400770_c_clreverseraida02_c.png,0,
11401019,에일리온 체스트 가드 (프리스트),11400770,63,59,51,20,18,15,11400770_F_CLReverseRaidA02.gltf,11400770_c_clreverseraida02_d.png,11400770_c_clreverseraida02_c.png,0,
11401020,에일리온 체스트 가드 (레인저),11400770,63,59,51,20,18,15,11400770_F_CLReverseRaidA02.gltf,11400770_c_clreverseraida02_d.png,11400770_c_clreverseraida02_c.png,0,
11401021,에일리온 체스트 가드 (헤비거너),11400770,63,59,51,20,18,15,11400770_F_CLReverseRaidA02.gltf,11400770_c_clreverseraida02_d.png,11400770_c_clreverseraida02_c.png,0,
11401022,에일리온 체스트 가드 (시프),11400770,63,59,51,20,18,15,11400770_F_CLReverseRaidA02.gltf,11400770_c_clreverseraida02_d.png,11400770_c_clreverseraida02_c.png,0,
11401023,에일리온 체스트 가드 (어쌔신),11400770,63,59,51,20,18,15,11400770_F_CLReverseRaidA02.gltf,11400770_c_clreverseraida02_d.png,11400770_c_clreverseraida02_c.png,0,
11401024,에일리온 체스트 가드 (룬블레이더),11400770,63,59,51,20,18,15,11400770_F_CLReverseRaidA02.gltf,11400770_c_clreverseraida02_d.png,11400770_c_clreverseraida02_c.png,0,
11401025,에일리온 체스트 가드 (스트라이커),11400770,63,59,51,20,18,15,11400770_F_CLReverseRaidA02.gltf,11400770_c_clreverseraida02_d.png,11400770_c_clreverseraida02_c.png,0,
11401026,에일리온 체스트 가드 (소울바인더),11400770,63,59,51,20,18,15,11400770_F_CLReverseRaidA02.gltf,11400770_c_clreverseraida02_d.png,11400770_c_clreverseraida02_c.png,0,
11401027,블랙 뱅가드 플레이트 (나이트),11400552,63,59,51,20,18,15,11400552_F_CLDarkSteel.gltf,11400552_c_cldarksteel_d.png,11400552_c_cldarksteel_c.png,0,
11401028,블랙 뱅가드 플레이트 (버서커),11400552,63,59,51,20,18,15,11400552_F_CLDarkSteel.gltf,11400552_c_cldarksteel_d.png,11400552_c_cldarksteel_c.png,0,
11401029,블랙 뱅가드 플레이트 (위자드),11400552,63,59,51,20,18,15,11400552_F_CLDarkSteel.gltf,11400552_c_cldarksteel_d.png,11400552_c_cldarksteel_c.png,0,
11401030,블랙 뱅가드 플레이트 (프리스트),11400552,63,59,51,20,18,15,11400552_F_CLDarkSteel.gltf,11400552_c_cldarksteel_d.png,11400552_c_cldarksteel_c.png,0,
11401031,블랙 뱅가드 플레이트 (레인저),11400552,63,59,51,20,18,15,11400552_F_CLDarkSteel.gltf,11400552_c_cldarksteel_d.png,11400552_c_cldarksteel_c.png,0,
11401032,블랙 뱅가드 플레이트 (헤비거너),11400552,63,59,51,20,18,15,11400552_F_CLDarkSteel.gltf,11400552_c_cldarksteel_d.png,11400552_c_cldarksteel_c.png,0,
11401033,블랙 뱅가드 플레이트 (시프),11400552,63,59,51,20,18,15,11400552_F_CLDarkSteel.gltf,11400552_c_cldarksteel_d.png,11400552_c_cldarksteel_c.png,0,
11401034,블랙 뱅가드 플레이트 (어쌔신),11400552,63,59,51,20,18,15,11400552_F_CLDarkSteel.gltf,11400552_c_cldarksteel_d.png,11400552_c_cldarksteel_c.png,0,
11401035,블랙 뱅가드 플레이트 (룬블레이더),11400552,63,59,51,20,18,15,11400552_F_CLDarkSteel.gltf,11400552_c_cldarksteel_d.png,11400552_c_cldarksteel_c.png,0,
11401036,블랙 뱅가드 플레이트 (스트라이커),11400552,63,59,51,20,18,15,11400552_F_CLDarkSteel.gltf,11400552_c_cldarksteel_d.png,11400552_c_cldarksteel_c.png,0,
11401037,블랙 뱅가드 플레이트 (소울바인더),11400552,63,59,51,20,18,15,11400552_F_CLDarkSteel.gltf,11400552_c_cldarksteel_d.png,11400552_c_cldarksteel_c.png,0,
11401038,블랙퓨리티 시니스터 코트 (나이트),11400971,63,59,51,20,18,15,11400971_F_CLDarkTutor.gltf,11400971_c_cldarktutor_d.png,11400971_c_cldarktutor_c.png,0,
11401039,블랙퓨리티 시니스터 코트 (버서커),11400971,63,59,51,20,18,15,11400971_F_CLDarkTutor.gltf,11400971_c_cldarktutor_d.png,11400971_c_cldarktutor_c.png,0,
11401040,블랙퓨리티 시니스터 코트 (위자드),11400971,63,59,51,20,18,15,11400971_F_CLDarkTutor.gltf,11400971_c_cldarktutor_d.png,11400971_c_cldarktutor_c.png,0,
11401041,블랙퓨리티 시니스터 코트 (프리스트),11400971,63,59,51,20,18,15,11400971_F_CLDarkTutor.gltf,11400971_c_cldarktutor_d.png,11400971_c_cldarktutor_c.png,0,
11401042,블랙퓨리티 시니스터 코트 (레인저),11400971,63,59,51,20,18,15,11400971_F_CLDarkTutor.gltf,11400971_c_cldarktutor_d.png,11400971_c_cldarktutor_c.png,0,
11401043,블랙퓨리티 시니스터 코트 (헤비거너),11400971,63,59,51,20,18,15,11400971_F_CLDarkTutor.gltf,11400971_c_cldarktutor_d.png,11400971_c_cldarktutor_c.png,0,
11401044,블랙퓨리티 시니스터 코트 (시프),11400971,63,59,51,20,18,15,11400971_F_CLDarkTutor.gltf,11400971_c_cldarktutor_d.png,11400971_c_cldarktutor_c.png,0,
11401045,블랙퓨리티 시니스터 코트 (어쌔신),11400971,63,59,51,20,18,15,11400971_F_CLDarkTutor.gltf,11400971_c_cldarktutor_d.png,11400971_c_cldarktutor_c.png,0,
11401046,블랙퓨리티 시니스터 코트 (룬블레이더),11400971,63,59,51,20,18,15,11400971_F_CLDarkTutor.gltf,11400971_c_cldarktutor_d.png,11400971_c_cldarktutor_c.png,0,
11401047,블랙퓨리티 시니스터 코트 (스트라이커),11400971,63,59,51,20,18,15,11400971_F_CLDarkTutor.gltf,11400971_c_cldarktutor_d.png,11400971_c_cldarktutor_c.png,0,
11401048,블랙퓨리티 시니스터 코트 (소울바인더),11400971,63,59,51,20,18,15,11400971_F_CLDarkTutor.gltf,11400971_c_cldarktutor_d.png,11400971_c_cldarktutor_c.png,0,
11401061,3주년 해피데이 티셔츠,11401061,63,59,51,20,18,15,11401061_F_Event001.gltf,11401061_f_event001_d.png,11401061_f_event001_d.png,0,
11401063,유치원 상의 (남),11400028,180,165,248,108,96,176,01400001_M_Preschool.gltf,01400001_m_preschool_d.png,01400001_m_preschool_c.png,0,
11401064,유치원 상의 (여),11400029,180,165,248,108,96,176,01400002_F_Preschool.gltf,01400002_f_preschool_d.png,01400002_f_preschool_c.png,0,
11401065,찾아라 나의 반쪽 티셔츠 LO,11401065,255,168,203,205,86,106,11401065_F_Event003.gltf,11401065_c_event003_d.png,11401065_f_event003_c.png,0,
11401066,찾아라 나의 반쪽 티셔츠 VE,11401066,255,168,203,205,86,106,11401066_F_Event004.gltf,11401065_c_event003_d.png,11401066_f_event004_c.png,0,
11401067,엘리트 어드벤쳐 배틀 코트 (나이트),11409997,63,59,51,20,18,15,11400003_F_CLSilverOrihalcon.gltf,11400003_f_clsilverorihalcon_d.png,11400003_f_clsilverorihalcon_d.png,0,
11401068,엘리트 어드벤쳐 배틀 코트 (버서커),11409997,63,59,51,20,18,15,11400003_F_CLSilverOrihalcon.gltf,11400003_f_clsilverorihalcon_d.png,11400003_f_clsilverorihalcon_d.png,0,
11401069,엘리트 어드벤쳐 배틀 코트 (룬블레이더),11409997,63,59,51,20,18,15,11400003_F_CLSilverOrihalcon.gltf,11400003_f_clsilverorihalcon_d.png,11400003_f_clsilverorihalcon_d.png,0,
11401070,엘리트 어드벤쳐 마샬 셔츠 (스트라이커),11400466,63,59,51,20,18,15,11400466_F_CLFighter07.gltf,11400466_c_clfighter07_d.png,11400466_f_clfighter07_c.png,0,
11401071,엘리트 어드벤쳐 마샬 셔츠 (소울바인더),11400466,63,59,51,20,18,15,11400466_F_CLFighter07.gltf,11400466_c_clfighter07_d.png,11400466_f_clfighter07_c.png,0,
11401072,베이직 꽈배기 니트와 점퍼 (남),11401072,76,105,181,23,40,79,11401072_M_CLTwistedKnitJumper.gltf,11401072_c_cltwistedknitjumper_d.png,11401072_c_cltwistedknitjumper_c.png,0,
11401073,베이직 꽈배기 니트와 점퍼 (여),11401073,76,105,181,23,40,79,11401073_F_CLTwistedKnitJumper.gltf,11401072_c_cltwistedknitjumper_d.png,11401072_c_cltwistedknitjumper_c.png,0,
11401074,레이어드 후드 (남),11401074,170,47,47,96,19,19,11401074_M_CLLayeredHood.gltf,11401074_c_cllayeredhood_d.png,11401074_c_cllayeredhood_c.png,0,
11401075,레이어드 후드 (여),11401075,170,47,47,96,19,19,11401075_F_CLLayeredHood.gltf,11401074_c_cllayeredhood_d.png,11401074_c_cllayeredhood_c.png,0,
11401077,디자인 티셔츠 (남),11400024,63,59,51,20,18,15,01400009_M_UGC01.gltf,01400009_m_ugc01_d.png,01400009_m_ugc01_d.png,0,
11401078,디자인 티셔츠 (여),11400025,63,59,51,20,18,15,01400010_F_UGC01.gltf,01400010_f_ugc01_d.png,01400010_f_ugc01_d.png,0,
11401086,안티크 에라곤 아머 (나이트),11400900,63,59,51,20,18,15,11400900_F_CLDarkStream.gltf,11400900_c_cldarkstream_d.png,11400900_c_cldarkstream_d.png,0,
11401087,안티크 에라곤 아머 (버서커),11400900,63,59,51,20,18,15,11400900_F_CLDarkStream.gltf,11400900_c_cldarkstream_d.png,11400900_c_cldarkstream_d.png,0,
11401088,안티크 에라곤 아머 (위자드),11400900,63,59,51,20,18,15,11400900_F_CLDarkStream.gltf,11400900_c_cldarkstream_d.png,11400900_c_cldarkstream_d.png,0,
11401089,안티크 에라곤 아머 (프리스트),11400900,63,59,51,20,18,15,11400900_F_CLDarkStream.gltf,11400900_c_cldarkstream_d.png,11400900_c_cldarkstream_d.png,0,
11401090,안티크 에라곤 아머 (레인저),11400900,63,59,51,20,18,15,11400900_F_CLDarkStream.gltf,11400900_c_cldarkstream_d.png,11400900_c_cldarkstream_d.png,0,
11401091,안티크 에라곤 아머 (헤비거너),11400900,63,59,51,20,18,15,11400900_F_CLDarkStream.gltf,11400900_c_cldarkstream_d.png,11400900_c_cldarkstream_d.png,0,
11401092,안티크 에라곤 아머 (시프),11400900,63,59,51,20,18,15,11400900_F_CLDarkStream.gltf,11400900_c_cldarkstream_d.png,11400900_c_cldarkstream_d.png,0,
11401093,안티크 에라곤 아머 (어쌔신),11400900,63,59,51,20,18,15,11400900_F_CLDarkStream.gltf,11400900_c_cldarkstream_d.png,11400900_c_cldarkstream_d.png,0,
11401094,안티크 에라곤 아머 (룬블레이더),11400900,63,59,51,20,18,15,11400900_F_CLDarkStream.gltf,11400900_c_cldarkstream_d.png,11400900_c_cldarkstream_d.png,0,
11401095,안티크 에라곤 아머 (스트라이커),11400900,63,59,51,20,18,15,11400900_F_CLDarkStream.gltf,11400900_c_cldarkstream_d.png,11400900_c_cldarkstream_d.png,0,
11401096,안티크 에라곤 아머 (소울바인더),11400900,63,59,51,20,18,15,11400900_F_CLDarkStream.gltf,11400900_c_cldarkstream_d.png,11400900_c_cldarkstream_d.png,0,
11401097,타이렌 컴뱃 베스트 (나이트),11400891,63,59,51,20,18,15,11400891_F_CLGiganTikaA01.gltf,11400891_c_clgigantikaa01_d.png,11400891_c_clgigantikaa01_c.png,0,
11401098,타이렌 컴뱃 베스트 (버서커),11400891,63,59,51,20,18,15,11400891_F_CLGiganTikaA01.gltf,11400891_c_clgigantikaa01_d.png,11400891_c_clgigantikaa01_c.png,0,
11401099,타이렌 컴뱃 베스트 (위자드),11400891,63,59,51,20,18,15,11400891_F_CLGiganTikaA01.gltf,11400891_c_clgigantikaa01_d.png,11400891_c_clgigantikaa01_c.png,0,
11401100,타이렌 컴뱃 베스트 (프리스트),11400891,63,59,51,20,18,15,11400891_F_CLGiganTikaA01.gltf,11400891_c_clgigantikaa01_d.png,11400891_c_clgigantikaa01_c.png,0,
11401101,타이렌 컴뱃 베스트 (레인저),11400891,63,59,51,20,18,15,11400891_F_CLGiganTikaA01.gltf,11400891_c_clgigantikaa01_d.png,11400891_c_clgigantikaa01_c.png,0,
11401102,타이렌 컴뱃 베스트 (헤비거너),11400891,63,59,51,20,18,15,11400891_F_CLGiganTikaA01.gltf,11400891_c_clgigantikaa01_d.png,11400891_c_clgigantikaa01_c.png,0,
11401103,타이렌 컴뱃 베스트 (시프),11400891,63,59,51,20,18,15,11400891_F_CLGiganTikaA01.gltf,11400891_c_clgigantikaa01_d.png,11400891_c_clgigantikaa01_c.png,0,
11401104,타이렌 컴뱃 베스트 (어쌔신),11400891,63,59,51,20,18,15,11400891_F_CLGiganTikaA01.gltf,11400891_c_clgigantikaa01_d.png,11400891_c_clgigantikaa01_c.png,0,
11401105,타이렌 컴뱃 베스트 (룬블레이더),11400891,63,59,51,20,18,15,11400891_F_CLGiganTikaA01.gltf,11400891_c_clgigantikaa01_d.png,11400891_c_clgigantikaa01_c.png,0,
11401106,타이렌 컴뱃 베스트 (스트라이커),11400891,63,59,51,20,18,15,11400891_F_CLGiganTikaA01.gltf,11400891_c_clgigantikaa01_d.png,11400891_c_clgigantikaa01_c.png,0,
11401107,타이렌 컴뱃 베스트 (소울바인더),11400891,63,59,51,20,18,15,11400891_F_CLGiganTikaA01.gltf,11400891_c_clgigantikaa01_d.png,11400891_c_clgigantikaa01_c.png,0,
11401119,타이렌 커맨더 컴뱃 베스트 (나이트),11400892,63,59,51,20,18,15,11400892_F_CLGiganTikaA02.gltf,11400892_c_clgigantikaa02_d.png,11400892_c_clgigantikaa02_c.png,0,
11401120,타이렌 커맨더 컴뱃 베스트 (버서커),11400892,63,59,51,20,18,15,11400892_F_CLGiganTikaA02.gltf,11400892_c_clgigantikaa02_d.png,11400892_c_clgigantikaa02_c.png,0,
11401121,타이렌 커맨더 컴뱃 베스트 (위자드),11400892,63,59,51,20,18,15,11400892_F_CLGiganTikaA02.gltf,11400892_c_clgigantikaa02_d.png,11400892_c_clgigantikaa02_c.png,0,
11401122,타이렌 커맨더 컴뱃 베스트 (프리스트),11400892,63,59,51,20,18,15,11400892_F_CLGiganTikaA02.gltf,11400892_c_clgigantikaa02_d.png,11400892_c_clgigantikaa02_c.png,0,
11401123,타이렌 커맨더 컴뱃 베스트 (레인저),11400892,63,59,51,20,18,15,11400892_F_CLGiganTikaA02.gltf,11400892_c_clgigantikaa02_d.png,11400892_c_clgigantikaa02_c.png,0,
11401124,타이렌 커맨더 컴뱃 베스트 (헤비거너),11400892,63,59,51,20,18,15,11400892_F_CLGiganTikaA02.gltf,11400892_c_clgigantikaa02_d.png,11400892_c_clgigantikaa02_c.png,0,
11401125,타이렌 커맨더 컴뱃 베스트 (시프),11400892,63,59,51,20,18,15,11400892_F_CLGiganTikaA02.gltf,11400892_c_clgigantikaa02_d.png,11400892_c_clgigantikaa02_c.png,0,
11401126,타이렌 커맨더 컴뱃 베스트 (어쌔신),11400892,63,59,51,20,18,15,11400892_F_CLGiganTikaA02.gltf,11400892_c_clgigantikaa02_d.png,11400892_c_clgigantikaa02_c.png,0,
11401127,타이렌 커맨더 컴뱃 베스트 (룬블레이더),11400892,63,59,51,20,18,15,11400892_F_CLGiganTikaA02.gltf,11400892_c_clgigantikaa02_d.png,11400892_c_clgigantikaa02_c.png,0,
11401128,타이렌 커맨더 컴뱃 베스트 (스트라이커),11400892,63,59,51,20,18,15,11400892_F_CLGiganTikaA02.gltf,11400892_c_clgigantikaa02_d.png,11400892_c_clgigantikaa02_c.png,0,
11401129,타이렌 커맨더 컴뱃 베스트 (소울바인더),11400892,63,59,51,20,18,15,11400892_F_CLGiganTikaA02.gltf,11400892_c_clgigantikaa02_d.png,11400892_c_clgigantikaa02_c.png,0,
11401130,안티크 인페누크 코트 (나이트),11400939,63,59,51,20,18,15,11400939_F_CLBalrogB02.gltf,11400939_c_clbalrogb02_d.png,11400939_c_clbalrogb02_c.png,0,
11401131,안티크 인페누크 코트 (버서커),11400939,63,59,51,20,18,15,11400939_F_CLBalrogB02.gltf,11400939_c_clbalrogb02_d.png,11400939_c_clbalrogb02_c.png,0,
11401132,안티크 인페누크 코트 (위자드),11400939,63,59,51,20,18,15,11400939_F_CLBalrogB02.gltf,11400939_c_clbalrogb02_d.png,11400939_c_clbalrogb02_c.png,0,
11401133,안티크 인페누크 코트 (프리스트),11400939,63,59,51,20,18,15,11400939_F_CLBalrogB02.gltf,11400939_c_clbalrogb02_d.png,11400939_c_clbalrogb02_c.png,0,
11401134,안티크 인페누크 코트 (레인저),11400939,63,59,51,20,18,15,11400939_F_CLBalrogB02.gltf,11400939_c_clbalrogb02_d.png,11400939_c_clbalrogb02_c.png,0,
11401135,안티크 인페누크 코트 (헤비거너),11400939,63,59,51,20,18,15,11400939_F_CLBalrogB02.gltf,11400939_c_clbalrogb02_d.png,11400939_c_clbalrogb02_c.png,0,
11401136,안티크 인페누크 코트 (시프),11400939,63,59,51,20,18,15,11400939_F_CLBalrogB02.gltf,11400939_c_clbalrogb02_d.png,11400939_c_clbalrogb02_c.png,0,
11401137,안티크 인페누크 코트 (어쌔신),11400939,63,59,51,20,18,15,11400939_F_CLBalrogB02.gltf,11400939_c_clbalrogb02_d.png,11400939_c_clbalrogb02_c.png,0,
11401138,안티크 인페누크 코트 (룬블레이더),11400939,63,59,51,20,18,15,11400939_F_CLBalrogB02.gltf,11400939_c_clbalrogb02_d.png,11400939_c_clbalrogb02_c.png,0,
11401139,안티크 인페누크 코트 (스트라이커),11400939,63,59,51,20,18,15,11400939_F_CLBalrogB02.gltf,11400939_c_clbalrogb02_d.png,11400939_c_clbalrogb02_c.png,0,
11401140,안티크 인페누크 코트 (소울바인더),11400939,63,59,51,20,18,15,11400939_F_CLBalrogB02.gltf,11400939_c_clbalrogb02_d.png,11400939_c_clbalrogb02_c.png,0,
11401141,파이어 프리즘 코트 (나이트),11401084,63,59,51,20,18,15,11401084_F_CLFirePrism.gltf,11401084_c_clfireprism_d.png,11401084_c_clfireprism_c.png,0,
11401142,파이어 프리즘 코트 (버서커),11401084,63,59,51,20,18,15,11401084_F_CLFirePrism.gltf,11401084_c_clfireprism_d.png,11401084_c_clfireprism_c.png,0,
11401143,파이어 프리즘 코트 (위자드),11401084,63,59,51,20,18,15,11401084_F_CLFirePrism.gltf,11401084_c_clfireprism_d.png,11401084_c_clfireprism_c.png,0,
11401144,파이어 프리즘 코트 (프리스트),11401084,63,59,51,20,18,15,11401084_F_CLFirePrism.gltf,11401084_c_clfireprism_d.png,11401084_c_clfireprism_c.png,0,
11401145,파이어 프리즘 코트 (레인저),11401084,63,59,51,20,18,15,11401084_F_CLFirePrism.gltf,11401084_c_clfireprism_d.png,11401084_c_clfireprism_c.png,0,
11401146,파이어 프리즘 코트 (헤비거너),11401084,63,59,51,20,18,15,11401084_F_CLFirePrism.gltf,11401084_c_clfireprism_d.png,11401084_c_clfireprism_c.png,0,
11401147,파이어 프리즘 코트 (시프),11401084,63,59,51,20,18,15,11401084_F_CLFirePrism.gltf,11401084_c_clfireprism_d.png,11401084_c_clfireprism_c.png,0,
11401148,파이어 프리즘 코트 (어쌔신),11401084,63,59,51,20,18,15,11401084_F_CLFirePrism.gltf,11401084_c_clfireprism_d.png,11401084_c_clfireprism_c.png,0,
11401149,파이어 프리즘 코트 (룬블레이더),11401084,63,59,51,20,18,15,11401084_F_CLFirePrism.gltf,11401084_c_clfireprism_d.png,11401084_c_clfireprism_c.png,0,
11401150,파이어 프리즘 코트 (스트라이커),11401084,63,59,51,20,18,15,11401084_F_CLFirePrism.gltf,11401084_c_clfireprism_d.png,11401084_c_clfireprism_c.png,0,
11401151,파이어 프리즘 코트 (소울바인더),11401084,63,59,51,20,18,15,11401084_F_CLFirePrism.gltf,11401084_c_clfireprism_d.png,11401084_c_clfireprism_c.png,0,
11401152,타이렌 로열 코트 (나이트),11401076,63,59,51,20,18,15,11401076_F_CLLappenshad01.gltf,11401076_f_cllappenshad01_d.png,11401076_c_cllappenshad01_c.png,0,
11401153,타이렌 로열 코트 (버서커),11401076,63,59,51,20,18,15,11401076_F_CLLappenshad01.gltf,11401076_f_cllappenshad01_d.png,11401076_c_cllappenshad01_c.png,0,
11401154,타이렌 로열 코트 (위자드),11401076,63,59,51,20,18,15,11401076_F_CLLappenshad01.gltf,11401076_f_cllappenshad01_d.png,11401076_c_cllappenshad01_c.png,0,
11401155,타이렌 로열 코트 (프리스트),11401076,63,59,51,20,18,15,11401076_F_CLLappenshad01.gltf,11401076_f_cllappenshad01_d.png,11401076_c_cllappenshad01_c.png,0,
11401156,타이렌 로열 코트 (레인저),11401076,63,59,51,20,18,15,11401076_F_CLLappenshad01.gltf,11401076_f_cllappenshad01_d.png,11401076_c_cllappenshad01_c.png,0,
11401157,타이렌 로열 코트 (헤비거너),11401076,63,59,51,20,18,15,11401076_F_CLLappenshad01.gltf,11401076_f_cllappenshad01_d.png,11401076_c_cllappenshad01_c.png,0,
11401158,타이렌 로열 코트 (시프),11401076,63,59,51,20,18,15,11401076_F_CLLappenshad01.gltf,11401076_f_cllappenshad01_d.png,11401076_c_cllappenshad01_c.png,0,
11401159,타이렌 로열 코트 (어쌔신),11401076,63,59,51,20,18,15,11401076_F_CLLappenshad01.gltf,11401076_f_cllappenshad01_d.png,11401076_c_cllappenshad01_c.png,0,
11401160,타이렌 로열 코트 (룬블레이더),11401076,63,59,51,20,18,15,11401076_F_CLLappenshad01.gltf,11401076_f_cllappenshad01_d.png,11401076_c_cllappenshad01_c.png,0,
11401161,타이렌 로열 코트 (스트라이커),11401076,63,59,51,20,18,15,11401076_F_CLLappenshad01.gltf,11401076_f_cllappenshad01_d.png,11401076_c_cllappenshad01_c.png,0,
11401162,타이렌 로열 코트 (소울바인더),11401076,63,59,51,20,18,15,11401076_F_CLLappenshad01.gltf,11401076_f_cllappenshad01_d.png,11401076_c_cllappenshad01_c.png,0,
11401163,엘리트 어드벤쳐 배틀 코트 (나이트),11409997,63,59,51,20,18,15,11400003_F_CLSilverOrihalcon.gltf,11400003_f_clsilverorihalcon_d.png,11400003_f_clsilverorihalcon_d.png,0,
11401164,엘리트 어드벤쳐 배틀 코트 (버서커),11409997,63,59,51,20,18,15,11400003_F_CLSilverOrihalcon.gltf,11400003_f_clsilverorihalcon_d.png,11400003_f_clsilverorihalcon_d.png,0,
11401165,엘리트 어드벤쳐 배틀 코트 (룬블레이더),11409997,63,59,51,20,18,15,11400003_F_CLSilverOrihalcon.gltf,11400003_f_clsilverorihalcon_d.png,11400003_f_clsilverorihalcon_d.png,0,
11401166,엘리트 어드벤쳐 마샬 셔츠 (스트라이커),11400466,63,59,51,20,18,15,11400466_F_CLFighter07.gltf,11400466_c_clfighter07_d.png,11400466_f_clfighter07_c.png,0,
11401167,엘리트 어드벤쳐 마샬 셔츠 (소울바인더),11400466,63,59,51,20,18,15,11400466_F_CLFighter07.gltf,11400466_c_clfighter07_d.png,11400466_f_clfighter07_c.png,0,
11401169,메이플 연합 골든 파워 상의 (여),11401169,63,59,51,20,18,15,11400945_F_CLMapleUnion01.gltf,11400945_c_clmapleunion01_d.png,11400945_c_clmapleunion01_d.png,0,
11401170,그린후드 자경단 피오레 상의 (여),11401170,63,59,51,20,18,15,11400897_F_CLGreenHood01.gltf,11400897_f_clgreenhood01_d.png,11400897_f_clgreenhood01_d.png,0,
11401171,트라이아 근위대 리네아르 상의 (여),11401171,63,59,51,20,18,15,11400896_F_CLTriaRoyalGuard01.gltf,11400896_c_cltriaroyalguard01_d.png,11400896_c_cltriaroyalguard01_d.png,0,
11401172,루미나이츠 오네스타 상의 (여),11401172,63,59,51,20,18,15,11400895_F_CLLumiKnight01.gltf,11400895_c_cllumiknight01_d.png,11400895_c_cllumiknight01_d.png,0,
11401173,존엄의 상의,11400644,76,105,181,23,40,79,11400644_F_CLArenaA02.gltf,11400644_c_clarenaa02_d.png,11400643_c_clarenaa01_c.png,0,
11401174,다크윈드 아텐토 상의 (여),11401174,63,59,51,20,18,15,11400894_F_CLDarkWind01.gltf,11400894_c_cldarkwind01_d.png,11400894_c_cldarkwind01_d.png,0,
11401175,강화된 품위의 전투 상의,11400643,63,59,51,20,18,15,11400643_F_CLArenaA01.gltf,11400643_c_clarenaa01_d.png,11400643_c_clarenaa01_c.png,0,
11401176,강화된 품위의 광란 상의,11400643,63,59,51,20,18,15,11400643_F_CLArenaA01.gltf,11400643_c_clarenaa01_d.png,11400643_c_clarenaa01_c.png,0,
11401177,강화된 품위의 마법 상의,11400643,63,59,51,20,18,15,11400643_F_CLArenaA01.gltf,11400643_c_clarenaa01_d.png,11400643_c_clarenaa01_c.png,0,
11401178,강화된 품위의 신성 상의,11400643,63,59,51,20,18,15,11400643_F_CLArenaA01.gltf,11400643_c_clarenaa01_d.png,11400643_c_clarenaa01_c.png,0,
11401179,강화된 품위의 집중 상의,11400643,63,59,51,20,18,15,11400643_F_CLArenaA01.gltf,11400643_c_clarenaa01_d.png,11400643_c_clarenaa01_c.png,0,
11401180,강화된 품위의 포격 상의,11400643,63,59,51,20,18,15,11400643_F_CLArenaA01.gltf,11400643_c_clarenaa01_d.png,11400643_c_clarenaa01_c.png,0,
11401181,강화된 품위의 혼란 상의,11400643,63,59,51,20,18,15,11400643_F_CLArenaA01.gltf,11400643_c_clarenaa01_d.png,11400643_c_clarenaa01_c.png,0,
11401182,강화된 품위의 암살 상의,11400643,63,59,51,20,18,15,11400643_F_CLArenaA01.gltf,11400643_c_clarenaa01_d.png,11400643_c_clarenaa01_c.png,0,
11401183,강화된 품위의 주술 상의,11400643,63,59,51,20,18,15,11400643_F_CLArenaA01.gltf,11400643_c_clarenaa01_d.png,11400643_c_clarenaa01_c.png,0,
11401184,강화된 품위의 난투 상의,11400643,63,59,51,20,18,15,11400643_F_CLArenaA01.gltf,11400643_c_clarenaa01_d.png,11400643_c_clarenaa01_c.png,0,
11401185,강화된 품위의 의식 상의,11400643,63,59,51,20,18,15,11400643_F_CLArenaA01.gltf,11400643_c_clarenaa01_d.png,11400643_c_clarenaa01_c.png,0,
11401186,찾아라 나의 반쪽 티셔츠 LO,11401065,255,168,203,205,86,106,11401065_F_Event003.gltf,11401065_c_event003_d.png,11401065_f_event003_c.png,0,
11401187,찾아라 나의 반쪽 티셔츠 VE,11401066,255,168,203,205,86,106,11401066_F_Event004.gltf,11401065_c_event003_d.png,11401066_f_event004_c.png,0,
11401188,에너제틱 스타 상의 (남),11401188,62,73,117,27,26,48,11401188_M_CLEnergeticStar.gltf,11401188_m_clenergeticstar_d.png,11401188_m_clenergeticstar_c.png,0,
11401189,에너제틱 스타 상의 (여),11401189,62,73,117,27,26,48,11401189_F_CLEnergeticStar.gltf,11401189_f_clenergeticstar_d.png,11401189_f_clenergeticstar_c.png,0,
11401198,I LOVE ME 티셔츠,11401198,63,59,51,20,18,15,11401198_F_Event006.gltf,11401198_f_event006_d.png,11401198_f_event006_c.png,0,
11401199,견습 파티셰 상의 (남),11401199,170,47,47,96,19,19,11401199_M_CLCook01.gltf,11401199_c_clcook01_d.png,11401199_c_clcook01_c.png,0,
11401200,견습 파티셰 상의 (여),11401200,170,47,47,96,19,19,11401200_F_CLCook01.gltf,11401199_c_clcook01_d.png,11401199_c_clcook01_c.png,0,
11401201,스트라이프 카라 티셔츠 (남),11401201,244,189,88,163,121,39,11401201_M_StripesCollarTshirts.gltf,11401201_m_stripescollartshirts_d.png,11401201_m_stripescollartshirts_c.png,0,
11401202,스트라이프 카라 티셔츠 (여),11401202,244,189,88,163,121,39,11401202_F_StripesCollarTshirts.gltf,11401202_f_stripescollartshirts_d.png,11401202_f_stripescollartshirts_c.png,0,
11401205,4주년 해피데이 티셔츠,11401205,63,59,51,20,18,15,11401205_F_Event007.gltf,11401205_f_event007_d.png,11401205_f_event007_d.png,0,
11401206,성실한 모험가의 운동복,11400001,63,59,51,20,18,15,11400001_F_BasicSportwearTop.gltf,11400001_f_basicsportweartop_d.png,11400001_f_basicsportweartop_c.png,0,
11401208,(PC방) 엘리트 어드벤쳐 배틀 코트 (나이트),11409997,63,59,51,20,18,15,11400003_F_CLSilverOrihalcon.gltf,11400003_f_clsilverorihalcon_d.png,11400003_f_clsilverorihalcon_d.png,0,
11401209,(PC방) 엘리트 어드벤쳐 배틀 코트 (버서커),11409997,63,59,51,20,18,15,11400003_F_CLSilverOrihalcon.gltf,11400003_f_clsilverorihalcon_d.png,11400003_f_clsilverorihalcon_d.png,0,
11401210,(PC방) 엘리트 어드벤쳐 배틀 코트 (룬블레이더),11409997,63,59,51,20,18,15,11400003_F_CLSilverOrihalcon.gltf,11400003_f_clsilverorihalcon_d.png,11400003_f_clsilverorihalcon_d.png,0,
11401211,(PC방) 엘리트 어드벤쳐 마샬 셔츠 (스트라이커),11400466,63,59,51,20,18,15,11400466_F_CLFighter07.gltf,11400466_c_clfighter07_d.png,11400466_f_clfighter07_c.png,0,
11401212,(PC방) 엘리트 어드벤쳐 마샬 셔츠 (소울바인더),11400466,63,59,51,20,18,15,11400466_F_CLFighter07.gltf,11400466_c_clfighter07_d.png,11400466_f_clfighter07_c.png,0,
11401213,찾아라 나의 반쪽 티셔츠 LO,11401065,255,168,203,205,86,106,11401065_F_Event003.gltf,11401065_c_event003_d.png,11401065_f_event003_c.png,0,
11401214,찾아라 나의 반쪽 티셔츠 VE,11401066,255,168,203,205,86,106,11401066_F_Event004.gltf,11401065_c_event003_d.png,11401066_f_event004_c.png,0,
11401215,낡은 투기장의 상의,11400643,63,59,51,20,18,15,11400643_F_CLArenaA01.gltf,11400643_c_clarenaa01_d.png,11400643_c_clarenaa01_c.png,0,
11401216,낡은 투기장의 상의,11400643,63,59,51,20,18,15,11400643_F_CLArenaA01.gltf,11400643_c_clarenaa01_d.png,11400643_c_clarenaa01_c.png,0,
11401217,낡은 투기장의 상의,11400643,63,59,51,20,18,15,11400643_F_CLArenaA01.gltf,11400643_c_clarenaa01_d.png,11400643_c_clarenaa01_c.png,0,
11401218,낡은 투기장의 상의,11400643,63,59,51,20,18,15,11400643_F_CLArenaA01.gltf,11400643_c_clarenaa01_d.png,11400643_c_clarenaa01_c.png,0,
11401219,낡은 투기장의 상의,11400643,63,59,51,20,18,15,11400643_F_CLArenaA01.gltf,11400643_c_clarenaa01_d.png,11400643_c_clarenaa01_c.png,0,
11401220,낡은 투기장의 상의,11400643,63,59,51,20,18,15,11400643_F_CLArenaA01.gltf,11400643_c_clarenaa01_d.png,11400643_c_clarenaa01_c.png,0,
11401221,낡은 투기장의 상의,11400643,63,59,51,20,18,15,11400643_F_CLArenaA01.gltf,11400643_c_clarenaa01_d.png,11400643_c_clarenaa01_c.png,0,
11401222,낡은 투기장의 상의,11400643,63,59,51,20,18,15,11400643_F_CLArenaA01.gltf,11400643_c_clarenaa01_d.png,11400643_c_clarenaa01_c.png,0,
11401223,낡은 투기장의 상의,11400643,63,59,51,20,18,15,11400643_F_CLArenaA01.gltf,11400643_c_clarenaa01_d.png,11400643_c_clarenaa01_c.png,0,
11401224,낡은 투기장의 상의,11400643,63,59,51,20,18,15,11400643_F_CLArenaA01.gltf,11400643_c_clarenaa01_d.png,11400643_c_clarenaa01_c.png,0,
11401225,낡은 투기장의 상의,11400643,63,59,51,20,18,15,11400643_F_CLArenaA01.gltf,11400643_c_clarenaa01_d.png,11400643_c_clarenaa01_c.png,0,
11401226,5주년 해피데이 티셔츠,11401226,63,59,51,20,18,15,11401226_F_Event009.gltf,11401226_f_event009_d.png,11401226_f_event009_d.png,0,
11401238,크리스탈 샤인드 상의 (나이트),11401082,63,59,51,20,18,15,11401082_F_CLCrystalShine.gltf,11401082_c_clcrystalshine_d.png,11401082_c_clcrystalshine_c.png,0,
11401239,크리스탈 샤인드 상의 (버서커),11401082,63,59,51,20,18,15,11401082_F_CLCrystalShine.gltf,11401082_c_clcrystalshine_d.png,11401082_c_clcrystalshine_c.png,0,
11401240,크리스탈 샤인드 상의 (위자드),11401082,63,59,51,20,18,15,11401082_F_CLCrystalShine.gltf,11401082_c_clcrystalshine_d.png,11401082_c_clcrystalshine_c.png,0,
11401241,크리스탈 샤인드 상의 (프리스트),11401082,63,59,51,20,18,15,11401082_F_CLCrystalShine.gltf,11401082_c_clcrystalshine_d.png,11401082_c_clcrystalshine_c.png,0,
11401242,크리스탈 샤인드 상의 (레인저),11401082,63,59,51,20,18,15,11401082_F_CLCrystalShine.gltf,11401082_c_clcrystalshine_d.png,11401082_c_clcrystalshine_c.png,0,
11401243,크리스탈 샤인드 상의 (헤비거너),11401082,63,59,51,20,18,15,11401082_F_CLCrystalShine.gltf,11401082_c_clcrystalshine_d.png,11401082_c_clcrystalshine_c.png,0,
11401244,크리스탈 샤인드 상의 (시프),11401082,63,59,51,20,18,15,11401082_F_CLCrystalShine.gltf,11401082_c_clcrystalshine_d.png,11401082_c_clcrystalshine_c.png,0,
11401245,크리스탈 샤인드 상의 (어쌔신),11401082,63,59,51,20,18,15,11401082_F_CLCrystalShine.gltf,11401082_c_clcrystalshine_d.png,11401082_c_clcrystalshine_c.png,0,
11401246,크리스탈 샤인드 상의 (룬블레이더),11401082,63,59,51,20,18,15,11401082_F_CLCrystalShine.gltf,11401082_c_clcrystalshine_d.png,11401082_c_clcrystalshine_c.png,0,
11401247,크리스탈 샤인드 상의 (스트라이커),11401082,63,59,51,20,18,15,11401082_F_CLCrystalShine.gltf,11401082_c_clcrystalshine_d.png,11401082_c_clcrystalshine_c.png,0,
11401248,크리스탈 샤인드 상의 (소울바인더),11401082,63,59,51,20,18,15,11401082_F_CLCrystalShine.gltf,11401082_c_clcrystalshine_d.png,11401082_c_clcrystalshine_c.png,0,
11401249,3주년 기념 티셔츠,11400001,63,59,51,20,18,15,11400001_F_BasicSportwearTop.gltf,11400001_f_basicsportweartop_d.png,11400001_f_basicsportweartop_c.png,0,
11401250,성실한 모험가의 운동복 (30일),11400001,63,59,51,20,18,15,11400001_F_BasicSportwearTop.gltf,11400001_f_basicsportweartop_d.png,11400001_f_basicsportweartop_c.png,0,
11401251,블랙 엠퍼러 상의 (나이트),11401081,63,59,51,20,18,15,11401081_F_CLBlackEmperorArmor.gltf,11401081_c_clblackemperorarmor_d.png,11401081_c_clblackemperorarmor_c.png,0,
11401252,블랙 엠퍼러 상의 (버서커),11401081,63,59,51,20,18,15,11401081_F_CLBlackEmperorArmor.gltf,11401081_c_clblackemperorarmor_d.png,11401081_c_clblackemperorarmor_c.png,0,
11401253,블랙 엠퍼러 상의 (위자드),11401081,63,59,51,20,18,15,11401081_F_CLBlackEmperorArmor.gltf,11401081_c_clblackemperorarmor_d.png,11401081_c_clblackemperorarmor_c.png,0,
11401254,블랙 엠퍼러 상의 (프리스트),11401081,63,59,51,20,18,15,11401081_F_CLBlackEmperorArmor.gltf,11401081_c_clblackemperorarmor_d.png,11401081_c_clblackemperorarmor_c.png,0,
11401255,블랙 엠퍼러 상의 (레인저),11401081,63,59,51,20,18,15,11401081_F_CLBlackEmperorArmor.gltf,11401081_c_clblackemperorarmor_d.png,11401081_c_clblackemperorarmor_c.png,0,
11401256,블랙 엠퍼러 상의 (헤비거너),11401081,63,59,51,20,18,15,11401081_F_CLBlackEmperorArmor.gltf,11401081_c_clblackemperorarmor_d.png,11401081_c_clblackemperorarmor_c.png,0,
11401257,블랙 엠퍼러 상의 (시프),11401081,63,59,51,20,18,15,11401081_F_CLBlackEmperorArmor.gltf,11401081_c_clblackemperorarmor_d.png,11401081_c_clblackemperorarmor_c.png,0,
11401258,블랙 엠퍼러 상의 (어쌔신),11401081,63,59,51,20,18,15,11401081_F_CLBlackEmperorArmor.gltf,11401081_c_clblackemperorarmor_d.png,11401081_c_clblackemperorarmor_c.png,0,
11401259,블랙 엠퍼러 상의 (룬블레이더),11401081,63,59,51,20,18,15,11401081_F_CLBlackEmperorArmor.gltf,11401081_c_clblackemperorarmor_d.png,11401081_c_clblackemperorarmor_c.png,0,
11401260,블랙 엠퍼러 상의 (스트라이커),11401081,63,59,51,20,18,15,11401081_F_CLBlackEmperorArmor.gltf,11401081_c_clblackemperorarmor_d.png,11401081_c_clblackemperorarmor_c.png,0,
11401261,블랙 엠퍼러 상의 (소울바인더),11401081,63,59,51,20,18,15,11401081_F_CLBlackEmperorArmor.gltf,11401081_c_clblackemperorarmor_d.png,11401081_c_clblackemperorarmor_c.png,0,
11409997,오리할콘 상의,11409997,63,59,51,20,18,15,11400003_F_CLSilverOrihalcon.gltf,11400003_f_clsilverorihalcon_d.png,11400003_f_clsilverorihalcon_d.png,0,
11409998,피닉스 상의,11409998,63,59,51,20,18,15,11400065_F_CLPhoenixPiette.gltf,11400065_f_clphoenixpiette_d.png,11400065_f_clphoenixpiette_c.png,0,
11409999,바이킹 상의,11409999,63,59,51,20,18,15,11400001_F_Viking.gltf,11400001_f_viking_d.png,11400001_f_viking_c.png,0,
11420036,(PC방) 승무원 재킷,11400036,76,105,181,23,40,79,01400016_F_CrewJacket.gltf,01400016_f_crewjacket_d.png,01400016_f_crewjacket_c.png,0,
11420045,(PC방) 트레이닝 져지,11400044,194,209,96,64,104,54,11450023_F_CLTraining.gltf,11450023_c_cltraining_d.png,11450023_f_cltraining_c.png,0,
11420116,(PC방) 스카프 무지 티셔츠,11400116,230,230,230,150,150,150,11400116_F_CLScarfTshirts.gltf,11400116_c_clscarftshirts_d.png,11400116_c_clscarftshirts_c.png,0,
11420137,견습 파티셰 상의 (남),11401199,170,47,47,96,19,19,11401199_M_CLCook01.gltf,11401199_c_clcook01_d.png,11401199_c_clcook01_c.png,0,
11420138,견습 파티셰 상의 (여),11401200,170,47,47,96,19,19,11401200_F_CLCook01.gltf,11401199_c_clcook01_d.png,11401199_c_clcook01_c.png,0,
11420147,줄무늬 해골 셔츠 (남),11400038,170,47,47,96,19,19,01400017_M_StripeSkeleton.gltf,01400017_m_stripeskeleton_d.png,01400017_m_stripeskeleton_c.png,0,
11420155,버블 바스 상의 (남),11400472,242,224,191,165,127,96,11400472_M_CLBubbleTop.gltf,11400472_c_clbubbletop_d.png,11400472_c_clbubbletop_c.png,0,
11420156,버블 바스 상의 (여),11400476,242,224,191,165,127,96,11400472_F_CLBubbleTop.gltf,11400472_c_clbubbletop_d.png,11400472_c_clbubbletop_c.png,0,
11420157,(PC방) 후드 긴팔 티셔츠,11400157,63,59,51,20,18,15,11400158_F_HoodTshirts.gltf,11400151_m_hoodsleeveless_d.png,11400151_m_hoodsleeveless_c.png,0,
11420175,베이직 꽈배기 니트와 점퍼 (남),11401072,76,105,181,23,40,79,11401072_M_CLTwistedKnitJumper.gltf,11401072_c_cltwistedknitjumper_d.png,11401072_c_cltwistedknitjumper_c.png,0,
11420176,베이직 꽈배기 니트와 점퍼 (여),11401073,76,105,181,23,40,79,11401073_F_CLTwistedKnitJumper.gltf,11401072_c_cltwistedknitjumper_d.png,11401072_c_cltwistedknitjumper_c.png,0,
11420177,스트라이프 카라 티셔츠 (남),11401201,244,189,88,163,121,39,11401201_M_StripesCollarTshirts.gltf,11401201_m_stripescollartshirts_d.png,11401201_m_stripescollartshirts_c.png,0,
11420178,스트라이프 카라 티셔츠 (여),11401202,244,189,88,163,121,39,11401202_F_StripesCollarTshirts.gltf,11401202_f_stripescollartshirts_d.png,11401202_f_stripescollartshirts_c.png,0,
11420179,라쿤 사파리 점퍼 (남),11400391,119,147,68,32,51,30,11400391_M_RacoonSafariJumper.gltf,11400391_c_racoonsafarijumper_d.png,11400391_c_racoonsafarijumper_c.png,0,
11420180,라쿤 사파리 점퍼 (여),11400392,119,147,68,32,51,30,11400392_F_RacconSafariJumper.gltf,11400391_c_racoonsafarijumper_d.png,11400391_c_racoonsafarijumper_c.png,0,
11420181,베이직 꽈배기 니트와 점퍼 (남),11401072,76,105,181,23,40,79,11401072_M_CLTwistedKnitJumper.gltf,11401072_c_cltwistedknitjumper_d.png,11401072_c_cltwistedknitjumper_c.png,0,
11420182,베이직 꽈배기 니트와 점퍼 (여),11401073,76,105,181,23,40,79,11401073_F_CLTwistedKnitJumper.gltf,11401072_c_cltwistedknitjumper_d.png,11401072_c_cltwistedknitjumper_c.png,0,
11420231,레이어드 후드 (남),11401074,170,47,47,96,19,19,11401074_M_CLLayeredHood.gltf,11401074_c_cllayeredhood_d.png,11401074_c_cllayeredhood_c.png,0,
11420232,레이어드 후드 (여),11401075,170,47,47,96,19,19,11401075_F_CLLayeredHood.gltf,11401074_c_cllayeredhood_d.png,11401074_c_cllayeredhood_c.png,0,
11420235,유치원 상의 (남),11400028,180,165,248,108,96,176,01400001_M_Preschool.gltf,01400001_m_preschool_d.png,01400001_m_preschool_c.png,0,
11420236,유치원 상의 (여),11400029,180,165,248,108,96,176,01400002_F_Preschool.gltf,01400002_f_preschool_d.png,01400002_f_preschool_c.png,0,
11420241,레이어드 후드 (남),11401074,170,47,47,96,19,19,11401074_M_CLLayeredHood.gltf,11401074_c_cllayeredhood_d.png,11401074_c_cllayeredhood_c.png,0,
11420242,레이어드 후드 (여),11401075,170,47,47,96,19,19,11401075_F_CLLayeredHood.gltf,11401074_c_cllayeredhood_d.png,11401074_c_cllayeredhood_c.png,0,
11420251,에너제틱 스타 상의 (남),11401188,62,73,117,27,26,48,11401188_M_CLEnergeticStar.gltf,11401188_m_clenergeticstar_d.png,11401188_m_clenergeticstar_c.png,0,
11420252,에너제틱 스타 상의 (여),11401189,62,73,117,27,26,48,11401189_F_CLEnergeticStar.gltf,11401189_f_clenergeticstar_d.png,11401189_f_clenergeticstar_c.png,0,
11420261,썸머 래쉬가드 상의 (남),11400471,126,204,247,72,94,168,11400471_M_CLRashGuardSwim.gltf,11400471_m_clrashguardswim_d.png,11400471_m_clrashguardswim_c.png,0,
11420262,썸머 래쉬가드 상의 (여),11400475,255,168,203,205,86,106,11400471_F_CLRashGuardSwim.gltf,11400471_f_clrashguardswim_d.png,11400471_f_clrashguardswim_c.png,0,
11420263,썸머 래쉬가드 상의 (남),11400471,126,204,247,72,94,168,11400471_M_CLRashGuardSwim.gltf,11400471_m_clrashguardswim_d.png,11400471_m_clrashguardswim_c.png,0,
11420264,썸머 래쉬가드 상의 (여),11400475,255,168,203,205,86,106,11400471_F_CLRashGuardSwim.gltf,11400471_f_clrashguardswim_d.png,11400471_f_clrashguardswim_c.png,0,
11420279,마린 티셔츠 (남),11400034,62,73,117,27,26,48,01400013_M_Marine.gltf,01400013_m_marine_d.png,01400013_m_marine_c.png,0,
11420280,마린 티셔츠 (여),11400035,62,73,117,27,26,48,01400014_F_RibbonMarine.gltf,01400014_f_ribbonmarine_d.png,01400014_f_ribbonmarine_c.png,0,
11420293,장교 재킷 (남),11400335,63,59,51,20,18,15,11400335_M_CLOfficer.gltf,11400335_c_clofficer_d.png,11400335_m_clofficer_c.png,0,
11420294,장교 재킷 (여),11400336,63,59,51,20,18,15,11400336_F_CLOfficer.gltf,11400335_c_clofficer_d.png,11400336_f_clofficer_c.png,0,
11420295,장교 재킷 (남),11400335,63,59,51,20,18,15,11400335_M_CLOfficer.gltf,11400335_c_clofficer_d.png,11400335_m_clofficer_c.png,0,
11420296,장교 재킷 (여),11400336,63,59,51,20,18,15,11400336_F_CLOfficer.gltf,11400335_c_clofficer_d.png,11400336_f_clofficer_c.png,0,
11420304,매지컬 할로윈 셔츠 (여),11400370,63,59,51,20,18,15,11400370_F_CLMagicalHalloween.gltf,11400370_f_clmagicalhalloween_d.png,11400370_f_clmagicalhalloween_d.png,0,
11420327,와일드 라이더 재킷 (남),11420327,63,59,51,20,18,15,11400970_M_WildRiderJacket.gltf,11400970_m_wildriderjacket_d.png,11400970_m_wildriderjacket_c.png,0,
11420328,와일드 라이더 재킷 (여),11420328,63,59,51,20,18,15,11400911_F_CLWildRiderJacket.gltf,11400911_f_clwildriderjacket_d.png,11400911_f_clwildriderjacket_c.png,0,
11420329,성실한 모험가의 운동복,11400001,63,59,51,20,18,15,11400001_F_BasicSportwearTop.gltf,11400001_f_basicsportweartop_d.png,11400001_f_basicsportweartop_c.png,0,
11420330,리본 민소매 티 (여),11400022,239,112,145,153,66,82,01400012_F_RibbonSleeveless.gltf,01400012_f_ribbonsleeveless_d.png,01400012_f_ribbonsleeveless_c.png,0,
11420331,딥 블루 셔츠 (여),11400095,63,59,51,20,18,15,11400095_F_CLDeepBlueShirts.gltf,11400095_f_cldeepblueshirts_d.png,11400095_f_cldeepblueshirts_d.png,0,
11420348,스터드 재킷 (남),11400348,62,73,117,27,26,48,11400079_M_CLStuddedJacket.gltf,11400079_m_clstuddedjacket_d.png,11400079_m_clstuddedjacket_c.png,0,
11420349,스터드 재킷 (여),11400349,62,73,117,27,26,48,11400079_F_CLStuddedJacket.gltf,11400079_f_clstuddedjacket_d.png,11400079_f_clstuddedjacket_c.png,0,
11420350,스터드 재킷 (남),11400348,62,73,117,27,26,48,11400079_M_CLStuddedJacket.gltf,11400079_m_clstuddedjacket_d.png,11400079_m_clstuddedjacket_c.png,0,
11420351,스터드 재킷 (여),11400349,62,73,117,27,26,48,11400079_F_CLStuddedJacket.gltf,11400079_f_clstuddedjacket_d.png,11400079_f_clstuddedjacket_c.png,0,
11420401,스트라이프 티 (남),11400021,147,226,242,89,153,165,01400011_M_StripeTee.gltf,01400011_m_stripetee_d.png,01400011_m_stripetee_c.png,0,
11420402,썸머 묶음 셔츠 (여),11400046,180,165,248,108,96,176,11450024_F_CLTieUpShirts.gltf,11450024_f_cltieupshirts_d.png,11450024_f_cltieupshirts_c.png,0,
11420403,스카프 무지 티셔츠 (남),11400116,230,230,230,150,150,150,11400116_M_CLScarfTshirts.gltf,11400116_c_clscarftshirts_d.png,11400116_c_clscarftshirts_c.png,0,
11420404,스카프 무지 티셔츠 (여),11400119,230,230,230,150,150,150,11400116_F_CLScarfTshirts.gltf,11400116_c_clscarftshirts_d.png,11400116_c_clscarftshirts_c.png,0,
11420405,베이직 칼라 니트 (남),11400128,194,209,96,64,104,54,11400128_M_CLBasicKnit.gltf,11400128_c_clbasicknit_d.png,11400128_c_clbasicknit_c.png,0,
11420406,베이직 칼라 니트 (여),11400129,170,47,47,96,19,19,11400129_F_CLBasicKnit.gltf,11400128_c_clbasicknit_d.png,11400128_c_clbasicknit_c.png,0,
11420407,스트라이프 티 (남),11400021,147,226,242,89,153,165,01400011_M_StripeTee.gltf,01400011_m_stripetee_d.png,01400011_m_stripetee_c.png,0,
11420408,썸머 묶음 셔츠 (여),11400046,180,165,248,108,96,176,11450024_F_CLTieUpShirts.gltf,11450024_f_cltieupshirts_d.png,11450024_f_cltieupshirts_c.png,0,
11420480,스피릿 원 로브 (남),11400474,76,105,181,23,40,79,11400440_M_CLSoulbinder05.gltf,11400440_m_clsoulbinder05_d.png,11400440_m_clsoulbinder05_c.png,0,
11420481,스피릿 원 로브 (여),11400480,76,105,181,23,40,79,11400440_F_CLSoulbinder05.gltf,11400440_f_clsoulbinder05_d.png,11400440_f_clsoulbinder05_c.png,0,
11420482,메이플 연합 골든 파워 상의 (남),11400945,63,59,51,20,18,15,11400945_F_CLMapleUnion01.gltf,11400945_c_clmapleunion01_d.png,11400945_c_clmapleunion01_d.png,0,
11420483,메이플 연합 골든 파워 상의 (여),11401169,63,59,51,20,18,15,11400945_F_CLMapleUnion01.gltf,11400945_c_clmapleunion01_d.png,11400945_c_clmapleunion01_d.png,0,
11420484,트라이아 근위대 리네아르 상의 (남),11400896,63,59,51,20,18,15,11400896_F_CLTriaRoyalGuard01.gltf,11400896_c_cltriaroyalguard01_d.png,11400896_c_cltriaroyalguard01_d.png,0,
11420485,트라이아 근위대 리네아르 상의 (여),11401171,63,59,51,20,18,15,11400896_F_CLTriaRoyalGuard01.gltf,11400896_c_cltriaroyalguard01_d.png,11400896_c_cltriaroyalguard01_d.png,0,
11420486,그린후드 자경단 피오레 상의 (남),11400897,63,59,51,20,18,15,11400897_M_CLGreenHood01.gltf,11400897_m_clgreenhood01_d.png,11400897_m_clgreenhood01_d.png,0,
11420487,그린후드 자경단 피오레 상의 (여),11401170,63,59,51,20,18,15,11400897_F_CLGreenHood01.gltf,11400897_f_clgreenhood01_d.png,11400897_f_clgreenhood01_d.png,0,
11420488,루미나이츠 오네스타 상의 (남),11400895,63,59,51,20,18,15,11400895_F_CLLumiKnight01.gltf,11400895_c_cllumiknight01_d.png,11400895_c_cllumiknight01_d.png,0,
11420489,루미나이츠 오네스타 상의 (여),11401172,63,59,51,20,18,15,11400895_F_CLLumiKnight01.gltf,11400895_c_cllumiknight01_d.png,11400895_c_cllumiknight01_d.png,0,
11420490,다크윈드 아텐토 상의 (남),11400894,63,59,51,20,18,15,11400894_F_CLDarkWind01.gltf,11400894_c_cldarkwind01_d.png,11400894_c_cldarkwind01_d.png,0,
11420491,다크윈드 아텐토 상의 (여),11401174,63,59,51,20,18,15,11400894_F_CLDarkWind01.gltf,11400894_c_cldarkwind01_d.png,11400894_c_cldarkwind01_d.png,0,
11420492,메이플 연합 골든 파워 상의 (남),11400945,63,59,51,20,18,15,11400945_F_CLMapleUnion01.gltf,11400945_c_clmapleunion01_d.png,11400945_c_clmapleunion01_d.png,0,
11420493,메이플 연합 골든 파워 상의 (여),11401169,63,59,51,20,18,15,11400945_F_CLMapleUnion01.gltf,11400945_c_clmapleunion01_d.png,11400945_c_clmapleunion01_d.png,0,
11420494,트라이아 근위대 리네아르 상의 (남),11400896,63,59,51,20,18,15,11400896_F_CLTriaRoyalGuard01.gltf,11400896_c_cltriaroyalguard01_d.png,11400896_c_cltriaroyalguard01_d.png,0,
11420495,트라이아 근위대 리네아르 상의 (여),11401171,63,59,51,20,18,15,11400896_F_CLTriaRoyalGuard01.gltf,11400896_c_cltriaroyalguard01_d.png,11400896_c_cltriaroyalguard01_d.png,0,
11420496,승무원 재킷 (남),11400036,76,105,181,23,40,79,01400015_M_CaptainJacket.gltf,01400015_m_captainjacket_d.png,01400015_m_captainjacket_c.png,0,
11420497,승무원 재킷 (여),11400037,76,105,181,23,40,79,01400016_F_CrewJacket.gltf,01400016_f_crewjacket_d.png,01400016_f_crewjacket_c.png,0,
11420498,클래식 더플 코트 (남),11400389,244,189,88,163,121,39,11400389_M_ClassicDuffleCoat.gltf,11400389_c_classicdufflecoat_d.png,11400389_c_classicdufflecoat_c.png,0,
11420499,클래식 더플 코트 (여),11400390,244,189,88,163,121,39,11400390_F_ClassicDuffleCoat.gltf,11400389_c_classicdufflecoat_d.png,11400389_c_classicdufflecoat_c.png,0,
11420500,6주년 해피데이 티셔츠,11401227,63,59,51,20,18,15,11401227_F_Event010.gltf,11401227_f_event010_d.png,11401227_f_event010_d.png,0,
11420501,스포츠 슬리브리스 (남),11400114,132,130,120,68,68,65,11400114_M_CLSportsSleeveless.gltf,11400114_m_clsportssleeveless_d.png,11400114_m_clsportssleeveless_c.png,0,
11420502,스포츠 슬리브리스 (여),11400117,132,130,120,68,68,65,11400114_F_CLSportsSleeveless.gltf,11400114_f_clsportssleeveless_d.png,11400114_f_clsportssleeveless_c.png,0,
11420503,베이스볼 유니폼 상의 (남),11400546,62,73,117,27,26,48,11400546_M_CLBaseball01.gltf,11400546_c_clbaseball01_d.png,11400546_c_clbaseball01_c.png,0,
11420504,베이스볼 유니폼 상의 (여),11400547,62,73,117,27,26,48,11400547_F_CLBaseball01.gltf,11400546_c_clbaseball01_d.png,11400546_c_clbaseball01_c.png,0,
11420505,체크 데님 셔츠 (남),11400090,63,59,51,20,18,15,11400090_M_CLCheckDenimShirts.gltf,11400090_m_clcheckdenimshirts_d.png,11400090_m_clcheckdenimshirts_d.png,0,
11420506,체크 데님 셔츠 (여),11400091,63,59,51,20,18,15,11400091_F_CLCheckDenimShirts.gltf,11400091_f_clcheckdenimshirts_d.png,11400091_f_clcheckdenimshirts_d.png,0,
11420507,7주년 해피데이 티셔츠,11420507,63,59,51,20,18,15,11400040_F_Event011.gltf,11400040_f_event011_d.png,11400040_f_event011_d.png,0,
11420508,그린후드 자경단 피오레 상의 (남),11400897,63,59,51,20,18,15,11400897_M_CLGreenHood01.gltf,11400897_m_clgreenhood01_d.png,11400897_m_clgreenhood01_d.png,0,
11420509,그린후드 자경단 피오레 상의 (여),11401170,63,59,51,20,18,15,11400897_F_CLGreenHood01.gltf,11400897_f_clgreenhood01_d.png,11400897_f_clgreenhood01_d.png,0,
11420510,루미나이츠 오네스타 상의 (남),11400895,63,59,51,20,18,15,11400895_F_CLLumiKnight01.gltf,11400895_c_cllumiknight01_d.png,11400895_c_cllumiknight01_d.png,0,
11420511,루미나이츠 오네스타 상의 (여),11401172,63,59,51,20,18,15,11400895_F_CLLumiKnight01.gltf,11400895_c_cllumiknight01_d.png,11400895_c_cllumiknight01_d.png,0,
11420512,다크윈드 아텐토 상의 (남),11400894,63,59,51,20,18,15,11400894_F_CLDarkWind01.gltf,11400894_c_cldarkwind01_d.png,11400894_c_cldarkwind01_d.png,0,
11420513,다크윈드 아텐토 상의 (여),11401174,63,59,51,20,18,15,11400894_F_CLDarkWind01.gltf,11400894_c_cldarkwind01_d.png,11400894_c_cldarkwind01_d.png,0,
11420514,스피릿 원 로브 (남),11400474,76,105,181,23,40,79,11400440_M_CLSoulbinder05.gltf,11400440_m_clsoulbinder05_d.png,11400440_m_clsoulbinder05_c.png,0,
11420515,스피릿 원 로브 (여),11400480,76,105,181,23,40,79,11400440_F_CLSoulbinder05.gltf,11400440_f_clsoulbinder05_d.png,11400440_f_clsoulbinder05_c.png,0,
11420516,체크 데님 셔츠 (남),11400090,63,59,51,20,18,15,11400090_M_CLCheckDenimShirts.gltf,11400090_m_clcheckdenimshirts_d.png,11400090_m_clcheckdenimshirts_d.png,0,
11420517,체크 데님 셔츠 (여),11400091,63,59,51,20,18,15,11400091_F_CLCheckDenimShirts.gltf,11400091_f_clcheckdenimshirts_d.png,11400091_f_clcheckdenimshirts_d.png,0,
11420645,매지컬 할로윈 셔츠 (여),11400370,63,59,51,20,18,15,11400370_F_CLMagicalHalloween.gltf,11400370_f_clmagicalhalloween_d.png,11400370_f_clmagicalhalloween_d.png,0,
11420646,인페르노 갑옷 상의 (남),11400375,170,47,47,96,19,19,11400375_M_CLInferno.gltf,11400375_c_clinferno_d.png,11400375_c_clinferno_c.png,0,
11420647,인페르노 갑옷 상의 (여),11400376,170,47,47,96,19,19,11400376_F_CLInferno.gltf,11400375_c_clinferno_d.png,11400375_c_clinferno_c.png,0,
11420649,매지컬 할로윈 셔츠 (여),11400370,63,59,51,20,18,15,11400370_F_CLMagicalHalloween.gltf,11400370_f_clmagicalhalloween_d.png,11400370_f_clmagicalhalloween_d.png,0,
11420650,인페르노 갑옷 상의 (남),11400375,170,47,47,96,19,19,11400375_M_CLInferno.gltf,11400375_c_clinferno_d.png,11400375_c_clinferno_c.png,0,
11420651,인페르노 갑옷 상의 (여),11400376,170,47,47,96,19,19,11400376_F_CLInferno.gltf,11400375_c_clinferno_d.png,11400375_c_clinferno_c.png,0,
11430048,다크 스위프트,11400048,63,59,51,20,18,15,11400042_F_CLDarkSwift.gltf,11400042_f_cldarkswift_d.png,11400042_f_cldarkswift_c.png,0,
11430054,쉐도우 스파이크 베스트,11400054,63,59,51,20,18,15,11400054_F_ShadowSpike.gltf,11400054_f_shadowspike_d.png,11400054_f_shadowspike_c.png,0,
11430055,디멘티드 숄더 메일,11400055,63,59,51,20,18,15,11400055_F_CLDementedShoulderMale.gltf,11400055_f_cldementedshouldermale_d.png,11400055_f_cldementedshouldermale_c.png,0,
11430074,스켈레톤 아머,11400074,63,59,51,20,18,15,11400074_F_CLSkeletonArmor.gltf,11400074_f_clskeletonarmor_d.png,11400074_f_clskeletonarmor_c.png,0,
11430075,블러디 더스크 아머,11400075,63,59,51,20,18,15,11400075_F_CLBloodyDuskArmor.gltf,11400075_c_clbloodyduskarmor_d.png,11400075_c_clbloodyduskarmor_c.png,0,
11430076,님블 비트 자켓,11400076,63,59,51,20,18,15,11400076_F_CLNimbleBitJacket.gltf,11400076_f_clnimblebitjacket_d.png,11400076_f_clnimblebitjacket_c.png,0,
11430077,팬텀 베스트,11400077,63,59,51,20,18,15,11400077_F_CLPhantomVest.gltf,11400077_f_clphantomvest_d.png,11400077_f_clphantomvest_c.png,0,
11430352,흉포한 전사 상의,11400051,63,59,51,20,18,15,11400051_F_CLGoldenCrusadesSergeant.gltf,11400051_f_clgoldencrusadessergeant_d.png,11400051_f_clgoldencrusadessergeant_c.png,0,
11430353,흉포한 도적 상의,11400017,63,59,51,20,18,15,11400035_F_CLCrossPirate.gltf,11400035_f_clcrosspirate_d.png,11400035_f_clcrosspirate_c.png,0,
11430354,탐식의 스터드 재킷,11400079,63,59,51,20,18,15,11400079_F_CLStuddedJacket.gltf,11400079_f_clstuddedjacket_d.png,11400079_f_clstuddedjacket_c.png,0,
11430386,탐식의 트리밍 자켓,11400379,63,59,51,20,18,15,11400379_F_CLRuneBlader03.gltf,11400379_c_clruneblader03_d.png,11400379_f_clruneblader03_c.png,0,
11430387,새벽의 보이드 자켓,11400380,63,59,51,20,18,15,11400380_F_CLRuneBlader04.gltf,11400380_f_clruneblader04_d.png,11400380_f_clruneblader04_c.png,0,
11430510,흉포한 격투가 상의,11400465,63,59,51,20,18,15,11400465_F_CLFighter06.gltf,11400465_c_clfighter06_d.png,11400465_f_clfighter06_c.png,0,
11430511,탐식의 격투가 상의,11400468,63,59,51,20,18,15,11400468_F_CLFighter09.gltf,11400468_c_clfighter09_d.png,11400468_f_clfighter09_c.png,0,
11430512,새벽의 격투 상의,11400430,63,59,51,20,18,15,11400430_F_CLStriker01.gltf,11400430_c_clstriker01_d.png,11400430_c_clstriker01_c.png,0,
11430555,탐식의 기공사 상의,11400468,63,59,51,20,18,15,11400468_F_CLFighter09.gltf,11400468_c_clfighter09_d.png,11400468_f_clfighter09_c.png,0,
11430556,새벽의 기공 상의,11400436,63,59,51,20,18,15,11400436_F_CLSoulbinder01.gltf,11400436_f_clsoulbinder01_d.png,11400436_f_clsoulbinder01_c.png,0,
11440352,빛나는 흉포의 전사 상의,11400051,63,59,51,20,18,15,11400051_F_CLGoldenCrusadesSergeant.gltf,11400051_f_clgoldencrusadessergeant_d.png,11400051_f_clgoldencrusadessergeant_c.png,0,
11440353,빛나는 흉포의 도적 상의,11400017,63,59,51,20,18,15,11400035_F_CLCrossPirate.gltf,11400035_f_clcrosspirate_d.png,11400035_f_clcrosspirate_c.png,0,
11440354,빛나는 탐식의 스터드 재킷,11400079,63,59,51,20,18,15,11400079_F_CLStuddedJacket.gltf,11400079_f_clstuddedjacket_d.png,11400079_f_clstuddedjacket_c.png,0,
11440386,빛나는 탐식의 트리밍 자켓,11400379,63,59,51,20,18,15,11400379_F_CLRuneBlader03.gltf,11400379_c_clruneblader03_d.png,11400379_f_clruneblader03_c.png,0,
11440397,룬의 전투 상의,11400371,63,59,51,20,18,15,11400371_F_CLDragonScalesPlate.gltf,11400371_c_cldragonscalesplate_d.png,11400371_c_cldragonscalesplate_c.png,0,
11440398,룬의 광란 상의,11400371,63,59,51,20,18,15,11400371_F_CLDragonScalesPlate.gltf,11400371_c_cldragonscalesplate_d.png,11400371_c_cldragonscalesplate_c.png,0,
11440399,룬의 마법 상의,11400372,63,59,51,20,18,15,11400372_F_CLAngelicTelaaArmor.gltf,11400372_c_clangelictelaarmor_d.png,11400372_c_clangelictelaarmor_c.png,0,
11440400,룬의 신성 상의,11400372,63,59,51,20,18,15,11400372_F_CLAngelicTelaaArmor.gltf,11400372_c_clangelictelaarmor_d.png,11400372_c_clangelictelaarmor_c.png,0,
11440401,룬의 집중 상의,11400373,63,59,51,20,18,15,11400373_F_CLPadlockCueroJacket.gltf,11400373_f_clpadlockcuerojacket_d.png,11400373_f_clpadlockcuerojacket_c.png,0,
11440402,룬의 포격 상의,11400373,63,59,51,20,18,15,11400373_F_CLPadlockCueroJacket.gltf,11400373_f_clpadlockcuerojacket_d.png,11400373_f_clpadlockcuerojacket_c.png,0,
11440403,룬의 혼란 상의,11400374,63,59,51,20,18,15,11400374_F_CLBuckledStrapJacket.gltf,11400374_f_clbuckledstrapjacket_d.png,11400374_f_clbuckledstrapjacket_c.png,0,
11440404,룬의 암살 상의,11400374,63,59,51,20,18,15,11400374_F_CLBuckledStrapJacket.gltf,11400374_f_clbuckledstrapjacket_d.png,11400374_f_clbuckledstrapjacket_c.png,0,
11440405,룬의 주술 상의,11400371,63,59,51,20,18,15,11400371_F_CLDragonScalesPlate.gltf,11400371_c_cldragonscalesplate_d.png,11400371_c_cldragonscalesplate_c.png,0,
11440510,빛나는 흉포의 격투가 상의,11400465,63,59,51,20,18,15,11400465_F_CLFighter06.gltf,11400465_c_clfighter06_d.png,11400465_f_clfighter06_c.png,0,
11440511,빛나는 탐식의 격투가 상의,11400468,63,59,51,20,18,15,11400468_F_CLFighter09.gltf,11400468_c_clfighter09_d.png,11400468_f_clfighter09_c.png,0,
11440522,룬의 난투 상의,11400435,63,59,51,20,18,15,11400435_F_CLStriker06.gltf,11400435_c_clstriker06_d.png,11400435_c_clstriker06_c.png,0,
11440555,빛나는 탐식의 기공사 상의,11400468,63,59,51,20,18,15,11400468_F_CLFighter09.gltf,11400468_c_clfighter09_d.png,11400468_f_clfighter09_c.png,0,
11440563,룬의 의식 상의,11400441,63,59,51,20,18,15,11400441_F_CLSoulbinder06.gltf,11400441_f_clsoulbinder06_d.png,11400441_f_clsoulbinder06_c.png,0,
11440569,정교한 전투 상의,11400423,63,59,51,20,18,15,11400423_F_CLWarriorClassSetTop01.gltf,11400423_c_clwarriorclasssettop01_d.png,11400423_c_clwarriorclasssettop01_c.png,0,
11440570,정교한 광란 상의,11400423,63,59,51,20,18,15,11400423_F_CLWarriorClassSetTop01.gltf,11400423_c_clwarriorclasssettop01_d.png,11400423_c_clwarriorclasssettop01_c.png,0,
11440571,정교한 마법 상의,11400424,63,59,51,20,18,15,11400424_F_CLMageClassSetTop01.gltf,11400424_c_clmageclasssettop01_d.png,11400424_c_clmageclasssettop01_c.png,0,
11440572,정교한 신성 상의,11400424,63,59,51,20,18,15,11400424_F_CLMageClassSetTop01.gltf,11400424_c_clmageclasssettop01_d.png,11400424_c_clmageclasssettop01_c.png,0,
11440573,정교한 집중 상의,11400425,63,59,51,20,18,15,11400425_F_CLHunterClassSetTop01.gltf,11400425_c_clhunterclasssettop01_d.png,11400425_f_clhunterclasssettop01_c.png,0,
11440574,정교한 포격 상의,11400425,63,59,51,20,18,15,11400425_F_CLHunterClassSetTop01.gltf,11400425_c_clhunterclasssettop01_d.png,11400425_f_clhunterclasssettop01_c.png,0,
11440575,정교한 혼란 상의,11400426,63,59,51,20,18,15,11400426_F_CLBrigandClassSetTop01.gltf,11400426_c_clbrigandclasssettop01_d.png,11400426_c_clbrigandclasssettop01_c.png,0,
11440576,정교한 암살 상의,11400426,63,59,51,20,18,15,11400426_F_CLBrigandClassSetTop01.gltf,11400426_c_clbrigandclasssettop01_d.png,11400426_c_clbrigandclasssettop01_c.png,0,
11440577,정교한 주술 상의,11400423,63,59,51,20,18,15,11400423_F_CLWarriorClassSetTop01.gltf,11400423_c_clwarriorclasssettop01_d.png,11400423_c_clwarriorclasssettop01_c.png,0,
11440578,정교한 난투 상의,11400545,63,59,51,20,18,15,11400545_F_CLFighter10.gltf,11400545_c_clfighter10_d.png,11400545_c_clfighter10_c.png,0,
11440579,정교한 의식 상의,11400545,63,59,51,20,18,15,11400545_F_CLFighter10.gltf,11400545_c_clfighter10_d.png,11400545_c_clfighter10_c.png,0,
11450352,빛나는 흉포의 전사 상의,11400051,63,59,51,20,18,15,11400051_F_CLGoldenCrusadesSergeant.gltf,11400051_f_clgoldencrusadessergeant_d.png,11400051_f_clgoldencrusadessergeant_c.png,0,
11450353,빛나는 흉포의 도적 상의,11400017,63,59,51,20,18,15,11400035_F_CLCrossPirate.gltf,11400035_f_clcrosspirate_d.png,11400035_f_clcrosspirate_c.png,0,
11450397,룬의 전투 상의,11400371,63,59,51,20,18,15,11400371_F_CLDragonScalesPlate.gltf,11400371_c_cldragonscalesplate_d.png,11400371_c_cldragonscalesplate_c.png,0,
11450398,룬의 광란 상의,11400371,63,59,51,20,18,15,11400371_F_CLDragonScalesPlate.gltf,11400371_c_cldragonscalesplate_d.png,11400371_c_cldragonscalesplate_c.png,0,
11450399,룬의 마법 상의,11400372,63,59,51,20,18,15,11400372_F_CLAngelicTelaaArmor.gltf,11400372_c_clangelictelaarmor_d.png,11400372_c_clangelictelaarmor_c.png,0,
11450400,룬의 신성 상의,11400372,63,59,51,20,18,15,11400372_F_CLAngelicTelaaArmor.gltf,11400372_c_clangelictelaarmor_d.png,11400372_c_clangelictelaarmor_c.png,0,
11450401,룬의 집중 상의,11400373,63,59,51,20,18,15,11400373_F_CLPadlockCueroJacket.gltf,11400373_f_clpadlockcuerojacket_d.png,11400373_f_clpadlockcuerojacket_c.png,0,
11450402,룬의 포격 상의,11400373,63,59,51,20,18,15,11400373_F_CLPadlockCueroJacket.gltf,11400373_f_clpadlockcuerojacket_d.png,11400373_f_clpadlockcuerojacket_c.png,0,
11450403,룬의 혼란 상의,11400374,63,59,51,20,18,15,11400374_F_CLBuckledStrapJacket.gltf,11400374_f_clbuckledstrapjacket_d.png,11400374_f_clbuckledstrapjacket_c.png,0,
11450404,룬의 암살 상의,11400374,63,59,51,20,18,15,11400374_F_CLBuckledStrapJacket.gltf,11400374_f_clbuckledstrapjacket_d.png,11400374_f_clbuckledstrapjacket_c.png,0,
11450405,룬의 주술 상의,11400371,63,59,51,20,18,15,11400371_F_CLDragonScalesPlate.gltf,11400371_c_cldragonscalesplate_d.png,11400371_c_cldragonscalesplate_c.png,0,
11450406,광포한 전투 상의,11400887,63,59,51,20,18,15,11400887_F_CLFury.gltf,11400887_c_clfury_d.png,11400887_c_clfury_c.png,0,
11450407,광포한 광란 상의,11400887,63,59,51,20,18,15,11400887_F_CLFury.gltf,11400887_c_clfury_d.png,11400887_c_clfury_c.png,0,
11450408,광포한 혼란 상의,11400887,63,59,51,20,18,15,11400887_F_CLFury.gltf,11400887_c_clfury_d.png,11400887_c_clfury_c.png,0,
11450409,광포한 암살 상의,11400887,63,59,51,20,18,15,11400887_F_CLFury.gltf,11400887_c_clfury_d.png,11400887_c_clfury_c.png,0,
11450410,광포한 주술 상의,11400887,63,59,51,20,18,15,11400887_F_CLFury.gltf,11400887_c_clfury_d.png,11400887_c_clfury_c.png,0,
11450510,빛나는 흉포의 격투가 상의,11400465,63,59,51,20,18,15,11400465_F_CLFighter06.gltf,11400465_c_clfighter06_d.png,11400465_f_clfighter06_c.png,0,
11450518,광포한 난투 상의,11400887,63,59,51,20,18,15,11400887_F_CLFury.gltf,11400887_c_clfury_d.png,11400887_c_clfury_c.png,0,
11450559,광포한 의식 상의,11400887,63,59,51,20,18,15,11400887_F_CLFury.gltf,11400887_c_clfury_d.png,11400887_c_clfury_c.png,0,
11450563,룬의 의식 상의,11400441,63,59,51,20,18,15,11400441_F_CLSoulbinder06.gltf,11400441_f_clsoulbinder06_d.png,11400441_f_clsoulbinder06_c.png,0,
11450923,광포한 마법 상의,11400887,63,59,51,20,18,15,11400887_F_CLFury.gltf,11400887_c_clfury_d.png,11400887_c_clfury_c.png,0,
11450924,광포한 신성 상의,11400887,63,59,51,20,18,15,11400887_F_CLFury.gltf,11400887_c_clfury_d.png,11400887_c_clfury_c.png,0,
11450925,광포한 집중 상의,11400887,63,59,51,20,18,15,11400887_F_CLFury.gltf,11400887_c_clfury_d.png,11400887_c_clfury_c.png,0,
11450926,광포한 포격 상의,11400887,63,59,51,20,18,15,11400887_F_CLFury.gltf,11400887_c_clfury_d.png,11400887_c_clfury_c.png,0,
11450942,불안정한 힘의 전사 상의,11409997,63,59,51,20,18,15,11400003_F_CLSilverOrihalcon.gltf,11400003_f_clsilverorihalcon_d.png,11400003_f_clsilverorihalcon_d.png,0,
11450943,불안정한 힘의 격투가 상의,11400466,63,59,51,20,18,15,11400466_F_CLFighter07.gltf,11400466_c_clfighter07_d.png,11400466_f_clfighter07_c.png,0,
11450944,불안정한 힘의 기공사 상의,11400466,63,59,51,20,18,15,11400466_F_CLFighter07.gltf,11400466_c_clfighter07_d.png,11400466_f_clfighter07_c.png,0,
11450946,브라이트 스타의 전투 상의,11400603,63,59,51,20,18,15,11400603_F_CLBrightStar.gltf,11400603_c_clbrightstar_d.png,11400603_c_clbrightstar_c.png,0,
11450947,브라이트 스타의 광란 상의,11400603,63,59,51,20,18,15,11400603_F_CLBrightStar.gltf,11400603_c_clbrightstar_d.png,11400603_c_clbrightstar_c.png,0,
11450948,브라이트 스타의 마법 상의,11400603,63,59,51,20,18,15,11400603_F_CLBrightStar.gltf,11400603_c_clbrightstar_d.png,11400603_c_clbrightstar_c.png,0,
11450949,브라이트 스타의 신성 상의,11400603,63,59,51,20,18,15,11400603_F_CLBrightStar.gltf,11400603_c_clbrightstar_d.png,11400603_c_clbrightstar_c.png,0,
11450950,브라이트 스타의 집중 상의,11400603,63,59,51,20,18,15,11400603_F_CLBrightStar.gltf,11400603_c_clbrightstar_d.png,11400603_c_clbrightstar_c.png,0,
11450951,브라이트 스타의 포격 상의,11400603,63,59,51,20,18,15,11400603_F_CLBrightStar.gltf,11400603_c_clbrightstar_d.png,11400603_c_clbrightstar_c.png,0,
11450952,브라이트 스타의 혼란 상의,11400603,63,59,51,20,18,15,11400603_F_CLBrightStar.gltf,11400603_c_clbrightstar_d.png,11400603_c_clbrightstar_c.png,0,
11450953,브라이트 스타의 암살 상의,11400603,63,59,51,20,18,15,11400603_F_CLBrightStar.gltf,11400603_c_clbrightstar_d.png,11400603_c_clbrightstar_c.png,0,
11450954,브라이트 스타의 주술 상의,11400603,63,59,51,20,18,15,11400603_F_CLBrightStar.gltf,11400603_c_clbrightstar_d.png,11400603_c_clbrightstar_c.png,0,
11450955,브라이트 스타의 난투 상의,11400603,63,59,51,20,18,15,11400603_F_CLBrightStar.gltf,11400603_c_clbrightstar_d.png,11400603_c_clbrightstar_c.png,0,
11450956,브라이트 스타의 의식 상의,11400603,63,59,51,20,18,15,11400603_F_CLBrightStar.gltf,11400603_c_clbrightstar_d.png,11400603_c_clbrightstar_c.png,0,
11450957,크림슨 발록의 전투 상의,11400893,63,59,51,20,18,15,11400893_F_CLBalrogB01.gltf,11400893_c_clbalrogb01_d.png,11400893_c_clbalrogb01_c.png,0,
11450958,크림슨 발록의 광란 상의,11400893,63,59,51,20,18,15,11400893_F_CLBalrogB01.gltf,11400893_c_clbalrogb01_d.png,11400893_c_clbalrogb01_c.png,0,
11450959,크림슨 발록의 마법 상의,11400893,63,59,51,20,18,15,11400893_F_CLBalrogB01.gltf,11400893_c_clbalrogb01_d.png,11400893_c_clbalrogb01_c.png,0,
11450960,크림슨 발록의 신성 상의,11400893,63,59,51,20,18,15,11400893_F_CLBalrogB01.gltf,11400893_c_clbalrogb01_d.png,11400893_c_clbalrogb01_c.png,0,
11450961,크림슨 발록의 집중 상의,11400893,63,59,51,20,18,15,11400893_F_CLBalrogB01.gltf,11400893_c_clbalrogb01_d.png,11400893_c_clbalrogb01_c.png,0,
11450962,크림슨 발록의 포격 상의,11400893,63,59,51,20,18,15,11400893_F_CLBalrogB01.gltf,11400893_c_clbalrogb01_d.png,11400893_c_clbalrogb01_c.png,0,
11450963,크림슨 발록의 혼란 상의,11400893,63,59,51,20,18,15,11400893_F_CLBalrogB01.gltf,11400893_c_clbalrogb01_d.png,11400893_c_clbalrogb01_c.png,0,
11450964,크림슨 발록의 암살 상의,11400893,63,59,51,20,18,15,11400893_F_CLBalrogB01.gltf,11400893_c_clbalrogb01_d.png,11400893_c_clbalrogb01_c.png,0,
11450965,크림슨 발록의 주술 상의,11400893,63,59,51,20,18,15,11400893_F_CLBalrogB01.gltf,11400893_c_clbalrogb01_d.png,11400893_c_clbalrogb01_c.png,0,
11450966,크림슨 발록의 난투 상의,11400893,63,59,51,20,18,15,11400893_F_CLBalrogB01.gltf,11400893_c_clbalrogb01_d.png,11400893_c_clbalrogb01_c.png,0,
11450967,크림슨 발록의 의식 상의,11400893,63,59,51,20,18,15,11400893_F_CLBalrogB01.gltf,11400893_c_clbalrogb01_d.png,11400893_c_clbalrogb01_c.png,0,
11460074,불멸의 스켈레톤 아머,11400074,63,59,51,20,18,15,11400074_F_CLSkeletonArmor.gltf,11400074_f_clskeletonarmor_d.png,11400074_f_clskeletonarmor_c.png,0,
11460075,불멸의 블러디 더스크 아머,11400075,63,59,51,20,18,15,11400075_F_CLBloodyDuskArmor.gltf,11400075_c_clbloodyduskarmor_d.png,11400075_c_clbloodyduskarmor_c.png,0,
11460076,불멸의 님블 비트 자켓,11400076,63,59,51,20,18,15,11400076_F_CLNimbleBitJacket.gltf,11400076_f_clnimblebitjacket_d.png,11400076_f_clnimblebitjacket_c.png,0,
11460077,불멸의 팬텀 베스트,11400077,63,59,51,20,18,15,11400077_F_CLPhantomVest.gltf,11400077_f_clphantomvest_d.png,11400077_f_clphantomvest_c.png,0,
11460387,불멸의 보이드 자켓,11400380,63,59,51,20,18,15,11400380_F_CLRuneBlader04.gltf,11400380_f_clruneblader04_d.png,11400380_f_clruneblader04_c.png,0,
11460510,복제된 흉포의 격투가 상의,11400465,63,59,51,20,18,15,11400465_F_CLFighter06.gltf,11400465_c_clfighter06_d.png,11400465_f_clfighter06_c.png,0,
11460512,불멸의 격투 상의,11400430,63,59,51,20,18,15,11400430_F_CLStriker01.gltf,11400430_c_clstriker01_d.png,11400430_c_clstriker01_c.png,0,
11460556,불멸의 기공 상의,11400436,63,59,51,20,18,15,11400436_F_CLSoulbinder01.gltf,11400436_f_clsoulbinder01_d.png,11400436_f_clsoulbinder01_c.png,0,
11460798,리버스 나이트 템플슈트,11400781,63,59,51,20,18,15,11400781_F_CLReverseRaidA01.gltf,11400781_c_clreverseraida01_d.png,11400781_c_clreverseraida01_c.png,0,
11460799,리버스 버서커 템플슈트,11400781,63,59,51,20,18,15,11400781_F_CLReverseRaidA01.gltf,11400781_c_clreverseraida01_d.png,11400781_c_clreverseraida01_c.png,0,
11460800,리버스 위자드 템플슈트,11400781,63,59,51,20,18,15,11400781_F_CLReverseRaidA01.gltf,11400781_c_clreverseraida01_d.png,11400781_c_clreverseraida01_c.png,0,
11460801,리버스 프리스트 템플슈트,11400781,63,59,51,20,18,15,11400781_F_CLReverseRaidA01.gltf,11400781_c_clreverseraida01_d.png,11400781_c_clreverseraida01_c.png,0,
11460802,리버스 레인저 템플슈트,11400781,63,59,51,20,18,15,11400781_F_CLReverseRaidA01.gltf,11400781_c_clreverseraida01_d.png,11400781_c_clreverseraida01_c.png,0,
11460803,리버스 헤비거너 템플슈트,11400781,63,59,51,20,18,15,11400781_F_CLReverseRaidA01.gltf,11400781_c_clreverseraida01_d.png,11400781_c_clreverseraida01_c.png,0,
11460804,리버스 시프 템플슈트,11400781,63,59,51,20,18,15,11400781_F_CLReverseRaidA01.gltf,11400781_c_clreverseraida01_d.png,11400781_c_clreverseraida01_c.png,0,
11460805,리버스 어쌔신 템플슈트,11400781,63,59,51,20,18,15,11400781_F_CLReverseRaidA01.gltf,11400781_c_clreverseraida01_d.png,11400781_c_clreverseraida01_c.png,0,
11460806,리버스 블레이더 템플슈트,11400781,63,59,51,20,18,15,11400781_F_CLReverseRaidA01.gltf,11400781_c_clreverseraida01_d.png,11400781_c_clreverseraida01_c.png,0,
11460807,리버스 스트라이터 템플슈트,11400781,63,59,51,20,18,15,11400781_F_CLReverseRaidA01.gltf,11400781_c_clreverseraida01_d.png,11400781_c_clreverseraida01_c.png,0,
11460808,리버스 소울바인더 템플슈트,11400781,63,59,51,20,18,15,11400781_F_CLReverseRaidA01.gltf,11400781_c_clreverseraida01_d.png,11400781_c_clreverseraida01_c.png,0,
11460914,불멸의 에네스 상의,11400914,63,59,51,20,18,15,11400914_F_CLEnes.gltf,11400914_f_clenes_d.png,11400914_f_clenes_c.png,0,
11460915,불멸의 세비어즈 상의,11400915,63,59,51,20,18,15,11400915_F_CLSaviors.gltf,11400915_f_clsaviorscoat_d.png,11400915_f_clsaviorscoat_c.png,0,
11460916,불멸의 파일럿 상의,11400916,63,59,51,20,18,15,11400916_F_CLPilot.gltf,11400916_f_clpilot_d.png,11400916_f_clpilot_c.png,0,
11460972,타이드 캡틴 레더아머 (나이트),11400640,63,59,51,20,18,15,11400545_F_CLPirate.gltf,11400545_f_clpirate_d.png,11400545_f_clpirate_c.png,0,
11460973,타이드 캡틴 레더아머 (버서커),11400640,63,59,51,20,18,15,11400545_F_CLPirate.gltf,11400545_f_clpirate_d.png,11400545_f_clpirate_c.png,0,
11460974,타이드 캡틴 레더아머 (위자드),11400640,63,59,51,20,18,15,11400545_F_CLPirate.gltf,11400545_f_clpirate_d.png,11400545_f_clpirate_c.png,0,
11460975,타이드 캡틴 레더아머 (프리스트),11400640,63,59,51,20,18,15,11400545_F_CLPirate.gltf,11400545_f_clpirate_d.png,11400545_f_clpirate_c.png,0,
11460976,타이드 캡틴 레더아머 (레인저),11400640,63,59,51,20,18,15,11400545_F_CLPirate.gltf,11400545_f_clpirate_d.png,11400545_f_clpirate_c.png,0,
11460977,타이드 캡틴 레더아머 (헤비거너),11400640,63,59,51,20,18,15,11400545_F_CLPirate.gltf,11400545_f_clpirate_d.png,11400545_f_clpirate_c.png,0,
11460978,타이드 캡틴 레더아머 (시프),11400640,63,59,51,20,18,15,11400545_F_CLPirate.gltf,11400545_f_clpirate_d.png,11400545_f_clpirate_c.png,0,
11460979,타이드 캡틴 레더아머 (어쌔신),11400640,63,59,51,20,18,15,11400545_F_CLPirate.gltf,11400545_f_clpirate_d.png,11400545_f_clpirate_c.png,0,
11460980,타이드 캡틴 레더아머 (룬블레이더),11400640,63,59,51,20,18,15,11400545_F_CLPirate.gltf,11400545_f_clpirate_d.png,11400545_f_clpirate_c.png,0,
11460981,타이드 캡틴 레더아머 (스트라이커),11400640,63,59,51,20,18,15,11400545_F_CLPirate.gltf,11400545_f_clpirate_d.png,11400545_f_clpirate_c.png,0,
11460982,타이드 캡틴 레더아머 (소울바인더),11400640,63,59,51,20,18,15,11400545_F_CLPirate.gltf,11400545_f_clpirate_d.png,11400545_f_clpirate_c.png,0,
11460983,프론티어 수트 (나이트),11400604,63,59,51,20,18,15,11400604_F_CLEmerald.gltf,11400604_f_clemerald_d.png,11400604_f_clemerald_c.png,0,
11460984,프론티어 수트 (버서커),11400604,63,59,51,20,18,15,11400604_F_CLEmerald.gltf,11400604_f_clemerald_d.png,11400604_f_clemerald_c.png,0,
11460985,프론티어 수트 (위자드),11400604,63,59,51,20,18,15,11400604_F_CLEmerald.gltf,11400604_f_clemerald_d.png,11400604_f_clemerald_c.png,0,
11460986,프론티어 수트 (프리스트),11400604,63,59,51,20,18,15,11400604_F_CLEmerald.gltf,11400604_f_clemerald_d.png,11400604_f_clemerald_c.png,0,
11460987,프론티어 수트 (레인저),11400604,63,59,51,20,18,15,11400604_F_CLEmerald.gltf,11400604_f_clemerald_d.png,11400604_f_clemerald_c.png,0,
11460988,프론티어 수트 (헤비거너),11400604,63,59,51,20,18,15,11400604_F_CLEmerald.gltf,11400604_f_clemerald_d.png,11400604_f_clemerald_c.png,0,
11460989,프론티어 수트 (시프),11400604,63,59,51,20,18,15,11400604_F_CLEmerald.gltf,11400604_f_clemerald_d.png,11400604_f_clemerald_c.png,0,
11460990,프론티어 수트 (어쌔신),11400604,63,59,51,20,18,15,11400604_F_CLEmerald.gltf,11400604_f_clemerald_d.png,11400604_f_clemerald_c.png,0,
11460991,프론티어 수트 (룬블레이더),11400604,63,59,51,20,18,15,11400604_F_CLEmerald.gltf,11400604_f_clemerald_d.png,11400604_f_clemerald_c.png,0,
11460992,프론티어 수트 (스트라이커),11400604,63,59,51,20,18,15,11400604_F_CLEmerald.gltf,11400604_f_clemerald_d.png,11400604_f_clemerald_c.png,0,
11460993,프론티어 수트 (소울바인더),11400604,63,59,51,20,18,15,11400604_F_CLEmerald.gltf,11400604_f_clemerald_d.png,11400604_f_clemerald_c.png,0,
11460994,윙드 데몬 엣지 아머 (나이트),11400602,63,59,51,20,18,15,11400602_F_CLDragon.gltf,11400602_c_cldragon_d.png,11400602_c_cldragon_c.png,0,
11460995,윙드 데몬 엣지 아머 (버서커),11400602,63,59,51,20,18,15,11400602_F_CLDragon.gltf,11400602_c_cldragon_d.png,11400602_c_cldragon_c.png,0,
11460996,윙드 데몬 엣지 아머 (위자드),11400602,63,59,51,20,18,15,11400602_F_CLDragon.gltf,11400602_c_cldragon_d.png,11400602_c_cldragon_c.png,0,
11460997,윙드 데몬 엣지 아머 (프리스트),11400602,63,59,51,20,18,15,11400602_F_CLDragon.gltf,11400602_c_cldragon_d.png,11400602_c_cldragon_c.png,0,
11460998,윙드 데몬 엣지 아머 (레인저),11400602,63,59,51,20,18,15,11400602_F_CLDragon.gltf,11400602_c_cldragon_d.png,11400602_c_cldragon_c.png,0,
11460999,윙드 데몬 엣지 아머 (헤비거너),11400602,63,59,51,20,18,15,11400602_F_CLDragon.gltf,11400602_c_cldragon_d.png,11400602_c_cldragon_c.png,0,
11461000,윙드 데몬 엣지 아머 (시프),11400602,63,59,51,20,18,15,11400602_F_CLDragon.gltf,11400602_c_cldragon_d.png,11400602_c_cldragon_c.png,0,
11461001,윙드 데몬 엣지 아머 (어쌔신),11400602,63,59,51,20,18,15,11400602_F_CLDragon.gltf,11400602_c_cldragon_d.png,11400602_c_cldragon_c.png,0,
11461002,윙드 데몬 엣지 아머 (룬블레이더),11400602,63,59,51,20,18,15,11400602_F_CLDragon.gltf,11400602_c_cldragon_d.png,11400602_c_cldragon_c.png,0,
11461003,윙드 데몬 엣지 아머 (스트라이커),11400602,63,59,51,20,18,15,11400602_F_CLDragon.gltf,11400602_c_cldragon_d.png,11400602_c_cldragon_c.png,0,
11461004,윙드 데몬 엣지 아머 (소울바인더),11400602,63,59,51,20,18,15,11400602_F_CLDragon.gltf,11400602_c_cldragon_d.png,11400602_c_cldragon_c.png,0,
11461005,베히모스 스킨 코트 (나이트),11400888,63,59,51,20,18,15,11400888_F_CLVehement.gltf,11400888_f_clvehement_d.png,11400888_c_clvehement_c.png,0,
11461006,베히모스 스킨 코트 (버서커),11400888,63,59,51,20,18,15,11400888_F_CLVehement.gltf,11400888_f_clvehement_d.png,11400888_c_clvehement_c.png,0,
11461007,베히모스 스킨 코트 (위자드),11400888,63,59,51,20,18,15,11400888_F_CLVehement.gltf,11400888_f_clvehement_d.png,11400888_c_clvehement_c.png,0,
11461008,베히모스 스킨 코트 (프리스트),11400888,63,59,51,20,18,15,11400888_F_CLVehement.gltf,11400888_f_clvehement_d.png,11400888_c_clvehement_c.png,0,
11461009,베히모스 스킨 코트 (레인저),11400888,63,59,51,20,18,15,11400888_F_CLVehement.gltf,11400888_f_clvehement_d.png,11400888_c_clvehement_c.png,0,
11461010,베히모스 스킨 코트 (헤비거너),11400888,63,59,51,20,18,15,11400888_F_CLVehement.gltf,11400888_f_clvehement_d.png,11400888_c_clvehement_c.png,0,
11461011,베히모스 스킨 코트 (시프),11400888,63,59,51,20,18,15,11400888_F_CLVehement.gltf,11400888_f_clvehement_d.png,11400888_c_clvehement_c.png,0,
11461012,베히모스 스킨 코트 (어쌔신),11400888,63,59,51,20,18,15,11400888_F_CLVehement.gltf,11400888_f_clvehement_d.png,11400888_c_clvehement_c.png,0,
11461013,베히모스 스킨 코트 (룬블레이더),11400888,63,59,51,20,18,15,11400888_F_CLVehement.gltf,11400888_f_clvehement_d.png,11400888_c_clvehement_c.png,0,
11461014,베히모스 스킨 코트 (스트라이커),11400888,63,59,51,20,18,15,11400888_F_CLVehement.gltf,11400888_f_clvehement_d.png,11400888_c_clvehement_c.png,0,
11461015,베히모스 스킨 코트 (소울바인더),11400888,63,59,51,20,18,15,11400888_F_CLVehement.gltf,11400888_f_clvehement_d.png,11400888_c_clvehement_c.png,0,
11461016,에일리온 체스트 가드 (나이트),11400770,63,59,51,20,18,15,11400770_F_CLReverseRaidA02.gltf,11400770_c_clreverseraida02_d.png,11400770_c_clreverseraida02_c.png,0,
11461017,에일리온 체스트 가드 (버서커),11400770,63,59,51,20,18,15,11400770_F_CLReverseRaidA02.gltf,11400770_c_clreverseraida02_d.png,11400770_c_clreverseraida02_c.png,0,
11461018,에일리온 체스트 가드 (위자드),11400770,63,59,51,20,18,15,11400770_F_CLReverseRaidA02.gltf,11400770_c_clreverseraida02_d.png,11400770_c_clreverseraida02_c.png,0,
11461019,에일리온 체스트 가드 (프리스트),11400770,63,59,51,20,18,15,11400770_F_CLReverseRaidA02.gltf,11400770_c_clreverseraida02_d.png,11400770_c_clreverseraida02_c.png,0,
11461020,에일리온 체스트 가드 (레인저),11400770,63,59,51,20,18,15,11400770_F_CLReverseRaidA02.gltf,11400770_c_clreverseraida02_d.png,11400770_c_clreverseraida02_c.png,0,
11461021,에일리온 체스트 가드 (헤비거너),11400770,63,59,51,20,18,15,11400770_F_CLReverseRaidA02.gltf,11400770_c_clreverseraida02_d.png,11400770_c_clreverseraida02_c.png,0,
11461022,에일리온 체스트 가드 (시프),11400770,63,59,51,20,18,15,11400770_F_CLReverseRaidA02.gltf,11400770_c_clreverseraida02_d.png,11400770_c_clreverseraida02_c.png,0,
11461023,에일리온 체스트 가드 (어쌔신),11400770,63,59,51,20,18,15,11400770_F_CLReverseRaidA02.gltf,11400770_c_clreverseraida02_d.png,11400770_c_clreverseraida02_c.png,0,
11461024,에일리온 체스트 가드 (룬블레이더),11400770,63,59,51,20,18,15,11400770_F_CLReverseRaidA02.gltf,11400770_c_clreverseraida02_d.png,11400770_c_clreverseraida02_c.png,0,
11461025,에일리온 체스트 가드 (스트라이커),11400770,63,59,51,20,18,15,11400770_F_CLReverseRaidA02.gltf,11400770_c_clreverseraida02_d.png,11400770_c_clreverseraida02_c.png,0,
11461026,에일리온 체스트 가드 (소울바인더),11400770,63,59,51,20,18,15,11400770_F_CLReverseRaidA02.gltf,11400770_c_clreverseraida02_d.png,11400770_c_clreverseraida02_c.png,0,
11461027,블랙 뱅가드 플레이트 (나이트),11400552,63,59,51,20,18,15,11400552_F_CLDarkSteel.gltf,11400552_c_cldarksteel_d.png,11400552_c_cldarksteel_c.png,0,
11461028,블랙 뱅가드 플레이트 (버서커),11400552,63,59,51,20,18,15,11400552_F_CLDarkSteel.gltf,11400552_c_cldarksteel_d.png,11400552_c_cldarksteel_c.png,0,
11461029,블랙 뱅가드 플레이트 (위자드),11400552,63,59,51,20,18,15,11400552_F_CLDarkSteel.gltf,11400552_c_cldarksteel_d.png,11400552_c_cldarksteel_c.png,0,
11461030,블랙 뱅가드 플레이트 (프리스트),11400552,63,59,51,20,18,15,11400552_F_CLDarkSteel.gltf,11400552_c_cldarksteel_d.png,11400552_c_cldarksteel_c.png,0,
11461031,블랙 뱅가드 플레이트 (레인저),11400552,63,59,51,20,18,15,11400552_F_CLDarkSteel.gltf,11400552_c_cldarksteel_d.png,11400552_c_cldarksteel_c.png,0,
11461032,블랙 뱅가드 플레이트 (헤비거너),11400552,63,59,51,20,18,15,11400552_F_CLDarkSteel.gltf,11400552_c_cldarksteel_d.png,11400552_c_cldarksteel_c.png,0,
11461033,블랙 뱅가드 플레이트 (시프),11400552,63,59,51,20,18,15,11400552_F_CLDarkSteel.gltf,11400552_c_cldarksteel_d.png,11400552_c_cldarksteel_c.png,0,
11461034,블랙 뱅가드 플레이트 (어쌔신),11400552,63,59,51,20,18,15,11400552_F_CLDarkSteel.gltf,11400552_c_cldarksteel_d.png,11400552_c_cldarksteel_c.png,0,
11461035,블랙 뱅가드 플레이트 (룬블레이더),11400552,63,59,51,20,18,15,11400552_F_CLDarkSteel.gltf,11400552_c_cldarksteel_d.png,11400552_c_cldarksteel_c.png,0,
11461036,블랙 뱅가드 플레이트 (스트라이커),11400552,63,59,51,20,18,15,11400552_F_CLDarkSteel.gltf,11400552_c_cldarksteel_d.png,11400552_c_cldarksteel_c.png,0,
11461037,블랙 뱅가드 플레이트 (소울바인더),11400552,63,59,51,20,18,15,11400552_F_CLDarkSteel.gltf,11400552_c_cldarksteel_d.png,11400552_c_cldarksteel_c.png,0,
11461038,블랙퓨리티 시니스터 코트 (나이트),11400971,63,59,51,20,18,15,11400971_F_CLDarkTutor.gltf,11400971_c_cldarktutor_d.png,11400971_c_cldarktutor_c.png,0,
11461039,블랙퓨리티 시니스터 코트 (버서커),11400971,63,59,51,20,18,15,11400971_F_CLDarkTutor.gltf,11400971_c_cldarktutor_d.png,11400971_c_cldarktutor_c.png,0,
11461040,블랙퓨리티 시니스터 코트 (위자드),11400971,63,59,51,20,18,15,11400971_F_CLDarkTutor.gltf,11400971_c_cldarktutor_d.png,11400971_c_cldarktutor_c.png,0,
11461041,블랙퓨리티 시니스터 코트 (프리스트),11400971,63,59,51,20,18,15,11400971_F_CLDarkTutor.gltf,11400971_c_cldarktutor_d.png,11400971_c_cldarktutor_c.png,0,
11461042,블랙퓨리티 시니스터 코트 (레인저),11400971,63,59,51,20,18,15,11400971_F_CLDarkTutor.gltf,11400971_c_cldarktutor_d.png,11400971_c_cldarktutor_c.png,0,
11461043,블랙퓨리티 시니스터 코트 (헤비거너),11400971,63,59,51,20,18,15,11400971_F_CLDarkTutor.gltf,11400971_c_cldarktutor_d.png,11400971_c_cldarktutor_c.png,0,
11461044,블랙퓨리티 시니스터 코트 (시프),11400971,63,59,51,20,18,15,11400971_F_CLDarkTutor.gltf,11400971_c_cldarktutor_d.png,11400971_c_cldarktutor_c.png,0,
11461045,블랙퓨리티 시니스터 코트 (어쌔신),11400971,63,59,51,20,18,15,11400971_F_CLDarkTutor.gltf,11400971_c_cldarktutor_d.png,11400971_c_cldarktutor_c.png,0,
11461046,블랙퓨리티 시니스터 코트 (룬블레이더),11400971,63,59,51,20,18,15,11400971_F_CLDarkTutor.gltf,11400971_c_cldarktutor_d.png,11400971_c_cldarktutor_c.png,0,
11461047,블랙퓨리티 시니스터 코트 (스트라이커),11400971,63,59,51,20,18,15,11400971_F_CLDarkTutor.gltf,11400971_c_cldarktutor_d.png,11400971_c_cldarktutor_c.png,0,
11461048,블랙퓨리티 시니스터 코트 (소울바인더),11400971,63,59,51,20,18,15,11400971_F_CLDarkTutor.gltf,11400971_c_cldarktutor_d.png,11400971_c_cldarktutor_c.png,0,
11461137,강화된 품위의 전투 상의,11400643,63,59,51,20,18,15,11400643_F_CLArenaA01.gltf,11400643_c_clarenaa01_d.png,11400643_c_clarenaa01_c.png,0,
11461138,강화된 품위의 광란 상의,11400643,63,59,51,20,18,15,11400643_F_CLArenaA01.gltf,11400643_c_clarenaa01_d.png,11400643_c_clarenaa01_c.png,0,
11461139,강화된 품위의 마법 상의,11400643,63,59,51,20,18,15,11400643_F_CLArenaA01.gltf,11400643_c_clarenaa01_d.png,11400643_c_clarenaa01_c.png,0,
11461140,강화된 품위의 신성 상의,11400643,63,59,51,20,18,15,11400643_F_CLArenaA01.gltf,11400643_c_clarenaa01_d.png,11400643_c_clarenaa01_c.png,0,
11461141,강화된 품위의 집중 상의,11400643,63,59,51,20,18,15,11400643_F_CLArenaA01.gltf,11400643_c_clarenaa01_d.png,11400643_c_clarenaa01_c.png,0,
11461142,강화된 품위의 포격 상의,11400643,63,59,51,20,18,15,11400643_F_CLArenaA01.gltf,11400643_c_clarenaa01_d.png,11400643_c_clarenaa01_c.png,0,
11461143,강화된 품위의 혼란 상의,11400643,63,59,51,20,18,15,11400643_F_CLArenaA01.gltf,11400643_c_clarenaa01_d.png,11400643_c_clarenaa01_c.png,0,
11461144,강화된 품위의 암살 상의,11400643,63,59,51,20,18,15,11400643_F_CLArenaA01.gltf,11400643_c_clarenaa01_d.png,11400643_c_clarenaa01_c.png,0,
11461145,강화된 품위의 주술 상의,11400643,63,59,51,20,18,15,11400643_F_CLArenaA01.gltf,11400643_c_clarenaa01_d.png,11400643_c_clarenaa01_c.png,0,
11461146,강화된 품위의 난투 상의,11400643,63,59,51,20,18,15,11400643_F_CLArenaA01.gltf,11400643_c_clarenaa01_d.png,11400643_c_clarenaa01_c.png,0,
11461147,강화된 품위의 의식 상의,11400643,63,59,51,20,18,15,11400643_F_CLArenaA01.gltf,11400643_c_clarenaa01_d.png,11400643_c_clarenaa01_c.png,0,
11470048,다크 스위프트,11400048,63,59,51,20,18,15,11400042_F_CLDarkSwift.gltf,11400042_f_cldarkswift_d.png,11400042_f_cldarkswift_c.png,0,
11470054,쉐도우 스파이크 베스트,11400054,63,59,51,20,18,15,11400054_F_ShadowSpike.gltf,11400054_f_shadowspike_d.png,11400054_f_shadowspike_c.png,0,
11470055,디멘티드 숄더 메일,11400055,63,59,51,20,18,15,11400055_F_CLDementedShoulderMale.gltf,11400055_f_cldementedshouldermale_d.png,11400055_f_cldementedshouldermale_c.png,0,
11470074,스켈레톤 아머,11400074,63,59,51,20,18,15,11400074_F_CLSkeletonArmor.gltf,11400074_f_clskeletonarmor_d.png,11400074_f_clskeletonarmor_c.png,0,
11470075,블러디 더스크 아머,11400075,63,59,51,20,18,15,11400075_F_CLBloodyDuskArmor.gltf,11400075_c_clbloodyduskarmor_d.png,11400075_c_clbloodyduskarmor_c.png,0,
11470076,님블 비트 자켓,11400076,63,59,51,20,18,15,11400076_F_CLNimbleBitJacket.gltf,11400076_f_clnimblebitjacket_d.png,11400076_f_clnimblebitjacket_c.png,0,
11470077,팬텀 베스트,11400077,63,59,51,20,18,15,11400077_F_CLPhantomVest.gltf,11400077_f_clphantomvest_d.png,11400077_f_clphantomvest_c.png,0,
11470352,희미하게 흉포한 전사 상의,11400051,63,59,51,20,18,15,11400051_F_CLGoldenCrusadesSergeant.gltf,11400051_f_clgoldencrusadessergeant_d.png,11400051_f_clgoldencrusadessergeant_c.png,0,
11470353,희미하게 흉포한 도적 상의,11400017,63,59,51,20,18,15,11400035_F_CLCrossPirate.gltf,11400035_f_clcrosspirate_d.png,11400035_f_clcrosspirate_c.png,0,
11470387,새벽의 보이드 자켓,11400380,63,59,51,20,18,15,11400380_F_CLRuneBlader04.gltf,11400380_f_clruneblader04_d.png,11400380_f_clruneblader04_c.png,0,
11470388,검은 불꽃의 데크 자켓,11400381,63,59,51,20,18,15,11400381_F_CLRuneBlader05.gltf,11400381_f_clruneblader05_d.png,11400381_f_clruneblader05_c.png,0,
11470510,희미하게 흉포한 격투가 상의,11400465,63,59,51,20,18,15,11400465_F_CLFighter06.gltf,11400465_c_clfighter06_d.png,11400465_f_clfighter06_c.png,0,
11470512,새벽의 격투 상의,11400430,63,59,51,20,18,15,11400430_F_CLStriker01.gltf,11400430_c_clstriker01_d.png,11400430_c_clstriker01_c.png,0,
11470513,검은 불꽃의 격투 상의,11400433,63,59,51,20,18,15,11400433_F_CLStriker04.gltf,11400433_c_clstriker04_d.png,11400433_f_clstriker04_c.png,0,
11470556,새벽의 기공 상의,11400436,63,59,51,20,18,15,11400436_F_CLSoulbinder01.gltf,11400436_f_clsoulbinder01_d.png,11400436_f_clsoulbinder01_c.png,0,
11470557,검은 불꽃의 기공 상의,11400439,63,59,51,20,18,15,11400480_F_SoulbinderWhite.gltf,11400480_f_soulbinderwhite_d.png,11400480_f_soulbinderwhite_c.png,0,
11470942,불안정한 힘의 전사 상의,11409997,63,59,51,20,18,15,11400003_F_CLSilverOrihalcon.gltf,11400003_f_clsilverorihalcon_d.png,11400003_f_clsilverorihalcon_d.png,0,
11470943,불안정한 힘의 격투가 상의,11400466,63,59,51,20,18,15,11400466_F_CLFighter07.gltf,11400466_c_clfighter07_d.png,11400466_f_clfighter07_c.png,0,
11470944,불안정한 힘의 기공사 상의,11400466,63,59,51,20,18,15,11400466_F_CLFighter07.gltf,11400466_c_clfighter07_d.png,11400466_f_clfighter07_c.png,0,
11480074,불멸의 스켈레톤 아머,11400074,63,59,51,20,18,15,11400074_F_CLSkeletonArmor.gltf,11400074_f_clskeletonarmor_d.png,11400074_f_clskeletonarmor_c.png,0,
11480075,불멸의 블러디 더스크 아머,11400075,63,59,51,20,18,15,11400075_F_CLBloodyDuskArmor.gltf,11400075_c_clbloodyduskarmor_d.png,11400075_c_clbloodyduskarmor_c.png,0,
11480076,불멸의 님블 비트 자켓,11400076,63,59,51,20,18,15,11400076_F_CLNimbleBitJacket.gltf,11400076_f_clnimblebitjacket_d.png,11400076_f_clnimblebitjacket_c.png,0,
11480077,불멸의 팬텀 베스트,11400077,63,59,51,20,18,15,11400077_F_CLPhantomVest.gltf,11400077_f_clphantomvest_d.png,11400077_f_clphantomvest_c.png,0,
11480352,흉포의 전사 상의,11400051,63,59,51,20,18,15,11400051_F_CLGoldenCrusadesSergeant.gltf,11400051_f_clgoldencrusadessergeant_d.png,11400051_f_clgoldencrusadessergeant_c.png,0,
11480353,흉포의 도적 상의,11400017,63,59,51,20,18,15,11400035_F_CLCrossPirate.gltf,11400035_f_clcrosspirate_d.png,11400035_f_clcrosspirate_c.png,0,
11480354,탐식의 스터드 재킷,11400079,63,59,51,20,18,15,11400079_F_CLStuddedJacket.gltf,11400079_f_clstuddedjacket_d.png,11400079_f_clstuddedjacket_c.png,0,
11480386,탐식의 트리밍 자켓,11400379,63,59,51,20,18,15,11400379_F_CLRuneBlader03.gltf,11400379_c_clruneblader03_d.png,11400379_f_clruneblader03_c.png,0,
11480387,불멸의 보이드 자켓,11400380,63,59,51,20,18,15,11400380_F_CLRuneBlader04.gltf,11400380_f_clruneblader04_d.png,11400380_f_clruneblader04_c.png,0,
11480510,흉포의 격투가 상의,11400465,63,59,51,20,18,15,11400465_F_CLFighter06.gltf,11400465_c_clfighter06_d.png,11400465_f_clfighter06_c.png,0,
11480511,탐식의 격투가 상의,11400468,63,59,51,20,18,15,11400468_F_CLFighter09.gltf,11400468_c_clfighter09_d.png,11400468_f_clfighter09_c.png,0,
11480512,불멸의 격투 상의,11400430,63,59,51,20,18,15,11400430_F_CLStriker01.gltf,11400430_c_clstriker01_d.png,11400430_c_clstriker01_c.png,0,
11480555,탐식의 기공사 상의,11400468,63,59,51,20,18,15,11400468_F_CLFighter09.gltf,11400468_c_clfighter09_d.png,11400468_f_clfighter09_c.png,0,
11480556,불멸의 기공 상의,11400436,63,59,51,20,18,15,11400436_F_CLSoulbinder01.gltf,11400436_f_clsoulbinder01_d.png,11400436_f_clsoulbinder01_c.png,0,
11480798,리버스 템플슈트,11400781,63,59,51,20,18,15,11400781_F_CLReverseRaidA01.gltf,11400781_c_clreverseraida01_d.png,11400781_c_clreverseraida01_c.png,0,
11481043,엘리트 어드벤쳐 배틀 코트 (나이트),11409997,63,59,51,20,18,15,11400003_F_CLSilverOrihalcon.gltf,11400003_f_clsilverorihalcon_d.png,11400003_f_clsilverorihalcon_d.png,0,
11481044,엘리트 어드벤쳐 배틀 코트 (버서커),11409997,63,59,51,20,18,15,11400003_F_CLSilverOrihalcon.gltf,11400003_f_clsilverorihalcon_d.png,11400003_f_clsilverorihalcon_d.png,0,
11481045,엘리트 어드벤쳐 배틀 코트 (룬블레이더),11409997,63,59,51,20,18,15,11400003_F_CLSilverOrihalcon.gltf,11400003_f_clsilverorihalcon_d.png,11400003_f_clsilverorihalcon_d.png,0,
11481046,엘리트 어드벤쳐 마샬 셔츠 (스트라이커),11400466,63,59,51,20,18,15,11400466_F_CLFighter07.gltf,11400466_c_clfighter07_d.png,11400466_f_clfighter07_c.png,0,
11481047,엘리트 어드벤쳐 마샬 셔츠 (소울바인더),11400466,63,59,51,20,18,15,11400466_F_CLFighter07.gltf,11400466_c_clfighter07_d.png,11400466_f_clfighter07_c.png,0,
11481152,타이렌 로열 코트,11401076,63,59,51,20,18,15,11401076_F_CLLappenshad01.gltf,11401076_f_cllappenshad01_d.png,11401076_c_cllappenshad01_c.png,0,
11490048,다크 스위프트,11400048,63,59,51,20,18,15,11400042_F_CLDarkSwift.gltf,11400042_f_cldarkswift_d.png,11400042_f_cldarkswift_c.png,0,
11490054,쉐도우 스파이크 베스트,11400054,63,59,51,20,18,15,11400054_F_ShadowSpike.gltf,11400054_f_shadowspike_d.png,11400054_f_shadowspike_c.png,0,
11490055,디멘티드 숄더 메일,11400055,63,59,51,20,18,15,11400055_F_CLDementedShoulderMale.gltf,11400055_f_cldementedshouldermale_d.png,11400055_f_cldementedshouldermale_c.png,0,
11490074,스켈레톤 아머,11400074,63,59,51,20,18,15,11400074_F_CLSkeletonArmor.gltf,11400074_f_clskeletonarmor_d.png,11400074_f_clskeletonarmor_c.png,0,
11490075,블러디 더스크 아머,11400075,63,59,51,20,18,15,11400075_F_CLBloodyDuskArmor.gltf,11400075_c_clbloodyduskarmor_d.png,11400075_c_clbloodyduskarmor_c.png,0,
11490076,님블 비트 자켓,11400076,63,59,51,20,18,15,11400076_F_CLNimbleBitJacket.gltf,11400076_f_clnimblebitjacket_d.png,11400076_f_clnimblebitjacket_c.png,0,
11490077,팬텀 베스트,11400077,63,59,51,20,18,15,11400077_F_CLPhantomVest.gltf,11400077_f_clphantomvest_d.png,11400077_f_clphantomvest_c.png,0,
11490107,블랙 다이너스 상의,11400088,63,59,51,20,18,15,11400051_F_CLGoldenCrusadesSergeant.gltf,11400051_f_clgoldencrusadessergeant_d.png,11400051_f_clgoldencrusadessergeant_c.png,0,
11490113,포어 마스트 상의,11400089,63,59,51,20,18,15,11400035_F_CLCrossPirate.gltf,11400035_f_clcrosspirate_d.png,11400035_f_clcrosspirate_c.png,0,
11490274,캡틴 모크의 상의,11400048,63,59,51,20,18,15,11400042_F_CLDarkSwift.gltf,11400042_f_cldarkswift_d.png,11400042_f_cldarkswift_c.png,0,
11490352,흉포한 전사 상의,11400051,63,59,51,20,18,15,11400051_F_CLGoldenCrusadesSergeant.gltf,11400051_f_clgoldencrusadessergeant_d.png,11400051_f_clgoldencrusadessergeant_c.png,0,
11490353,흉포한 도적 상의,11400017,63,59,51,20,18,15,11400035_F_CLCrossPirate.gltf,11400035_f_clcrosspirate_d.png,11400035_f_clcrosspirate_c.png,0,
11490367,난폭한 영혼의 상의,11400885,63,59,51,20,18,15,11400885_F_CLViolent.gltf,11400885_f_clviolent_d.png,11400885_f_clviolent_c.png,0,
11490368,핏빛 선장의 상의,11400048,63,59,51,20,18,15,11400042_F_CLDarkSwift.gltf,11400042_f_cldarkswift_d.png,11400042_f_cldarkswift_c.png,0,
11490384,난폭한 파멸의 상의,11400885,63,59,51,20,18,15,11400885_F_CLViolent.gltf,11400885_f_clviolent_d.png,11400885_f_clviolent_c.png,0,
11490387,새벽의 보이드 자켓,11400380,63,59,51,20,18,15,11400380_F_CLRuneBlader04.gltf,11400380_f_clruneblader04_d.png,11400380_f_clruneblader04_c.png,0,
11490388,검은 불꽃의 데크 자켓,11400381,63,59,51,20,18,15,11400381_F_CLRuneBlader05.gltf,11400381_f_clruneblader05_d.png,11400381_f_clruneblader05_c.png,0,
11490397,루미 드 코르 플레이트,11400371,63,59,51,20,18,15,11400371_F_CLDragonScalesPlate.gltf,11400371_c_cldragonscalesplate_d.png,11400371_c_cldragonscalesplate_c.png,0,
11490398,루미 드 라비에르 플레이트,11400371,63,59,51,20,18,15,11400371_F_CLDragonScalesPlate.gltf,11400371_c_cldragonscalesplate_d.png,11400371_c_cldragonscalesplate_c.png,0,
11490399,루미 드 마기아 아머,11400372,63,59,51,20,18,15,11400372_F_CLAngelicTelaaArmor.gltf,11400372_c_clangelictelaarmor_d.png,11400372_c_clangelictelaarmor_c.png,0,
11490400,루미 드 데우스 아머,11400372,63,59,51,20,18,15,11400372_F_CLAngelicTelaaArmor.gltf,11400372_c_clangelictelaarmor_d.png,11400372_c_clangelictelaarmor_c.png,0,
11490401,루미 드 테로 자켓,11400373,63,59,51,20,18,15,11400373_F_CLPadlockCueroJacket.gltf,11400373_f_clpadlockcuerojacket_d.png,11400373_f_clpadlockcuerojacket_c.png,0,
11490402,루미 드 리브라토 자켓,11400373,63,59,51,20,18,15,11400373_F_CLPadlockCueroJacket.gltf,11400373_f_clpadlockcuerojacket_d.png,11400373_f_clpadlockcuerojacket_c.png,0,
11490403,루미 드 에레보스 자켓,11400374,63,59,51,20,18,15,11400374_F_CLBuckledStrapJacket.gltf,11400374_f_clbuckledstrapjacket_d.png,11400374_f_clbuckledstrapjacket_c.png,0,
11490404,루미 드 시카 자켓,11400374,63,59,51,20,18,15,11400374_F_CLBuckledStrapJacket.gltf,11400374_f_clbuckledstrapjacket_d.png,11400374_f_clbuckledstrapjacket_c.png,0,
11490405,루미 드 폴루스 플레이트,11400371,63,59,51,20,18,15,11400371_F_CLDragonScalesPlate.gltf,11400371_c_cldragonscalesplate_d.png,11400371_c_cldragonscalesplate_c.png,0,
11490406,광포한 전투 상의,11400887,63,59,51,20,18,15,11400887_F_CLFury.gltf,11400887_c_clfury_d.png,11400887_c_clfury_c.png,0,
11490407,광포한 광란 상의,11400887,63,59,51,20,18,15,11400887_F_CLFury.gltf,11400887_c_clfury_d.png,11400887_c_clfury_c.png,0,
11490408,광포한 혼란 상의,11400887,63,59,51,20,18,15,11400887_F_CLFury.gltf,11400887_c_clfury_d.png,11400887_c_clfury_c.png,0,
11490409,광포한 암살 상의,11400887,63,59,51,20,18,15,11400887_F_CLFury.gltf,11400887_c_clfury_d.png,11400887_c_clfury_c.png,0,
11490410,광포한 주술 상의,11400887,63,59,51,20,18,15,11400887_F_CLFury.gltf,11400887_c_clfury_d.png,11400887_c_clfury_c.png,0,
11490510,흉포한 격투가 상의,11400465,63,59,51,20,18,15,11400465_F_CLFighter06.gltf,11400465_c_clfighter06_d.png,11400465_f_clfighter06_c.png,0,
11490512,새벽의 격투 상의,11400430,63,59,51,20,18,15,11400430_F_CLStriker01.gltf,11400430_c_clstriker01_d.png,11400430_c_clstriker01_c.png,0,
11490513,검은 불꽃의 격투 상의,11400433,63,59,51,20,18,15,11400433_F_CLStriker04.gltf,11400433_c_clstriker04_d.png,11400433_f_clstriker04_c.png,0,
11490516,난폭한 절멸의 상의,11400885,63,59,51,20,18,15,11400885_F_CLViolent.gltf,11400885_f_clviolent_d.png,11400885_f_clviolent_c.png,0,
11490518,광포한 난투 상의,11400887,63,59,51,20,18,15,11400887_F_CLFury.gltf,11400887_c_clfury_d.png,11400887_c_clfury_c.png,0,
11490522,루미 드 마누스 상의,11400435,63,59,51,20,18,15,11400435_F_CLStriker06.gltf,11400435_c_clstriker06_d.png,11400435_c_clstriker06_c.png,0,
11490556,새벽의 기공 상의,11400436,63,59,51,20,18,15,11400436_F_CLSoulbinder01.gltf,11400436_f_clsoulbinder01_d.png,11400436_f_clsoulbinder01_c.png,0,
11490557,검은 불꽃의 기공 상의,11400439,63,59,51,20,18,15,11400480_F_SoulbinderWhite.gltf,11400480_f_soulbinderwhite_d.png,11400480_f_soulbinderwhite_c.png,0,
11490558,난폭한 공세의 상의,11400885,63,59,51,20,18,15,11400885_F_CLViolent.gltf,11400885_f_clviolent_d.png,11400885_f_clviolent_c.png,0,
11490559,광포한 의식 상의,11400887,63,59,51,20,18,15,11400887_F_CLFury.gltf,11400887_c_clfury_d.png,11400887_c_clfury_c.png,0,
11490563,루미 드 애니마르 상의,11400441,63,59,51,20,18,15,11400441_F_CLSoulbinder06.gltf,11400441_f_clsoulbinder06_d.png,11400441_f_clsoulbinder06_c.png,0,
11490569,나르바샨의 전투 상의,11400423,63,59,51,20,18,15,11400423_F_CLWarriorClassSetTop01.gltf,11400423_c_clwarriorclasssettop01_d.png,11400423_c_clwarriorclasssettop01_c.png,0,
11490570,나르바샨의 광란 상의,11400423,63,59,51,20,18,15,11400423_F_CLWarriorClassSetTop01.gltf,11400423_c_clwarriorclasssettop01_d.png,11400423_c_clwarriorclasssettop01_c.png,0,
11490571,나르바샨의 마법 상의,11400424,63,59,51,20,18,15,11400424_F_CLMageClassSetTop01.gltf,11400424_c_clmageclasssettop01_d.png,11400424_c_clmageclasssettop01_c.png,0,
11490572,나르바샨의 신성 상의,11400424,63,59,51,20,18,15,11400424_F_CLMageClassSetTop01.gltf,11400424_c_clmageclasssettop01_d.png,11400424_c_clmageclasssettop01_c.png,0,
11490573,나르바샨의 집중 상의,11400425,63,59,51,20,18,15,11400425_F_CLHunterClassSetTop01.gltf,11400425_c_clhunterclasssettop01_d.png,11400425_f_clhunterclasssettop01_c.png,0,
11490574,나르바샨의 포격 상의,11400425,63,59,51,20,18,15,11400425_F_CLHunterClassSetTop01.gltf,11400425_c_clhunterclasssettop01_d.png,11400425_f_clhunterclasssettop01_c.png,0,
11490575,나르바샨의 혼란 상의,11400426,63,59,51,20,18,15,11400426_F_CLBrigandClassSetTop01.gltf,11400426_c_clbrigandclasssettop01_d.png,11400426_c_clbrigandclasssettop01_c.png,0,
11490576,나르바샨의 암살 상의,11400426,63,59,51,20,18,15,11400426_F_CLBrigandClassSetTop01.gltf,11400426_c_clbrigandclasssettop01_d.png,11400426_c_clbrigandclasssettop01_c.png,0,
11490577,나르바샨의 주술 상의,11400423,63,59,51,20,18,15,11400423_F_CLWarriorClassSetTop01.gltf,11400423_c_clwarriorclasssettop01_d.png,11400423_c_clwarriorclasssettop01_c.png,0,
11490578,나르바샨의 난투 상의,11400545,63,59,51,20,18,15,11400545_F_CLFighter10.gltf,11400545_c_clfighter10_d.png,11400545_c_clfighter10_c.png,0,
11490579,나르바샨의 의식 상의,11400545,63,59,51,20,18,15,11400545_F_CLFighter10.gltf,11400545_c_clfighter10_d.png,11400545_c_clfighter10_c.png,0,
11490667,루미에라곤 전투 상의,11400552,63,59,51,20,18,15,11400552_F_CLDarkSteel.gltf,11400552_c_cldarksteel_d.png,11400552_c_cldarksteel_c.png,0,
11490668,루미에라곤 광란 상의,11400552,63,59,51,20,18,15,11400552_F_CLDarkSteel.gltf,11400552_c_cldarksteel_d.png,11400552_c_cldarksteel_c.png,0,
11490669,루미에라곤 마법 상의,11400552,63,59,51,20,18,15,11400552_F_CLDarkSteel.gltf,11400552_c_cldarksteel_d.png,11400552_c_cldarksteel_c.png,0,
11490670,루미에라곤 신성 상의,11400552,63,59,51,20,18,15,11400552_F_CLDarkSteel.gltf,11400552_c_cldarksteel_d.png,11400552_c_cldarksteel_c.png,0,
11490671,루미에라곤 집중 상의,11400552,63,59,51,20,18,15,11400552_F_CLDarkSteel.gltf,11400552_c_cldarksteel_d.png,11400552_c_cldarksteel_c.png,0,
11490672,루미에라곤 포격 상의,11400552,63,59,51,20,18,15,11400552_F_CLDarkSteel.gltf,11400552_c_cldarksteel_d.png,11400552_c_cldarksteel_c.png,0,
11490673,루미에라곤 혼란 상의,11400552,63,59,51,20,18,15,11400552_F_CLDarkSteel.gltf,11400552_c_cldarksteel_d.png,11400552_c_cldarksteel_c.png,0,
11490674,루미에라곤 암살 상의,11400552,63,59,51,20,18,15,11400552_F_CLDarkSteel.gltf,11400552_c_cldarksteel_d.png,11400552_c_cldarksteel_c.png,0,
11490675,루미에라곤 주술 상의,11400552,63,59,51,20,18,15,11400552_F_CLDarkSteel.gltf,11400552_c_cldarksteel_d.png,11400552_c_cldarksteel_c.png,0,
11490676,루미에라곤 난투 상의,11400552,63,59,51,20,18,15,11400552_F_CLDarkSteel.gltf,11400552_c_cldarksteel_d.png,11400552_c_cldarksteel_c.png,0,
11490677,루미에라곤 의식 상의,11400552,63,59,51,20,18,15,11400552_F_CLDarkSteel.gltf,11400552_c_cldarksteel_d.png,11400552_c_cldarksteel_c.png,0,
11490798,리버스 나이트 컴뱃아머 (LV50),11400603,63,59,51,20,18,15,11400603_F_CLBrightStar.gltf,11400603_c_clbrightstar_d.png,11400603_c_clbrightstar_c.png,0,
11490799,리버스 버서커 컴뱃아머 (LV50),11400603,63,59,51,20,18,15,11400603_F_CLBrightStar.gltf,11400603_c_clbrightstar_d.png,11400603_c_clbrightstar_c.png,0,
11490800,리버스 위자드 컴뱃아머 (LV50),11400603,63,59,51,20,18,15,11400603_F_CLBrightStar.gltf,11400603_c_clbrightstar_d.png,11400603_c_clbrightstar_c.png,0,
11490801,리버스 프리스트 컴뱃아머 (LV50),11400603,63,59,51,20,18,15,11400603_F_CLBrightStar.gltf,11400603_c_clbrightstar_d.png,11400603_c_clbrightstar_c.png,0,
11490802,리버스 레인저 컴뱃아머 (LV50),11400603,63,59,51,20,18,15,11400603_F_CLBrightStar.gltf,11400603_c_clbrightstar_d.png,11400603_c_clbrightstar_c.png,0,
11490803,리버스 헤비거너 컴뱃아머 (LV50),11400603,63,59,51,20,18,15,11400603_F_CLBrightStar.gltf,11400603_c_clbrightstar_d.png,11400603_c_clbrightstar_c.png,0,
11490804,리버스 시프 컴뱃아머 (LV50),11400603,63,59,51,20,18,15,11400603_F_CLBrightStar.gltf,11400603_c_clbrightstar_d.png,11400603_c_clbrightstar_c.png,0,
11490805,리버스 어쌔신 컴뱃아머 (LV50),11400603,63,59,51,20,18,15,11400603_F_CLBrightStar.gltf,11400603_c_clbrightstar_d.png,11400603_c_clbrightstar_c.png,0,
11490806,리버스 룬 블레이더 컴뱃아머 (LV50),11400603,63,59,51,20,18,15,11400603_F_CLBrightStar.gltf,11400603_c_clbrightstar_d.png,11400603_c_clbrightstar_c.png,0,
11490807,리버스 스트라이커 컴뱃아머 (LV50),11400603,63,59,51,20,18,15,11400603_F_CLBrightStar.gltf,11400603_c_clbrightstar_d.png,11400603_c_clbrightstar_c.png,0,
11490808,리버스 소울바인더 컴뱃아머 (LV50),11400603,63,59,51,20,18,15,11400603_F_CLBrightStar.gltf,11400603_c_clbrightstar_d.png,11400603_c_clbrightstar_c.png,0,
11490809,리버스 나이트 컴뱃아머 (LV56),11400603,63,59,51,20,18,15,11400603_F_CLBrightStar.gltf,11400603_c_clbrightstar_d.png,11400603_c_clbrightstar_c.png,0,
11490810,리버스 버서커 컴뱃아머 (LV56),11400603,63,59,51,20,18,15,11400603_F_CLBrightStar.gltf,11400603_c_clbrightstar_d.png,11400603_c_clbrightstar_c.png,0,
11490811,리버스 위자드 컴뱃아머 (LV56),11400603,63,59,51,20,18,15,11400603_F_CLBrightStar.gltf,11400603_c_clbrightstar_d.png,11400603_c_clbrightstar_c.png,0,
11490812,리버스 프리스트 컴뱃아머 (LV56),11400603,63,59,51,20,18,15,11400603_F_CLBrightStar.gltf,11400603_c_clbrightstar_d.png,11400603_c_clbrightstar_c.png,0,
11490813,리버스 레인저 컴뱃아머 (LV56),11400603,63,59,51,20,18,15,11400603_F_CLBrightStar.gltf,11400603_c_clbrightstar_d.png,11400603_c_clbrightstar_c.png,0,
11490814,리버스 헤비거너 컴뱃아머 (LV56),11400603,63,59,51,20,18,15,11400603_F_CLBrightStar.gltf,11400603_c_clbrightstar_d.png,11400603_c_clbrightstar_c.png,0,
11490815,리버스 시프 컴뱃아머 (LV56),11400603,63,59,51,20,18,15,11400603_F_CLBrightStar.gltf,11400603_c_clbrightstar_d.png,11400603_c_clbrightstar_c.png,0,
11490816,리버스 어쌔신 컴뱃아머 (LV56),11400603,63,59,51,20,18,15,11400603_F_CLBrightStar.gltf,11400603_c_clbrightstar_d.png,11400603_c_clbrightstar_c.png,0,
11490817,리버스 룬 블레이더 컴뱃아머 (LV56),11400603,63,59,51,20,18,15,11400603_F_CLBrightStar.gltf,11400603_c_clbrightstar_d.png,11400603_c_clbrightstar_c.png,0,
11490818,리버스 스트라이커 컴뱃아머 (LV56),11400603,63,59,51,20,18,15,11400603_F_CLBrightStar.gltf,11400603_c_clbrightstar_d.png,11400603_c_clbrightstar_c.png,0,
11490819,리버스 소울바인더 컴뱃아머 (LV56),11400603,63,59,51,20,18,15,11400603_F_CLBrightStar.gltf,11400603_c_clbrightstar_d.png,11400603_c_clbrightstar_c.png,0,
11490914,불멸의 에네스 상의,11400914,63,59,51,20,18,15,11400914_F_CLEnes.gltf,11400914_f_clenes_d.png,11400914_f_clenes_c.png,0,
11490915,불멸의 세비어즈 상의,11400915,63,59,51,20,18,15,11400915_F_CLSaviors.gltf,11400915_f_clsaviorscoat_d.png,11400915_f_clsaviorscoat_c.png,0,
11490916,불멸의 파일럿 상의,11400916,63,59,51,20,18,15,11400916_F_CLPilot.gltf,11400916_f_clpilot_d.png,11400916_f_clpilot_c.png,0,
11490923,광포한 마법 상의,11400887,63,59,51,20,18,15,11400887_F_CLFury.gltf,11400887_c_clfury_d.png,11400887_c_clfury_c.png,0,
11490924,광포한 신성 상의,11400887,63,59,51,20,18,15,11400887_F_CLFury.gltf,11400887_c_clfury_d.png,11400887_c_clfury_c.png,0,
11490925,광포한 집중 상의,11400887,63,59,51,20,18,15,11400887_F_CLFury.gltf,11400887_c_clfury_d.png,11400887_c_clfury_c.png,0,
11490926,광포한 포격 상의,11400887,63,59,51,20,18,15,11400887_F_CLFury.gltf,11400887_c_clfury_d.png,11400887_c_clfury_c.png,0,
11490942,완성된 힘의 전사 상의,11409997,63,59,51,20,18,15,11400003_F_CLSilverOrihalcon.gltf,11400003_f_clsilverorihalcon_d.png,11400003_f_clsilverorihalcon_d.png,0,
11490943,완성된 힘의 격투가 상의,11400466,63,59,51,20,18,15,11400466_F_CLFighter07.gltf,11400466_c_clfighter07_d.png,11400466_f_clfighter07_c.png,0,
11490944,완성된 힘의 기공사 상의,11400466,63,59,51,20,18,15,11400466_F_CLFighter07.gltf,11400466_c_clfighter07_d.png,11400466_f_clfighter07_c.png,0,
11490946,브라이트 스타의 상의,11400603,63,59,51,20,18,15,11400603_F_CLBrightStar.gltf,11400603_c_clbrightstar_d.png,11400603_c_clbrightstar_c.png,0,
11490957,크림슨 발록의 상의,11400893,63,59,51,20,18,15,11400893_F_CLBalrogB01.gltf,11400893_c_clbalrogb01_d.png,11400893_c_clbalrogb01_c.png,0,
11490968,극한의 전투 상의,11400886,63,59,51,20,18,15,11400886_F_CLLimit.gltf,11400886_f_cllimit_d.png,11400886_c_cllimit_c.png,0,
11490969,극한의 마법 상의,11400886,63,59,51,20,18,15,11400886_F_CLLimit.gltf,11400886_f_cllimit_d.png,11400886_c_cllimit_c.png,0,
11490970,극한의 신성 상의,11400886,63,59,51,20,18,15,11400886_F_CLLimit.gltf,11400886_f_cllimit_d.png,11400886_c_cllimit_c.png,0,
11490971,극한의 집중 상의,11400886,63,59,51,20,18,15,11400886_F_CLLimit.gltf,11400886_f_cllimit_d.png,11400886_c_cllimit_c.png,0,
11490972,극한의 포격 상의,11400886,63,59,51,20,18,15,11400886_F_CLLimit.gltf,11400886_f_cllimit_d.png,11400886_c_cllimit_c.png,0,
11490973,극한의 광란 상의,11400886,63,59,51,20,18,15,11400886_F_CLLimit.gltf,11400886_f_cllimit_d.png,11400886_c_cllimit_c.png,0,
11490974,극한의 혼란 상의,11400886,63,59,51,20,18,15,11400886_F_CLLimit.gltf,11400886_f_cllimit_d.png,11400886_c_cllimit_c.png,0,
11490975,극한의 암살 상의,11400886,63,59,51,20,18,15,11400886_F_CLLimit.gltf,11400886_f_cllimit_d.png,11400886_c_cllimit_c.png,0,
11490976,극한의 주술 상의,11400886,63,59,51,20,18,15,11400886_F_CLLimit.gltf,11400886_f_cllimit_d.png,11400886_c_cllimit_c.png,0,
11490977,극한의 난투 상의,11400886,63,59,51,20,18,15,11400886_F_CLLimit.gltf,11400886_f_cllimit_d.png,11400886_c_cllimit_c.png,0,
11490978,극한의 의식 상의,11400886,63,59,51,20,18,15,11400886_F_CLLimit.gltf,11400886_f_cllimit_d.png,11400886_c_cllimit_c.png,0,
11490979,난폭한 전투 상의,11400885,63,59,51,20,18,15,11400885_F_CLViolent.gltf,11400885_f_clviolent_d.png,11400885_f_clviolent_c.png,0,
11490980,난폭한 광란 상의,11400885,63,59,51,20,18,15,11400885_F_CLViolent.gltf,11400885_f_clviolent_d.png,11400885_f_clviolent_c.png,0,
11490981,난폭한 혼란 상의,11400885,63,59,51,20,18,15,11400885_F_CLViolent.gltf,11400885_f_clviolent_d.png,11400885_f_clviolent_c.png,0,
11490982,난폭한 암살 상의,11400885,63,59,51,20,18,15,11400885_F_CLViolent.gltf,11400885_f_clviolent_d.png,11400885_f_clviolent_c.png,0,
11490983,난폭한 마법 상의,11400885,63,59,51,20,18,15,11400885_F_CLViolent.gltf,11400885_f_clviolent_d.png,11400885_f_clviolent_c.png,0,
11490984,난폭한 신성 상의,11400885,63,59,51,20,18,15,11400885_F_CLViolent.gltf,11400885_f_clviolent_d.png,11400885_f_clviolent_c.png,0,
11490985,난폭한 집중 상의,11400885,63,59,51,20,18,15,11400885_F_CLViolent.gltf,11400885_f_clviolent_d.png,11400885_f_clviolent_c.png,0,
11490986,난폭한 포격 상의,11400885,63,59,51,20,18,15,11400885_F_CLViolent.gltf,11400885_f_clviolent_d.png,11400885_f_clviolent_c.png,0,
11490987,난폭한 주술 상의,11400885,63,59,51,20,18,15,11400885_F_CLViolent.gltf,11400885_f_clviolent_d.png,11400885_f_clviolent_c.png,0,
11490988,난폭한 난투 상의,11400885,63,59,51,20,18,15,11400885_F_CLViolent.gltf,11400885_f_clviolent_d.png,11400885_f_clviolent_c.png,0,
11490989,난폭한 의식 상의,11400885,63,59,51,20,18,15,11400885_F_CLViolent.gltf,11400885_f_clviolent_d.png,11400885_f_clviolent_c.png,0,
11490990,탐식의 스터드 재킷,11400079,63,59,51,20,18,15,11400079_F_CLStuddedJacket.gltf,11400079_f_clstuddedjacket_d.png,11400079_f_clstuddedjacket_c.png,0,
11490991,탐식의 트리밍 자켓,11400379,63,59,51,20,18,15,11400379_F_CLRuneBlader03.gltf,11400379_c_clruneblader03_d.png,11400379_f_clruneblader03_c.png,0,
11490992,탐식의 격투가 상의,11400468,63,59,51,20,18,15,11400468_F_CLFighter09.gltf,11400468_c_clfighter09_d.png,11400468_f_clfighter09_c.png,0,
11490993,탐식의 기공사 상의,11400468,63,59,51,20,18,15,11400468_F_CLFighter09.gltf,11400468_c_clfighter09_d.png,11400468_f_clfighter09_c.png,0,
11490994,룬의 전투 상의,11400371,63,59,51,20,18,15,11400371_F_CLDragonScalesPlate.gltf,11400371_c_cldragonscalesplate_d.png,11400371_c_cldragonscalesplate_c.png,0,
11490995,룬의 광란 상의,11400371,63,59,51,20,18,15,11400371_F_CLDragonScalesPlate.gltf,11400371_c_cldragonscalesplate_d.png,11400371_c_cldragonscalesplate_c.png,0,
11490996,룬의 마법 상의,11400372,63,59,51,20,18,15,11400372_F_CLAngelicTelaaArmor.gltf,11400372_c_clangelictelaarmor_d.png,11400372_c_clangelictelaarmor_c.png,0,
11490997,룬의 신성 상의,11400372,63,59,51,20,18,15,11400372_F_CLAngelicTelaaArmor.gltf,11400372_c_clangelictelaarmor_d.png,11400372_c_clangelictelaarmor_c.png,0,
11490998,룬의 집중 상의,11400373,63,59,51,20,18,15,11400373_F_CLPadlockCueroJacket.gltf,11400373_f_clpadlockcuerojacket_d.png,11400373_f_clpadlockcuerojacket_c.png,0,
11490999,룬의 포격 상의,11400373,63,59,51,20,18,15,11400373_F_CLPadlockCueroJacket.gltf,11400373_f_clpadlockcuerojacket_d.png,11400373_f_clpadlockcuerojacket_c.png,0,
11491000,룬의 혼란 상의,11400374,63,59,51,20,18,15,11400374_F_CLBuckledStrapJacket.gltf,11400374_f_clbuckledstrapjacket_d.png,11400374_f_clbuckledstrapjacket_c.png,0,
11491001,룬의 암살 상의,11400374,63,59,51,20,18,15,11400374_F_CLBuckledStrapJacket.gltf,11400374_f_clbuckledstrapjacket_d.png,11400374_f_clbuckledstrapjacket_c.png,0,
11491002,룬의 주술 상의,11400371,63,59,51,20,18,15,11400371_F_CLDragonScalesPlate.gltf,11400371_c_cldragonscalesplate_d.png,11400371_c_cldragonscalesplate_c.png,0,
11491003,룬의 난투 상의,11400435,63,59,51,20,18,15,11400435_F_CLStriker06.gltf,11400435_c_clstriker06_d.png,11400435_c_clstriker06_c.png,0,
11491004,룬의 의식 상의,11400441,63,59,51,20,18,15,11400441_F_CLSoulbinder06.gltf,11400441_f_clsoulbinder06_d.png,11400441_f_clsoulbinder06_c.png,0,
11491005,정교한 광란 상의,11400423,63,59,51,20,18,15,11400423_F_CLWarriorClassSetTop01.gltf,11400423_c_clwarriorclasssettop01_d.png,11400423_c_clwarriorclasssettop01_c.png,0,
11491006,정교한 난투 상의,11400545,63,59,51,20,18,15,11400545_F_CLFighter10.gltf,11400545_c_clfighter10_d.png,11400545_c_clfighter10_c.png,0,
11491007,정교한 마법 상의,11400424,63,59,51,20,18,15,11400424_F_CLMageClassSetTop01.gltf,11400424_c_clmageclasssettop01_d.png,11400424_c_clmageclasssettop01_c.png,0,
11491008,정교한 신성 상의,11400424,63,59,51,20,18,15,11400424_F_CLMageClassSetTop01.gltf,11400424_c_clmageclasssettop01_d.png,11400424_c_clmageclasssettop01_c.png,0,
11491009,정교한 암살 상의,11400426,63,59,51,20,18,15,11400426_F_CLBrigandClassSetTop01.gltf,11400426_c_clbrigandclasssettop01_d.png,11400426_c_clbrigandclasssettop01_c.png,0,
11491010,정교한 의식 상의,11400545,63,59,51,20,18,15,11400545_F_CLFighter10.gltf,11400545_c_clfighter10_d.png,11400545_c_clfighter10_c.png,0,
11491011,정교한 전투 상의,11400423,63,59,51,20,18,15,11400423_F_CLWarriorClassSetTop01.gltf,11400423_c_clwarriorclasssettop01_d.png,11400423_c_clwarriorclasssettop01_c.png,0,
11491012,정교한 주술 상의,11400423,63,59,51,20,18,15,11400423_F_CLWarriorClassSetTop01.gltf,11400423_c_clwarriorclasssettop01_d.png,11400423_c_clwarriorclasssettop01_c.png,0,
11491013,정교한 집중 상의,11400425,63,59,51,20,18,15,11400425_F_CLHunterClassSetTop01.gltf,11400425_c_clhunterclasssettop01_d.png,11400425_f_clhunterclasssettop01_c.png,0,
11491014,정교한 포격 상의,11400425,63,59,51,20,18,15,11400425_F_CLHunterClassSetTop01.gltf,11400425_c_clhunterclasssettop01_d.png,11400425_f_clhunterclasssettop01_c.png,0,
11491015,정교한 혼란 상의,11400426,63,59,51,20,18,15,11400426_F_CLBrigandClassSetTop01.gltf,11400426_c_clbrigandclasssettop01_d.png,11400426_c_clbrigandclasssettop01_c.png,0,
11491016,안티크 에라곤 아머,11400900,63,59,51,20,18,15,11400900_F_CLDarkStream.gltf,11400900_c_cldarkstream_d.png,11400900_c_cldarkstream_d.png,0,
11491017,타이렌 컴뱃 베스트,11400891,63,59,51,20,18,15,11400891_F_CLGiganTikaA01.gltf,11400891_c_clgigantikaa01_d.png,11400891_c_clgigantikaa01_c.png,0,
11491018,타이렌 커맨더 컴뱃 베스트,11400892,63,59,51,20,18,15,11400892_F_CLGiganTikaA02.gltf,11400892_c_clgigantikaa02_d.png,11400892_c_clgigantikaa02_c.png,0,
11491019,안티크 인페누크 코트,11400939,63,59,51,20,18,15,11400939_F_CLBalrogB02.gltf,11400939_c_clbalrogb02_d.png,11400939_c_clbalrogb02_c.png,0,
11491060,타이드 캡틴 레더아머 (나이트),11400640,63,59,51,20,18,15,11400545_F_CLPirate.gltf,11400545_f_clpirate_d.png,11400545_f_clpirate_c.png,0,
11491061,타이드 캡틴 레더아머 (버서커),11400640,63,59,51,20,18,15,11400545_F_CLPirate.gltf,11400545_f_clpirate_d.png,11400545_f_clpirate_c.png,0,
11491062,타이드 캡틴 레더아머 (위자드),11400640,63,59,51,20,18,15,11400545_F_CLPirate.gltf,11400545_f_clpirate_d.png,11400545_f_clpirate_c.png,0,
11491063,타이드 캡틴 레더아머 (프리스트),11400640,63,59,51,20,18,15,11400545_F_CLPirate.gltf,11400545_f_clpirate_d.png,11400545_f_clpirate_c.png,0,
11491064,타이드 캡틴 레더아머 (레인저),11400640,63,59,51,20,18,15,11400545_F_CLPirate.gltf,11400545_f_clpirate_d.png,11400545_f_clpirate_c.png,0,
11491065,타이드 캡틴 레더아머 (헤비거너),11400640,63,59,51,20,18,15,11400545_F_CLPirate.gltf,11400545_f_clpirate_d.png,11400545_f_clpirate_c.png,0,
11491066,타이드 캡틴 레더아머 (시프),11400640,63,59,51,20,18,15,11400545_F_CLPirate.gltf,11400545_f_clpirate_d.png,11400545_f_clpirate_c.png,0,
11491067,타이드 캡틴 레더아머 (어쌔신),11400640,63,59,51,20,18,15,11400545_F_CLPirate.gltf,11400545_f_clpirate_d.png,11400545_f_clpirate_c.png,0,
11491068,타이드 캡틴 레더아머 (룬블레이더),11400640,63,59,51,20,18,15,11400545_F_CLPirate.gltf,11400545_f_clpirate_d.png,11400545_f_clpirate_c.png,0,
11491069,타이드 캡틴 레더아머 (스트라이커),11400640,63,59,51,20,18,15,11400545_F_CLPirate.gltf,11400545_f_clpirate_d.png,11400545_f_clpirate_c.png,0,
11491070,타이드 캡틴 레더아머 (소울바인더),11400640,63,59,51,20,18,15,11400545_F_CLPirate.gltf,11400545_f_clpirate_d.png,11400545_f_clpirate_c.png,0,
11491071,프론티어 수트 (나이트),11400604,63,59,51,20,18,15,11400604_F_CLEmerald.gltf,11400604_f_clemerald_d.png,11400604_f_clemerald_c.png,0,
11491072,프론티어 수트 (버서커),11400604,63,59,51,20,18,15,11400604_F_CLEmerald.gltf,11400604_f_clemerald_d.png,11400604_f_clemerald_c.png,0,
11491073,프론티어 수트 (위자드),11400604,63,59,51,20,18,15,11400604_F_CLEmerald.gltf,11400604_f_clemerald_d.png,11400604_f_clemerald_c.png,0,
11491074,프론티어 수트 (프리스트),11400604,63,59,51,20,18,15,11400604_F_CLEmerald.gltf,11400604_f_clemerald_d.png,11400604_f_clemerald_c.png,0,
11491075,프론티어 수트 (레인저),11400604,63,59,51,20,18,15,11400604_F_CLEmerald.gltf,11400604_f_clemerald_d.png,11400604_f_clemerald_c.png,0,
11491076,프론티어 수트 (헤비거너),11400604,63,59,51,20,18,15,11400604_F_CLEmerald.gltf,11400604_f_clemerald_d.png,11400604_f_clemerald_c.png,0,
11491077,프론티어 수트 (시프),11400604,63,59,51,20,18,15,11400604_F_CLEmerald.gltf,11400604_f_clemerald_d.png,11400604_f_clemerald_c.png,0,
11491078,프론티어 수트 (어쌔신),11400604,63,59,51,20,18,15,11400604_F_CLEmerald.gltf,11400604_f_clemerald_d.png,11400604_f_clemerald_c.png,0,
11491079,프론티어 수트 (룬블레이더),11400604,63,59,51,20,18,15,11400604_F_CLEmerald.gltf,11400604_f_clemerald_d.png,11400604_f_clemerald_c.png,0,
11491080,프론티어 수트 (스트라이커),11400604,63,59,51,20,18,15,11400604_F_CLEmerald.gltf,11400604_f_clemerald_d.png,11400604_f_clemerald_c.png,0,
11491081,프론티어 수트 (소울바인더),11400604,63,59,51,20,18,15,11400604_F_CLEmerald.gltf,11400604_f_clemerald_d.png,11400604_f_clemerald_c.png,0,
11491082,윙드 데몬 엣지 아머 (나이트),11400602,63,59,51,20,18,15,11400602_F_CLDragon.gltf,11400602_c_cldragon_d.png,11400602_c_cldragon_c.png,0,
11491083,윙드 데몬 엣지 아머 (버서커),11400602,63,59,51,20,18,15,11400602_F_CLDragon.gltf,11400602_c_cldragon_d.png,11400602_c_cldragon_c.png,0,
11491084,윙드 데몬 엣지 아머 (위자드),11400602,63,59,51,20,18,15,11400602_F_CLDragon.gltf,11400602_c_cldragon_d.png,11400602_c_cldragon_c.png,0,
11491085,윙드 데몬 엣지 아머 (프리스트),11400602,63,59,51,20,18,15,11400602_F_CLDragon.gltf,11400602_c_cldragon_d.png,11400602_c_cldragon_c.png,0,
11491086,윙드 데몬 엣지 아머 (레인저),11400602,63,59,51,20,18,15,11400602_F_CLDragon.gltf,11400602_c_cldragon_d.png,11400602_c_cldragon_c.png,0,
11491087,윙드 데몬 엣지 아머 (헤비거너),11400602,63,59,51,20,18,15,11400602_F_CLDragon.gltf,11400602_c_cldragon_d.png,11400602_c_cldragon_c.png,0,
11491088,윙드 데몬 엣지 아머 (시프),11400602,63,59,51,20,18,15,11400602_F_CLDragon.gltf,11400602_c_cldragon_d.png,11400602_c_cldragon_c.png,0,
11491089,윙드 데몬 엣지 아머 (어쌔신),11400602,63,59,51,20,18,15,11400602_F_CLDragon.gltf,11400602_c_cldragon_d.png,11400602_c_cldragon_c.png,0,
11491090,윙드 데몬 엣지 아머 (룬블레이더),11400602,63,59,51,20,18,15,11400602_F_CLDragon.gltf,11400602_c_cldragon_d.png,11400602_c_cldragon_c.png,0,
11491091,윙드 데몬 엣지 아머 (스트라이커),11400602,63,59,51,20,18,15,11400602_F_CLDragon.gltf,11400602_c_cldragon_d.png,11400602_c_cldragon_c.png,0,
11491092,윙드 데몬 엣지 아머 (소울바인더),11400602,63,59,51,20,18,15,11400602_F_CLDragon.gltf,11400602_c_cldragon_d.png,11400602_c_cldragon_c.png,0,
11491093,베히모스 스킨 코트 (나이트),11400888,63,59,51,20,18,15,11400888_F_CLVehement.gltf,11400888_f_clvehement_d.png,11400888_c_clvehement_c.png,0,
11491094,베히모스 스킨 코트 (버서커),11400888,63,59,51,20,18,15,11400888_F_CLVehement.gltf,11400888_f_clvehement_d.png,11400888_c_clvehement_c.png,0,
11491095,베히모스 스킨 코트 (위자드),11400888,63,59,51,20,18,15,11400888_F_CLVehement.gltf,11400888_f_clvehement_d.png,11400888_c_clvehement_c.png,0,
11491096,베히모스 스킨 코트 (프리스트),11400888,63,59,51,20,18,15,11400888_F_CLVehement.gltf,11400888_f_clvehement_d.png,11400888_c_clvehement_c.png,0,
11491097,베히모스 스킨 코트 (레인저),11400888,63,59,51,20,18,15,11400888_F_CLVehement.gltf,11400888_f_clvehement_d.png,11400888_c_clvehement_c.png,0,
11491098,베히모스 스킨 코트 (헤비거너),11400888,63,59,51,20,18,15,11400888_F_CLVehement.gltf,11400888_f_clvehement_d.png,11400888_c_clvehement_c.png,0,
11491099,베히모스 스킨 코트 (시프),11400888,63,59,51,20,18,15,11400888_F_CLVehement.gltf,11400888_f_clvehement_d.png,11400888_c_clvehement_c.png,0,
11491100,베히모스 스킨 코트 (어쌔신),11400888,63,59,51,20,18,15,11400888_F_CLVehement.gltf,11400888_f_clvehement_d.png,11400888_c_clvehement_c.png,0,
11491101,베히모스 스킨 코트 (룬블레이더),11400888,63,59,51,20,18,15,11400888_F_CLVehement.gltf,11400888_f_clvehement_d.png,11400888_c_clvehement_c.png,0,
11491102,베히모스 스킨 코트 (스트라이커),11400888,63,59,51,20,18,15,11400888_F_CLVehement.gltf,11400888_f_clvehement_d.png,11400888_c_clvehement_c.png,0,
11491103,베히모스 스킨 코트 (소울바인더),11400888,63,59,51,20,18,15,11400888_F_CLVehement.gltf,11400888_f_clvehement_d.png,11400888_c_clvehement_c.png,0,
11491104,에일리온 체스트 가드 (나이트),11400770,63,59,51,20,18,15,11400770_F_CLReverseRaidA02.gltf,11400770_c_clreverseraida02_d.png,11400770_c_clreverseraida02_c.png,0,
11491105,에일리온 체스트 가드 (버서커),11400770,63,59,51,20,18,15,11400770_F_CLReverseRaidA02.gltf,11400770_c_clreverseraida02_d.png,11400770_c_clreverseraida02_c.png,0,
11491106,에일리온 체스트 가드 (위자드),11400770,63,59,51,20,18,15,11400770_F_CLReverseRaidA02.gltf,11400770_c_clreverseraida02_d.png,11400770_c_clreverseraida02_c.png,0,
11491107,에일리온 체스트 가드 (프리스트),11400770,63,59,51,20,18,15,11400770_F_CLReverseRaidA02.gltf,11400770_c_clreverseraida02_d.png,11400770_c_clreverseraida02_c.png,0,
11491108,에일리온 체스트 가드 (레인저),11400770,63,59,51,20,18,15,11400770_F_CLReverseRaidA02.gltf,11400770_c_clreverseraida02_d.png,11400770_c_clreverseraida02_c.png,0,
11491109,에일리온 체스트 가드 (헤비거너),11400770,63,59,51,20,18,15,11400770_F_CLReverseRaidA02.gltf,11400770_c_clreverseraida02_d.png,11400770_c_clreverseraida02_c.png,0,
11491110,에일리온 체스트 가드 (시프),11400770,63,59,51,20,18,15,11400770_F_CLReverseRaidA02.gltf,11400770_c_clreverseraida02_d.png,11400770_c_clreverseraida02_c.png,0,
11491111,에일리온 체스트 가드 (어쌔신),11400770,63,59,51,20,18,15,11400770_F_CLReverseRaidA02.gltf,11400770_c_clreverseraida02_d.png,11400770_c_clreverseraida02_c.png,0,
11491112,에일리온 체스트 가드 (룬블레이더),11400770,63,59,51,20,18,15,11400770_F_CLReverseRaidA02.gltf,11400770_c_clreverseraida02_d.png,11400770_c_clreverseraida02_c.png,0,
11491113,에일리온 체스트 가드 (스트라이커),11400770,63,59,51,20,18,15,11400770_F_CLReverseRaidA02.gltf,11400770_c_clreverseraida02_d.png,11400770_c_clreverseraida02_c.png,0,
11491114,에일리온 체스트 가드 (소울바인더),11400770,63,59,51,20,18,15,11400770_F_CLReverseRaidA02.gltf,11400770_c_clreverseraida02_d.png,11400770_c_clreverseraida02_c.png,0,
11491115,블랙 뱅가드 플레이트 (나이트),11400552,63,59,51,20,18,15,11400552_F_CLDarkSteel.gltf,11400552_c_cldarksteel_d.png,11400552_c_cldarksteel_c.png,0,
11491116,블랙 뱅가드 플레이트 (버서커),11400552,63,59,51,20,18,15,11400552_F_CLDarkSteel.gltf,11400552_c_cldarksteel_d.png,11400552_c_cldarksteel_c.png,0,
11491117,블랙 뱅가드 플레이트 (위자드),11400552,63,59,51,20,18,15,11400552_F_CLDarkSteel.gltf,11400552_c_cldarksteel_d.png,11400552_c_cldarksteel_c.png,0,
11491118,블랙 뱅가드 플레이트 (프리스트),11400552,63,59,51,20,18,15,11400552_F_CLDarkSteel.gltf,11400552_c_cldarksteel_d.png,11400552_c_cldarksteel_c.png,0,
11491119,블랙 뱅가드 플레이트 (레인저),11400552,63,59,51,20,18,15,11400552_F_CLDarkSteel.gltf,11400552_c_cldarksteel_d.png,11400552_c_cldarksteel_c.png,0,
11491120,블랙 뱅가드 플레이트 (헤비거너),11400552,63,59,51,20,18,15,11400552_F_CLDarkSteel.gltf,11400552_c_cldarksteel_d.png,11400552_c_cldarksteel_c.png,0,
11491121,블랙 뱅가드 플레이트 (시프),11400552,63,59,51,20,18,15,11400552_F_CLDarkSteel.gltf,11400552_c_cldarksteel_d.png,11400552_c_cldarksteel_c.png,0,
11491122,블랙 뱅가드 플레이트 (어쌔신),11400552,63,59,51,20,18,15,11400552_F_CLDarkSteel.gltf,11400552_c_cldarksteel_d.png,11400552_c_cldarksteel_c.png,0,
11491123,블랙 뱅가드 플레이트 (룬블레이더),11400552,63,59,51,20,18,15,11400552_F_CLDarkSteel.gltf,11400552_c_cldarksteel_d.png,11400552_c_cldarksteel_c.png,0,
11491124,블랙 뱅가드 플레이트 (스트라이커),11400552,63,59,51,20,18,15,11400552_F_CLDarkSteel.gltf,11400552_c_cldarksteel_d.png,11400552_c_cldarksteel_c.png,0,
11491125,블랙 뱅가드 플레이트 (소울바인더),11400552,63,59,51,20,18,15,11400552_F_CLDarkSteel.gltf,11400552_c_cldarksteel_d.png,11400552_c_cldarksteel_c.png,0,
11491126,블랙퓨리티 시니스터 코트 (나이트),11400971,63,59,51,20,18,15,11400971_F_CLDarkTutor.gltf,11400971_c_cldarktutor_d.png,11400971_c_cldarktutor_c.png,0,
11491127,블랙퓨리티 시니스터 코트 (버서커),11400971,63,59,51,20,18,15,11400971_F_CLDarkTutor.gltf,11400971_c_cldarktutor_d.png,11400971_c_cldarktutor_c.png,0,
11491128,블랙퓨리티 시니스터 코트 (위자드),11400971,63,59,51,20,18,15,11400971_F_CLDarkTutor.gltf,11400971_c_cldarktutor_d.png,11400971_c_cldarktutor_c.png,0,
11491129,블랙퓨리티 시니스터 코트 (프리스트),11400971,63,59,51,20,18,15,11400971_F_CLDarkTutor.gltf,11400971_c_cldarktutor_d.png,11400971_c_cldarktutor_c.png,0,
11491130,블랙퓨리티 시니스터 코트 (레인저),11400971,63,59,51,20,18,15,11400971_F_CLDarkTutor.gltf,11400971_c_cldarktutor_d.png,11400971_c_cldarktutor_c.png,0,
11491131,블랙퓨리티 시니스터 코트 (헤비거너),11400971,63,59,51,20,18,15,11400971_F_CLDarkTutor.gltf,11400971_c_cldarktutor_d.png,11400971_c_cldarktutor_c.png,0,
11491132,블랙퓨리티 시니스터 코트 (시프),11400971,63,59,51,20,18,15,11400971_F_CLDarkTutor.gltf,11400971_c_cldarktutor_d.png,11400971_c_cldarktutor_c.png,0,
11491133,블랙퓨리티 시니스터 코트 (어쌔신),11400971,63,59,51,20,18,15,11400971_F_CLDarkTutor.gltf,11400971_c_cldarktutor_d.png,11400971_c_cldarktutor_c.png,0,
11491134,블랙퓨리티 시니스터 코트 (룬블레이더),11400971,63,59,51,20,18,15,11400971_F_CLDarkTutor.gltf,11400971_c_cldarktutor_d.png,11400971_c_cldarktutor_c.png,0,
11491135,블랙퓨리티 시니스터 코트 (스트라이커),11400971,63,59,51,20,18,15,11400971_F_CLDarkTutor.gltf,11400971_c_cldarktutor_d.png,11400971_c_cldarktutor_c.png,0,
11491136,블랙퓨리티 시니스터 코트 (소울바인더),11400971,63,59,51,20,18,15,11400971_F_CLDarkTutor.gltf,11400971_c_cldarktutor_d.png,11400971_c_cldarktutor_c.png,0,
11491137,강화된 품위의 전투 상의,11400643,63,59,51,20,18,15,11400643_F_CLArenaA01.gltf,11400643_c_clarenaa01_d.png,11400643_c_clarenaa01_c.png,0,
11491138,강화된 품위의 광란 상의,11400643,63,59,51,20,18,15,11400643_F_CLArenaA01.gltf,11400643_c_clarenaa01_d.png,11400643_c_clarenaa01_c.png,0,
11491139,강화된 품위의 마법 상의,11400643,63,59,51,20,18,15,11400643_F_CLArenaA01.gltf,11400643_c_clarenaa01_d.png,11400643_c_clarenaa01_c.png,0,
11491140,강화된 품위의 신성 상의,11400643,63,59,51,20,18,15,11400643_F_CLArenaA01.gltf,11400643_c_clarenaa01_d.png,11400643_c_clarenaa01_c.png,0,
11491141,강화된 품위의 집중 상의,11400643,63,59,51,20,18,15,11400643_F_CLArenaA01.gltf,11400643_c_clarenaa01_d.png,11400643_c_clarenaa01_c.png,0,
11491142,강화된 품위의 포격 상의,11400643,63,59,51,20,18,15,11400643_F_CLArenaA01.gltf,11400643_c_clarenaa01_d.png,11400643_c_clarenaa01_c.png,0,
11491143,강화된 품위의 혼란 상의,11400643,63,59,51,20,18,15,11400643_F_CLArenaA01.gltf,11400643_c_clarenaa01_d.png,11400643_c_clarenaa01_c.png,0,
11491144,강화된 품위의 암살 상의,11400643,63,59,51,20,18,15,11400643_F_CLArenaA01.gltf,11400643_c_clarenaa01_d.png,11400643_c_clarenaa01_c.png,0,
11491145,강화된 품위의 주술 상의,11400643,63,59,51,20,18,15,11400643_F_CLArenaA01.gltf,11400643_c_clarenaa01_d.png,11400643_c_clarenaa01_c.png,0,
11491146,강화된 품위의 난투 상의,11400643,63,59,51,20,18,15,11400643_F_CLArenaA01.gltf,11400643_c_clarenaa01_d.png,11400643_c_clarenaa01_c.png,0,
11491147,강화된 품위의 의식 상의,11400643,63,59,51,20,18,15,11400643_F_CLArenaA01.gltf,11400643_c_clarenaa01_d.png,11400643_c_clarenaa01_c.png,0,
11499997,오리할콘 상의,11409997,63,59,51,20,18,15,11400003_F_CLSilverOrihalcon.gltf,11400003_f_clsilverorihalcon_d.png,11400003_f_clsilverorihalcon_d.png,0,
12200001,초보 마법사 로브,12200001,63,59,51,20,18,15,12220001_F_ProbationMage.gltf,12220001_f_probationmage_d.png,12220001_f_probationmage_c.png,0,
12200002,여행자 로브,12200002,63,59,51,20,18,15,12200008_F_ProbationMage.gltf,12200008_f_probationmage_d.png,12200008_f_probationmage_c.png,0,
12200003,달빛 여행자 로브,12200003,63,59,51,20,18,15,12220002_F_AnnMoonlight.gltf,12220002_f_annmoonlight_d.png,12220002_f_annmoonlight_c.png,0,
12200004,견습 학자 로브,12200004,63,59,51,20,18,15,12220003_F_Golden.gltf,12220003_f_golden_d.png,12220003_f_golden_c.png,0,
12200005,총명한 학자 로브,12200005,63,59,51,20,18,15,12220003_F_Golden.gltf,12220003_f_golden_d.png,12220003_f_golden_c.png,0,
12200006,매지션 로브,12200006,63,59,51,20,18,15,12220005_F_AnnStarlight.gltf,12220005_f_annstarlight_d.png,12220005_f_annstarlight_c.png,0,
12200007,마법사 코트,12200007,63,59,51,20,18,15,12200006_F_CLPAMageCoat.gltf,12200006_f_clpamagecoat_d.png,12200006_f_clpamagecoat_c.png,0,
12200008,브론즈 매지션 코트,12200008,63,59,51,20,18,15,12220004_F_Silver.gltf,12220004_f_silver_d.png,12220004_f_silver_c.png,0,
12200009,별빛 마법사 코트,12200009,63,59,51,20,18,15,12200009_F_CLPAStarlightCoat.gltf,12200009_f_clpastarlightcoat_d.png,12200009_f_clpastarlightcoat_c.png,0,
12200010,사냥꾼 슈츠,12200010,63,59,51,20,18,15,12200013_F_Shooting.gltf,12200013_f_shooting_d.png,12200013_f_shooting_c.png,0,
12200011,깃털 사냥꾼 슈츠,12200011,63,59,51,20,18,15,12200014_F_Hunting.gltf,12200014_f_hunting_d.png,12200014_f_hunting_c.png,0,
12200012,헌팅 슈츠,12200012,63,59,51,20,18,15,12200013_F_Shooting.gltf,12200013_f_shooting_d.png,12200013_f_shooting_c.png,0,
12200013,군악대 제복,12200013,63,59,51,20,18,15,12200016_F_SimpleBattleCoat.gltf,12200016_f_simplebattlecoat_d.png,12200016_f_simplebattlecoat_c.png,0,
12200014,미들 헌팅 제복,12200014,63,59,51,20,18,15,12200014_F_Hunting.gltf,12200014_f_hunting_d.png,12200014_f_hunting_c.png,0,
12200015,명사수 제복,12200015,63,59,51,20,18,15,12200018_F_CombatInstructor.gltf,12200018_f_combatinstructor_d.png,12200018_f_combatinstructor_c.png,0,
12200016,디자인 원피스 (남),12200016,63,59,51,20,18,15,02200001_M_UGC01.gltf,02200001_m_ugc01_d.png,02200001_m_ugc01_d.png,0,
12200017,디자인 원피스 (여),12200017,63,59,51,20,18,15,02200002_F_UGC01.gltf,02200002_f_ugc01_d.png,02200002_f_ugc01_d.png,0,
12200018,해골 전신 타이즈 (여),12200018,170,47,47,96,19,19,02200003_F_SkeletonTaizz.gltf,02200003_f_skeletontaizz_d.png,02200003_f_skeletontaizz_c.png,0,
12200019,리본장식 치파오,12200019,63,59,51,20,18,15,02200004_F_ChineseDress.gltf,02200004_f_chinesedress_d.png,02200004_f_chinesedress_c.png,0,
12200021,레이서 슈트 (남),12200021,133,81,165,53,42,71,02200005_M_RacerSuit.gltf,02200005_m_racersuit_d.png,02200005_m_racersuit_c.png,0,
12200022,스커트 바니 슈트 (여),12200022,63,59,51,20,18,15,12250007_F_CLPASkirtBannySuit.gltf,12250007_f_clpaskirtbunnysuit_d.png,12250007_f_clpaskirtbunnysuit_d.png,0,
12200023,스트라이프 바니 슈트 (여),12200023,63,59,51,20,18,15,12250008_F_CLPAStripeBannySuit.gltf,12250008_f_clpaskirtbunnysuit_d.png,12250008_f_clpaskirtbunnysuit_d.png,0,
12200024,샤이닝 위자드리 코트,12200024,63,59,51,20,18,15,12200024_F_OPShiningWizardryCoat.gltf,12200024_f_opshiningwizardrycoat_d.png,12200024_f_opshiningwizardrycoat_c.png,0,
12200025,나이티지 숄더 메일,12200025,63,59,51,20,18,15,12200025_F_OPKnightageShoulderMale.gltf,12200025_f_opknightageshouldermale_d.png,12200025_f_opknightageshouldermale_c.png,0,
12200026,사지타리우스 숄더가드 코트,12200026,63,59,51,20,18,15,12200026_F_OPSagittariusShoulderguard.gltf,12200026_f_opsagittariusshoulderguard_d.png,12200026_f_opsagittariusshoulderguard_c.png,0,
12200027,화이트 가운,12200027,63,59,51,20,18,15,12200028_F_Saunagown.gltf,12200028_f_saunagown_d.png,12200028_f_saunagown_c.png,0,
12200029,프로스토 데우스 로브,12200029,63,59,51,20,18,15,12200028_F_OPProstoDeusRobe.gltf,12200028_f_opprostodeusrobe_d.png,12200028_f_opprostodeusrobe_c.png,0,
12200030,펑키드 오버롤즈,12200030,63,59,51,20,18,15,12200030_F_OPPunkKidOveralls.gltf,12200030_f_oppunkkidoveralls_d.png,12200030_f_oppunkkidoveralls_c.png,0,
12200031,에스더 원피스,12200031,63,59,51,20,18,15,12200002_F_OPEsther.gltf,12200002_f_opesther_d.png,12200002_f_opesther_c.png,0,
12200032,견습 법사 로브,12200032,63,59,51,20,18,15,12220001_F_ProbationMage.gltf,12220001_f_probationmage_d.png,12220001_f_probationmage_c.png,0,
12200033,낭만법사 로브,12200033,63,59,51,20,18,15,12200008_F_ProbationMage.gltf,12200008_f_probationmage_d.png,12200008_f_probationmage_c.png,0,
12200034,달빛 낭만법사 로브,12200034,63,59,51,20,18,15,12220002_F_AnnMoonlight.gltf,12220002_f_annmoonlight_d.png,12220002_f_annmoonlight_c.png,0,
12200035,하급 마법의 로브,12200035,63,59,51,20,18,15,12220003_F_Golden.gltf,12220003_f_golden_d.png,12220003_f_golden_c.png,0,
12200036,중급 마법의 로브,12200036,63,59,51,20,18,15,12220004_F_Silver.gltf,12220004_f_silver_d.png,12220004_f_silver_c.png,0,
12200037,소서러 로브,12200037,63,59,51,20,18,15,12200006_F_CLPAMageCoat.gltf,12200006_f_clpamagecoat_d.png,12200006_f_clpamagecoat_c.png,0,
12200038,세인트 로브,12200038,63,59,51,20,18,15,12200006_F_CLPAMageCoat.gltf,12200006_f_clpamagecoat_d.png,12200006_f_clpamagecoat_c.png,0,
12200039,성광의 로브,12200039,63,59,51,20,18,15,12200009_F_CLPAStarlightCoat.gltf,12200009_f_clpastarlightcoat_d.png,12200009_f_clpastarlightcoat_c.png,0,
12200040,사수의 전신복,12200040,63,59,51,20,18,15,12200013_F_Shooting.gltf,12200013_f_shooting_d.png,12200013_f_shooting_c.png,0,
12200041,뛰어난 사수의 전신복,12200041,63,59,51,20,18,15,12200014_F_Hunting.gltf,12200014_f_hunting_d.png,12200014_f_hunting_c.png,0,
12200042,의장대 슈츠,12200042,63,59,51,20,18,15,12200016_F_SimpleBattleCoat.gltf,12200016_f_simplebattlecoat_d.png,12200016_f_simplebattlecoat_c.png,0,
12200043,전문 군악대 제복,12200043,63,59,51,20,18,15,12200016_F_SimpleBattleCoat.gltf,12200016_f_simplebattlecoat_d.png,12200016_f_simplebattlecoat_c.png,0,
12200044,방랑자 도복,12200044,63,59,51,20,18,15,12200044_F_OPWandererRobe.gltf,12200044_f_opwandererrobe_d.png,12200044_f_opwandererrobe_d.png,0,
12200045,밀리샤 코트,12200045,63,59,51,20,18,15,12200045_F_OPMilitiaCoat.gltf,12200045_f_opmilitiacoat_d.png,12200045_f_opmilitiacoat_c.png,0,
12200046,파일럿 슈트,12200046,63,59,51,20,18,15,12200046_F_OPPilotSuit.gltf,12200046_f_oppilotsuit_d.png,12200046_f_oppilotsuit_c.png,0,
12200047,세비어즈 코트,12200047,63,59,51,20,18,15,12200047_F_OPSaviorsCoat.gltf,12200047_f_opsaviorscoat_d.png,12200047_c_opsaviorscoat_c.png,0,
12200050,추적자 코트,12200050,63,59,51,20,18,15,12200050_F_OPChaserCoat.gltf,12200050_f_opchasercoat_d.png,12200050_f_opchasercoat_c.png,0,
12200051,에네스 코트,12200051,63,59,51,20,18,15,12200051_F_OPEnesCoat.gltf,12200051_f_openescoat_d.png,12200051_f_openescoat_c.png,0,
12200052,플라이트 슈트,12200052,63,59,51,20,18,15,12200052_F_OPFlightSuit.gltf,12200052_f_opflightsuit_d.png,12200052_f_opflightsuit_c.png,0,
12200053,마린 레이스 수영복 (여),12200053,244,189,88,163,121,39,12200053_F_CLPALaceSwim.gltf,12200053_f_clpalaceswim_d.png,12200053_f_clpalaceswim_c.png,0,
12200054,마린 캐쥬얼 수영복 (남),12200054,244,189,88,163,121,39,12200054_M_CLPACasualSwim.gltf,12200054_m_clpacasualswim_d.png,12200054_m_clpacasualswim_c.png,0,
12200055,플로럴 스트라이프 비키니 (여),12200055,255,168,203,205,86,106,12200055_F_CLPAFloralStripeSwim.gltf,12200055_f_clpafloralstripeswim_d.png,12200055_f_clpafloralstripeswim_c.png,0,
12200056,스타 오션 슈트 (남),12200056,62,73,117,27,26,48,12200056_M_CLPAOceanSuit.gltf,12200056_m_clpaoceansuit_d.png,12200056_m_clpaoceansuit_c.png,0,
12200059,큐트 프릴 비키니 (여),12200059,239,112,145,153,66,82,12200059_F_CLPACuteFrillSwim.gltf,12200059_f_clpacutefrillswim_c.png,12200059_f_clpacutefrillswim_c.png,0,
12200060,츄리닝 비치팬츠 (남),12200060,239,112,145,153,66,82,12200060_M_CLPATrainingBeachPants.gltf,12200060_m_clpatrainingbeachpants_d.png,12200060_m_clpatrainingbeachpants_c.png,0,
12200061,시피르 코트,12200061,63,59,51,20,18,15,12200061_F_OPSurfireCoat.gltf,12200061_f_opsurfirecoat_d.png,12200061_f_opsurfirecoat_c.png,0,
12200062,금룡포,12200062,63,59,51,20,18,15,12200062_F_OPGoldDragonCoat.gltf,12200062_f_opgolddragoncoat_d.png,12200062_f_opgolddragoncoat_c.png,0,
12200063,아쿠아 코트,12200063,63,59,51,20,18,15,12200063_F_OPAquaCoat.gltf,12200063_f_opaquacoat_d.png,12200063_f_opaquacoat_c.png,0,
12200064,가디언 플레이트,12200064,63,59,51,20,18,15,12200064_F_OPGuardianPlate.gltf,12200064_f_opguardianplate_d.png,12200064_c_opguardianplate_c.png,0,
12200065,프렌지 아머,12200065,63,59,51,20,18,15,12200065_F_OPFrenzyArmor.gltf,12200065_f_opfrenzyarmor_d.png,12200065_f_opfrenzyarmor_c.png,0,
12200066,실버 매지션 로브,12200066,63,59,51,20,18,15,12220005_F_AnnStarlight.gltf,12220005_f_annstarlight_d.png,12220005_f_annstarlight_c.png,0,
12200067,아크 헌팅 슈츠,12200067,63,59,51,20,18,15,12200015_F_HelenaHawkEye.gltf,12200015_f_helenahawkeye_d.png,12200015_f_helenahawkeye_c.png,0,
12200068,미드 소서러 로브,12200068,63,59,51,20,18,15,12200007_F_CLPASuperiorCoat.gltf,12200007_f_clpasuperiorcoat_d.png,12200007_f_clpasuperiorcoat_c.png,0,
12200069,중급 의장대 슈츠,12200069,63,59,51,20,18,15,12200017_F_BandingBattleCoat.gltf,12200017_f_bandingbattlecoat_d.png,12200017_c_bandingbattlecoat_c.png,0,
12200070,하이 소서러 코트,12200070,63,59,51,20,18,15,12200009_F_CLPAStarlightCoat.gltf,12200009_f_clpastarlightcoat_d.png,12200009_f_clpastarlightcoat_c.png,0,
12200071,최상급 의장대 제복,12200071,63,59,51,20,18,15,12200018_F_CombatInstructor.gltf,12200018_f_combatinstructor_d.png,12200018_f_combatinstructor_c.png,0,
12200072,마크52 오메가의 슈트,12200072,63,59,51,20,18,15,12200072_F_OPOmegaSuit.gltf,12200072_f_opomegasuit_d.png,12200072_f_opomegasuit_d.png,0,
12200073,슈슈와 부부스의 슈트,12200073,63,59,51,20,18,15,12200073_F_OPSnowGiantSuit.gltf,12200073_c_opsnowgiantsuit_d.png,12200073_c_opsnowgiantsuit_d.png,0,
12200074,냉혈의 슈트,12200074,63,59,51,20,18,15,12200074_F_OPColdBloodedSuit.gltf,12200074_f_opcoldbloodedsuit_d.png,12200074_f_opcoldbloodedsuit_d.png,0,
12200075,하투카 슈트,12200075,63,59,51,20,18,15,12200075_F_OPHatukaSuit.gltf,12200075_c_ophatukasuit_d.png,12200075_c_ophatukasuit_d.png,0,
12200076,일반 죄수복,12200076,63,59,51,20,18,15,12200076_F_CLPAPrisonNormal.gltf,12200075_c_clpaprisonnormal_d.png,12200075_c_clpaprisonnormal_d.png,0,
12200077,붉은 죄수복,12200077,63,59,51,20,18,15,12200078_F_CLPAPrisonRed.gltf,12200077_c_clpaprisonred_d.png,12200077_c_clpaprisonred_d.png,0,
12200078,파란 죄수복,12200078,63,59,51,20,18,15,12200080_F_CLPAPrisonBlue.gltf,12200079_c_clpaprisonblue_d.png,12200079_c_clpaprisonblue_d.png,0,
12200079,쵸파 오버롤즈,12200079,63,59,51,20,18,15,12200079_F_OPChopperOveralls.gltf,12200079_f_opchopperoveralls_d.png,12200079_f_opchopperoveralls_d.png,0,
12200080,디바인 전신,12200066,63,59,51,20,18,15,12220005_F_AnnStarlight.gltf,12220005_f_annstarlight_d.png,12220005_f_annstarlight_c.png,0,
12200081,멀리건 전신,12200037,63,59,51,20,18,15,12200006_F_CLPAMageCoat.gltf,12200006_f_clpamagecoat_d.png,12200006_f_clpamagecoat_c.png,0,
12200082,실버 디바인 전신,12200068,63,59,51,20,18,15,12200007_F_CLPASuperiorCoat.gltf,12200007_f_clpasuperiorcoat_d.png,12200007_f_clpasuperiorcoat_c.png,0,
12200083,아케인 전신,12200070,63,59,51,20,18,15,12200009_F_CLPAStarlightCoat.gltf,12200009_f_clpastarlightcoat_d.png,12200009_f_clpastarlightcoat_c.png,0,
12200084,디세인 전신,12200038,63,59,51,20,18,15,12200006_F_CLPAMageCoat.gltf,12200006_f_clpamagecoat_d.png,12200006_f_clpamagecoat_c.png,0,
12200085,오버 아케인 전신,12200070,63,59,51,20,18,15,12200009_F_CLPAStarlightCoat.gltf,12200009_f_clpastarlightcoat_d.png,12200009_f_clpastarlightcoat_c.png,0,
12200086,포치 전신,12200067,63,59,51,20,18,15,12200015_F_HelenaHawkEye.gltf,12200015_f_helenahawkeye_d.png,12200015_f_helenahawkeye_c.png,0,
12200087,알터 전신,12200042,63,59,51,20,18,15,12200016_F_SimpleBattleCoat.gltf,12200016_f_simplebattlecoat_d.png,12200016_f_simplebattlecoat_c.png,0,
12200088,스트롱 포치 전신,12200069,63,59,51,20,18,15,12200017_F_BandingBattleCoat.gltf,12200017_f_bandingbattlecoat_d.png,12200017_c_bandingbattlecoat_c.png,0,
12200089,커버넌트 전신,12200071,63,59,51,20,18,15,12200018_F_CombatInstructor.gltf,12200018_f_combatinstructor_d.png,12200018_f_combatinstructor_c.png,0,
12200090,밴드 전신,12200043,63,59,51,20,18,15,12200016_F_SimpleBattleCoat.gltf,12200016_f_simplebattlecoat_d.png,12200016_f_simplebattlecoat_c.png,0,
12200091,하이 커버넌트 전신,12200071,63,59,51,20,18,15,12200018_F_CombatInstructor.gltf,12200018_f_combatinstructor_d.png,12200018_f_combatinstructor_c.png,0,
12200094,거대 마법사의 로브,12200001,63,59,51,20,18,15,12220001_F_ProbationMage.gltf,12220001_f_probationmage_d.png,12220001_f_probationmage_c.png,0,
12200095,강력한 마법사의 로브,12200002,63,59,51,20,18,15,12200008_F_ProbationMage.gltf,12200008_f_probationmage_d.png,12200008_f_probationmage_c.png,0,
12200096,블러드 카르텔 코트,12200096,170,47,47,96,19,19,12200096_F_CLPABloodCartel.gltf,12200096_f_clpabloodcartel_d.png,12200096_m_clpabloodcartel_c.png,0,
12200097,명예로운 용사의 마법슈츠,12209999,63,59,51,20,18,15,12200004_F_OPBloodRequiem.gltf,12200004_f_opbloodrequiem_d.png,12200004_f_opbloodrequiem_c.png,0,
12200098,광선의 마법사 슈트,12200008,63,59,51,20,18,15,12220004_F_Silver.gltf,12220004_f_silver_d.png,12220004_f_silver_c.png,0,
12200099,광선의 궁수 슈트,12200011,63,59,51,20,18,15,12200014_F_Hunting.gltf,12200014_f_hunting_d.png,12200014_f_hunting_c.png,0,
12200100,경량의 마법사 슈트,12200006,63,59,51,20,18,15,12220005_F_AnnStarlight.gltf,12220005_f_annstarlight_d.png,12220005_f_annstarlight_c.png,0,
12200101,경량의 궁수 슈트,12200067,63,59,51,20,18,15,12200015_F_HelenaHawkEye.gltf,12200015_f_helenahawkeye_d.png,12200015_f_helenahawkeye_c.png,0,
12200102,견고한 마법사 슈트,12200007,63,59,51,20,18,15,12200006_F_CLPAMageCoat.gltf,12200006_f_clpamagecoat_d.png,12200006_f_clpamagecoat_c.png,0,
12200103,견고한 궁수 슈트,12200013,63,59,51,20,18,15,12200016_F_SimpleBattleCoat.gltf,12200016_f_simplebattlecoat_d.png,12200016_f_simplebattlecoat_c.png,0,
12200104,야수의 마법사 슈트,12200008,63,59,51,20,18,15,12220004_F_Silver.gltf,12220004_f_silver_d.png,12220004_f_silver_c.png,0,
12200105,야수의 궁수 슈트,12200011,63,59,51,20,18,15,12200014_F_Hunting.gltf,12200014_f_hunting_d.png,12200014_f_hunting_c.png,0,
12200106,거구의 마법사 슈트,12200006,63,59,51,20,18,15,12220005_F_AnnStarlight.gltf,12220005_f_annstarlight_d.png,12220005_f_annstarlight_c.png,0,
12200107,거구의 궁수 슈트,12200067,63,59,51,20,18,15,12200015_F_HelenaHawkEye.gltf,12200015_f_helenahawkeye_d.png,12200015_f_helenahawkeye_c.png,0,
12200108,짐승의 마법사 슈트,12200007,63,59,51,20,18,15,12200006_F_CLPAMageCoat.gltf,12200006_f_clpamagecoat_d.png,12200006_f_clpamagecoat_c.png,0,
12200109,짐승의 궁수 슈트,12200013,63,59,51,20,18,15,12200016_F_SimpleBattleCoat.gltf,12200016_f_simplebattlecoat_d.png,12200016_f_simplebattlecoat_c.png,0,
12200110,야생의 마법사 슈트,12200068,63,59,51,20,18,15,12200007_F_CLPASuperiorCoat.gltf,12200007_f_clpasuperiorcoat_d.png,12200007_f_clpasuperiorcoat_c.png,0,
12200111,야생의 궁수 슈트,12200069,63,59,51,20,18,15,12200017_F_BandingBattleCoat.gltf,12200017_f_bandingbattlecoat_d.png,12200017_c_bandingbattlecoat_c.png,0,
12200112,라운드 민소매 원피스 (여),12200112,63,59,51,20,18,15,12200112_F_RoundSleevelessDress.gltf,12200112_f_roundsleevelessdress_d.png,12200112_f_roundsleevelessdress_c.png,0,
12200115,라운드 긴팔 원피스 (여),12200115,63,59,51,20,18,15,12200115_F_RoundDress.gltf,12200115_f_rounddress_d.png,12200115_f_rounddress_c.png,0,
12200136,파모칸의 슈트,12200047,63,59,51,20,18,15,12200047_F_OPSaviorsCoat.gltf,12200047_f_opsaviorscoat_d.png,12200047_c_opsaviorscoat_c.png,0,
12200138,후드 반팔 원피스 (여),12200138,63,59,51,20,18,15,12200138_F_HoodShortsleevedDress.gltf,12200138_f_hoodshortsleeveddress_d.png,12200138_f_hoodshortsleeveddress_c.png,0,
12200152,긴팔 롱 셔츠 원피스 (여),12200152,63,59,51,20,18,15,12200152_F_LongShirtsDress.gltf,12200145_f_sleevelessshirtsdress_d.png,12200145_f_sleevelessshirtsdress_c.png,0,
12200166,반팔 칼라 원피스 (여),12200166,63,59,51,20,18,15,12200166_F_ShortsleevedNecklineDress.gltf,12200166_f_shortsleevednecklinedress_d.png,12200166_f_shortsleevednecklinedress_c.png,0,
12200185,라운드 민소매 원피스 (여),12200185,230,230,230,150,150,150,12200112_F_RoundSleevelessDress.gltf,12200112_f_roundsleevelessdress_d.png,12200112_f_roundsleevelessdress_c.png,0,
12200186,라운드 긴팔 원피스 (여),12200186,230,230,230,150,150,150,12200115_F_RoundDress.gltf,12200115_f_rounddress_d.png,12200115_f_rounddress_c.png,0,
12200187,후드 반팔 원피스 (여),12200187,230,230,230,150,150,150,12200138_F_HoodShortsleevedDress.gltf,12200138_f_hoodshortsleeveddress_d.png,12200138_f_hoodshortsleeveddress_c.png,0,
12200188,반팔 칼라 원피스 (여),12200188,230,230,230,150,150,150,12200166_F_ShortsleevedNecklineDress.gltf,12200166_f_shortsleevednecklinedress_d.png,12200166_f_shortsleevednecklinedress_c.png,0,
12200189,긴팔 롱 셔츠 원피스 (여),12200189,230,230,230,150,150,150,12200152_F_LongShirtsDress.gltf,12200145_f_sleevelessshirtsdress_d.png,12200145_f_sleevelessshirtsdress_c.png,0,
12200190,희미한 마법사 슈트,12200008,63,59,51,20,18,15,12220004_F_Silver.gltf,12220004_f_silver_d.png,12220004_f_silver_c.png,0,
12200191,희미한 궁수 슈트,12200011,63,59,51,20,18,15,12200014_F_Hunting.gltf,12200014_f_hunting_d.png,12200014_f_hunting_c.png,0,
12200192,혼탁한 마법사 슈트,12200008,63,59,51,20,18,15,12220004_F_Silver.gltf,12220004_f_silver_d.png,12220004_f_silver_c.png,0,
12200193,혼탁한 궁수 슈트,12200011,63,59,51,20,18,15,12200014_F_Hunting.gltf,12200014_f_hunting_d.png,12200014_f_hunting_c.png,0,
12200194,수집된 마법사 슈트,12200007,63,59,51,20,18,15,12200006_F_CLPAMageCoat.gltf,12200006_f_clpamagecoat_d.png,12200006_f_clpamagecoat_c.png,0,
12200195,수집된 궁수 슈트,12200013,63,59,51,20,18,15,12200016_F_SimpleBattleCoat.gltf,12200016_f_simplebattlecoat_d.png,12200016_f_simplebattlecoat_c.png,0,
12200196,가치있는 마법사 슈트,12200051,63,59,51,20,18,15,12200051_F_OPEnesCoat.gltf,12200051_f_openescoat_d.png,12200051_f_openescoat_c.png,0,
12200197,가치있는 궁수 슈트,12200050,63,59,51,20,18,15,12200050_F_OPChaserCoat.gltf,12200050_f_opchasercoat_d.png,12200050_f_opchasercoat_c.png,0,
12200201,마담 볼륨 원피스 (여),12200201,62,73,117,27,26,48,12200201_F_CLPAMadam.gltf,12200201_f_clpamadam_d.png,12200201_f_clpamadam_c.png,0,
12200202,무인 두루마기 (남),12200202,170,47,47,96,19,19,12200202_M_CLPATraditionalCoat.gltf,12200202_m_clpatraditionalcoat_d.png,12200202_m_clpatraditionalcoat_c.png,0,
12200203,화려한 비단 한복 (여),12200203,170,47,47,96,19,19,12200203_F_CLPATraditionalDress.gltf,12200203_f_clpatraditionaldress_d.png,12200203_f_clpatraditionaldress_c.png,0,
12200204,밀리터리 슈트 (남),12200204,63,59,51,20,18,15,12200204_M_CLPAMilitarySuit.gltf,12200204_c_clpamilitarysuit_d.png,12200204_c_clpamilitarysuit_d.png,0,
12200205,밀리터리 슈트 (여),12200205,63,59,51,20,18,15,12200205_F_CLPAMilitarySuit.gltf,12200204_c_clpamilitarysuit_d.png,12200204_c_clpamilitarysuit_d.png,0,
12200208,더키 사우나 타월 (남),12200208,230,230,230,150,150,150,12200208_M_CLPADuckySaunagown.gltf,12200208_m_clpaduckysaunagown_d.png,12200208_m_clpaduckysaunagown_c.png,0,
12200209,더키 사우나 타월 (여),12200209,230,230,230,150,150,150,12200209_F_CLPADuckySaunagown.gltf,12200209_f_clpaduckysaunagown_d.png,12200209_f_clpaduckysaunagown_c.png,0,
12200210,블러드 레퀴엠 코트 (남),12200210,170,47,47,96,19,19,12200003_M_OPBloodRequiem.gltf,12200003_m_opbloodrequiem_d.png,12200003_m_opbloodrequiem_c.png,0,
12200211,블러드 레퀴엠 드레스 (여),12200211,170,47,47,96,19,19,12200004_F_OPBloodRequiem.gltf,12200004_f_opbloodrequiem_d.png,12200004_f_opbloodrequiem_c.png,0,
12200212,밀리샤 코트 (남),12200212,62,73,117,27,26,48,12200045_M_OPMilitiaCoat.gltf,12200045_m_opmilitiacoat_d.png,12200045_m_opmilitiacoat_c.png,0,
12200213,밀리샤 코트 (여),12200213,62,73,117,27,26,48,12200045_F_OPMilitiaCoat.gltf,12200045_f_opmilitiacoat_d.png,12200045_f_opmilitiacoat_c.png,0,
12200215,리본장식 치파오 (여),12200215,249,137,77,147,60,20,02200004_F_ChineseDress.gltf,02200004_f_chinesedress_d.png,02200004_f_chinesedress_c.png,0,
12200216,진열된 마법사 슈트,12200008,63,59,51,20,18,15,12220004_F_Silver.gltf,12220004_f_silver_d.png,12220004_f_silver_c.png,0,
12200217,진열된 궁수 슈트,12200011,63,59,51,20,18,15,12200014_F_Hunting.gltf,12200014_f_hunting_d.png,12200014_f_hunting_c.png,0,
12200218,귀중한 마법사 슈트,12200006,63,59,51,20,18,15,12220005_F_AnnStarlight.gltf,12220005_f_annstarlight_d.png,12220005_f_annstarlight_c.png,0,
12200219,귀중한 궁수 슈트,12200067,63,59,51,20,18,15,12200015_F_HelenaHawkEye.gltf,12200015_f_helenahawkeye_d.png,12200015_f_helenahawkeye_c.png,0,
12200220,프렌지 아머 (남),12200220,170,47,47,96,19,19,12200065_M_OPFrenzyArmor.gltf,12200065_m_opfrenzyarmor_d.png,12200065_m_opfrenzyarmor_c.png,0,
12200221,프렌지 아머 (여),12200221,170,47,47,96,19,19,12200065_F_OPFrenzyArmor.gltf,12200065_f_opfrenzyarmor_d.png,12200065_f_opfrenzyarmor_c.png,0,
12200222,아쿠아 코트 (남),12200222,126,204,247,72,94,168,12200063_M_OPAquaCoat.gltf,12200063_m_opaquacoat_d.png,12200063_m_opaquacoat_c.png,0,
12200223,아쿠아 코트 (여),12200223,126,204,247,72,94,168,12200063_F_OPAquaCoat.gltf,12200063_f_opaquacoat_d.png,12200063_f_opaquacoat_c.png,0,
12200224,플라이트 슈트 (남),12200224,194,209,96,64,104,54,12200052_M_OPFlightSuit.gltf,12200052_m_opflightsuit_d.png,12200052_m_opflightsuit_c.png,0,
12200225,플라이트 슈트 (여),12200225,194,209,96,64,104,54,12200052_F_OPFlightSuit.gltf,12200052_f_opflightsuit_d.png,12200052_f_opflightsuit_c.png,0,
12200226,흉포한 마법사 슈트,12200009,63,59,51,20,18,15,12200009_F_CLPAStarlightCoat.gltf,12200009_f_clpastarlightcoat_d.png,12200009_f_clpastarlightcoat_c.png,0,
12200227,흉포한 궁수 슈트,12200015,63,59,51,20,18,15,12200018_F_CombatInstructor.gltf,12200018_f_combatinstructor_d.png,12200018_f_combatinstructor_c.png,0,
12200228,탐식의 추적자 코트,12200050,63,59,51,20,18,15,12200050_F_OPChaserCoat.gltf,12200050_f_opchasercoat_d.png,12200050_f_opchasercoat_c.png,0,
12200229,탐식의 플라이트 슈트,12200052,63,59,51,20,18,15,12200052_F_OPFlightSuit.gltf,12200052_f_opflightsuit_d.png,12200052_f_opflightsuit_c.png,0,
12200230,탐식의 시피르 코트,12200061,63,59,51,20,18,15,12200061_F_OPSurfireCoat.gltf,12200061_f_opsurfirecoat_d.png,12200061_f_opsurfirecoat_c.png,0,
12200231,탐식의 금룡포,12200062,63,59,51,20,18,15,12200062_F_OPGoldDragonCoat.gltf,12200062_f_opgolddragoncoat_d.png,12200062_f_opgolddragoncoat_c.png,0,
12200232,탐식의 아쿠아 코트,12200063,63,59,51,20,18,15,12200063_F_OPAquaCoat.gltf,12200063_f_opaquacoat_d.png,12200063_f_opaquacoat_c.png,0,
12200233,탐식의 가디언 플레이트,12200064,63,59,51,20,18,15,12200064_F_OPGuardianPlate.gltf,12200064_f_opguardianplate_d.png,12200064_c_opguardianplate_c.png,0,
12200234,탐식의 프렌지 아머,12200065,63,59,51,20,18,15,12200065_F_OPFrenzyArmor.gltf,12200065_f_opfrenzyarmor_d.png,12200065_f_opfrenzyarmor_c.png,0,
12200235,어둠의 마법사 슈트,12200006,63,59,51,20,18,15,12220005_F_AnnStarlight.gltf,12220005_f_annstarlight_d.png,12220005_f_annstarlight_c.png,0,
12200236,어둠의 궁수 슈트,12200067,63,59,51,20,18,15,12200015_F_HelenaHawkEye.gltf,12200015_f_helenahawkeye_d.png,12200015_f_helenahawkeye_c.png,0,
12200237,색동 배자 한복 (남),12200237,147,226,242,89,153,165,12200237_M_CLPAKoreanDressManycolor.gltf,12200237_m_clpakoreandressmanycolor_d.png,12200237_m_clpakoreandressmanycolor_c.png,0,
12200238,색동 레이스 한복 (여),12200238,255,168,203,205,86,106,12200238_F_CLPAKoreanDressManycolor.gltf,12200238_f_clpakoreandressmanycolor_d.png,12200238_f_clpakoreandressmanycolor_c.png,0,
12200239,나이티지 리스트 메일 (남),12200239,62,73,117,27,26,48,12200025_M_OPKnightageShoulderMale.gltf,12200025_m_opknightageshouldermale_d.png,12200025_m_opknightageshouldermale_c.png,0,
12200240,나이티지 리스트 메일 (여),12200240,62,73,117,27,26,48,12200025_F_OPKnightageShoulderMale.gltf,12200025_f_opknightageshouldermale_d.png,12200025_f_opknightageshouldermale_c.png,0,
12200241,프로스토 데우스 로브 (남),12200241,126,204,247,72,94,168,12200028_M_OPProstoDeusRobe.gltf,12200028_m_opprostodeusrobe_d.png,12200028_m_opprostodeusrobe_c.png,0,
12200242,프로스토 데우스 로브 (여),12200242,126,204,247,72,94,168,12200028_F_OPProstoDeusRobe.gltf,12200028_f_opprostodeusrobe_d.png,12200028_f_opprostodeusrobe_c.png,0,
12200243,사지타리우스 숄더가드 코트 (남),12200243,62,73,117,27,26,48,12200026_M_OPSagittariusShoulderguard.gltf,12200026_m_opsagittariusshoulderguard_d.png,12200026_m_opsagittariusshoulderguard_c.png,0,
12200244,사지타리우스 숄더가드 코트 (여),12200244,62,73,117,27,26,48,12200026_F_OPSagittariusShoulderguard.gltf,12200026_f_opsagittariusshoulderguard_d.png,12200026_f_opsagittariusshoulderguard_c.png,0,
12200245,방랑자 도복 (남),12200245,63,59,51,20,18,15,12200044_M_OPWandererRobe.gltf,12200044_m_opwandererrobe_d.png,12200044_m_opwandererrobe_d.png,0,
12200246,방랑자 도복 (여),12200246,63,59,51,20,18,15,12200044_F_OPWandererRobe.gltf,12200044_f_opwandererrobe_d.png,12200044_f_opwandererrobe_d.png,0,
12200247,포효하는 용사의 마법슈츠,12209999,63,59,51,20,18,15,12200004_F_OPBloodRequiem.gltf,12200004_f_opbloodrequiem_d.png,12200004_f_opbloodrequiem_c.png,0,
12200248,소리치는 마법사의 슈트,12200008,63,59,51,20,18,15,12220004_F_Silver.gltf,12220004_f_silver_d.png,12220004_f_silver_c.png,0,
12200249,소리치는 궁수의 슈트,12200011,63,59,51,20,18,15,12200014_F_Hunting.gltf,12200014_f_hunting_d.png,12200014_f_hunting_c.png,0,
12200250,포효하는 용사의 신성슈츠,12209999,63,59,51,20,18,15,12200004_F_OPBloodRequiem.gltf,12200004_f_opbloodrequiem_d.png,12200004_f_opbloodrequiem_c.png,0,
12200258,홀리 세라핌 코트 (남),12200258,62,73,117,27,26,48,12200258_M_CLPAAngelCoat.gltf,12200258_m_clpaangelcoat_d.png,12200258_m_clpaangelcoat_c.png,0,
12200259,홀리 세라핌 원피스 (여),12200259,62,73,117,27,26,48,12200259_F_CLPAAngelOnepiece.gltf,12200259_f_clpaangelonepiece_d.png,12200259_f_clpaangelonepiece_c.png,0,
12200260,프로즌 리스플랜드 코트 (남),12200260,63,59,51,20,18,15,12200260_M_CLPAFrozenResplend.gltf,12200260_m_clpafrozenresplend_d.png,12200260_m_clpafrozenresplend_d.png,0,
12200261,프로즌 리스플랜드 원피스 (여),12200261,63,59,51,20,18,15,12200261_F_CLPAFrozenResplend.gltf,12200261_f_clpafrozenresplend_d.png,12200261_f_clpafrozenresplend_d.png,0,
12200262,베리언트 워리어즈 코트,12200262,63,59,51,20,18,15,12200262_F_CLPAValiant.gltf,12200262_f_clpavaliant_d.png,12200262_f_clpavaliant_d.png,0,
12200271,캐쥬얼 오버롤즈 (남),12200271,62,73,117,27,26,48,12200271_M_CLPACasualOveralls.gltf,12200271_m_clpacasualoveralls_d.png,12200271_m_clpacasualoveralls_c.png,0,
12200272,퓨어 리본 프릴 원피스 (여),12200272,239,112,145,153,66,82,12200272_F_CLPARibbonFrill.gltf,12200272_f_clparibbonfrill_d.png,12200272_f_clparibbonfrill_c.png,0,
12200273,트윙클 스타 교복 (남),12200273,255,168,203,205,86,106,12200273_M_CLPATwinkleStar.gltf,12200273_m_clpatwinklestar_d.png,12200273_m_clpatwinklestar_c.png,0,
12200274,트윙클 스타 교복 (여),12200274,255,168,203,205,86,106,12200274_F_CLPATwinkleStar.gltf,12200274_f_clpatwinklestar_d.png,12200274_f_clpatwinklestar_c.png,0,
12200275,튼튼 마법사 슈트,12200001,63,59,51,20,18,15,12220001_F_ProbationMage.gltf,12220001_f_probationmage_d.png,12220001_f_probationmage_c.png,0,
12200276,플라이트 슈트 (남),12200052,194,209,96,64,104,54,12200052_M_OPFlightSuit.gltf,12200052_m_opflightsuit_d.png,12200052_m_opflightsuit_c.png,0,
12200277,검은 고양이 슈트 (남),12200277,63,59,51,20,18,15,12200277_M_CLPACatDoll.gltf,12200277_c_clpacatdoll_d.png,12200277_c_clpacatdoll_d.png,0,
12200278,검은 고양이 슈트 (여),12200278,63,59,51,20,18,15,12200278_F_CLPACatDoll.gltf,12200277_c_clpacatdoll_d.png,12200277_c_clpacatdoll_d.png,0,
12200279,러블리 바니 슈트 (남),12200279,255,168,203,205,86,106,12200279_M_CLPABannyDoll.gltf,12200279_m_clpabannydoll_d.png,12200279_c_clpabannydoll_c.png,0,
12200280,러블리 바니 슈트 (여),12200280,255,168,203,205,86,106,12200280_F_CLPABannyDoll.gltf,12200280_f_clpabannydoll_d.png,12200279_c_clpabannydoll_c.png,0,
12200281,포멀 웨딩 턱시도 (남),12200281,230,230,230,150,150,150,12200281_M_CLPAFormalWeddingSuit.gltf,12200281_m_clpaformalweddingsuit_d.png,12200281_m_clpaformalweddingsuit_c.png,0,
12200282,쁘띠 로즈 웨딩 드레스 (여),12200282,126,204,247,72,94,168,12200282_F_CLPAPetitRoseWeddingDress.gltf,12200282_f_clpapetitroseweddingdress_d.png,12200282_f_clpapetitroseweddingdress_c.png,0,
12200283,근육질 스커트 바니 슈트 (여),12200283,63,59,51,20,18,15,12200283_F_EventBanny_01.gltf,12200283_f_eventbanny_01_d.png,12200283_f_eventbanny_01_d.png,0,
12200284,근육질 스트라이프 바니 슈트 (여),12200284,63,59,51,20,18,15,12200284_F_EventBanny_02.gltf,12200284_f_eventbanny_02_d.png,12200284_f_eventbanny_02_d.png,0,
12200285,스커트 바니 슈트 (남),12200285,63,59,51,20,18,15,12200285_M_EventBanny_03.gltf,12200285_m_eventbanny_03_d.png,12200285_m_eventbanny_03_d.png,0,
12200286,스트라이프 바니 슈트 (남),12200286,63,59,51,20,18,15,12200286_M_EventBanny_04.gltf,12200286_m_eventbanny_04_d.png,12200286_m_eventbanny_04_d.png,0,
12200287,고딕 리본 레이스 코트 (남),12200287,63,59,51,20,18,15,12200287_M_CLPAGothicLaceCoat.gltf,12200287_m_clpagothiclacecoat_d.png,12200287_m_clpagothiclacecoat_c.png,0,
12200288,고딕 리본 레이스 드레스 (여),12200288,63,59,51,20,18,15,12200288_F_CLPAGothicLaceCoat.gltf,12200288_f_clpagothiclacecoat_d.png,12200288_f_clpagothiclacecoat_c.png,0,
12200289,근육질 스커트 바니 슈트 (여),12200283,63,59,51,20,18,15,12200283_F_EventBanny_01.gltf,12200283_f_eventbanny_01_d.png,12200283_f_eventbanny_01_d.png,0,
12200290,근육질 스트라이프 바니 슈트 (여),12200284,63,59,51,20,18,15,12200284_F_EventBanny_02.gltf,12200284_f_eventbanny_02_d.png,12200284_f_eventbanny_02_d.png,0,
12200291,스커트 바니 슈트 (남),12200285,63,59,51,20,18,15,12200285_M_EventBanny_03.gltf,12200285_m_eventbanny_03_d.png,12200285_m_eventbanny_03_d.png,0,
12200292,스트라이프 바니 슈트 (남),12200286,63,59,51,20,18,15,12200286_M_EventBanny_04.gltf,12200286_m_eventbanny_04_d.png,12200286_m_eventbanny_04_d.png,0,
12200293,근육질 스커트 바니 슈트 (여),12200283,63,59,51,20,18,15,12200283_F_EventBanny_01.gltf,12200283_f_eventbanny_01_d.png,12200283_f_eventbanny_01_d.png,0,
12200294,근육질 스트라이프 바니 슈트 (여),12200284,63,59,51,20,18,15,12200284_F_EventBanny_02.gltf,12200284_f_eventbanny_02_d.png,12200284_f_eventbanny_02_d.png,0,
12200295,스커트 바니 슈트 (남),12200285,63,59,51,20,18,15,12200285_M_EventBanny_03.gltf,12200285_m_eventbanny_03_d.png,12200285_m_eventbanny_03_d.png,0,
12200296,스트라이프 바니 슈트 (남),12200286,63,59,51,20,18,15,12200286_M_EventBanny_04.gltf,12200286_m_eventbanny_04_d.png,12200286_m_eventbanny_04_d.png,0,
12200297,이끌림의 고급 슈트,12200013,63,59,51,20,18,15,12200016_F_SimpleBattleCoat.gltf,12200016_f_simplebattlecoat_d.png,12200016_f_simplebattlecoat_c.png,0,
12200298,더키볼 유치원 슈트,12200298,76,105,181,23,40,79,12200299_F_CLPADuckyBallEvent.gltf,12200298_c_clpaduckyballevent_d.png,12200298_c_clpaduckyballevent_c.png,0,
12200300,고요한 마법 전신,12209999,63,59,51,20,18,15,12200004_F_OPBloodRequiem.gltf,12200004_f_opbloodrequiem_d.png,12200004_f_opbloodrequiem_c.png,0,
12200301,고요한 신성 전신,12209999,63,59,51,20,18,15,12200004_F_OPBloodRequiem.gltf,12200004_f_opbloodrequiem_d.png,12200004_f_opbloodrequiem_c.png,0,
12200303,해피 슬라임 캐쥬얼 슈트,12200303,126,204,247,72,94,168,12200303_F_CLPASlimeSuit.gltf,12200303_c_clpaslimesuit_d.png,12200303_c_clpaslimesuit_c.png,0,
12200304,아련한 그리움의 마법사 슈트,12200009,63,59,51,20,18,15,12200009_F_CLPAStarlightCoat.gltf,12200009_f_clpastarlightcoat_d.png,12200009_f_clpastarlightcoat_c.png,0,
12200305,아련한 그리움의 궁수 슈트,12200015,63,59,51,20,18,15,12200018_F_CombatInstructor.gltf,12200018_f_combatinstructor_d.png,12200018_f_combatinstructor_c.png,0,
12200306,치파오 (여),12200306,170,47,47,96,19,19,12200306_F_CLPAChinaUserEvent01.gltf,12200306_f_clpachinauserevent01_d.png,12200306_f_clpachinauserevent01_c.png,0,
12200307,창파오 (남),12200307,170,47,47,96,19,19,12200307_M_CLPAChinaUserEvent01.gltf,12200307_m_clpachinauserevent01_d.png,12200307_m_clpachinauserevent01_c.png,0,
12200308,츄츄 빅 루즈 셔츠 (남),12200308,63,59,51,20,18,15,12200308_M_CLPASexyMoeShirt.gltf,12200308_c_clpasexymoeshirt_d.png,12200308_c_clpasexymoeshirt_c.png,0,
12200309,츄츄 빅 루즈 셔츠 (여),12200309,239,112,145,153,66,82,12200309_F_CLPASexyMoeShirt.gltf,12200308_c_clpasexymoeshirt_d.png,12200308_c_clpasexymoeshirt_c.png,0,
12200312,(이벤트) 이끌림의 고급 슈트,12200013,63,59,51,20,18,15,12200016_F_SimpleBattleCoat.gltf,12200016_f_simplebattlecoat_d.png,12200016_f_simplebattlecoat_c.png,0,
12200313,매그너스의 후드 수영복 (남),12200313,76,105,181,23,40,79,12200313_M_CLPASummerEvent01.gltf,12200313_m_clpasummerevent01_d.png,12200313_m_clpasummerevent01_c.png,0,
12200314,현자냥이의 화이트 베이비돌 (여),12200314,76,105,181,23,40,79,12200314_F_CLPASummerEvent01.gltf,12200314_f_clpasummerevent01_d.png,12200314_f_clpasummerevent01_c.png,0,
12200315,푸에르 벨 코트 (남),12200315,170,47,47,96,19,19,12200315_M_CLPAKnotCoat.gltf,12200315_m_clpaknotcoat_d.png,12200315_m_clpaknotcoat_c.png,0,
12200316,푸엘라 벨 드레스 (여),12200316,170,47,47,96,19,19,12200316_F_CLPAKnotDress.gltf,12200316_f_clpaknotdress_d.png,12200316_f_clpaknotdress_c.png,0,
12200317,블러디 나이트 코트 (남),12200317,170,47,47,96,19,19,12200317_M_CLPAVampire.gltf,12200317_m_clpavampire_d.png,12200317_m_clpavampire_c.png,0,
12200318,블러디 퀸 드레스 (여),12200318,170,47,47,96,19,19,12200318_F_CLPAVampire.gltf,12200318_f_clpavampire_d.png,12200318_f_clpavampire_c.png,0,
12200319,하와이안 수영복 (남),12200319,244,189,88,163,121,39,12200319_M_CLPASwim04.gltf,12200319_m_clpaswim04_d.png,12200319_m_clpaswim04_c.png,0,
12200320,스트랩 모노키니 (여),12200320,244,189,88,163,121,39,12200320_F_CLPASwim04.gltf,12200320_f_clpaswim04_d.png,12200320_f_clpaswim04_c.png,0,
12200321,맹렬한 마법 슈트,12200063,63,59,51,20,18,15,12200063_F_OPAquaCoat.gltf,12200063_f_opaquacoat_d.png,12200063_f_opaquacoat_c.png,0,
12200322,맹렬한 신성 슈트,12200061,63,59,51,20,18,15,12200061_F_OPSurfireCoat.gltf,12200061_f_opsurfirecoat_d.png,12200061_f_opsurfirecoat_c.png,0,
12200323,맹렬한 집중 슈트,12200050,63,59,51,20,18,15,12200050_F_OPChaserCoat.gltf,12200050_f_opchasercoat_d.png,12200050_f_opchasercoat_c.png,0,
12200324,맹렬한 포격 슈트,12200052,63,59,51,20,18,15,12200052_F_OPFlightSuit.gltf,12200052_f_opflightsuit_d.png,12200052_f_opflightsuit_c.png,0,
12200325,시크 스타츠 셰프복 (남),12200325,63,59,51,20,18,15,12200325_M_CLPAStartz.gltf,12200325_m_clpastartz_d.png,12200325_m_clpastartz_c.png,0,
12200326,섹시 오필리아 작업복 (여),12200326,62,73,117,27,26,48,12200326_F_CLPAOphelia.gltf,12200326_f_clpaophelia_d.png,12200326_f_clpaophelia_c.png,0,
12200327,디자인 코트 (남),12200327,63,59,51,20,18,15,12200327_M_UGC03.gltf,12200327_m_ugc03_d.png,12200327_m_ugc03_d.png,0,
12200328,디자인 코트 (여),12200328,63,59,51,20,18,15,12200328_F_UGC03.gltf,12200328_f_ugc03_d.png,12200328_f_ugc03_d.png,0,
12200329,살랑살랑 단풍 슈트 (남),12200329,63,59,51,20,18,15,12200329_M_CLPAAutumnColors.gltf,12200329_m_clpaautumncolors_d.png,12200329_m_clpaautumncolors_c.png,0,
12200330,살랑살랑 단풍 원피스 (여),12200330,63,59,51,20,18,15,12200330_F_CLPAAutumnColors.gltf,12200330_f_clpaautumncolors_d.png,12200330_f_clpaautumncolors_c.png,0,
12200331,디자인 언밸런스 코트 (남),12200331,63,59,51,20,18,15,12200331_M_UGC04.gltf,12200331_m_ugc04_d.png,12200331_m_ugc04_d.png,0,
12200332,디자인 언밸런스 코트 (여),12200332,63,59,51,20,18,15,12200332_F_UGC04.gltf,12200332_f_ugc04_d.png,12200332_f_ugc04_d.png,0,
12200333,메리메리 산타 코트 (남),12200333,170,47,47,96,19,19,12200333_M_CLPAChristmas01.gltf,12200333_m_clpachristmas01_d.png,12200333_m_clpachristmas01_c.png,0,
12200334,메리메리 산타 원피스 (여),12200334,170,47,47,96,19,19,12200334_F_CLPAChristmas01.gltf,12200334_f_clpachristmas01_d.png,12200334_f_clpachristmas01_c.png,0,
12200335,냥냥 줄무늬 고양이 슈트,12200335,63,59,51,20,18,15,12200335_F_CLPAGrayStripedCat.gltf,12200336_c_clpagraystripedcat_d.png,12200336_c_clpagraystripedcat_d.png,0,
12200336,플라이트 슈트 (여),12200052,194,209,96,64,104,54,12200052_F_OPFlightSuit.gltf,12200052_f_opflightsuit_d.png,12200052_f_opflightsuit_c.png,0,
12200337,냥냥 점박이 고양이 슈트,12200337,63,59,51,20,18,15,12200337_F_CLPA3ColorsCat.gltf,12200338_c_clpa3colorscat_d.png,12200338_c_clpa3colorscat_d.png,0,
12200338,시크 스타츠 셰프복 (남),12200325,63,59,51,20,18,15,12200325_M_CLPAStartz.gltf,12200325_m_clpastartz_d.png,12200325_m_clpastartz_c.png,0,
12200339,냥냥 얼룩 고양이 슈트,12200339,63,59,51,20,18,15,12200339_F_CLPALeopardCat.gltf,12200340_c_clpaleopardcat_d.png,12200340_c_clpaleopardcat_d.png,0,
12200340,섹시 오필리아 작업복 (여),12200326,62,73,117,27,26,48,12200326_F_CLPAOphelia.gltf,12200326_f_clpaophelia_d.png,12200326_f_clpaophelia_c.png,0,
12200341,스위트 드림 파자마 (남),12200341,244,189,88,163,121,39,12200341_M_CLPAPajamas01.gltf,12200341_m_clpapajamas01_d.png,12200341_m_clpapajamas01_c.png,0,
12200342,스위트 드림 파자마 (여),12200342,244,189,88,163,121,39,12200342_F_CLPAPajamas01.gltf,12200342_f_clpapajamas01_d.png,12200342_f_clpapajamas01_c.png,0,
12200343,로맨틱 니트 원피스 (여),12200343,255,168,203,205,86,106,12200343_F_RibbonKnitDress.gltf,12200343_f_ribbonknitdress_d.png,12200343_f_ribbonknitdress_c.png,0,
12200344,슬림 니트 원피스 (여),12200344,170,47,47,96,19,19,12200344_F_TightKnitDress.gltf,12200344_f_tightknitdress_d.png,12200344_f_tightknitdress_c.png,0,
12200345,행복한 루돌프 슈트,12200345,63,59,51,20,18,15,12200345_F_CLPARudolph01.gltf,12200345_c_clparudolph01_d.png,12200345_c_clparudolph01_d.png,0,
12200353,애환의 슈트,12200069,63,59,51,20,18,15,12200017_F_BandingBattleCoat.gltf,12200017_f_bandingbattlecoat_d.png,12200017_c_bandingbattlecoat_c.png,0,
12200354,냥냥 얼룩 고양이 슈트 (3일),12200339,63,59,51,20,18,15,12200339_F_CLPALeopardCat.gltf,12200340_c_clpaleopardcat_d.png,12200340_c_clpaleopardcat_d.png,0,
12200355,삐약삐약 노란 병아리 슈트,12200355,63,59,51,20,18,15,12200355_F_CLPAChick.gltf,12200355_c_clpachick_d.png,12200355_c_clpachick_d.png,0,
12200356,꽃 자수 두루마기 (남),12200356,62,73,117,27,26,48,12200356_M_CLPAHanbok03.gltf,12200356_m_clpahanbok03_d.png,12200356_m_clpahanbok03_c.png,0,
12200357,복슬복슬 꽃 한복 (여),12200357,244,189,88,163,121,39,12200357_F_CLPAHanbok03.gltf,12200357_f_clpahanbok03_d.png,12200357_f_clpahanbok03_c.png,0,
12200358,하랑 대례복 (남),12200358,63,59,51,20,18,15,12200358_M_CLPATraditionalWedding.gltf,12200358_m_clpatraditionalwedding_d.png,12200358_m_clpatraditionalwedding_c.png,0,
12200359,나예 당의 (여),12200359,170,47,47,96,19,19,12200359_F_CLPATraditionalWedding.gltf,12200359_f_clpatraditionalwedding_d.png,12200359_f_clpatraditionalwedding_c.png,0,
12200360,스칼렛 클래식 코트 (남),12200360,170,47,47,96,19,19,12200360_M_CLPAValentine01.gltf,12200360_m_clpavalentine01_d.png,12200360_m_clpavalentine01_c.png,0,
12200361,스칼렛 프리마 드레스 (여),12200361,170,47,47,96,19,19,12200361_F_CLPAValentine01.gltf,12200361_f_clpavalentine01_d.png,12200361_f_clpavalentine01_c.png,0,
12200362,단풍 철갑 슈트,12200362,244,189,88,163,121,39,12200362_F_CLAPMapleArmor.gltf,12200362_c_clpamaplearmor_d.png,12200362_c_clpamaplearmor_c.png,0,
12200363,플로리아 페어리 로브 (남),12200363,170,47,47,96,19,19,12200363_M_CLPAFloriaFairy.gltf,12200363_m_clpafloriafairy_d.png,12200363_m_clpafloriafairy_c.png,0,
12200364,플로리아 페어리 드레스 (여),12200364,170,47,47,96,19,19,12200364_F_CLPAFloriaFairy.gltf,12200364_f_clpafloriafairy_d.png,12200364_f_clpafloriafairy_c.png,0,
12200365,로즈 페어리 슈트,12200365,194,209,96,64,104,54,12200364_F_CLPABudsFairy.gltf,12200364_f_clpabudsfairy_d.png,12200364_f_clpabudsfairy_c.png,0,
12200366,고딕 리본 레이스 코트 (남),12200287,63,59,51,20,18,15,12200287_M_CLPAGothicLaceCoat.gltf,12200287_m_clpagothiclacecoat_d.png,12200287_m_clpagothiclacecoat_c.png,0,
12200367,고딕 리본 레이스 드레스 (여),12200288,63,59,51,20,18,15,12200288_F_CLPAGothicLaceCoat.gltf,12200288_f_clpagothiclacecoat_d.png,12200288_f_clpagothiclacecoat_c.png,0,
12200370,포멀 웨딩 턱시도 (남),12200281,230,230,230,150,150,150,12200281_M_CLPAFormalWeddingSuit.gltf,12200281_m_clpaformalweddingsuit_d.png,12200281_m_clpaformalweddingsuit_c.png,0,
12200371,쁘띠 로즈 웨딩 드레스 (여),12200282,126,204,247,72,94,168,12200282_F_CLPAPetitRoseWeddingDress.gltf,12200282_f_clpapetitroseweddingdress_d.png,12200282_f_clpapetitroseweddingdress_c.png,0,
12200372,블러디 나이트 코트 (남),12200317,170,47,47,96,19,19,12200317_M_CLPAVampire.gltf,12200317_m_clpavampire_d.png,12200317_m_clpavampire_c.png,0,
12200373,블러디 퀸 드레스 (여),12200318,170,47,47,96,19,19,12200318_F_CLPAVampire.gltf,12200318_f_clpavampire_d.png,12200318_f_clpavampire_c.png,0,
12200374,메리메리 산타 코트 (남),12200333,170,47,47,96,19,19,12200333_M_CLPAChristmas01.gltf,12200333_m_clpachristmas01_d.png,12200333_m_clpachristmas01_c.png,0,
12200375,메리메리 산타 원피스 (여),12200334,170,47,47,96,19,19,12200334_F_CLPAChristmas01.gltf,12200334_f_clpachristmas01_d.png,12200334_f_clpachristmas01_c.png,0,
12200376,스칼렛 클래식 코트 (남),12200360,170,47,47,96,19,19,12200360_M_CLPAValentine01.gltf,12200360_m_clpavalentine01_d.png,12200360_m_clpavalentine01_c.png,0,
12200377,스칼렛 프리마 드레스 (여),12200361,170,47,47,96,19,19,12200361_F_CLPAValentine01.gltf,12200361_f_clpavalentine01_d.png,12200361_f_clpavalentine01_c.png,0,
12200378,스위트 드림 파자마 (남),12200341,244,189,88,163,121,39,12200341_M_CLPAPajamas01.gltf,12200341_m_clpapajamas01_d.png,12200341_m_clpapajamas01_c.png,0,
12200379,스위트 드림 파자마 (여),12200342,244,189,88,163,121,39,12200342_F_CLPAPajamas01.gltf,12200342_f_clpapajamas01_d.png,12200342_f_clpapajamas01_c.png,0,
12200382,로맨틱 니트 원피스 (여),12200343,255,168,203,205,86,106,12200343_F_RibbonKnitDress.gltf,12200343_f_ribbonknitdress_d.png,12200343_f_ribbonknitdress_c.png,0,
12200383,슬림 니트 원피스 (여),12200344,170,47,47,96,19,19,12200344_F_TightKnitDress.gltf,12200344_f_tightknitdress_d.png,12200344_f_tightknitdress_c.png,0,
12200384,통통 바니 오버핏 니트 슈트 (남),12200384,126,204,247,72,94,168,12200384_M_CLPAAmusementPark.gltf,12200384_m_clpaamusementpark_d.png,12200384_m_clpaamusementpark_c.png,0,
12200385,통통 바니 오버핏 셔츠 슈트 (여),12200385,126,204,247,72,94,168,12200385_F_CLPAAmusementPark.gltf,12200385_f_clpaamusementpark_d.png,12200385_f_clpaamusementpark_c.png,0,
12200386,동물의 왕 사자 슈트 (남),12200386,63,59,51,20,18,15,12200386_M_CLPALionDoll.gltf,12200386_c_clpaliondoll_d.png,12200386_c_clpaliondoll_d.png,0,
12200387,동물의 왕 사자 슈트 (여),12200387,63,59,51,20,18,15,12200387_F_CLPALionDoll.gltf,12200386_c_clpaliondoll_d.png,12200386_c_clpaliondoll_d.png,0,
12200388,샤인 스타 무대 의상 (남),12200388,126,204,247,72,94,168,12200388_M_CLPAIdolBand.gltf,12200388_m_clpaidolband_d.png,12200388_m_clpaidolband_c.png,0,
12200389,샤인 스타 무대 의상 (여),12200389,126,204,247,72,94,168,12200389_F_CLPAIdolBand.gltf,12200389_f_clpaidolband_d.png,12200389_f_clpaidolband_c.png,0,
12200390,마제스틱 윙 아머 (남),12200390,170,47,47,96,19,19,12200390_M_CLPAMajesticWing.gltf,12200390_m_clpamajesticwing_d.png,12200390_m_clpamajesticwing_c.png,0,
12200391,마제스틱 윙 아머 (여),12200391,170,47,47,96,19,19,12200391_F_CLPAMajesticWing.gltf,12200391_f_clpamajesticwing_d.png,12200391_f_clpamajesticwing_c.png,0,
12200392,통통 핑크빈 슈트 (남),12200392,63,59,51,20,18,15,12200392_M_CLPAPinkbean01.gltf,12200392_c_clpapinkbean01_d.png,12200392_c_clpapinkbean01_d.png,0,
12200393,통통 핑크빈 슈트 (여),12200393,63,59,51,20,18,15,12200393_F_CLPAPinkbean01.gltf,12200392_c_clpapinkbean01_d.png,12200392_c_clpapinkbean01_d.png,0,
12200394,엘리넬 고등반 교복,12200394,180,165,248,108,96,176,12220005_F_AnnStarlight.gltf,12220005_f_annstarlight_d.png,12220005_f_annstarlight_c.png,0,
12200395,엘리넬 고등반 교복,12200395,180,165,248,108,96,176,12220005_F_AnnStarlight.gltf,12220005_f_annstarlight_d.png,12220005_f_annstarlight_c.png,0,
12200396,세인트 머쉬리엘 사제복,12200396,147,226,242,89,153,165,12200007_F_CLPASuperiorCoat.gltf,12200007_f_clpasuperiorcoat_d.png,12200007_f_clpasuperiorcoat_c.png,0,
12200397,세인트 머쉬리엘 사제복,12200397,147,226,242,89,153,165,12200007_F_CLPASuperiorCoat.gltf,12200007_f_clpasuperiorcoat_d.png,12200007_f_clpasuperiorcoat_c.png,0,
12200398,그린 후드 단복,12200398,194,209,96,64,104,54,12200015_F_HelenaHawkEye.gltf,12200015_f_helenahawkeye_d.png,12200015_f_helenahawkeye_c.png,0,
12200399,그린 후드 단복,12200399,194,209,96,64,104,54,12200015_F_HelenaHawkEye.gltf,12200015_f_helenahawkeye_d.png,12200015_f_helenahawkeye_c.png,0,
12200400,탈리스커 메카닉스 코트,12200400,244,189,88,163,121,39,12200017_F_BandingBattleCoat.gltf,12200017_f_bandingbattlecoat_d.png,12200017_c_bandingbattlecoat_c.png,0,
12200401,탈리스커 메카닉스 코트,12200401,244,189,88,163,121,39,12200017_F_BandingBattleCoat.gltf,12200017_f_bandingbattlecoat_d.png,12200017_c_bandingbattlecoat_c.png,0,
12200402,금장 춘절 의상 (남),12200402,170,47,47,96,19,19,12200402_M_CLPANewYear01.gltf,12200402_m_clpanewyear01_d.png,12200402_m_clpanewyear01_c.png,0,
12200403,금장 춘절 의상 (여),12200403,170,47,47,96,19,19,12200403_F_CLPANewYear01.gltf,12200403_f_clpanewyear01_d.png,12200403_f_clpanewyear01_c.png,0,
12200404,낡은 초보 마법사 로브,12200001,63,59,51,20,18,15,12220001_F_ProbationMage.gltf,12220001_f_probationmage_d.png,12220001_f_probationmage_c.png,0,
12200405,(PC방) 캐쥬얼 오버롤즈 (남),12200271,62,73,117,27,26,48,12200271_M_CLPACasualOveralls.gltf,12200271_m_clpacasualoveralls_d.png,12200271_m_clpacasualoveralls_c.png,0,
12200406,(PC방) 퓨어 리본 프릴 원피스 (여),12200272,239,112,145,153,66,82,12200272_F_CLPARibbonFrill.gltf,12200272_f_clparibbonfrill_d.png,12200272_f_clparibbonfrill_c.png,0,
12200407,루즈핏 셔츠 스웨터 (남),12200407,126,204,247,72,94,168,12200407_M_CLPAKnitwear01.gltf,12200407_m_clpaknitwear01_d.png,12200407_m_clpaknitwear01_c.png,0,
12200408,루즈핏 셔츠 스웨터 (여),12200408,126,204,247,72,94,168,12200408_F_CLPAKnitwear01.gltf,12200408_f_clpaknitwear01_d.png,12200408_f_clpaknitwear01_c.png,0,
12200409,스커트 바니 슈트,12200285,63,59,51,20,18,15,12250007_F_CLPASkirtBannySuit.gltf,12250007_f_clpaskirtbunnysuit_d.png,12250007_f_clpaskirtbunnysuit_d.png,0,
12200410,스트라이프 바니 슈트,12200286,63,59,51,20,18,15,12250008_F_CLPAStripeBannySuit.gltf,12250008_f_clpaskirtbunnysuit_d.png,12250008_f_clpaskirtbunnysuit_d.png,0,
12200411,황금용 창파오 (남),12200411,63,59,51,20,18,15,12200411_M_ChinaEvent01.gltf,12200411_m_chinaevent01_d.png,12200411_m_chinaevent01_c.png,0,
12200412,장미 치파오 (여),12200412,63,59,51,20,18,15,12200412_F_ChinaEvent01.gltf,12200412_f_chinaevent01_d.png,12200412_f_chinaevent01_c.png,0,
12200413,펌킨 위치 코트 (남),12200413,249,137,77,147,60,20,12200413_M_CLPAHalloween03.gltf,12200413_m_clpahalloween03_d.png,12200413_m_clpahalloween03_c.png,0,
12200414,펌킨 위치 코트 (여),12200414,249,137,77,147,60,20,12200414_F_CLPAHalloween03.gltf,12200414_f_clpahalloween03_d.png,12200414_f_clpahalloween03_c.png,0,
12200415,저항군 지그문트 코트 (남),12200415,63,59,51,20,18,15,12200415_M_CLPASigmund.gltf,12200415_m_clpasigmund_d.png,12200415_m_clpasigmund_d.png,0,
12200416,저항군 지그문트 코트 (여),12200416,63,59,51,20,18,15,12200416_F_CLPASigmund.gltf,12200416_f_clpasigmund_d.png,12200416_f_clpasigmund_d.png,0,
12200417,나비의 꿈 장포 (남),12200417,170,47,47,96,19,19,12200417_M_CLPANewYear02.gltf,12200417_m_clpanewyear02_d.png,12200417_m_clpanewyear02_c.png,0,
12200418,나비의 꿈 드레스 (여),12200418,170,47,47,96,19,19,12200418_F_CLPANewYear02.gltf,12200418_f_clpanewyear02_d.png,12200418_f_clpanewyear02_c.png,0,
12200419,왠걸의 알로하 수영복 (남),12200419,126,204,247,72,94,168,12200419_M_CLPASummerEvent02.gltf,12200419_m_clpasummerevent02_d.png,12200419_m_clpasummerevent02_c.png,0,
12200420,Nunni의 시스루 오프 숄더 (여),12200420,126,204,247,72,94,168,12200420_F_CLPASummerEvent02.gltf,12200420_f_clpasummerevent02_d.png,12200420_f_clpasummerevent02_c.png,0,
12200421,바니바니 하얀 달토끼 슈트,12200421,63,59,51,20,18,15,12200421_F_CLPADoll_Banny02.gltf,12200421_c_clpadoll_banny02_d.png,12200421_c_clpadoll_banny02_d.png,0,
12200422,바니바니 점박이 토끼 슈트,12200422,63,59,51,20,18,15,12200423_F_CLPADoll_Banny04.gltf,12200423_c_clpadoll_banny04_d.png,12200423_c_clpadoll_banny04_d.png,0,
12200423,바니바니 오컬트 토끼 슈트,12200423,63,59,51,20,18,15,12200423_F_CLPADoll_Banny04.gltf,12200423_c_clpadoll_banny04_d.png,12200423_c_clpadoll_banny04_d.png,0,
12200424,코코 퍼피 밴딩 쇼츠 (남),12200424,126,204,247,72,94,168,12200424_M_CLPAPuppy01.gltf,12200424_m_clpapuppy01_d.png,12200424_m_clpapuppy01_c.png,0,
12200425,코코 퍼피 원피스 (여),12200425,126,204,247,72,94,168,12200425_F_CLPAPuppy01.gltf,12200425_f_clpapuppy01_d.png,12200425_f_clpapuppy01_c.png,0,
12200426,글로우 스타 코트 (남),12200426,170,47,47,96,19,19,12200426_M_CLPAChristmas02.gltf,12200426_m_clpachristmas02_d.png,12200426_m_clpachristmas02_c.png,0,
12200427,글로우 스타 드레스 (여),12200427,170,47,47,96,19,19,12200427_F_CLPAChristmas02.gltf,12200427_f_clpachristmas02_d.png,12200427_f_clpachristmas02_c.png,0,
12200428,중세 귀족 슈트 (남),12200428,62,73,117,27,26,48,12200428_M_CLPARococo01.gltf,12200428_m_clparococo01_d.png,12200428_m_clparococo01_c.png,0,
12200429,중세 리본 드레스 (여),12200429,244,189,88,163,121,39,12200429_F_CLPARococo01.gltf,12200429_f_clparococo01_d.png,12200429_f_clparococo01_c.png,0,
12200430,(입문용) 초보 마법사 로브,12200001,63,59,51,20,18,15,12220001_F_ProbationMage.gltf,12220001_f_probationmage_d.png,12220001_f_probationmage_c.png,0,
12200431,(입문용) 여행자 로브,12200002,63,59,51,20,18,15,12200008_F_ProbationMage.gltf,12200008_f_probationmage_d.png,12200008_f_probationmage_c.png,0,
12200432,(입문용) 달빛 여행자 로브,12200003,63,59,51,20,18,15,12220002_F_AnnMoonlight.gltf,12220002_f_annmoonlight_d.png,12220002_f_annmoonlight_c.png,0,
12200433,(입문용) 견습 학자 로브,12200004,63,59,51,20,18,15,12220003_F_Golden.gltf,12220003_f_golden_d.png,12220003_f_golden_c.png,0,
12200434,(입문용) 총명한 학자 로브,12200005,63,59,51,20,18,15,12220003_F_Golden.gltf,12220003_f_golden_d.png,12220003_f_golden_c.png,0,
12200435,(입문용) 매지션 로브,12200006,63,59,51,20,18,15,12220005_F_AnnStarlight.gltf,12220005_f_annstarlight_d.png,12220005_f_annstarlight_c.png,0,
12200436,(입문용) 브론즈 매지션 코트,12200008,63,59,51,20,18,15,12220004_F_Silver.gltf,12220004_f_silver_d.png,12220004_f_silver_c.png,0,
12200437,(입문용) 사냥꾼 슈츠,12200010,63,59,51,20,18,15,12200013_F_Shooting.gltf,12200013_f_shooting_d.png,12200013_f_shooting_c.png,0,
12200438,(입문용) 헌팅 슈츠,12200012,63,59,51,20,18,15,12200013_F_Shooting.gltf,12200013_f_shooting_d.png,12200013_f_shooting_c.png,0,
12200439,(입문용) 미들 헌팅 제복,12200014,63,59,51,20,18,15,12200014_F_Hunting.gltf,12200014_f_hunting_d.png,12200014_f_hunting_c.png,0,
12200440,(입문용) 소서러 로브,12200037,63,59,51,20,18,15,12200006_F_CLPAMageCoat.gltf,12200006_f_clpamagecoat_d.png,12200006_f_clpamagecoat_c.png,0,
12200441,(입문용) 세인트 로브,12200038,63,59,51,20,18,15,12200006_F_CLPAMageCoat.gltf,12200006_f_clpamagecoat_d.png,12200006_f_clpamagecoat_c.png,0,
12200442,(입문용) 의장대 슈츠,12200042,63,59,51,20,18,15,12200016_F_SimpleBattleCoat.gltf,12200016_f_simplebattlecoat_d.png,12200016_f_simplebattlecoat_c.png,0,
12200443,(입문용) 전문 군악대 제복,12200043,63,59,51,20,18,15,12200016_F_SimpleBattleCoat.gltf,12200016_f_simplebattlecoat_d.png,12200016_f_simplebattlecoat_c.png,0,
12200444,(입문용) 실버 매지션 로브,12200066,63,59,51,20,18,15,12220005_F_AnnStarlight.gltf,12220005_f_annstarlight_d.png,12220005_f_annstarlight_c.png,0,
12200445,(입문용) 아크 헌팅 슈츠,12200067,63,59,51,20,18,15,12200015_F_HelenaHawkEye.gltf,12200015_f_helenahawkeye_d.png,12200015_f_helenahawkeye_c.png,0,
12200446,(입문용) 미드 소서러 로브,12200068,63,59,51,20,18,15,12200007_F_CLPASuperiorCoat.gltf,12200007_f_clpasuperiorcoat_d.png,12200007_f_clpasuperiorcoat_c.png,0,
12200447,(입문용) 중급 의장대 슈츠,12200069,63,59,51,20,18,15,12200017_F_BandingBattleCoat.gltf,12200017_f_bandingbattlecoat_d.png,12200017_c_bandingbattlecoat_c.png,0,
12200448,(입문용) 하이 소서러 코트,12200070,63,59,51,20,18,15,12200009_F_CLPAStarlightCoat.gltf,12200009_f_clpastarlightcoat_d.png,12200009_f_clpastarlightcoat_c.png,0,
12200449,(입문용) 최상급 의장대 제복,12200071,63,59,51,20,18,15,12200018_F_CombatInstructor.gltf,12200018_f_combatinstructor_d.png,12200018_f_combatinstructor_c.png,0,
12200450,(입문용) 디바인 전신,12200066,63,59,51,20,18,15,12220005_F_AnnStarlight.gltf,12220005_f_annstarlight_d.png,12220005_f_annstarlight_c.png,0,
12200451,(입문용) 멀리건 전신,12200037,63,59,51,20,18,15,12200006_F_CLPAMageCoat.gltf,12200006_f_clpamagecoat_d.png,12200006_f_clpamagecoat_c.png,0,
12200452,(입문용) 실버 디바인 전신,12200068,63,59,51,20,18,15,12200007_F_CLPASuperiorCoat.gltf,12200007_f_clpasuperiorcoat_d.png,12200007_f_clpasuperiorcoat_c.png,0,
12200453,(입문용) 아케인 전신,12200070,63,59,51,20,18,15,12200009_F_CLPAStarlightCoat.gltf,12200009_f_clpastarlightcoat_d.png,12200009_f_clpastarlightcoat_c.png,0,
12200454,(입문용) 디세인 전신,12200038,63,59,51,20,18,15,12200006_F_CLPAMageCoat.gltf,12200006_f_clpamagecoat_d.png,12200006_f_clpamagecoat_c.png,0,
12200455,(입문용) 오버 아케인 전신,12200070,63,59,51,20,18,15,12200009_F_CLPAStarlightCoat.gltf,12200009_f_clpastarlightcoat_d.png,12200009_f_clpastarlightcoat_c.png,0,
12200456,(입문용) 포치 전신,12200067,63,59,51,20,18,15,12200015_F_HelenaHawkEye.gltf,12200015_f_helenahawkeye_d.png,12200015_f_helenahawkeye_c.png,0,
12200457,(입문용) 알터 전신,12200042,63,59,51,20,18,15,12200016_F_SimpleBattleCoat.gltf,12200016_f_simplebattlecoat_d.png,12200016_f_simplebattlecoat_c.png,0,
12200458,(입문용) 스트롱 포치 전신,12200069,63,59,51,20,18,15,12200017_F_BandingBattleCoat.gltf,12200017_f_bandingbattlecoat_d.png,12200017_c_bandingbattlecoat_c.png,0,
12200459,(입문용) 커버넌트 전신,12200071,63,59,51,20,18,15,12200018_F_CombatInstructor.gltf,12200018_f_combatinstructor_d.png,12200018_f_combatinstructor_c.png,0,
12200460,(입문용) 밴드 전신,12200043,63,59,51,20,18,15,12200016_F_SimpleBattleCoat.gltf,12200016_f_simplebattlecoat_d.png,12200016_f_simplebattlecoat_c.png,0,
12200461,(입문용) 하이 커버넌트 전신,12200071,63,59,51,20,18,15,12200018_F_CombatInstructor.gltf,12200018_f_combatinstructor_d.png,12200018_f_combatinstructor_c.png,0,
12200462,백여우 방울 장포 (남),12200462,170,47,47,96,19,19,12200462_M_CLPAWhiteFox.gltf,12200462_m_clpawhitefox_d.png,12200462_m_clpawhitefox_c.png,0,
12200463,백여우 방울 원피스 (여),12200463,170,47,47,96,19,19,12200463_F_CLPAWhiteFox.gltf,12200463_f_clpawhitefox_d.png,12200463_f_clpawhitefox_c.png,0,
12200464,하랑 대례복 (남),12200358,63,59,51,20,18,15,12200358_M_CLPATraditionalWedding.gltf,12200358_m_clpatraditionalwedding_d.png,12200358_m_clpatraditionalwedding_c.png,0,
12200465,나예 당의 (여),12200359,170,47,47,96,19,19,12200359_F_CLPATraditionalWedding.gltf,12200359_f_clpatraditionalwedding_d.png,12200359_f_clpatraditionalwedding_c.png,0,
12200466,샤인 스타 무대 의상 (남),12200388,126,204,247,72,94,168,12200388_M_CLPAIdolBand.gltf,12200388_m_clpaidolband_d.png,12200388_m_clpaidolband_c.png,0,
12200467,샤인 스타 무대 의상 (여),12200389,126,204,247,72,94,168,12200389_F_CLPAIdolBand.gltf,12200389_f_clpaidolband_d.png,12200389_f_clpaidolband_c.png,0,
12200468,동물의 왕 사자 슈트 (남),12200386,63,59,51,20,18,15,12200386_M_CLPALionDoll.gltf,12200386_c_clpaliondoll_d.png,12200386_c_clpaliondoll_d.png,0,
12200469,동물의 왕 사자 슈트 (여),12200387,63,59,51,20,18,15,12200387_F_CLPALionDoll.gltf,12200386_c_clpaliondoll_d.png,12200386_c_clpaliondoll_d.png,0,
12200470,생일 축하 리본 의상 (남),12200470,255,168,203,205,86,106,12200470_M_CLPABirthday01.gltf,12200470_m_clpabirthday01_d.png,12200470_m_clpabirthday01_c.png,0,
12200471,생일 축하 리본 의상 (여),12200471,255,168,203,205,86,106,12200471_F_CLPABirthday01.gltf,12200471_f_clpabirthday01_d.png,12200471_f_clpabirthday01_c.png,0,
12200472,냥냥 얼룩 고양이 슈트,12200339,63,59,51,20,18,15,12200339_F_CLPALeopardCat.gltf,12200340_c_clpaleopardcat_d.png,12200340_c_clpaleopardcat_d.png,0,
12200473,프릴 리본 블라우스 앤 스커트(여),12220320,170,47,47,96,19,19,12200473_F_CLPARibbonFrillSkirt.gltf,12200473_f_clparibbonfrillskirt_d.png,12200473_f_clparibbonfrillskirt_c.png,0,
12200474,메리메리 산타 코트 (남),12200333,170,47,47,96,19,19,12200333_M_CLPAChristmas01.gltf,12200333_m_clpachristmas01_d.png,12200333_m_clpachristmas01_c.png,0,
12200475,메리메리 산타 원피스 (여),12200334,170,47,47,96,19,19,12200334_F_CLPAChristmas01.gltf,12200334_f_clpachristmas01_d.png,12200334_f_clpachristmas01_c.png,0,
12200476,바니바니 오컬트 토끼 슈트,12200423,63,59,51,20,18,15,12200423_F_CLPADoll_Banny04.gltf,12200423_c_clpadoll_banny04_d.png,12200423_c_clpadoll_banny04_d.png,0,
12200477,바니바니 하얀 달토끼 슈트,12200421,63,59,51,20,18,15,12200421_F_CLPADoll_Banny02.gltf,12200421_c_clpadoll_banny02_d.png,12200421_c_clpadoll_banny02_d.png,0,
12200478,바니바니 점박이 토끼 슈트,12200422,63,59,51,20,18,15,12200422_F_CLPADoll_Banny03.gltf,12200422_c_clpadoll_banny03_d.png,12200422_c_clpadoll_banny03_d.png,0,
12200479,루즈핏 셔츠 스웨터 (남),12200407,126,204,247,72,94,168,12200407_M_CLPAKnitwear01.gltf,12200407_m_clpaknitwear01_d.png,12200407_m_clpaknitwear01_c.png,0,
12200480,루즈핏 셔츠 스웨터 (여),12200408,126,204,247,72,94,168,12200408_F_CLPAKnitwear01.gltf,12200408_f_clpaknitwear01_d.png,12200408_f_clpaknitwear01_c.png,0,
12200481,삐약삐약 노란 병아리 슈트,12200355,63,59,51,20,18,15,12200355_F_CLPAChick.gltf,12200355_c_clpachick_d.png,12200355_c_clpachick_d.png,0,
12200488,몽실 퍼 코트 (남),12200488,242,224,191,165,127,96,12200488_M_CLPAStarlightRabbit.gltf,12200488_m_clpastarlightrabbit_d.png,12200488_m_clpastarlightrabbit_c.png,0,
12200489,몽실 퍼 원피스 (여),12200489,242,224,191,165,127,96,12200489_F_CLPAStarlightRabbit.gltf,12200489_f_clpastarlightrabbit_d.png,12200489_f_clpastarlightrabbit_c.png,0,
12200490,키튼 메이드 클래식 전신 (남),12200490,76,105,181,23,40,79,12200490_M_CLPAMaid01.gltf,12200490_m_clpamaid01_d.png,12200490_m_clpamaid01_c.png,0,
12200491,키튼 메이드 프릴 원피스 (여),12200491,63,59,51,20,18,15,12200491_F_CLPAMaid01.gltf,12200491_f_clpamaid01_d.png,12200491_f_clpamaid01_c.png,0,
12200492,오리엔탈 엔젤 로브 (남),12200492,194,209,96,64,104,54,12200492_M_CLPAOrientalAngel.gltf,12200492_m_clpaorientalangel_d.png,12200492_m_clpaorientalangel_c.png,0,
12200493,오리엔탈 엔젤 드레스 (여),12200493,194,209,96,64,104,54,12200493_F_CLPAOrientalAngel.gltf,12200493_f_clpaorientalangel_d.png,12200493_f_clpaorientalangel_c.png,0,
12200494,천계의 선인 로브 (남),12200494,76,105,181,23,40,79,12200494_M_CLPAOrientalFairy.gltf,12200494_m_clpaorientalfairy_d.png,12200494_m_clpaorientalfairy_c.png,0,
12200495,천계의 선녀 드레스 (여),12200495,126,204,247,72,94,168,12200495_F_CLPAOrientalFairy.gltf,12200495_f_clpaorientalfairy_d.png,12200495_f_clpaorientalfairy_c.png,0,
12200496,분홍빛 열매 드레스,12200496,255,168,203,205,86,106,12200496_F_CLPAMIMAN01.gltf,12200496_f_clpamiman01_d.png,12200496_f_clpamiman01_c.png,0,
12200497,쫑즈 장식 고전 의상,12200497,76,105,181,23,40,79,12200497_M_CLPAMIMAN01.gltf,12200497_m_clpamiman01_d.png,12200497_m_clpamiman01_c.png,0,
12200498,완성된 힘의 마법사 전신옷,12200031,63,59,51,20,18,15,12200002_F_OPEsther.gltf,12200002_f_opesther_d.png,12200002_f_opesther_c.png,0,
12200499,완성된 힘의 궁수 전신옷,12200045,63,59,51,20,18,15,12200045_F_OPMilitiaCoat.gltf,12200045_f_opmilitiacoat_d.png,12200045_f_opmilitiacoat_c.png,0,
12200500,완성된 힘의 도적 전신옷,12200019,63,59,51,20,18,15,02200004_F_ChineseDress.gltf,02200004_f_chinesedress_d.png,02200004_f_chinesedress_c.png,0,
12200501,올림포스 이오닉 키톤(남),12200501,170,47,47,96,19,19,12200501_M_CLPAOlympos01.gltf,12200501_m_clpaolympos01_d.png,12200501_m_clpaolympos01_c.png,0,
12200502,올림포스 이오닉 키톤(여),12200502,170,47,47,96,19,19,12200502_F_CLPAOlympos01.gltf,12200502_f_clpaolympos01_d.png,12200502_f_clpaolympos01_c.png,0,
12200503,골든 리본 케이프 슈트 (남),12200503,62,73,117,27,26,48,12200503_M_CLPAValentine02.gltf,12200503_m_clpavalentine02_d.png,12200503_m_clpavalentine02_c.png,0,
12200504,골든 리본 케이프 원피스 (여),12200504,170,47,47,96,19,19,12200504_F_CLPAValentine02.gltf,12200504_f_clpavalentine02_d.png,12200504_f_clpavalentine02_c.png,0,
12200505,큐트 블러썸 롱코트 (남),12200505,126,204,247,72,94,168,12200505_M_CLPAGreenDay01.gltf,12200505_m_clpagreenday01_d.png,12200505_m_clpagreenday01_c.png,0,
12200506,큐트 블러썸 드레스 (여),12200506,126,204,247,72,94,168,12200506_F_CLPAGreenDay01.gltf,12200506_f_clpagreenday01_d.png,12200506_f_clpagreenday01_c.png,0,
12200507,청개굴 우비 (남),12200507,194,209,96,64,104,54,12200507_M_CLPAFrog.gltf,12200508_c_clpafrog_d.png,12200508_c_clpafrog_c.png,0,
12200508,청개굴 우비 (여),12200508,194,209,96,64,104,54,12200508_F_CLPAFrog.gltf,12200508_c_clpafrog_d.png,12200508_c_clpafrog_c.png,0,
12200509,마시멜로 벨티드 전신 (남),12200509,126,204,247,72,94,168,12200509_M_CLPALollipop.gltf,12200509_m_clpalollipop_d.png,12200509_c_clpalollipop_c.png,0,
12200510,마시멜로 벨티드 전신 (여),12200510,255,168,203,205,86,106,12200510_F_CLPALollipop.gltf,12200510_f_clpalollipop_d.png,12200509_c_clpalollipop_c.png,0,
12200511,브래스 스터드 슈트 (남),12200511,170,47,47,96,19,19,12200511_M_CLPABrassStud.gltf,12200511_m_clpabrassstud_d.png,12200511_m_clpabrassstud_c.png,0,
12200512,브래스 스터드 원피스 (여),12200512,170,47,47,96,19,19,12200512_F_CLPABrassStud.gltf,12200512_f_clpabrassstud_d.png,12200512_f_clpabrassstud_c.png,0,
12200513,메투날드 쇼츠 유니폼 (남),12200513,170,47,47,96,19,19,12200513_M_CLPAM2nald.gltf,12200513_m_clpam2nald_d.png,12200513_m_clpam2nald_c.png,0,
12200514,메투날드 원피스 유니폼 (여),12200514,170,47,47,96,19,19,12200514_F_CLPAM2nald.gltf,12200514_f_clpam2nald_d.png,12200514_f_clpam2nald_c.png,0,
12200515,쁘띠 스카프 셔츠 앤 팬츠 (남),12200515,76,105,181,23,40,79,12200515_M_CLPAPicnic01.gltf,12200515_m_clpapicnic01_d.png,12200515_m_clpapicnic01_c.png,0,
12200516,선샤인 프릴 원피스 (여),12200516,76,105,181,23,40,79,12200516_F_CLPAPicnic01.gltf,12200516_f_clpapicnic01_d.png,12200516_f_clpapicnic01_c.png,0,
12200517,클린 프릴드 셔츠 앤 팬츠(남),12220319,170,47,47,96,19,19,12200517_M_RibbonFrillSuit.gltf,12200517_m_ribbonfrillsuit_d.png,12200517_m_ribbonfrillsuit_c.png,0,
12200519,은하수 별빛 전신 (남),12200519,62,73,117,27,26,48,12200519_M_CLPAGalaxyFox.gltf,12200519_m_clpagalaxyfox_d.png,12200519_m_clpagalaxyfox_c.png,0,
12200520,은하수 별빛 드레스 (여),12200520,62,73,117,27,26,48,12200520_F_CLPAGalaxyFox.gltf,12200520_f_clpagalaxyfox_d.png,12200520_f_clpagalaxyfox_c.png,0,
12200521,디그니티 아머 슈트 (남),12200521,170,47,47,96,19,19,12200521_M_CLPAOrientalDignity.gltf,12200521_m_clpaorientaldignity_d.png,12200521_m_clpaorientaldignity_c.png,0,
12200522,디그니티 아머 슈트 (여),12200522,170,47,47,96,19,19,12200522_F_CLPAOrientalDignity.gltf,12200522_f_clpaorientaldignity_d.png,12200522_f_clpaorientaldignity_c.png,0,
12200523,눈꽃뭉치 코트 (남),12200523,147,226,242,89,153,165,12200523_M_CLPAEskimoWear.gltf,12200523_m_clpaeskimowear_d.png,12200523_m_clpaeskimowear_c.png,0,
12200524,눈꽃뭉치 코트 (여),12200524,147,226,242,89,153,165,12200524_F_CLPAEskimoWear.gltf,12200524_f_clpaeskimowear_d.png,12200524_f_clpaeskimowear_c.png,0,
12200525,머스커티어 로브 (남),12200525,62,73,117,27,26,48,12200525_M_CLPADartagnan.gltf,12200525_c_clpadartagnan_d.png,12200525_c_clpadartagnan_c.png,0,
12200526,머스커티어 로브 (여),12200526,62,73,117,27,26,48,12200526_F_CLPADartagnan.gltf,12200525_c_clpadartagnan_d.png,12200525_c_clpadartagnan_c.png,0,
12200527,펑키 네온 캣 슈트 (남),12200527,133,81,165,53,42,71,12200527_M_CLPAFunkyNeonCat.gltf,12200527_m_clpafunkyneoncat_d.png,12200527_m_clpafunkyneoncat_c.png,0,
12200528,펑키 네온 캣 슈트 (여),12200528,133,81,165,53,42,71,12200528_F_CLPAFunkyNeonCat.gltf,12200528_f_clpafunkyneoncat_d.png,12200528_f_clpafunkyneoncat_c.png,0,
12200529,쿨링쿨링 마린 슈트 (남),12200529,76,105,181,23,40,79,12200529_M_CLPAMarine02.gltf,12200529_m_clpamarine02_d.png,12200529_m_clpamarine02_c.png,0,
12200530,쿨링쿨링 마린 원피스 (여),12200530,76,105,181,23,40,79,12200530_F_CLPAMarine02.gltf,12200530_f_clpamarine02_d.png,12200530_f_clpamarine02_c.png,0,
12200531,펑키 카우보이 전신 (남),12200531,158,83,63,68,31,19,12200531_M_CLPACowPuncher.gltf,12200531_m_clpacowpuncher_d.png,12200531_m_clpacowpuncher_c.png,0,
12200532,펑키 카우보이 원피스 (여),12200532,158,83,63,68,31,19,12200532_F_CLPACowPuncher.gltf,12200532_f_clpacowpuncher_d.png,12200532_f_clpacowpuncher_c.png,0,
12200533,오드리 튜튜 발레 슈트 (남),12200533,76,105,181,23,40,79,12200533_M_CLPABallet01.gltf,12200533_m_clpaballet01_d.png,12200533_m_clpaballet01_c.png,0,
12200534,오드리 튜튜 발레 원피스 (여),12200534,76,105,181,23,40,79,12200534_F_CLPABallet01.gltf,12200534_f_clpaballet01_d.png,12200534_f_clpaballet01_c.png,0,
12200535,일루셔니스트 클래식 전신 (남),12200535,170,47,47,96,19,19,12200535_M_CLPAFairyMagician.gltf,12200535_m_clpafairymagician_d.png,12200535_m_clpafairymagician_c.png,0,
12200536,일루셔니스트 파티 드레스 (여),12200536,170,47,47,96,19,19,12200536_F_CLPAFairyMagician.gltf,12200536_f_clpafairymagician_d.png,12200536_f_clpafairymagician_c.png,0,
12200537,페리오닉 전통 의상 (남),12200537,147,226,242,89,153,165,12200537_M_CLPATraditionalNative01.gltf,12200537_m_clpatraditionalnative01_d.png,12200537_m_clpatraditionalnative01_c.png,0,
12200538,페리오닉 전통 의상 (여),12200538,147,226,242,89,153,165,12200538_F_CLPATraditionalNative01.gltf,12200538_f_clpatraditionalnative01_d.png,12200538_f_clpatraditionalnative01_c.png,0,
12200539,스노우 테일 슈트 (남),12200539,76,105,181,23,40,79,12200539_M_CLPAFrozen02.gltf,12200539_m_clpafrozen02_d.png,12200539_m_clpafrozen02_c.png,0,
12200540,스노우 테일 드레스 (여),12200540,76,105,181,23,40,79,12200540_F_CLPAFrozen02.gltf,12200540_f_clpafrozen02_d.png,12200540_f_clpafrozen02_c.png,0,
12200541,프론티어 재단 파티 테일코트 (남),12200541,119,147,68,32,51,30,12200541_M_CLPAFrontierFoundation.gltf,12200541_m_clpafrontierfoundation_d.png,12200541_m_clpafrontierfoundation_c.png,0,
12200542,프론티어 재단 파티 드레스 (여),12200542,133,81,165,53,42,71,12200542_F_CLPAFrontierFoundation.gltf,12200542_f_clpafrontierfoundation_d.png,12200542_f_clpafrontierfoundation_c.png,0,
12200543,타락천사 수트 (남),12200543,62,73,117,27,26,48,12200543_M_CLPALucifer.gltf,12200543_m_clpalucifer_d.png,12200543_m_clpalucifer_c.png,0,
12200544,타락천사 드레스 (여),12200544,62,73,117,27,26,48,12200544_F_CLPALucifer.gltf,12200544_f_clpalucifer_d.png,12200544_f_clpalucifer_c.png,0,
12200545,엘리트 어드벤쳐 매직 클로스 (위자드),12200031,63,59,51,20,18,15,12200002_F_OPEsther.gltf,12200002_f_opesther_d.png,12200002_f_opesther_c.png,0,
12200546,엘리트 어드벤쳐 매직 클로스 (프리스트),12200031,63,59,51,20,18,15,12200002_F_OPEsther.gltf,12200002_f_opesther_d.png,12200002_f_opesther_c.png,0,
12200547,엘리트 어드벤쳐 스카우트 코트 (레인저),12200045,63,59,51,20,18,15,12200045_F_OPMilitiaCoat.gltf,12200045_f_opmilitiacoat_d.png,12200045_f_opmilitiacoat_c.png,0,
12200548,엘리트 어드벤쳐 스카우트 코트 (헤비거너),12200045,63,59,51,20,18,15,12200045_F_OPMilitiaCoat.gltf,12200045_f_opmilitiacoat_d.png,12200045_f_opmilitiacoat_c.png,0,
12200549,엘리트 어드벤쳐 스니킹 슈츠 (시프),12200019,63,59,51,20,18,15,02200004_F_ChineseDress.gltf,02200004_f_chinesedress_d.png,02200004_f_chinesedress_c.png,0,
12200550,엘리트 어드벤쳐 스니킹 슈츠 (어쌔신),12200019,63,59,51,20,18,15,02200004_F_ChineseDress.gltf,02200004_f_chinesedress_d.png,02200004_f_chinesedress_c.png,0,
12200551,발랄한 멜빵 교복 (남),12200551,194,209,96,64,104,54,12200551_M_ZigzagRibbon.gltf,12200551_m_clpazigzagribbon_d.png,12200551_m_clpazigzagribbon_c.png,0,
12200552,발랄한 멜빵 교복 (여),12200552,194,209,96,64,104,54,12200552_F_ZigzagRibbon.gltf,12200552_f_clpazigzagribbon_d.png,12200552_f_clpazigzagribbon_c.png,0,
12200553,반짝별빛 코트 (남),12200553,76,105,181,23,40,79,12200553_M_CLPAStarAccessory.gltf,12200553_m_clpastaraccessory_d.png,12200553_m_clpastaraccessory_c.png,0,
12200554,반짝별빛 드레스 (여),12200554,76,105,181,23,40,79,12200554_F_CLPAStarAccessory.gltf,12200554_f_clpastaraccessory_d.png,12200554_f_clpastaraccessory_c.png,0,
12200555,몽달귀신의 으스스한 전신 (남),12200555,170,47,47,96,19,19,12200555_M_CLPAHalloween04.gltf,12200555_m_clpahalloween04_d.png,12200555_m_clpahalloween04_c.png,0,
12200556,처녀귀신의 부적 원피스 (여),12200556,170,47,47,96,19,19,12200556_F_CLPAHalloween04.gltf,12200556_f_clpahalloween04_d.png,12200556_f_clpahalloween04_c.png,0,
12200557,루미나리에 벨티드 수트 (남),12200557,76,105,181,23,40,79,12200557_M_CLPALuminous.gltf,12200557_m_clpaluminous_d.png,12200557_m_clpaluminous_c.png,0,
12200558,루미나리에 벨티트 수트 (여),12200558,76,105,181,23,40,79,12200558_F_CLPALuminous.gltf,12200558_f_clpaluminous_d.png,12200558_f_clpaluminous_c.png,0,
12200559,엘리트 어드벤쳐 매직 클로스 (위자드),12200031,63,59,51,20,18,15,12200002_F_OPEsther.gltf,12200002_f_opesther_d.png,12200002_f_opesther_c.png,0,
12200560,엘리트 어드벤쳐 매직 클로스 (프리스트),12200031,63,59,51,20,18,15,12200002_F_OPEsther.gltf,12200002_f_opesther_d.png,12200002_f_opesther_c.png,0,
12200561,엘리트 어드벤쳐 스카우트 코트 (레인저),12200045,63,59,51,20,18,15,12200045_F_OPMilitiaCoat.gltf,12200045_f_opmilitiacoat_d.png,12200045_f_opmilitiacoat_c.png,0,
12200562,엘리트 어드벤쳐 스카우트 코트 (헤비거너),12200045,63,59,51,20,18,15,12200045_F_OPMilitiaCoat.gltf,12200045_f_opmilitiacoat_d.png,12200045_f_opmilitiacoat_c.png,0,
12200563,엘리트 어드벤쳐 스니킹 슈츠 (시프),12200019,63,59,51,20,18,15,02200004_F_ChineseDress.gltf,02200004_f_chinesedress_d.png,02200004_f_chinesedress_c.png,0,
12200564,엘리트 어드벤쳐 스니킹 슈츠 (어쌔신),12200019,63,59,51,20,18,15,02200004_F_ChineseDress.gltf,02200004_f_chinesedress_d.png,02200004_f_chinesedress_c.png,0,
12200565,알파인 스키복 전신 (남),12200565,76,105,181,23,40,79,12200565_M_CLPASkiWear.gltf,12200565_c_clpaskiwear_d.png,12200565_c_clpaskiwear_c.png,0,
12200566,알파인 스키복 전신 (여),12200566,76,105,181,23,40,79,12200566_F_CLPASkiWear.gltf,12200565_c_clpaskiwear_d.png,12200565_c_clpaskiwear_c.png,0,
12200567,마법학교 수련생 전신 (남),12200567,76,105,181,23,40,79,12200567_M_CLPAMagicalSchool.gltf,12200567_m_clpamagicalschool_d.png,12200567_m_clpamagicalschool_c.png,0,
12200568,마법학교 수련생 전신 (여),12200568,76,105,181,23,40,79,12200568_F_CLPAMagicalSchool.gltf,12200568_f_clpamagicalschool_d.png,12200568_f_clpamagicalschool_c.png,0,
12200570,웨딩데이 진주 드레스 (여),12200570,230,230,230,150,150,150,12200570_F_CLPAWedding02.gltf,12200570_f_clpawedding02_d.png,12200570_f_clpawedding02_c.png,0,
12200571,바니 플라워 레이어드 전신 (남),12200571,255,168,203,205,86,106,12200571_M_CLPAFlowerRabbit.gltf,12200571_m_clpaflowerrabbit_d.png,12200571_m_clpaflowerrabbit_c.png,0,
12200572,바니 플라워 레이어드 원피스 (여),12200572,239,112,145,153,66,82,12200572_F_CLPAFlowerRabbit.gltf,12200572_f_clpaflowerrabbit_d.png,12200572_f_clpaflowerrabbit_c.png,0,
12200574,머스커티어 로브 (여),12200526,62,73,117,27,26,48,12200526_F_CLPADartagnan.gltf,12200525_c_clpadartagnan_d.png,12200525_c_clpadartagnan_c.png,0,
12200575,큐티 케이프 데님 전신 (남),12200575,76,105,181,23,40,79,12200575_M_CLPAChildren01.gltf,12200575_m_clpachildren01_d.png,12200575_m_clpachildren01_c.png,0,
12200576,큐티 케이프 데님 원피스 (여),12200576,76,105,181,23,40,79,12200576_F_CLPAChildren01.gltf,12200576_f_clpachildren01_d.png,12200576_f_clpachildren01_c.png,0,
12200577,우주비행사 수트 (남),12200577,230,230,230,150,150,150,12200577_M_CLPASpaceSuit01.gltf,12200577_c_clpaspacesuit01_d.png,12200577_c_clpaspacesuit01_c.png,0,
12200578,우주비행사 수트 (여),12200578,230,230,230,150,150,150,12200578_F_CLPASpaceSuit01.gltf,12200577_c_clpaspacesuit01_d.png,12200577_c_clpaspacesuit01_c.png,0,
12200579,트로피컬 데님 레이어드 전신 (남),12200579,126,204,247,72,94,168,12200579_M_CLPAResortWear.gltf,12200579_m_clparesortwear_d.png,12200579_m_clparesortwear_c.png,0,
12200580,트로피컬 오프숄더 전신 (여),12200580,126,204,247,72,94,168,12200580_F_CLPAResortWear.gltf,12200580_f_clparesortwear_d.png,12200580_f_clparesortwear_c.png,0,
12200581,해피 슬라임 캐쥬얼 슈트,12200303,126,204,247,72,94,168,12200303_F_CLPASlimeSuit.gltf,12200303_c_clpaslimesuit_d.png,12200303_c_clpaslimesuit_c.png,0,
12200582,오버 윈터 모직 숏코트 의상 (남),12200582,119,147,68,32,51,30,12200582_M_CLPAValentine03.gltf,12200582_m_clpavalentine03_d.png,12200582_m_clpavalentine03_c.png,0,
12200583,오버 윈터 모직 숏코트 의상 (여),12200583,119,147,68,32,51,30,12200583_F_CLPAValentine03.gltf,12200583_f_clpavalentine03_d.png,12200582_m_clpavalentine03_c.png,0,
12200584,챠밍 체크 교복 (남),12200584,62,73,117,27,26,48,12200584_M_CLPASchoolLook01.gltf,12200584_m_clpaschoollook01_d.png,12200584_m_clpaschoollook01_c.png,0,
12200585,챠밍 체크 교복 (여),12200585,62,73,117,27,26,48,12200585_F_CLPASchoolLook01.gltf,12200585_f_clpaschoollook01_d.png,12200585_f_clpaschoollook01_c.png,0,
12200586,아기 공룡 옷 (남),12200586,194,209,96,64,104,54,12200586_M_CLPADoll_Dinosaur01.gltf,12200586_c_clpadoll_dinosaur01_d.png,12200586_c_clpadoll_dinosaur01_c.png,0,
12200587,아기 공룡 옷 (여),12200587,194,209,96,64,104,54,12200587_F_CLPADoll_Dinosaur01.gltf,12200586_c_clpadoll_dinosaur01_d.png,12200586_c_clpadoll_dinosaur01_c.png,0,
12200588,정열의 마리아치 수트 (남),12200588,62,73,117,27,26,48,12200588_M_CLPATraditionalNative02.gltf,12200588_m_clpatraditionalnative02_d.png,12200588_m_clpatraditionalnative02_c.png,0,
12200589,정열의 프릴 리본 드레스 (여),12200589,170,47,47,96,19,19,12200589_F_CLPATraditionalNative02.gltf,12200589_f_clpatraditionalnative02_d.png,12200589_f_clpatraditionalnative02_c.png,0,
12200590,파자마 셔츠 앤 슬랙스 (남),12200590,62,73,117,27,26,48,12200590_M_CLPAOrdinary02.gltf,12200590_m_clpaordinary02_d.png,12200590_m_clpaordinary02_c.png,0,
12200591,오프 숄더 블라우스 전신 (여),12200591,255,168,203,205,86,106,12200591_F_CLPAOrdinary02.gltf,12200591_f_clpaordinary02_d.png,12200591_f_clpaordinary02_c.png,0,
12200648,아쿠아 썸머 비치 웨어 (남),12200648,76,105,181,23,40,79,12200648_M_CLPASwim05.gltf,12200648_m_clpaswim05_d.png,12200648_m_clpaswim05_c.png,0,
12200649,아쿠아 썸머 비치 웨어 (여),12200649,76,105,181,23,40,79,12200649_F_CLPASwim05.gltf,12200649_f_clpaswim05_d.png,12200649_f_clpaswim05_c.png,0,
12200650,체크 자켓 스키니 진 (남),12200650,132,130,120,68,68,65,12200650_M_CLPAOrdinary03.gltf,12200650_m_ordinary03_d.png,12200650_m_ordinary03_c.png,0,
12200651,체크 자켓 스키니 진 (여),12200651,132,130,120,68,68,65,12200651_F_CLPAOrdinary03.gltf,12200651_f_ordinary03_d.png,12200651_f_ordinary03_c.png,0,
12200652,해변의 낭만 비치 로브 (남),12200652,62,73,117,27,26,48,12200652_M_CLPASummer01.gltf,12200652_m_clpasummer01_d.png,12200652_c_clpasummer01_c.png,0,
12200653,해변의 낭만 비치 로브 (여),12200653,62,73,117,27,26,48,12200653_F_CLPASummer01.gltf,12200653_f_clpasummer01_d.png,12200652_c_clpasummer01_c.png,0,
12200654,여름 축제 의상 (남),12200654,126,204,247,72,94,168,12200654_M_CLPATraditionalNative03.gltf,12200654_m_clpatraditionalnative03_d.png,12200654_m_clpatraditionalnative03_c.png,0,
12200655,여름 축제 의상 (여),12200655,126,204,247,72,94,168,12200655_F_CLPATraditionalNative03.gltf,12200655_f_clpatraditionalnative03_d.png,12200655_f_clpatraditionalnative03_c.png,0,
12200656,일본 여름 전통 의상 (남),12200656,133,81,165,53,42,71,12200656_M_CLPATraditionalNative04.gltf,12200656_m_clpatraditionalnative04_d.png,12200656_m_clpatraditionalnative04_c.png,0,
12200657,일본 여름 전통 의상 (여),12200657,255,168,203,205,86,106,12200657_F_CLPATraditionalNative04.gltf,12200657_f_clpatraditionalnative04_d.png,12200657_f_clpatraditionalnative04_c.png,0,
12200659,웨딩데이 진주 드레스 (여),12200570,230,230,230,150,150,150,12200570_F_CLPAWedding02.gltf,12200570_f_clpawedding02_d.png,12200570_f_clpawedding02_c.png,0,
12200660,마법학교 수련생 전신 (남),12200567,76,105,181,23,40,79,12200567_M_CLPAMagicalSchool.gltf,12200567_m_clpamagicalschool_d.png,12200567_m_clpamagicalschool_c.png,0,
12200661,메이플 쿼터백 유니폼 (남),12200661,170,47,47,96,19,19,12200661_M_CLPAAmericanFootball01.gltf,12200661_c_clpaamericanfootball01_d.png,12200661_c_clpaamericanfootball01_c.png,0,
12200662,메이플 쿼터백 유니폼 (여),12200662,170,47,47,96,19,19,12200662_F_CLPAAmericanFootball01.gltf,12200661_c_clpaamericanfootball01_d.png,12200661_c_clpaamericanfootball01_c.png,0,
12200663,마법학교 수련생 전신 (여),12200568,76,105,181,23,40,79,12200568_F_CLPAMagicalSchool.gltf,12200568_f_clpamagicalschool_d.png,12200568_f_clpamagicalschool_c.png,0,
12200664,천계의 선인 로브 (남),12200494,76,105,181,23,40,79,12200494_M_CLPAOrientalFairy.gltf,12200494_m_clpaorientalfairy_d.png,12200494_m_clpaorientalfairy_c.png,0,
12200665,트라이아 궁중 셰프 유니폼 (남),12200665,119,147,68,32,51,30,12200665_M_CLPACook02.gltf,12200665_m_clpacook02_d.png,12200665_m_clpacook02_c.png,0,
12200666,트라이아 궁중 셰프 유니폼 (여),12200666,119,147,68,32,51,30,12200666_F_CLPACook02.gltf,12200666_f_clpacook02_d.png,12200666_f_clpacook02_c.png,0,
12200667,테크웨어 스카우트 전신 (남),12200667,170,47,47,96,19,19,12200667_M_CLPATechWear.gltf,12200667_c_clpatechwear_d.png,12200667_c_clpatechwear_c.png,0,
12200668,테크웨어 스카우트 전신 (여),12200668,170,47,47,96,19,19,12200668_F_CLPATechWear.gltf,12200667_c_clpatechwear_d.png,12200667_c_clpatechwear_c.png,0,
12200669,근육질 스커트 바니 슈트 (여),12200283,63,59,51,20,18,15,12200283_F_EventBanny_01.gltf,12200283_f_eventbanny_01_d.png,12200283_f_eventbanny_01_d.png,0,
12200670,근육질 스트라이프 바니 슈트 (여),12200284,63,59,51,20,18,15,12200284_F_EventBanny_02.gltf,12200284_f_eventbanny_02_d.png,12200284_f_eventbanny_02_d.png,0,
12200671,스커트 바니 슈트 (남),12200285,63,59,51,20,18,15,12200285_M_EventBanny_03.gltf,12200285_m_eventbanny_03_d.png,12200285_m_eventbanny_03_d.png,0,
12200672,스트라이프 바니 슈트 (남),12200286,63,59,51,20,18,15,12200286_M_EventBanny_04.gltf,12200286_m_eventbanny_04_d.png,12200286_m_eventbanny_04_d.png,0,
12200673,라인 후드 트레이닝복 전신 (남),12200673,133,81,165,53,42,71,12200673_M_LineHoodShorts.gltf,12200673_c_linehoodshorts_d.png,12200673_c_linehoodshorts_c.png,0,
12200674,라인 후드 트레이닝복 전신 (여),12200674,76,105,181,23,40,79,12200674_F_LineHoodShorts.gltf,12200673_c_linehoodshorts_d.png,12200673_c_linehoodshorts_c.png,0,
12200675,캐쥬얼 오버핏 청자켓 의상 (남),12200675,76,105,181,23,40,79,12200675_M_DenimJacketJean.gltf,12200675_c_denimjacketjean_d.png,12200675_c_denimjacketjean_c.png,0,
12200676,캐쥬얼 오버핏 청자켓 의상 (여),12200676,76,105,181,23,40,79,12200676_F_DenimJacketJean.gltf,12200675_c_denimjacketjean_d.png,12200675_c_denimjacketjean_c.png,0,
12200677,니트 베스트 세미 캐쥬얼 의상 (남),12200677,62,73,117,27,26,48,12200677_M_KnitVest.gltf,12200677_m_knitvest_d.png,12200677_m_knitvest_c.png,0,
12200678,니트 베스트 세미 캐쥬얼 의상 (여),12200678,62,73,117,27,26,48,12200678_F_KnitVest.gltf,12200678_f_knitvest_d.png,12200678_f_knitvest_c.png,0,
12200679,스트리트 데님 오버롤 (남),12200679,76,105,181,23,40,79,12200679_M_Overalls01.gltf,12200679_c_overalls01_d.png,12200679_c_overalls01_c.png,0,
12200680,스트리트 데님 오버롤 (여),12200680,76,105,181,23,40,79,12200680_F_Overalls01.gltf,12200679_c_overalls01_d.png,12200679_c_overalls01_c.png,0,
12200681,블랙 이너 셔츠 의상 (남),12200681,230,230,230,150,150,150,12200681_M_BlackInnerShirt.gltf,12200681_m_blackinnershirt_d.png,12200681_m_blackinnershirt_c.png,0,
12200682,블랙 이너 셔츠 의상 (여),12200682,230,230,230,150,150,150,12200682_F_BlackInnerShirt.gltf,12200682_f_blackinnershirt_d.png,12200682_f_blackinnershirt_c.png,0,
12200683,살랑 나비 수트 (남),12200683,244,189,88,163,121,39,12200683_M_CLPAGentlyButterfly.gltf,12200683_m_clpagentlybutterfly_d.png,12200683_m_clpagentlybutterfly_c.png,0,
12200684,살랑 나비 드레스 (여),12200684,244,189,88,163,121,39,12200684_F_CLPAGentlyButterfly.gltf,12200684_f_clpagentlybutterfly_d.png,12200684_f_clpagentlybutterfly_c.png,0,
12200685,팬시 고딕 파티 수트 (남),12200685,170,47,47,96,19,19,12200685_M_CLPAGothic02.gltf,12200685_m_clpagothic02_d.png,12200685_m_clpagothic02_c.png,0,
12200686,팬시 고딕 파티 드레스 (여),12200686,170,47,47,96,19,19,12200686_F_CLPAGothic02.gltf,12200686_f_clpagothic02_d.png,12200686_f_clpagothic02_c.png,0,
12200687,천계의 선녀 드레스 (여),12200495,126,204,247,72,94,168,12200495_F_CLPAOrientalFairy.gltf,12200495_f_clpaorientalfairy_d.png,12200495_f_clpaorientalfairy_c.png,0,
12200693,다크캣 펑키 교복 전신 (남),12200693,244,189,88,163,121,39,12200693_M_CLPASchoolLook02.gltf,12200693_m_clpaschoollook02_d.png,12200693_m_clpaschoollook02_c.png,0,
12200694,다크캣 펑키 교복 전신 (여),12200694,244,189,88,163,121,39,12200694_F_CLPASchoolLook02.gltf,12200694_f_clpaschoollook02_d.png,12200694_f_clpaschoollook02_c.png,0,
12200695,커닝 더블 트렌치 코트 (남),12200695,242,224,191,165,127,96,12200695_M_DoubleTrenchCoat.gltf,12200695_m_doubletrenchcoat_d.png,12200695_m_doubletrenchcoat_c.png,0,
12200696,커닝 더블 트렌치 코트 (여),12200696,242,224,191,165,127,96,12200696_F_DoubleTrenchCoat.gltf,12200696_f_doubletrenchcoat_d.png,12200696_f_doubletrenchcoat_c.png,0,
12200697,로열 다크니스 수트 (남),12200697,63,59,51,20,18,15,12200697_M_CLPADarkFantasy.gltf,12200697_m_clpadarkfantasy_d.png,12200697_m_clpadarkfantasy_c.png,0,
12200698,로열 다크니스 드레스 (여),12200698,63,59,51,20,18,15,12200698_F_CLPADarkFantasy.gltf,12200698_f_clpadarkfantasy_d.png,12200698_f_clpadarkfantasy_c.png,0,
12200701,겨울동화 눈꽃 수트 (남),12200701,76,105,181,23,40,79,12200701_M_CLPAFrozen03.gltf,12200701_m_clpafrozen03_d.png,12200701_m_clpafrozen03_c.png,0,
12200702,겨울동화 눈꽃 드레스 (여),12200702,76,105,181,23,40,79,12200702_F_CLPAFrozen03.gltf,12200702_f_clpafrozen03_d.png,12200702_f_clpafrozen03_c.png,0,
12200707,데님 오버롤 위드 후디 (남),12200707,170,47,47,96,19,19,12200707_M_CLPAOveralls02.gltf,12200707_m_clpaoveralls02_d.png,12200707_m_clpaoveralls02_c.png,0,
12200708,데님 오버롤 위드 후디 (여),12200708,170,47,47,96,19,19,12200708_F_CLPAOveralls02.gltf,12200708_f_clpaoveralls02_d.png,12200708_f_clpaoveralls02_c.png,0,
12200717,(PC방) 엘리트 어드벤쳐 매직 클로스 (위자드),12200031,63,59,51,20,18,15,12200002_F_OPEsther.gltf,12200002_f_opesther_d.png,12200002_f_opesther_c.png,0,
12200718,(PC방) 엘리트 어드벤쳐 매직 클로스 (프리스트),12200031,63,59,51,20,18,15,12200002_F_OPEsther.gltf,12200002_f_opesther_d.png,12200002_f_opesther_c.png,0,
12200719,(PC방) 엘리트 어드벤쳐 스카우트 코트 (레인저),12200045,63,59,51,20,18,15,12200045_F_OPMilitiaCoat.gltf,12200045_f_opmilitiacoat_d.png,12200045_f_opmilitiacoat_c.png,0,
12200720,(PC방) 엘리트 어드벤쳐 스카우트 코트 (헤비거너),12200045,63,59,51,20,18,15,12200045_F_OPMilitiaCoat.gltf,12200045_f_opmilitiacoat_d.png,12200045_f_opmilitiacoat_c.png,0,
12200721,(PC방) 엘리트 어드벤쳐 스니킹 슈츠 (시프),12200019,63,59,51,20,18,15,02200004_F_ChineseDress.gltf,02200004_f_chinesedress_d.png,02200004_f_chinesedress_c.png,0,
12200722,(PC방) 엘리트 어드벤쳐 스니킹 슈츠 (어쌔신),12200019,63,59,51,20,18,15,02200004_F_ChineseDress.gltf,02200004_f_chinesedress_d.png,02200004_f_chinesedress_c.png,0,
12200726,스페셜 웨딩 샤인 드레스 (여),12200726,63,59,51,20,18,15,12200570_F_CLPAWedding02.gltf,12200570_f_clpawedding02_d.png,12200570_f_clpawedding02_c.png,0,
12209999,블러드 레퀴엠 전신옷,12209999,63,59,51,20,18,15,12200004_F_OPBloodRequiem.gltf,12200004_f_opbloodrequiem_d.png,12200004_f_opbloodrequiem_c.png,0,
12220001,팬시 고딕 파티 수트 (남),12200685,170,47,47,96,19,19,12200685_M_CLPAGothic02.gltf,12200685_m_clpagothic02_d.png,12200685_m_clpagothic02_c.png,0,
12220002,팬시 고딕 파티 드레스 (여),12200686,170,47,47,96,19,19,12200686_F_CLPAGothic02.gltf,12200686_f_clpagothic02_d.png,12200686_f_clpagothic02_c.png,0,
12220003,다크캣 펑키 교복 전신 (남),12200693,244,189,88,163,121,39,12200693_M_CLPASchoolLook02.gltf,12200693_m_clpaschoollook02_d.png,12200693_m_clpaschoollook02_c.png,0,
12220004,다크캣 펑키 교복 전신 (여),12200694,244,189,88,163,121,39,12200694_F_CLPASchoolLook02.gltf,12200694_f_clpaschoollook02_d.png,12200694_f_clpaschoollook02_c.png,0,
12220005,테크웨어 스카우트 전신 (남),12200667,170,47,47,96,19,19,12200667_M_CLPATechWear.gltf,12200667_c_clpatechwear_d.png,12200667_c_clpatechwear_c.png,0,
12220006,테크웨어 스카우트 전신 (여),12200668,170,47,47,96,19,19,12200668_F_CLPATechWear.gltf,12200667_c_clpatechwear_d.png,12200667_c_clpatechwear_c.png,0,
12220007,유니콘 챔피언 아머 (남),12200663,255,168,203,205,86,106,12200663_M_CLPAUnicorn01.gltf,12200663_m_clpaunicorn01_d.png,12200663_c_clpaunicorn01_c.png,0,
12220008,유니콘 챔피언 아머 (여),12200664,255,168,203,205,86,106,12200664_F_CLPAUnicorn01.gltf,12200664_f_clpaunicorn01_d.png,12200663_c_clpaunicorn01_c.png,0,
12220009,스노우 테일 슈트 (남),12200539,76,105,181,23,40,79,12200539_M_CLPAFrozen02.gltf,12200539_m_clpafrozen02_d.png,12200539_m_clpafrozen02_c.png,0,
12220010,스노우 테일 드레스 (여),12200540,76,105,181,23,40,79,12200540_F_CLPAFrozen02.gltf,12200540_f_clpafrozen02_d.png,12200540_f_clpafrozen02_c.png,0,
12220013,메리메리 산타 코트 (남),12200333,170,47,47,96,19,19,12200333_M_CLPAChristmas01.gltf,12200333_m_clpachristmas01_d.png,12200333_m_clpachristmas01_c.png,0,
12220014,메리메리 산타 원피스 (여),12200334,170,47,47,96,19,19,12200334_F_CLPAChristmas01.gltf,12200334_f_clpachristmas01_d.png,12200334_f_clpachristmas01_c.png,0,
12220017,프로즌 리스플랜드 코트 (남),12200260,63,59,51,20,18,15,12200260_M_CLPAFrozenResplend.gltf,12200260_m_clpafrozenresplend_d.png,12200260_m_clpafrozenresplend_d.png,0,
12220018,프로즌 리스플랜드 원피스 (여),12200261,63,59,51,20,18,15,12200261_F_CLPAFrozenResplend.gltf,12200261_f_clpafrozenresplend_d.png,12200261_f_clpafrozenresplend_d.png,0,
12220019,모던 한복 두루마기 (남),12220019,170,47,47,96,19,19,12220019_M_CLPAHanbok04.gltf,12220019_m_clpahanbok04_d.png,12220019_m_clpahanbok04_c.png,0,
12220020,모던 한복 원피스 (여),12220020,170,47,47,96,19,19,12220020_F_CLPAHanbok04.gltf,12220020_f_clpahanbok04_d.png,12220020_f_clpahanbok04_c.png,0,
12220021,은하수 별빛 전신 (남),12200519,62,73,117,27,26,48,12200519_M_CLPAGalaxyFox.gltf,12200519_m_clpagalaxyfox_d.png,12200519_m_clpagalaxyfox_c.png,0,
12220022,은하수 별빛 드레스 (여),12200520,62,73,117,27,26,48,12200520_F_CLPAGalaxyFox.gltf,12200520_f_clpagalaxyfox_d.png,12200520_f_clpagalaxyfox_c.png,0,
12220023,발렌타인 니트 의상 (남),12220023,170,47,47,96,19,19,12200729_M_CLPAValentine04.gltf,12200729_m_clpavalentine04_d.png,12200729_m_clpavalentine04_c.png,0,
12220024,발렌타인 원피스 의상 (여),12220024,63,59,51,20,18,15,12200730_F_CLPAValentine04.gltf,12200730_f_clpavalentine04_d.png,12200730_f_clpavalentine04_c.png,0,
12220025,스칼렛 클래식 코트 (남),12200360,170,47,47,96,19,19,12200360_M_CLPAValentine01.gltf,12200360_m_clpavalentine01_d.png,12200360_m_clpavalentine01_c.png,0,
12220026,스칼렛 프리마 드레스 (여),12200361,170,47,47,96,19,19,12200361_F_CLPAValentine01.gltf,12200361_f_clpavalentine01_d.png,12200361_f_clpavalentine01_c.png,0,
12220027,코튼 캔디 파자마 전신 (남),12220027,255,168,203,205,86,106,12220027_M_CLPAPajamas02.gltf,12220027_m_clpapajamas02_d.png,12220027_m_clpapajamas02_c.png,0,
12220028,코튼 캔디 파자마 전신 (여),12220028,255,168,203,205,86,106,12220028_F_CLPAPajamas02.gltf,12220028_f_clpapajamas02_d.png,12220028_f_clpapajamas02_c.png,0,
12220029,키튼 메이드 클래식 전신 (남),12200490,76,105,181,23,40,79,12200490_M_CLPAMaid01.gltf,12200490_m_clpamaid01_d.png,12200490_m_clpamaid01_c.png,0,
12220030,키튼 메이드 프릴 원피스 (여),12200491,63,59,51,20,18,15,12200491_F_CLPAMaid01.gltf,12200491_f_clpamaid01_d.png,12200491_f_clpamaid01_c.png,0,
12220031,해피 멜로디 큐트 수트 (남),12220031,239,112,145,153,66,82,12220031_M_CLPAIdol02.gltf,12220031_m_clpaidol02_d.png,12220031_m_clpaidol02_c.png,0,
12220032,해피 멜로디 큐트 원피스 (여),12220032,239,112,145,153,66,82,12220032_F_CLPAIdol02.gltf,12220032_f_clpaidol02_d.png,12220032_f_clpaidol02_c.png,0,
12220033,큐트 블러썸 롱코트 (남),12200505,126,204,247,72,94,168,12200505_M_CLPAGreenDay01.gltf,12200505_m_clpagreenday01_d.png,12200505_m_clpagreenday01_c.png,0,
12220034,큐트 블러썸 드레스 (여),12200506,126,204,247,72,94,168,12200506_F_CLPAGreenDay01.gltf,12200506_f_clpagreenday01_d.png,12200506_f_clpagreenday01_c.png,0,
12220035,살랑 나비 수트 (남),12200683,244,189,88,163,121,39,12200683_M_CLPAGentlyButterfly.gltf,12200683_m_clpagentlybutterfly_d.png,12200683_m_clpagentlybutterfly_c.png,0,
12220036,살랑 나비 드레스 (여),12200684,244,189,88,163,121,39,12200684_F_CLPAGentlyButterfly.gltf,12200684_f_clpagentlybutterfly_d.png,12200684_f_clpagentlybutterfly_c.png,0,
12220037,바니 플라워 레이어드 전신 (남),12200571,255,168,203,205,86,106,12200571_M_CLPAFlowerRabbit.gltf,12200571_m_clpaflowerrabbit_d.png,12200571_m_clpaflowerrabbit_c.png,0,
12220038,바니 플라워 레이어드 원피스 (여),12200572,239,112,145,153,66,82,12200572_F_CLPAFlowerRabbit.gltf,12200572_f_clpaflowerrabbit_d.png,12200572_f_clpaflowerrabbit_c.png,0,
12220039,레드 후드 전신 (남),12220039,119,147,68,32,51,30,12220039_M_CLPAFairyTale01.gltf,12220039_m_clpafairytale01_d.png,12220039_m_clpafairytale01_c.png,0,
12220040,레드 후드 전신 (여),12220040,170,47,47,96,19,19,12220040_F_CLPAFairyTale01.gltf,12220040_f_clpafairytale01_d.png,12220040_f_clpafairytale01_c.png,0,
12220041,포멀 웨딩 턱시도 (남),12200281,230,230,230,150,150,150,12200281_M_CLPAFormalWeddingSuit.gltf,12200281_m_clpaformalweddingsuit_d.png,12200281_m_clpaformalweddingsuit_c.png,0,
12220042,쁘띠 로즈 웨딩 드레스 (여),12200282,126,204,247,72,94,168,12200282_F_CLPAPetitRoseWeddingDress.gltf,12200282_f_clpapetitroseweddingdress_d.png,12200282_f_clpapetitroseweddingdress_c.png,0,
12220043,하트 서스펜더 셔츠 앤 팬츠 (남),12220043,63,59,51,20,18,15,12220043_M_CLPAIdol04.gltf,12220043_m_clpaidol04_d.png,12220043_m_clpaidol04_c.png,0,
12220044,하트 서스펜더 플리츠 원피스 (여),12220044,63,59,51,20,18,15,12220044_F_CLPAIdol04.gltf,12220044_f_clpaidol04_d.png,12220044_f_clpaidol04_c.png,0,
12220045,샤인 스타 무대 의상 (남),12200388,126,204,247,72,94,168,12200388_M_CLPAIdolBand.gltf,12200388_m_clpaidolband_d.png,12200388_m_clpaidolband_c.png,0,
12220046,샤인 스타 무대 의상 (여),12200389,126,204,247,72,94,168,12200389_F_CLPAIdolBand.gltf,12200389_f_clpaidolband_d.png,12200389_f_clpaidolband_c.png,0,
12220047,팡팡 피에로 크라운 수트 (남),12220047,133,81,165,53,42,71,12220047_M_CLPAMagician02.gltf,12220047_m_clpamagician02_d.png,12220047_m_clpamagician02_c.png,0,
12220048,팡팡 피에로 크라운 드레스 (여),12220048,133,81,165,53,42,71,12220048_F_CLPAMagician02.gltf,12220048_f_clpamagician02_d.png,12220048_f_clpamagician02_c.png,0,
12220049,큐티 케이프 데님 전신 (남),12200575,76,105,181,23,40,79,12200575_M_CLPAChildren01.gltf,12200575_m_clpachildren01_d.png,12200575_m_clpachildren01_c.png,0,
12220050,큐티 케이프 데님 원피스 (여),12200576,76,105,181,23,40,79,12200576_F_CLPAChildren01.gltf,12200576_f_clpachildren01_d.png,12200576_f_clpachildren01_c.png,0,
12220051,달콤한 디저트 세일러 전신 (남),12220051,255,168,203,205,86,106,12220051_M_CLPAFood02.gltf,12220051_m_clpafood02_d.png,12220051_m_clpafood02_c.png,0,
12220052,달콤한 디저트 세일러 드레스 (여),12220052,255,168,203,205,86,106,12220052_F_CLPAFood02.gltf,12220052_f_clpafood02_d.png,12220052_f_clpafood02_c.png,0,
12220053,나비 군주 수트 (남),12220053,170,47,47,96,19,19,12200659_M_CLPABlackButterfly.gltf,12200659_m_clpablackbutterfly_d.png,12200659_m_clpablackbutterfly_c.png,0,
12220055,갈매기 해적단 수트 (남),12220055,76,105,181,23,40,79,12220055_M_CLPAMarine03.gltf,12220055_m_clpamarine03_d.png,12220055_m_clpamarine03_c.png,0,
12220056,갈매기 해적단 수트 (여),12220056,76,105,181,23,40,79,12220056_F_CLPAMarine03.gltf,12220056_f_clpamarine03_d.png,12220056_f_clpamarine03_c.png,0,
12220057,펑키 카우보이 전신 (남),12200531,158,83,63,68,31,19,12200531_M_CLPACowPuncher.gltf,12200531_m_clpacowpuncher_d.png,12200531_m_clpacowpuncher_c.png,0,
12220058,펑키 카우보이 원피스 (여),12200532,158,83,63,68,31,19,12200532_F_CLPACowPuncher.gltf,12200532_f_clpacowpuncher_d.png,12200532_f_clpacowpuncher_c.png,0,
12220059,스트리트 래퍼 전신 (남),12220059,126,204,247,72,94,168,12220059_M_CLPAIdol03.gltf,12220059_m_clpaidol03_d.png,12220059_m_clpaidol03_c.png,0,
12220060,스트리트 래퍼 전신 (여),12220060,126,204,247,72,94,168,12220060_F_CLPAIdol03.gltf,12220060_f_clpaidol03_d.png,12220060_f_clpaidol03_c.png,0,
12220061,우주비행사 수트 (남),12200577,230,230,230,150,150,150,12200577_M_CLPASpaceSuit01.gltf,12200577_c_clpaspacesuit01_d.png,12200577_c_clpaspacesuit01_c.png,0,
12220062,우주비행사 수트 (여),12200578,230,230,230,150,150,150,12200578_F_CLPASpaceSuit01.gltf,12200577_c_clpaspacesuit01_d.png,12200577_c_clpaspacesuit01_c.png,0,
12220063,푸른 바다 소년 수트 (남),12220063,126,204,247,72,94,168,12220063_M_CLPAMarine04.gltf,12220063_m_clpamarine04_d.png,12220063_m_clpamarine04_c.png,0,
12220064,푸른 바다 소녀 원피스 (여),12220064,126,204,247,72,94,168,12220064_F_CLPAMarine04.gltf,12220064_f_clpamarine04_d.png,12220064_f_clpamarine04_c.png,0,
12220065,트로피컬 데님 레이어드 전신 (남),12200579,126,204,247,72,94,168,12200579_M_CLPAResortWear.gltf,12200579_m_clparesortwear_d.png,12200579_m_clparesortwear_c.png,0,
12220066,트로피컬 오프숄더 전신 (여),12200580,126,204,247,72,94,168,12200580_F_CLPAResortWear.gltf,12200580_f_clparesortwear_d.png,12200580_f_clparesortwear_c.png,0,
12220067,프레쉬 썸머 자켓 (남),12220067,194,209,96,64,104,54,12220067_M_CLPASwim06.gltf,12220067_m_clpaswim06_d.png,12220067_m_clpaswim06_c.png,0,
12220068,프레쉬 썸머 로브 (여),12220068,244,189,88,163,121,39,12220068_F_CLPASwim06.gltf,12220068_f_clpaswim06_d.png,12220068_f_clpaswim06_c.png,0,
12220069,쿨링쿨링 마린 슈트 (남),12200529,76,105,181,23,40,79,12200529_M_CLPAMarine02.gltf,12200529_m_clpamarine02_d.png,12200529_m_clpamarine02_c.png,0,
12220070,쿨링쿨링 마린 원피스 (여),12200530,76,105,181,23,40,79,12200530_F_CLPAMarine02.gltf,12200530_f_clpamarine02_d.png,12200530_f_clpamarine02_c.png,0,
12220077,마법학교 수련생 전신 (남),12200567,76,105,181,23,40,79,12200567_M_CLPAMagicalSchool.gltf,12200567_m_clpamagicalschool_d.png,12200567_m_clpamagicalschool_c.png,0,
12220078,마법학교 수련생 전신 (여),12200568,76,105,181,23,40,79,12200568_F_CLPAMagicalSchool.gltf,12200568_f_clpamagicalschool_d.png,12200568_f_clpamagicalschool_c.png,0,
12220081,중세 귀족 슈트 (남),12200428,62,73,117,27,26,48,12200428_M_CLPARococo01.gltf,12200428_m_clparococo01_d.png,12200428_m_clparococo01_c.png,0,
12220082,중세 리본 드레스 (여),12200429,244,189,88,163,121,39,12200429_F_CLPARococo01.gltf,12200429_f_clparococo01_d.png,12200429_f_clparococo01_c.png,0,
12220083,스위트 컵케이크 셔츠 앤 팬츠 (남),12220083,239,112,145,153,66,82,12220083_M_CLPAFood01.gltf,12220083_c_clpafood01_d.png,12220083_c_clpafood01_c.png,0,
12220084,스위트 컵케이크 셔츠 앤 팬츠 (여),12220084,239,112,145,153,66,82,12220084_F_CLPAFood01.gltf,12220083_c_clpafood01_d.png,12220083_c_clpafood01_c.png,0,
12220089,고딕 리본 레이스 코트 (남),12200287,63,59,51,20,18,15,12200287_M_CLPAGothicLaceCoat.gltf,12200287_m_clpagothiclacecoat_d.png,12200287_m_clpagothiclacecoat_c.png,0,
12220090,고딕 리본 레이스 드레스 (여),12200288,63,59,51,20,18,15,12200288_F_CLPAGothicLaceCoat.gltf,12200288_f_clpagothiclacecoat_d.png,12200288_f_clpagothiclacecoat_c.png,0,
12220091,펌킨 할로 수트 (남),12220091,249,137,77,147,60,20,12220091_M_CLPAHalloween06.gltf,12220091_m_clpahalloween06_d.png,12220091_m_clpahalloween06_c.png,0,
12220092,펌킨 할로 드레스 (여),12220092,249,137,77,147,60,20,12220092_F_CLPAHalloween06.gltf,12220092_f_clpahalloween06_d.png,12220092_f_clpahalloween06_c.png,0,
12220093,블러디 나이트 코트 (남),12200317,170,47,47,96,19,19,12200317_M_CLPAVampire.gltf,12200317_m_clpavampire_d.png,12200317_m_clpavampire_c.png,0,
12220094,블러디 퀸 드레스 (여),12200318,170,47,47,96,19,19,12200318_F_CLPAVampire.gltf,12200318_f_clpavampire_d.png,12200318_f_clpavampire_c.png,0,
12220095,츄츄 빅 루즈 셔츠 (남),12200308,63,59,51,20,18,15,12200308_M_CLPASexyMoeShirt.gltf,12200308_c_clpasexymoeshirt_d.png,12200308_c_clpasexymoeshirt_c.png,0,
12220096,츄츄 빅 루즈 셔츠 (여),12200309,239,112,145,153,66,82,12200309_F_CLPASexyMoeShirt.gltf,12200308_c_clpasexymoeshirt_d.png,12200308_c_clpasexymoeshirt_c.png,0,
12220097,마시멜로 벨티드 전신 (남),12200509,126,204,247,72,94,168,12200509_M_CLPALollipop.gltf,12200509_m_clpalollipop_d.png,12200509_c_clpalollipop_c.png,0,
12220098,마시멜로 벨티드 전신 (여),12200510,255,168,203,205,86,106,12200510_F_CLPALollipop.gltf,12200510_f_clpalollipop_d.png,12200509_c_clpalollipop_c.png,0,
12220099,오버 윈터 모직 숏코트 의상 (남),12200582,119,147,68,32,51,30,12200582_M_CLPAValentine03.gltf,12200582_m_clpavalentine03_d.png,12200582_m_clpavalentine03_c.png,0,
12220100,오버 윈터 모직 숏코트 의상 (여),12200583,119,147,68,32,51,30,12200583_F_CLPAValentine03.gltf,12200583_f_clpavalentine03_d.png,12200582_m_clpavalentine03_c.png,0,
12220101,해피 크리스마스 홈웨어 전신 (남),12220101,119,147,68,32,51,30,12200687_M_CLPAChristmas03.gltf,12200687_m_clpachristmas03_d.png,12200687_m_clpachristmas03_c.png,0,
12220102,해피 크리스마스 홈웨어 전신 (여),12220102,119,147,68,32,51,30,12200688_F_CLPAChristmas03.gltf,12200688_f_clpachristmas03_d.png,12200688_f_clpachristmas03_c.png,0,
12220103,앙큼 생쥐 수트 (남),12200691,132,130,120,68,68,65,12200691_M_CLPADoll_Mouse01.gltf,12200691_c_clpadoll_mouse01_d.png,12200691_c_clpadoll_mouse01_c.png,0,
12220104,앙큼 생쥐 수트 (여),12200692,132,130,120,68,68,65,12200692_F_CLPADoll_Mouse01.gltf,12200691_c_clpadoll_mouse01_d.png,12200691_c_clpadoll_mouse01_c.png,0,
12220105,몽실 퍼 코트 (남),12200488,242,224,191,165,127,96,12200488_M_CLPAStarlightRabbit.gltf,12200488_m_clpastarlightrabbit_d.png,12200488_m_clpastarlightrabbit_c.png,0,
12220106,몽실 퍼 원피스 (여),12200489,242,224,191,165,127,96,12200489_F_CLPAStarlightRabbit.gltf,12200489_f_clpastarlightrabbit_d.png,12200489_f_clpastarlightrabbit_c.png,0,
12220107,닥터 하트 가운 (남),12200699,147,226,242,89,153,165,12200699_M_CLPAHospital01.gltf,12200699_c_clpahospital01_d.png,12200699_c_clpahospital01_c.png,0,
12220108,닥터 하트 가운 (여),12200700,147,226,242,89,153,165,12200700_F_CLPAHospital01.gltf,12200699_c_clpahospital01_d.png,12200699_c_clpahospital01_c.png,0,
12220109,코코 퍼피 밴딩 쇼츠 (남),12200424,126,204,247,72,94,168,12200424_M_CLPAPuppy01.gltf,12200424_m_clpapuppy01_d.png,12200424_m_clpapuppy01_c.png,0,
12220110,코코 퍼피 원피스 (여),12200425,126,204,247,72,94,168,12200425_F_CLPAPuppy01.gltf,12200425_f_clpapuppy01_d.png,12200425_f_clpapuppy01_c.png,0,
12220111,트윙클 스타 교복 (남),12200273,255,168,203,205,86,106,12200273_M_CLPATwinkleStar.gltf,12200273_m_clpatwinklestar_d.png,12200273_m_clpatwinklestar_c.png,0,
12220112,트윙클 스타 교복 (여),12200274,255,168,203,205,86,106,12200274_F_CLPATwinkleStar.gltf,12200274_f_clpatwinklestar_d.png,12200274_f_clpatwinklestar_c.png,0,
12220113,챠밍 체크 교복 (남),12200584,62,73,117,27,26,48,12200584_M_CLPASchoolLook01.gltf,12200584_m_clpaschoollook01_d.png,12200584_m_clpaschoollook01_c.png,0,
12220114,챠밍 체크 교복 (여),12200585,62,73,117,27,26,48,12200585_F_CLPASchoolLook01.gltf,12200585_f_clpaschoollook01_d.png,12200585_f_clpaschoollook01_c.png,0,
12220115,트라이아 궁중 화가 앞치마 (남),12220115,76,105,181,23,40,79,12200705_M_CLPAArtist01.gltf,12200705_c_clpaartist01_d.png,12200705_c_clpaartist01_c.png,0,
12220116,트라이아 궁중 화가 앞치마 (여),12220116,76,105,181,23,40,79,12200706_F_CLPAArtist01.gltf,12200705_c_clpaartist01_d.png,12200705_c_clpaartist01_c.png,0,
12220117,정열의 마리아치 수트 (남),12200588,62,73,117,27,26,48,12200588_M_CLPATraditionalNative02.gltf,12200588_m_clpatraditionalnative02_d.png,12200588_m_clpatraditionalnative02_c.png,0,
12220118,정열의 프릴 리본 드레스 (여),12200589,170,47,47,96,19,19,12200589_F_CLPATraditionalNative02.gltf,12200589_f_clpatraditionalnative02_d.png,12200589_f_clpatraditionalnative02_c.png,0,
12220119,통통 바니 오버핏 니트 슈트 (남),12200384,126,204,247,72,94,168,12200384_M_CLPAAmusementPark.gltf,12200384_m_clpaamusementpark_d.png,12200384_m_clpaamusementpark_c.png,0,
12220120,통통 바니 오버핏 셔츠 슈트 (여),12200385,126,204,247,72,94,168,12200385_F_CLPAAmusementPark.gltf,12200385_f_clpaamusementpark_d.png,12200385_f_clpaamusementpark_c.png,0,
12220121,통통 핑크빈 슈트 (남),12200392,63,59,51,20,18,15,12200392_M_CLPAPinkbean01.gltf,12200392_c_clpapinkbean01_d.png,12200392_c_clpapinkbean01_d.png,0,
12220122,통통 핑크빈 슈트 (여),12200393,63,59,51,20,18,15,12200393_F_CLPAPinkbean01.gltf,12200392_c_clpapinkbean01_d.png,12200392_c_clpapinkbean01_d.png,0,
12220123,청개굴 우비 (남),12200507,194,209,96,64,104,54,12200507_M_CLPAFrog.gltf,12200508_c_clpafrog_d.png,12200508_c_clpafrog_c.png,0,
12220124,청개굴 우비 (여),12200508,194,209,96,64,104,54,12200508_F_CLPAFrog.gltf,12200508_c_clpafrog_d.png,12200508_c_clpafrog_c.png,0,
12220125,쁘띠 스카프 셔츠 앤 팬츠 (남),12200515,76,105,181,23,40,79,12200515_M_CLPAPicnic01.gltf,12200515_m_clpapicnic01_d.png,12200515_m_clpapicnic01_c.png,0,
12220126,선샤인 프릴 원피스 (여),12200516,76,105,181,23,40,79,12200516_F_CLPAPicnic01.gltf,12200516_f_clpapicnic01_d.png,12200516_f_clpapicnic01_c.png,0,
12220127,아쿠아 썸머 비치 웨어 (남),12200648,76,105,181,23,40,79,12200648_M_CLPASwim05.gltf,12200648_m_clpaswim05_d.png,12200648_m_clpaswim05_c.png,0,
12220128,아쿠아 썸머 비치 웨어 (여),12200649,76,105,181,23,40,79,12200649_F_CLPASwim05.gltf,12200649_f_clpaswim05_d.png,12200649_f_clpaswim05_c.png,0,
12220129,해변의 낭만 비치 로브 (남),12200652,62,73,117,27,26,48,12200652_M_CLPASummer01.gltf,12200652_m_clpasummer01_d.png,12200652_c_clpasummer01_c.png,0,
12220130,해변의 낭만 비치 로브 (여),12200653,62,73,117,27,26,48,12200653_F_CLPASummer01.gltf,12200653_f_clpasummer01_d.png,12200652_c_clpasummer01_c.png,0,
12220131,아기 공룡 옷 (남),12200586,194,209,96,64,104,54,12200586_M_CLPADoll_Dinosaur01.gltf,12200586_c_clpadoll_dinosaur01_d.png,12200586_c_clpadoll_dinosaur01_c.png,0,
12220132,아기 공룡 옷 (여),12200587,194,209,96,64,104,54,12200587_F_CLPADoll_Dinosaur01.gltf,12200586_c_clpadoll_dinosaur01_d.png,12200586_c_clpadoll_dinosaur01_c.png,0,
12220133,스트리트 훕 유니폼 (남),12220133,170,47,47,96,19,19,12200689_M_CLPASports03.gltf,12200689_c_clpasports03_d.png,12200689_c_clpasports03_c.png,0,
12220134,스트리트 훕 유니폼 (여),12220134,170,47,47,96,19,19,12200690_F_CLPASports03.gltf,12200689_c_clpasports03_d.png,12200689_c_clpasports03_c.png,0,
12220135,메투날드 쇼츠 유니폼 (남),12200513,170,47,47,96,19,19,12200513_M_CLPAM2nald.gltf,12200513_m_clpam2nald_d.png,12200513_m_clpam2nald_c.png,0,
12220136,메투날드 원피스 유니폼 (여),12200514,170,47,47,96,19,19,12200514_F_CLPAM2nald.gltf,12200514_f_clpam2nald_d.png,12200514_f_clpam2nald_c.png,0,
12220137,우주비행사 수트 (남),12200577,230,230,230,150,150,150,12200577_M_CLPASpaceSuit01.gltf,12200577_c_clpaspacesuit01_d.png,12200577_c_clpaspacesuit01_c.png,0,
12220138,우주비행사 수트 (여),12200578,230,230,230,150,150,150,12200578_F_CLPASpaceSuit01.gltf,12200577_c_clpaspacesuit01_d.png,12200577_c_clpaspacesuit01_c.png,0,
12220142,용감한 더키 소방대원 방화복 (여),12220141,249,137,77,147,60,20,12200704_F_CLPAFireFighter01.gltf,12200703_c_clpafirefighter01_d.png,12200703_c_clpafirefighter01_c.png,0,
12220143,캐쥬얼 오버핏 청자켓 의상 (남),12200675,76,105,181,23,40,79,12200675_M_DenimJacketJean.gltf,12200675_c_denimjacketjean_d.png,12200675_c_denimjacketjean_c.png,0,
12220144,캐쥬얼 오버핏 청자켓 의상 (여),12200676,76,105,181,23,40,79,12200676_F_DenimJacketJean.gltf,12200675_c_denimjacketjean_d.png,12200675_c_denimjacketjean_c.png,0,
12220145,챠밍 체크 교복 (남),12200584,62,73,117,27,26,48,12200584_M_CLPASchoolLook01.gltf,12200584_m_clpaschoollook01_d.png,12200584_m_clpaschoollook01_c.png,0,
12220146,챠밍 체크 교복 (여),12200585,62,73,117,27,26,48,12200585_F_CLPASchoolLook01.gltf,12200585_f_clpaschoollook01_d.png,12200585_f_clpaschoollook01_c.png,0,
12220147,통통 바니 오버핏 니트 슈트 (남),12200384,126,204,247,72,94,168,12200384_M_CLPAAmusementPark.gltf,12200384_m_clpaamusementpark_d.png,12200384_m_clpaamusementpark_c.png,0,
12220148,통통 바니 오버핏 셔츠 슈트 (여),12200385,126,204,247,72,94,168,12200385_F_CLPAAmusementPark.gltf,12200385_f_clpaamusementpark_d.png,12200385_f_clpaamusementpark_c.png,0,
12220149,코튼 캔디 파자마 전신 (남),12220027,255,168,203,205,86,106,12220027_M_CLPAPajamas02.gltf,12220027_m_clpapajamas02_d.png,12220027_m_clpapajamas02_c.png,0,
12220150,코튼 캔디 파자마 전신 (여),12220028,255,168,203,205,86,106,12220028_F_CLPAPajamas02.gltf,12220028_f_clpapajamas02_d.png,12220028_f_clpapajamas02_c.png,0,
12220151,큐티 케이프 데님 전신 (남),12200575,76,105,181,23,40,79,12200575_M_CLPAChildren01.gltf,12200575_m_clpachildren01_d.png,12200575_m_clpachildren01_c.png,0,
12220152,해골 전신 타이즈 (여),12200018,170,47,47,96,19,19,02200003_F_SkeletonTaizz.gltf,02200003_f_skeletontaizz_d.png,02200003_f_skeletontaizz_c.png,0,
12220153,큐티 케이프 데님 원피스 (여),12200576,76,105,181,23,40,79,12200576_F_CLPAChildren01.gltf,12200576_f_clpachildren01_d.png,12200576_f_clpachildren01_c.png,0,
12220154,앙큼 생쥐 수트 (남),12200691,132,130,120,68,68,65,12200691_M_CLPADoll_Mouse01.gltf,12200691_c_clpadoll_mouse01_d.png,12200691_c_clpadoll_mouse01_c.png,0,
12220155,앙큼 생쥐 수트 (여),12200692,132,130,120,68,68,65,12200692_F_CLPADoll_Mouse01.gltf,12200691_c_clpadoll_mouse01_d.png,12200691_c_clpadoll_mouse01_c.png,0,
12220156,츄츄 빅 루즈 셔츠 (남),12200308,63,59,51,20,18,15,12200308_M_CLPASexyMoeShirt.gltf,12200308_c_clpasexymoeshirt_d.png,12200308_c_clpasexymoeshirt_c.png,0,
12220157,니트 베스트 세미 캐쥬얼 의상 (남),12200677,62,73,117,27,26,48,12200677_M_KnitVest.gltf,12200677_m_knitvest_d.png,12200677_m_knitvest_c.png,0,
12220158,니트 베스트 세미 캐쥬얼 의상 (여),12200678,62,73,117,27,26,48,12200678_F_KnitVest.gltf,12200678_f_knitvest_d.png,12200678_f_knitvest_c.png,0,
12220159,스트리트 데님 오버롤 (남),12200679,76,105,181,23,40,79,12200679_M_Overalls01.gltf,12200679_c_overalls01_d.png,12200679_c_overalls01_c.png,0,
12220160,스트리트 데님 오버롤 (여),12200680,76,105,181,23,40,79,12200680_F_Overalls01.gltf,12200679_c_overalls01_d.png,12200679_c_overalls01_c.png,0,
12220161,츄츄 빅 루즈 셔츠 (여),12200309,239,112,145,153,66,82,12200309_F_CLPASexyMoeShirt.gltf,12200308_c_clpasexymoeshirt_d.png,12200308_c_clpasexymoeshirt_c.png,0,
12220162,고딕 리본 레이스 코트 (남),12200287,63,59,51,20,18,15,12200287_M_CLPAGothicLaceCoat.gltf,12200287_m_clpagothiclacecoat_d.png,12200287_m_clpagothiclacecoat_c.png,0,
12220163,고딕 리본 레이스 드레스 (여),12200288,63,59,51,20,18,15,12200288_F_CLPAGothicLaceCoat.gltf,12200288_f_clpagothiclacecoat_d.png,12200288_f_clpagothiclacecoat_c.png,0,
12220164,트로피컬 데님 레이어드 전신 (남),12200579,126,204,247,72,94,168,12200579_M_CLPAResortWear.gltf,12200579_m_clparesortwear_d.png,12200579_m_clparesortwear_c.png,0,
12220165,트로피컬 오프숄더 전신 (여),12200580,126,204,247,72,94,168,12200580_F_CLPAResortWear.gltf,12200580_f_clparesortwear_d.png,12200580_f_clparesortwear_c.png,0,
12220166,푸른 바다 소년 수트 (남),12220063,126,204,247,72,94,168,12220063_M_CLPAMarine04.gltf,12220063_m_clpamarine04_d.png,12220063_m_clpamarine04_c.png,0,
12220167,더키 사우나 타월 (남),12200208,230,230,230,150,150,150,12200208_M_CLPADuckySaunagown.gltf,12200208_m_clpaduckysaunagown_d.png,12200208_m_clpaduckysaunagown_c.png,0,
12220168,더키 사우나 타월 (여),12200209,230,230,230,150,150,150,12200209_F_CLPADuckySaunagown.gltf,12200209_f_clpaduckysaunagown_d.png,12200209_f_clpaduckysaunagown_c.png,0,
12220169,푸른 바다 소녀 원피스 (여),12220064,126,204,247,72,94,168,12220064_F_CLPAMarine04.gltf,12220064_f_clpamarine04_d.png,12220064_f_clpamarine04_c.png,0,
12220170,아쿠아 썸머 비치 웨어 (남),12200648,76,105,181,23,40,79,12200648_M_CLPASwim05.gltf,12200648_m_clpaswim05_d.png,12200648_m_clpaswim05_c.png,0,
12220171,아쿠아 썸머 비치 웨어 (여),12200649,76,105,181,23,40,79,12200649_F_CLPASwim05.gltf,12200649_f_clpaswim05_d.png,12200649_f_clpaswim05_c.png,0,
12220172,청개굴 우비 (남),12200507,194,209,96,64,104,54,12200507_M_CLPAFrog.gltf,12200508_c_clpafrog_d.png,12200508_c_clpafrog_c.png,0,
12220173,청개굴 우비 (여),12200508,194,209,96,64,104,54,12200508_F_CLPAFrog.gltf,12200508_c_clpafrog_d.png,12200508_c_clpafrog_c.png,0,
12220174,펌킨 할로 수트 (남),12220091,249,137,77,147,60,20,12220091_M_CLPAHalloween06.gltf,12220091_m_clpahalloween06_d.png,12220091_m_clpahalloween06_c.png,0,
12220175,펌킨 할로 드레스 (여),12220092,249,137,77,147,60,20,12220092_F_CLPAHalloween06.gltf,12220092_f_clpahalloween06_d.png,12220092_f_clpahalloween06_c.png,0,
12220176,은하수 별빛 전신 (남),12200519,62,73,117,27,26,48,12200519_M_CLPAGalaxyFox.gltf,12200519_m_clpagalaxyfox_d.png,12200519_m_clpagalaxyfox_c.png,0,
12220177,은하수 별빛 드레스 (여),12200520,62,73,117,27,26,48,12200520_F_CLPAGalaxyFox.gltf,12200520_f_clpagalaxyfox_d.png,12200520_f_clpagalaxyfox_c.png,0,
12220178,해피 크리스마스 홈웨어 전신 (남),12220101,119,147,68,32,51,30,12200687_M_CLPAChristmas03.gltf,12200687_m_clpachristmas03_d.png,12200687_m_clpachristmas03_c.png,0,
12220179,해피 크리스마스 홈웨어 전신 (여),12220102,119,147,68,32,51,30,12200688_F_CLPAChristmas03.gltf,12200688_f_clpachristmas03_d.png,12200688_f_clpachristmas03_c.png,0,
12220180,캐쥬얼 오버핏 청자켓 의상 (남),12200675,76,105,181,23,40,79,12200675_M_DenimJacketJean.gltf,12200675_c_denimjacketjean_d.png,12200675_c_denimjacketjean_c.png,0,
12220181,캐쥬얼 오버핏 청자켓 의상 (여),12200676,76,105,181,23,40,79,12200676_F_DenimJacketJean.gltf,12200675_c_denimjacketjean_d.png,12200675_c_denimjacketjean_c.png,0,
12220182,프로즌 리스플랜드 코트 (남),12200260,63,59,51,20,18,15,12200260_M_CLPAFrozenResplend.gltf,12200260_m_clpafrozenresplend_d.png,12200260_m_clpafrozenresplend_d.png,0,
12220183,프로즌 리스플랜드 원피스 (여),12200261,63,59,51,20,18,15,12200261_F_CLPAFrozenResplend.gltf,12200261_f_clpafrozenresplend_d.png,12200261_f_clpafrozenresplend_d.png,0,
12220184,스노우 테일 슈트 (남),12200539,76,105,181,23,40,79,12200539_M_CLPAFrozen02.gltf,12200539_m_clpafrozen02_d.png,12200539_m_clpafrozen02_c.png,0,
12220185,스노우 테일 드레스 (여),12200540,76,105,181,23,40,79,12200540_F_CLPAFrozen02.gltf,12200540_f_clpafrozen02_d.png,12200540_f_clpafrozen02_c.png,0,
12220186,큐티 케이프 데님 전신 (남),12200575,76,105,181,23,40,79,12200575_M_CLPAChildren01.gltf,12200575_m_clpachildren01_d.png,12200575_m_clpachildren01_c.png,0,
12220187,큐티 케이프 데님 원피스 (여),12200576,76,105,181,23,40,79,12200576_F_CLPAChildren01.gltf,12200576_f_clpachildren01_d.png,12200576_f_clpachildren01_c.png,0,
12220188,고딕 리본 레이스 코트 (남),12200287,63,59,51,20,18,15,12200287_M_CLPAGothicLaceCoat.gltf,12200287_m_clpagothiclacecoat_d.png,12200287_m_clpagothiclacecoat_c.png,0,
12220189,고딕 리본 레이스 드레스 (여),12200288,63,59,51,20,18,15,12200288_F_CLPAGothicLaceCoat.gltf,12200288_f_clpagothiclacecoat_d.png,12200288_f_clpagothiclacecoat_c.png,0,
12220190,발렌타인 니트 의상 (남),12220023,170,47,47,96,19,19,12200729_M_CLPAValentine04.gltf,12200729_m_clpavalentine04_d.png,12200729_m_clpavalentine04_c.png,0,
12220191,발렌타인 원피스 의상 (여),12220024,63,59,51,20,18,15,12200730_F_CLPAValentine04.gltf,12200730_f_clpavalentine04_d.png,12200730_f_clpavalentine04_c.png,0,
12220192,팬시 고딕 파티 수트 (남),12200685,170,47,47,96,19,19,12200685_M_CLPAGothic02.gltf,12200685_m_clpagothic02_d.png,12200685_m_clpagothic02_c.png,0,
12220193,체크 자켓 스키니 진 (남),12200650,132,130,120,68,68,65,12200650_M_CLPAOrdinary03.gltf,12200650_m_ordinary03_d.png,12200650_m_ordinary03_c.png,0,
12220194,체크 자켓 스키니 진 (여),12200651,132,130,120,68,68,65,12200651_F_CLPAOrdinary03.gltf,12200651_f_ordinary03_d.png,12200651_f_ordinary03_c.png,0,
12220195,팬시 고딕 파티 드레스 (여),12200686,170,47,47,96,19,19,12200686_F_CLPAGothic02.gltf,12200686_f_clpagothic02_d.png,12200686_f_clpagothic02_c.png,0,
12220196,챠밍 체크 교복 (남),12200584,62,73,117,27,26,48,12200584_M_CLPASchoolLook01.gltf,12200584_m_clpaschoollook01_d.png,12200584_m_clpaschoollook01_c.png,0,
12220197,챠밍 체크 교복 (여),12200585,62,73,117,27,26,48,12200585_F_CLPASchoolLook01.gltf,12200585_f_clpaschoollook01_d.png,12200585_f_clpaschoollook01_c.png,0,
12220198,츄츄 빅 루즈 셔츠 (남),12200308,63,59,51,20,18,15,12200308_M_CLPASexyMoeShirt.gltf,12200308_c_clpasexymoeshirt_d.png,12200308_c_clpasexymoeshirt_c.png,0,
12220199,츄츄 빅 루즈 셔츠 (여),12200309,239,112,145,153,66,82,12200309_F_CLPASexyMoeShirt.gltf,12200308_c_clpasexymoeshirt_d.png,12200308_c_clpasexymoeshirt_c.png,0,
12220200,샤인 스타 무대 의상 (남),12200388,126,204,247,72,94,168,12200388_M_CLPAIdolBand.gltf,12200388_m_clpaidolband_d.png,12200388_m_clpaidolband_c.png,0,
12220201,샤인 스타 무대 의상 (여),12200389,126,204,247,72,94,168,12200389_F_CLPAIdolBand.gltf,12200389_f_clpaidolband_d.png,12200389_f_clpaidolband_c.png,0,
12220202,스위트 컵케이크 셔츠 앤 팬츠 (남),12220083,239,112,145,153,66,82,12220083_M_CLPAFood01.gltf,12220083_c_clpafood01_d.png,12220083_c_clpafood01_c.png,0,
12220205,(PC방) 밀리터리 슈트,12200204,63,59,51,20,18,15,12200205_F_CLPAMilitarySuit.gltf,12200204_c_clpamilitarysuit_d.png,12200204_c_clpamilitarysuit_d.png,0,
12220206,스위트 컵케이크 셔츠 앤 팬츠 (여),12220084,239,112,145,153,66,82,12220084_F_CLPAFood01.gltf,12220083_c_clpafood01_d.png,12220083_c_clpafood01_c.png,0,
12220207,코튼 캔디 파자마 전신 (남),12220027,255,168,203,205,86,106,12220027_M_CLPAPajamas02.gltf,12220027_m_clpapajamas02_d.png,12220027_m_clpapajamas02_c.png,0,
12220208,코튼 캔디 파자마 전신 (여),12220028,255,168,203,205,86,106,12220028_F_CLPAPajamas02.gltf,12220028_f_clpapajamas02_d.png,12220028_f_clpapajamas02_c.png,0,
12220209,발랄한 멜빵 교복 (남),12200551,194,209,96,64,104,54,12200551_M_ZigzagRibbon.gltf,12200551_m_clpazigzagribbon_d.png,12200551_m_clpazigzagribbon_c.png,0,
12220210,발랄한 멜빵 교복 (여),12200552,194,209,96,64,104,54,12200552_F_ZigzagRibbon.gltf,12200552_f_clpazigzagribbon_d.png,12200552_f_clpazigzagribbon_c.png,0,
12220211,더키 사우나 타월 (남),12200208,230,230,230,150,150,150,12200208_M_CLPADuckySaunagown.gltf,12200208_m_clpaduckysaunagown_d.png,12200208_m_clpaduckysaunagown_c.png,0,
12220212,더키 사우나 타월 (여),12200209,230,230,230,150,150,150,12200209_F_CLPADuckySaunagown.gltf,12200209_f_clpaduckysaunagown_d.png,12200209_f_clpaduckysaunagown_c.png,0,
12220215,캐쥬얼 오버롤즈 (남),12200271,62,73,117,27,26,48,12200271_M_CLPACasualOveralls.gltf,12200271_m_clpacasualoveralls_d.png,12200271_m_clpacasualoveralls_c.png,0,
12220216,퓨어 리본 프릴 원피스 (여),12200272,239,112,145,153,66,82,12200272_F_CLPARibbonFrill.gltf,12200272_f_clparibbonfrill_d.png,12200272_f_clparibbonfrill_c.png,0,
12220217,발랄한 멜빵 교복 (남),12200551,194,209,96,64,104,54,12200551_M_ZigzagRibbon.gltf,12200551_m_clpazigzagribbon_d.png,12200551_m_clpazigzagribbon_c.png,0,
12220218,발랄한 멜빵 교복 (여),12200552,194,209,96,64,104,54,12200552_F_ZigzagRibbon.gltf,12200552_f_clpazigzagribbon_d.png,12200552_f_clpazigzagribbon_c.png,0,
12220219,스트리트 데님 오버롤 (남),12200679,76,105,181,23,40,79,12200679_M_Overalls01.gltf,12200679_c_overalls01_d.png,12200679_c_overalls01_c.png,0,
12220220,스트리트 데님 오버롤 (여),12200680,76,105,181,23,40,79,12200680_F_Overalls01.gltf,12200679_c_overalls01_d.png,12200679_c_overalls01_c.png,0,
12220239,러블리 바니 슈트 (남),12200279,255,168,203,205,86,106,12200279_M_CLPABannyDoll.gltf,12200279_m_clpabannydoll_d.png,12200279_c_clpabannydoll_c.png,0,
12220240,러블리 바니 슈트 (여),12200280,255,168,203,205,86,106,12200280_F_CLPABannyDoll.gltf,12200280_f_clpabannydoll_d.png,12200279_c_clpabannydoll_c.png,0,
12220241,러블리 바니 슈트 (남),12200279,255,168,203,205,86,106,12200279_M_CLPABannyDoll.gltf,12200279_m_clpabannydoll_d.png,12200279_c_clpabannydoll_c.png,0,
12220242,러블리 바니 슈트 (여),12200280,255,168,203,205,86,106,12200280_F_CLPABannyDoll.gltf,12200280_f_clpabannydoll_d.png,12200279_c_clpabannydoll_c.png,0,
12220243,파자마 셔츠 앤 슬랙스 (남),12200590,62,73,117,27,26,48,12200590_M_CLPAOrdinary02.gltf,12200590_m_clpaordinary02_d.png,12200590_m_clpaordinary02_c.png,0,
12220244,오프 숄더 블라우스 전신 (여),12200591,255,168,203,205,86,106,12200591_F_CLPAOrdinary02.gltf,12200591_f_clpaordinary02_d.png,12200591_f_clpaordinary02_c.png,0,
12220245,마린 캐쥬얼 수영복 (남),12200054,244,189,88,163,121,39,12200054_M_CLPACasualSwim.gltf,12200054_m_clpacasualswim_d.png,12200054_m_clpacasualswim_c.png,0,
12220246,마린 레이스 수영복 (여),12200053,244,189,88,163,121,39,12200053_F_CLPALaceSwim.gltf,12200053_f_clpalaceswim_d.png,12200053_f_clpalaceswim_c.png,0,
12220247,(PC방) 방랑자 도복,12200245,63,59,51,20,18,15,12200044_F_OPWandererRobe.gltf,12200044_f_opwandererrobe_d.png,12200044_f_opwandererrobe_d.png,0,
12220267,하와이안 수영복 (남),12200319,244,189,88,163,121,39,12200319_M_CLPASwim04.gltf,12200319_m_clpaswim04_d.png,12200319_m_clpaswim04_c.png,0,
12220268,스트랩 모노키니 (여),12200320,244,189,88,163,121,39,12200320_F_CLPASwim04.gltf,12200320_f_clpaswim04_d.png,12200320_f_clpaswim04_c.png,0,
12220283,홀리 세라핌 코트 (남),12200258,62,73,117,27,26,48,12200258_M_CLPAAngelCoat.gltf,12200258_m_clpaangelcoat_d.png,12200258_m_clpaangelcoat_c.png,0,
12220284,홀리 세라핌 원피스 (여),12200259,62,73,117,27,26,48,12200259_F_CLPAAngelOnepiece.gltf,12200259_f_clpaangelonepiece_d.png,12200259_f_clpaangelonepiece_c.png,0,
12220285,홀리 세라핌 코트 (남),12200258,62,73,117,27,26,48,12200258_M_CLPAAngelCoat.gltf,12200258_m_clpaangelcoat_d.png,12200258_m_clpaangelcoat_c.png,0,
12220286,홀리 세라핌 원피스 (여),12200259,62,73,117,27,26,48,12200259_F_CLPAAngelOnepiece.gltf,12200259_f_clpaangelonepiece_d.png,12200259_f_clpaangelonepiece_c.png,0,
12220287,라인 후드 트레이닝복 전신 (남),12200673,133,81,165,53,42,71,12200673_M_LineHoodShorts.gltf,12200673_c_linehoodshorts_d.png,12200673_c_linehoodshorts_c.png,0,
12220288,라인 후드 트레이닝복 전신 (여),12200674,76,105,181,23,40,79,12200674_F_LineHoodShorts.gltf,12200673_c_linehoodshorts_d.png,12200673_c_linehoodshorts_c.png,0,
12220289,검은 고양이 슈트 (남),12200277,63,59,51,20,18,15,12200277_M_CLPACatDoll.gltf,12200277_c_clpacatdoll_d.png,12200277_c_clpacatdoll_d.png,0,
12220290,검은 고양이 슈트 (여),12200278,63,59,51,20,18,15,12200278_F_CLPACatDoll.gltf,12200277_c_clpacatdoll_d.png,12200277_c_clpacatdoll_d.png,0,
12220293,검은 고양이 슈트 (남),12200277,63,59,51,20,18,15,12200277_M_CLPACatDoll.gltf,12200277_c_clpacatdoll_d.png,12200277_c_clpacatdoll_d.png,0,
12220294,검은 고양이 슈트 (여),12200278,63,59,51,20,18,15,12200278_F_CLPACatDoll.gltf,12200277_c_clpacatdoll_d.png,12200277_c_clpacatdoll_d.png,0,
12220295,밀리터리 슈트 (남),12200204,63,59,51,20,18,15,12200204_M_CLPAMilitarySuit.gltf,12200204_c_clpamilitarysuit_d.png,12200204_c_clpamilitarysuit_d.png,0,
12220296,밀리터리 슈트 (여),12200205,63,59,51,20,18,15,12200205_F_CLPAMilitarySuit.gltf,12200204_c_clpamilitarysuit_d.png,12200204_c_clpamilitarysuit_d.png,0,
12220301,블랙 이너 셔츠 의상 (남),12200681,230,230,230,150,150,150,12200681_M_BlackInnerShirt.gltf,12200681_m_blackinnershirt_d.png,12200681_m_blackinnershirt_c.png,0,
12220302,블랙 이너 셔츠 의상 (여),12200682,230,230,230,150,150,150,12200682_F_BlackInnerShirt.gltf,12200682_f_blackinnershirt_d.png,12200682_f_blackinnershirt_c.png,0,
12220307,롱패딩 전신 (남),12220307,63,59,51,20,18,15,12220307_M_Padding.gltf,12220307_c_padding_d.png,12220307_c_padding_c.png,0,
12220308,롱패딩 전신 (여),12220308,63,59,51,20,18,15,12220308_F_Padding.gltf,12220307_c_padding_d.png,12220307_c_padding_c.png,0,
12220309,포근한 손뜨개 니트룩 (남),12220309,170,47,47,96,19,19,12220309_M_CLPAOrdinary03.gltf,12220309_c_clpaordinary03_d.png,12220309_c_clpaordinary03_c.png,0,
12220310,포근한 손뜨개 니트룩 (여),12220310,170,47,47,96,19,19,12220310_F_CLPAOrdinary03.gltf,12220309_c_clpaordinary03_d.png,12220309_c_clpaordinary03_c.png,0,
12220311,로열 다크니스 수트 (남),12200697,63,59,51,20,18,15,12200697_M_CLPADarkFantasy.gltf,12200697_m_clpadarkfantasy_d.png,12200697_m_clpadarkfantasy_c.png,0,
12220312,로열 다크니스 드레스 (여),12200698,63,59,51,20,18,15,12200698_F_CLPADarkFantasy.gltf,12200698_f_clpadarkfantasy_d.png,12200698_f_clpadarkfantasy_c.png,0,
12220313,커닝 더블 트렌치 코트 (남),12200695,242,224,191,165,127,96,12200695_M_DoubleTrenchCoat.gltf,12200695_m_doubletrenchcoat_d.png,12200695_m_doubletrenchcoat_c.png,0,
12220314,커닝 더블 트렌치 코트 (여),12200696,242,224,191,165,127,96,12200696_F_DoubleTrenchCoat.gltf,12200696_f_doubletrenchcoat_d.png,12200696_f_doubletrenchcoat_c.png,0,
12220315,데님 오버롤 위드 후디 (남),12200707,170,47,47,96,19,19,12200707_M_CLPAOveralls02.gltf,12200707_m_clpaoveralls02_d.png,12200707_m_clpaoveralls02_c.png,0,
12220316,데님 오버롤 위드 후디 (여),12200708,170,47,47,96,19,19,12200708_F_CLPAOveralls02.gltf,12200708_f_clpaoveralls02_d.png,12200708_f_clpaoveralls02_c.png,0,
12220317,로열 윈터 레더 수트 (남),12200713,62,73,117,27,26,48,12200713_M_MiddleAges01.gltf,12200713_m_clpamiddleages01_d.png,12200713_m_clpamiddleages01_c.png,0,
12220318,로열 윈터 레더 드레스 (여),12200714,62,73,117,27,26,48,12200714_F_MiddleAges01.gltf,12200714_f_clpamiddleages01_d.png,12200714_f_clpamiddleages01_c.png,0,
12220319,클린 프릴드 셔츠 앤 팬츠 (남),12220319,170,47,47,96,19,19,12200517_M_RibbonFrillSuit.gltf,12200517_m_ribbonfrillsuit_d.png,12200517_m_ribbonfrillsuit_c.png,0,
12220320,프릴 리본 블라우스 앤 스커트 (여),12220320,170,47,47,96,19,19,12200473_F_CLPARibbonFrillSkirt.gltf,12200473_f_clparibbonfrillskirt_d.png,12200473_f_clparibbonfrillskirt_c.png,0,
12220321,올 파인애플 (남),12220321,62,73,117,27,26,48,12200709_M_HawaiianShirt01.gltf,12200709_c_hawaiianshirt01_d.png,12200709_c_hawaiianshirt01_c.png,0,
12220322,올 파인애플 (여),12220322,62,73,117,27,26,48,12200710_F_HawaiianShirt01.gltf,12200709_c_hawaiianshirt01_d.png,12200709_c_hawaiianshirt01_c.png,0,
12220323,오버핏 스트라이프 셔츠 앤 팬츠 (남),12200323,132,130,120,68,68,65,12200711_M_LooseStripeShirt.gltf,12200711_c_loosestripeshirt_d.png,12200711_c_loosestripeshirt_c.png,0,
12220324,오버핏 스트라이프 셔츠 앤 팬츠 (여),12200324,132,130,120,68,68,65,12200712_F_LooseStripeShirt.gltf,12200711_c_loosestripeshirt_d.png,12200711_c_loosestripeshirt_c.png,0,
12220325,포근한 손뜨개 니트룩 (남),12220309,170,47,47,96,19,19,12220309_M_CLPAOrdinary03.gltf,12220309_c_clpaordinary03_d.png,12220309_c_clpaordinary03_c.png,0,
12220326,포근한 손뜨개 니트룩 (여),12220310,170,47,47,96,19,19,12220310_F_CLPAOrdinary03.gltf,12220309_c_clpaordinary03_d.png,12220309_c_clpaordinary03_c.png,0,
12220327,로열 윈터 레더 수트 (남),12200713,62,73,117,27,26,48,12200713_M_MiddleAges01.gltf,12200713_m_clpamiddleages01_d.png,12200713_m_clpamiddleages01_c.png,0,
12220328,로열 윈터 레더 드레스 (여),12200714,62,73,117,27,26,48,12200714_F_MiddleAges01.gltf,12200714_f_clpamiddleages01_d.png,12200714_f_clpamiddleages01_c.png,0,
12220343,매그너스의 후드 수영복 (남),12200313,76,105,181,23,40,79,12200313_M_CLPASummerEvent01.gltf,12200313_m_clpasummerevent01_d.png,12200313_m_clpasummerevent01_c.png,0,
12220344,현자냥이의 화이트 베이비돌 (여),12200314,76,105,181,23,40,79,12200314_F_CLPASummerEvent01.gltf,12200314_f_clpasummerevent01_d.png,12200314_f_clpasummerevent01_c.png,0,
12220349,빛나는 군악대 전신 (남),12220349,76,105,181,23,40,79,12220349_M_CLPABand01.gltf,12220349_m_clpaband01_d.png,12220349_m_clpaband01_c.png,0,
12220350,빛나는 군악대 전신 (여),12220350,76,105,181,23,40,79,12220350_F_CLPABand01.gltf,12220350_f_clpaband01_d.png,12220350_f_clpaband01_c.png,0,
12220351,단정한 메린이 교복 (남),12220351,214,147,100,186,113,50,12220351_M_CLPASchoolLook03.gltf,12220351_m_clpaschoollook03_d.png,12220351_m_clpaschoollook03_c.png,0,
12220352,단정한 메린이 교복 (여),12220352,214,147,100,186,113,50,12220352_F_CLPASchoolLook03.gltf,12220352_f_clpaschoollook03_d.png,12220352_f_clpaschoollook03_c.png,0,
12220353,겨울동화 눈꽃 수트 (남),12200701,76,105,181,23,40,79,12200701_M_CLPAFrozen03.gltf,12200701_m_clpafrozen03_d.png,12200701_m_clpafrozen03_c.png,0,
12220354,겨울동화 눈꽃 드레스 (여),12200702,76,105,181,23,40,79,12200702_F_CLPAFrozen03.gltf,12200702_f_clpafrozen03_d.png,12200702_f_clpafrozen03_c.png,0,
12220355,오드리 튜튜 발레 슈트 (남),12200533,76,105,181,23,40,79,12200533_M_CLPABallet01.gltf,12200533_m_clpaballet01_d.png,12200533_m_clpaballet01_c.png,0,
12220356,오드리 튜튜 발레 원피스 (여),12200534,76,105,181,23,40,79,12200534_F_CLPABallet01.gltf,12200534_f_clpaballet01_d.png,12200534_f_clpaballet01_c.png,0,
12220357,올림포스 이오닉 키톤 (남),12200501,170,47,47,96,19,19,12200501_M_CLPAOlympos01.gltf,12200501_m_clpaolympos01_d.png,12200501_m_clpaolympos01_c.png,0,
12220358,올림포스 이오닉 키톤 (여),12200502,170,47,47,96,19,19,12200502_F_CLPAOlympos01.gltf,12200502_f_clpaolympos01_d.png,12200502_f_clpaolympos01_c.png,0,
12220359,로맨틱 웨딩 턱시도 (남),12220359,180,165,248,108,96,176,12220359_M_CLPAWedding03.gltf,12220359_m_clpawedding03_d.png,12220359_m_clpawedding03_c.png,0,
12220361,일루셔니스트 클래식 전신 (남),12200535,170,47,47,96,19,19,12200535_M_CLPAFairyMagician.gltf,12200535_m_clpafairymagician_d.png,12200535_m_clpafairymagician_c.png,0,
12220362,일루셔니스트 파티 드레스 (여),12200536,170,47,47,96,19,19,12200536_F_CLPAFairyMagician.gltf,12200536_f_clpafairymagician_d.png,12200536_f_clpafairymagician_c.png,0,
12220363,로맨틱 웨딩 턱시도 (남),12220359,180,165,248,108,96,176,12220359_M_CLPAWedding03.gltf,12220359_m_clpawedding03_d.png,12220359_m_clpawedding03_c.png,0,
12220365,겨울동화 눈꽃 수트 (남),12200701,76,105,181,23,40,79,12200701_M_CLPAFrozen03.gltf,12200701_m_clpafrozen03_d.png,12200701_m_clpafrozen03_c.png,0,
12220366,겨울동화 눈꽃 드레스 (여),12200702,76,105,181,23,40,79,12200702_F_CLPAFrozen03.gltf,12200702_f_clpafrozen03_d.png,12200702_f_clpafrozen03_c.png,0,
12220367,댄싱 그레이스 수트(남),12220367,133,81,165,53,42,71,12220367_M_CLPASports04.gltf,12220367_m_clpasports04_d.png,12220367_m_clpasports04_c.png,0,
12220368,댄싱 그레이스 원피스(여),12220368,133,81,165,53,42,71,12220368_F_CLPASports04.gltf,12220368_f_clpasports04_d.png,12220368_f_clpasports04_c.png,0,
12220369,세이레네스 튜닉 (남),12220369,126,204,247,72,94,168,12220369_M_CLPASummer02.gltf,12220369_m_clpasummer02_d.png,12220369_m_clpasummer02_c.png,0,
12220370,세이레네스 드레스 (여),12220370,126,204,247,72,94,168,12220370_F_CLPASummer02.gltf,12220370_f_clpasummer02_d.png,12220370_f_clpasummer02_c.png,0,
12220371,개구쟁이 꼬마 악마 옷 (남),12220371,133,81,165,53,42,71,12220371_M_CLPAHalloween05.gltf,12220371_c_clpahalloween05_d.png,12220371_c_clpahalloween05_c.png,0,
12220372,개구쟁이 꼬마 악마 옷 (여),12220372,133,81,165,53,42,71,12220372_F_CLPAHalloween05.gltf,12220371_c_clpahalloween05_d.png,12220371_c_clpahalloween05_c.png,0,
12220373,커닝시티 역무원 유니폼 (남),12220373,62,73,117,27,26,48,12220373_M_CLPAUniform01.gltf,12220373_m_clpauniform01_d.png,12220373_m_clpauniform01_c.png,0,
12220374,커닝시티 역무원 유니폼 (여),12220374,62,73,117,27,26,48,12220374_F_CLPAUniform01.gltf,12220374_f_clpauniform01_d.png,12220374_f_clpauniform01_c.png,0,
12220377,장난꾸러기 요정 의상(남),12220377,133,81,165,53,42,71,12220377_M_CLPAFairy03.gltf,12220377_c_clpafairy03_d.png,12220377_c_clpafairy03_c.png,0,
12220378,장난꾸러기 요정 의상(여),12220377,133,81,165,53,42,71,12220378_F_CLPAFairy03.gltf,12220377_c_clpafairy03_d.png,12220377_c_clpafairy03_c.png,0,
12220379,개구쟁이 꼬마 악마 옷 (남),12220371,133,81,165,53,42,71,12220371_M_CLPAHalloween05.gltf,12220371_c_clpahalloween05_d.png,12220371_c_clpahalloween05_c.png,0,
12220380,개구쟁이 꼬마 악마 옷 (여),12220372,133,81,165,53,42,71,12220372_F_CLPAHalloween05.gltf,12220371_c_clpahalloween05_d.png,12220371_c_clpahalloween05_c.png,0,
12220381,숲의 정령 꽃잎 수트 (남),12220381,119,147,68,32,51,30,12220381_M_CLPAFairy04.gltf,12220381_m_clpafairy04_d.png,12220381_m_clpafairy04_c.png,0,
12220382,숲의 정령 꽃잎 드레스 (여),12220382,119,147,68,32,51,30,12220382_F_CLPAFairy04.gltf,12220382_f_clpafairy04_d.png,12220382_f_clpafairy04_c.png,0,
12220387,글로우 스타 코트 (남),12200426,170,47,47,96,19,19,12200426_M_CLPAChristmas02.gltf,12200426_m_clpachristmas02_d.png,12200426_m_clpachristmas02_c.png,0,
12220388,글로우 스타 드레스 (여),12200427,170,47,47,96,19,19,12200427_F_CLPAChristmas02.gltf,12200427_f_clpachristmas02_d.png,12200427_f_clpachristmas02_c.png,0,
12220389,발랄한 앨리스 클래식 수트 (남),12220389,126,204,247,72,94,168,12220389_M_CLPAFairyTale02.gltf,12220389_m_clpafairytale02_d.png,12220389_m_clpafairytale02_c.png,0,
12220390,발랄한 앨리스 클래식 드레스 (여),12220390,126,204,247,72,94,168,12220390_F_CLPAFairyTale02.gltf,12220390_f_clpafairytale02_d.png,12220390_f_clpafairytale02_c.png,0,
12220391,타락천사 수트 (남),12200543,62,73,117,27,26,48,12200543_M_CLPALucifer.gltf,12200543_m_clpalucifer_d.png,12200543_m_clpalucifer_c.png,0,
12220392,타락천사 드레스 (여),12200544,62,73,117,27,26,48,12200544_F_CLPALucifer.gltf,12200544_f_clpalucifer_d.png,12200544_f_clpalucifer_c.png,0,
12220393,신나는 봄나들이 아웃핏 (남),12220393,63,59,51,20,18,15,12220393_M_CLPAPicnic02.gltf,12220393_m_clpapicnic02_d.png,12220393_m_clpapicnic02_c.png,0,
12220394,신나는 봄나들이 원피스 (여),12220394,63,59,51,20,18,15,12220394_F_CLPAPicnic02.gltf,12220394_f_clpapicnic02_d.png,12220394_f_clpapicnic02_c.png,0,
12220395,포근한 솜뭉치 방울 코트 (남),12220395,126,204,247,72,94,168,12220395_M_CLPAWinter01.gltf,12220395_c_clpawinter01_d.png,12220395_c_clpawinter01_c.png,0,
12220396,포근한 솜뭉치 방울 코트 (여),12220395,126,204,247,72,94,168,12220396_F_CLPAWinter01.gltf,12220395_c_clpawinter01_d.png,12220395_c_clpawinter01_c.png,0,
12220397,커닝 경찰 수트(남),12220397,62,73,117,27,26,48,12220397_M_CLPAUniform02.gltf,12220397_m_clpauniform02_d.png,12220397_m_clpauniform02_c.png,0,
12220398,커닝 경찰 수트(여),12220398,62,73,117,27,26,48,12220398_F_CLPAUniform02.gltf,12220398_f_clpauniform02_d.png,12220398_f_clpauniform02_c.png,0,
12220399,째깍째깍 태엽 수트 (남),12220399,62,73,117,27,26,48,12220399_M_CLPATechwear02.gltf,12220399_m_clpatechwear02_d.png,12220399_m_clpatechwear02_c.png,0,
12220400,째깍째깍 태엽 원피스 (여),12220400,62,73,117,27,26,48,12220400_F_CLPATechwear02.gltf,12220400_f_clpatechwear02_d.png,12220400_f_clpatechwear02_c.png,0,
12220401,스타 오션 슈트 (남),12200056,62,73,117,27,26,48,12200056_M_CLPAOceanSuit.gltf,12200056_m_clpaoceansuit_d.png,12200056_m_clpaoceansuit_c.png,0,
12220402,플로럴 스트라이프 비키니 (여),12200055,255,168,203,205,86,106,12200055_F_CLPAFloralStripeSwim.gltf,12200055_f_clpafloralstripeswim_d.png,12200055_f_clpafloralstripeswim_c.png,0,
12220403,타락천사 수트 (남),12200543,62,73,117,27,26,48,12200543_M_CLPALucifer.gltf,12200543_m_clpalucifer_d.png,12200543_m_clpalucifer_c.png,0,
12220404,타락천사 드레스 (여),12200544,62,73,117,27,26,48,12200544_F_CLPALucifer.gltf,12200544_f_clpalucifer_d.png,12200544_f_clpalucifer_c.png,0,
12220405,신나는 봄나들이 아웃핏 (남),12220393,63,59,51,20,18,15,12220393_M_CLPAPicnic02.gltf,12220393_m_clpapicnic02_d.png,12220393_m_clpapicnic02_c.png,0,
12220406,신나는 봄나들이 원피스 (여),12220394,63,59,51,20,18,15,12220394_F_CLPAPicnic02.gltf,12220394_f_clpapicnic02_d.png,12220394_f_clpapicnic02_c.png,0,
12220407,커닝 경찰 수트(남),12220397,62,73,117,27,26,48,12220397_M_CLPAUniform02.gltf,12220397_m_clpauniform02_d.png,12220397_m_clpauniform02_c.png,0,
12220408,커닝 경찰 수트(여),12220398,62,73,117,27,26,48,12220398_F_CLPAUniform02.gltf,12220398_f_clpauniform02_d.png,12220398_f_clpauniform02_c.png,0,
12220415,가을 소풍 오버롤 팬츠 (남),12220415,214,147,100,186,113,50,12220415_M_CLPAAutumn02.gltf,12220415_m_clpaautumn02_d.png,12220415_m_clpaautumn02_c.png,0,
12220416,가을 소풍 큐티 스커트 (여),12220416,214,147,100,186,113,50,12220416_F_CLPAAutumn02.gltf,12220416_f_clpaautumn02_d.png,12220416_f_clpaautumn02_c.png,0,
12220417,프리스타일 아노락 후드 (남),12220417,170,47,47,96,19,19,12220417_M_CLPAOrdinary04.gltf,12220417_c_clpaordinary04_d.png,12220417_c_clpaordinary04_c.png,0,
12220418,프리스타일 아노락 후드 (여),12220418,170,47,47,96,19,19,12220418_F_CLPAOrdinary04.gltf,12220417_c_clpaordinary04_d.png,12220417_c_clpaordinary04_c.png,0,
12220419,플로리아 페어리 로브 (남),12200363,170,47,47,96,19,19,12200363_M_CLPAFloriaFairy.gltf,12200363_m_clpafloriafairy_d.png,12200363_m_clpafloriafairy_c.png,0,
12220420,플로리아 페어리 드레스 (여),12200364,170,47,47,96,19,19,12200364_F_CLPAFloriaFairy.gltf,12200364_f_clpafloriafairy_d.png,12200364_f_clpafloriafairy_c.png,0,
12220423,빛나는 눈꽃 제복(남),12220423,76,105,181,23,40,79,12220423_M_CLPAWinter02.gltf,12220423_c_clpawinter02_d.png,12220423_c_clpawinter02_c.png,0,
12220424,빛나는 눈꽃 제복(여),12220423,76,105,181,23,40,79,12220424_F_CLPAWinter02.gltf,12220423_c_clpawinter02_d.png,12220423_c_clpawinter02_c.png,0,
12220427,메이플로드 승마학교 유니폼 (남),12220427,63,59,51,20,18,15,12220427_M_CLPAUniform04.gltf,12220427_c_clpauniform04_d.png,12220427_c_clpauniform04_c.png,0,
12220428,메이플로드 승마학교 유니폼 (여),12220428,63,59,51,20,18,15,12220428_F_CLPAUniform04.gltf,12220427_c_clpauniform04_d.png,12220427_c_clpauniform04_c.png,0,
12220429,커닝 집배원 유니폼 (남),12220429,62,73,117,27,26,48,12220429_M_CLPAUniform03.gltf,12220429_m_clpauniform03_d.png,12220429_m_clpauniform03_c.png,0,
12220430,커닝 집배원 유니폼 (여),12220430,62,73,117,27,26,48,12220430_F_CLPAUniform03.gltf,12220430_f_clpauniform03_d.png,12220430_f_clpauniform03_c.png,0,
12220431,폴 래빗 수트 (남),12220431,132,130,120,68,68,65,12220431_M_CLPABunny02.gltf,12220431_m_clpabunny02_d.png,12220431_m_clpabunny02_c.png,0,
12220432,폴 래빗 드레스 (여),12220432,132,130,120,68,68,65,12220432_F_CLPABunny02.gltf,12220432_f_clpabunny02_d.png,12220432_f_clpabunny02_c.png,0,
12220433,미스터리 클럽 슈트 (남),12200291,244,189,88,163,121,39,12200291_M_CLPASherlock02.gltf,12200291_m_clpasherlock02_d.png,12200291_m_clpasherlock02_c.png,0,
12220434,미스터리 클럽 슈트 (여),12200292,244,189,88,163,121,39,12200292_F_CLPASherlock02.gltf,12200292_f_clpasherlock02_d.png,12200292_f_clpasherlock02_c.png,0,
12220449,펑키 네온 캣 슈트 (남),12200527,133,81,165,53,42,71,12200527_M_CLPAFunkyNeonCat.gltf,12200527_m_clpafunkyneoncat_d.png,12200527_m_clpafunkyneoncat_c.png,0,
12220450,펑키 네온 캣 슈트 (여),12200528,133,81,165,53,42,71,12200528_F_CLPAFunkyNeonCat.gltf,12200528_f_clpafunkyneoncat_d.png,12200528_f_clpafunkyneoncat_c.png,0,
12220451,스트리트 래퍼 전신 (남),12220059,126,204,247,72,94,168,12220059_M_CLPAIdol03.gltf,12220059_m_clpaidol03_d.png,12220059_m_clpaidol03_c.png,0,
12220452,스트리트 래퍼 전신 (여),12220060,126,204,247,72,94,168,12220060_F_CLPAIdol03.gltf,12220060_f_clpaidol03_d.png,12220060_f_clpaidol03_c.png,0,
12220453,푸른 바다 소년 수트 (남),12220063,126,204,247,72,94,168,12220063_M_CLPAMarine04.gltf,12220063_m_clpamarine04_d.png,12220063_m_clpamarine04_c.png,0,
12220454,푸른 바다 소녀 원피스 (여),12220064,126,204,247,72,94,168,12220064_F_CLPAMarine04.gltf,12220064_f_clpamarine04_d.png,12220064_f_clpamarine04_c.png,0,
12220459,하랑 대례복 (남),12200358,63,59,51,20,18,15,12200358_M_CLPATraditionalWedding.gltf,12200358_m_clpatraditionalwedding_d.png,12200358_m_clpatraditionalwedding_c.png,0,
12220460,나예 당의 (여),12200359,170,47,47,96,19,19,12200359_F_CLPATraditionalWedding.gltf,12200359_f_clpatraditionalwedding_d.png,12200359_f_clpatraditionalwedding_c.png,0,
12220461,색동 배자 한복 (남),12200237,147,226,242,89,153,165,12200237_M_CLPAKoreanDressManycolor.gltf,12200237_m_clpakoreandressmanycolor_d.png,12200237_m_clpakoreandressmanycolor_c.png,0,
12220462,색동 레이스 한복 (여),12200238,255,168,203,205,86,106,12200238_F_CLPAKoreanDressManycolor.gltf,12200238_f_clpakoreandressmanycolor_d.png,12200238_f_clpakoreandressmanycolor_c.png,0,
12220463,꽃 자수 두루마기 (남),12200356,62,73,117,27,26,48,12200356_M_CLPAHanbok03.gltf,12200356_m_clpahanbok03_d.png,12200356_m_clpahanbok03_c.png,0,
12220464,복슬복슬 꽃 한복 (여),12200357,244,189,88,163,121,39,12200357_F_CLPAHanbok03.gltf,12200357_f_clpahanbok03_d.png,12200357_f_clpahanbok03_c.png,0,
12220465,왠걸의 알로하 수영복 (남),12200419,126,204,247,72,94,168,12200419_M_CLPASummerEvent02.gltf,12200419_m_clpasummerevent02_d.png,12200419_m_clpasummerevent02_c.png,0,
12220468,Nunni의 시스루 오프 숄더 (여),12200420,126,204,247,72,94,168,12200420_F_CLPASummerEvent02.gltf,12200420_f_clpasummerevent02_d.png,12200420_f_clpasummerevent02_c.png,0,
12220469,금사 운룡 예복 (남),12200402,170,47,47,96,19,19,12200402_M_CLPANewYear01.gltf,12200402_m_clpanewyear01_d.png,12200402_m_clpanewyear01_c.png,0,
12220470,금사 운룡 예복 (여),12200403,170,47,47,96,19,19,12200403_F_CLPANewYear01.gltf,12200403_f_clpanewyear01_d.png,12200403_f_clpanewyear01_c.png,0,
12220471,깨어난 더키볼 의상,12220461,63,59,51,20,18,15,12220462_F_CLPADoll_Chick02.gltf,12220461_c_clpadoll_chick02_d.png,12220461_c_clpadoll_chick02_d.png,0,
12220472,마제스틱 윙 아머 (남),12200390,170,47,47,96,19,19,12200390_M_CLPAMajesticWing.gltf,12200390_m_clpamajesticwing_d.png,12200390_m_clpamajesticwing_c.png,0,
12220473,마제스틱 윙 아머 (여),12200391,170,47,47,96,19,19,12200391_F_CLPAMajesticWing.gltf,12200391_f_clpamajesticwing_d.png,12200391_f_clpamajesticwing_c.png,0,
12220474,나비의 꿈 장포 (남),12200417,170,47,47,96,19,19,12200417_M_CLPANewYear02.gltf,12200417_m_clpanewyear02_d.png,12200417_m_clpanewyear02_c.png,0,
12220475,나비의 꿈 드레스 (여),12200418,170,47,47,96,19,19,12200418_F_CLPANewYear02.gltf,12200418_f_clpanewyear02_d.png,12200418_f_clpanewyear02_c.png,0,
12220476,펌킨 위치 코트 (남),12200413,249,137,77,147,60,20,12200413_M_CLPAHalloween03.gltf,12200413_m_clpahalloween03_d.png,12200413_m_clpahalloween03_c.png,0,
12220477,펌킨 위치 코트 (여),12200414,249,137,77,147,60,20,12200414_F_CLPAHalloween03.gltf,12200414_f_clpahalloween03_d.png,12200414_f_clpahalloween03_c.png,0,
12220478,오리엔탈 엔젤 로브 (남),12200492,194,209,96,64,104,54,12200492_M_CLPAOrientalAngel.gltf,12200492_m_clpaorientalangel_d.png,12200492_m_clpaorientalangel_c.png,0,
12220479,오리엔탈 엔젤 드레스 (여),12200493,194,209,96,64,104,54,12200493_F_CLPAOrientalAngel.gltf,12200493_f_clpaorientalangel_d.png,12200493_f_clpaorientalangel_c.png,0,
12220480,펌킨 위치 코트 (남),12200413,249,137,77,147,60,20,12200413_M_CLPAHalloween03.gltf,12200413_m_clpahalloween03_d.png,12200413_m_clpahalloween03_c.png,0,
12220481,펌킨 위치 코트 (여),12200414,249,137,77,147,60,20,12200414_F_CLPAHalloween03.gltf,12200414_f_clpahalloween03_d.png,12200414_f_clpahalloween03_c.png,0,
12220482,금사 운룡 예복 (남),12200402,170,47,47,96,19,19,12200402_M_CLPANewYear01.gltf,12200402_m_clpanewyear01_d.png,12200402_m_clpanewyear01_c.png,0,
12220483,금사 운룡 예복 (여),12200403,170,47,47,96,19,19,12200403_F_CLPANewYear01.gltf,12200403_f_clpanewyear01_d.png,12200403_f_clpanewyear01_c.png,0,
12220484,오리엔탈 엔젤 로브 (남),12200492,194,209,96,64,104,54,12200492_M_CLPAOrientalAngel.gltf,12200492_m_clpaorientalangel_d.png,12200492_m_clpaorientalangel_c.png,0,
12220485,오리엔탈 엔젤 드레스 (여),12200493,194,209,96,64,104,54,12200493_F_CLPAOrientalAngel.gltf,12200493_f_clpaorientalangel_d.png,12200493_f_clpaorientalangel_c.png,0,
12220492,스위트 드림 파자마 (남),12200341,244,189,88,163,121,39,12200341_M_CLPAPajamas01.gltf,12200341_m_clpapajamas01_d.png,12200341_m_clpapajamas01_c.png,0,
12220493,스위트 드림 파자마 (여),12200342,244,189,88,163,121,39,12200342_F_CLPAPajamas01.gltf,12200342_f_clpapajamas01_d.png,12200342_f_clpapajamas01_c.png,0,
12220494,눈꽃뭉치 코트 (남),12200523,147,226,242,89,153,165,12200523_M_CLPAEskimoWear.gltf,12200523_m_clpaeskimowear_d.png,12200523_m_clpaeskimowear_c.png,0,
12220495,눈꽃뭉치 코트 (여),12200524,147,226,242,89,153,165,12200524_F_CLPAEskimoWear.gltf,12200524_f_clpaeskimowear_d.png,12200524_f_clpaeskimowear_c.png,0,
12220496,스위트 드림 파자마 (남),12200341,244,189,88,163,121,39,12200341_M_CLPAPajamas01.gltf,12200341_m_clpapajamas01_d.png,12200341_m_clpapajamas01_c.png,0,
12220497,스위트 드림 파자마 (여),12200342,244,189,88,163,121,39,12200342_F_CLPAPajamas01.gltf,12200342_f_clpapajamas01_d.png,12200342_f_clpapajamas01_c.png,0,
12220498,루미나리에 벨티드 수트 (남),12200557,76,105,181,23,40,79,12200557_M_CLPALuminous.gltf,12200557_m_clpaluminous_d.png,12200557_m_clpaluminous_c.png,0,
12220499,루미나리에 벨티트 수트 (여),12200558,76,105,181,23,40,79,12200558_F_CLPALuminous.gltf,12200558_f_clpaluminous_d.png,12200558_f_clpaluminous_c.png,0,
12220500,백여우 방울 장포 (남),12200462,170,47,47,96,19,19,12200462_M_CLPAWhiteFox.gltf,12200462_m_clpawhitefox_d.png,12200462_m_clpawhitefox_c.png,0,
12220501,백여우 방울 원피스 (여),12200463,170,47,47,96,19,19,12200463_F_CLPAWhiteFox.gltf,12200463_f_clpawhitefox_d.png,12200463_f_clpawhitefox_c.png,0,
12220502,키튼 메이드 클래식 전신 (남),12200490,76,105,181,23,40,79,12200490_M_CLPAMaid01.gltf,12200490_m_clpamaid01_d.png,12200490_m_clpamaid01_c.png,0,
12220503,키튼 메이드 프릴 원피스 (여),12200491,63,59,51,20,18,15,12200491_F_CLPAMaid01.gltf,12200491_f_clpamaid01_d.png,12200491_f_clpamaid01_c.png,0,
12220504,통통 핑크빈 슈트 (남),12200392,63,59,51,20,18,15,12200392_M_CLPAPinkbean01.gltf,12200392_c_clpapinkbean01_d.png,12200392_c_clpapinkbean01_d.png,0,
12220505,통통 핑크빈 슈트 (여),12200393,63,59,51,20,18,15,12200393_F_CLPAPinkbean01.gltf,12200392_c_clpapinkbean01_d.png,12200392_c_clpapinkbean01_d.png,0,
12220506,통통 핑크빈 슈트 (남),12200392,63,59,51,20,18,15,12200392_M_CLPAPinkbean01.gltf,12200392_c_clpapinkbean01_d.png,12200392_c_clpapinkbean01_d.png,0,
12220507,통통 핑크빈 슈트 (여),12200393,63,59,51,20,18,15,12200393_F_CLPAPinkbean01.gltf,12200392_c_clpapinkbean01_d.png,12200392_c_clpapinkbean01_d.png,0,
12220508,골든 리본 케이프 수트 (남),12200503,62,73,117,27,26,48,12200503_M_CLPAValentine02.gltf,12200503_m_clpavalentine02_d.png,12200503_m_clpavalentine02_c.png,0,
12220509,골든 리본 케이프 원피스 (여),12200504,170,47,47,96,19,19,12200504_F_CLPAValentine02.gltf,12200504_f_clpavalentine02_d.png,12200504_f_clpavalentine02_c.png,0,
12220510,알파인 스키복 전신 (남),12200565,76,105,181,23,40,79,12200565_M_CLPASkiWear.gltf,12200565_c_clpaskiwear_d.png,12200565_c_clpaskiwear_c.png,0,
12220511,알파인 스키복 전신 (여),12200566,76,105,181,23,40,79,12200566_F_CLPASkiWear.gltf,12200565_c_clpaskiwear_d.png,12200565_c_clpaskiwear_c.png,0,
12220512,글로우 스타 코트 (남),12200426,170,47,47,96,19,19,12200426_M_CLPAChristmas02.gltf,12200426_m_clpachristmas02_d.png,12200426_m_clpachristmas02_c.png,0,
12220513,글로우 스타 드레스 (여),12200427,170,47,47,96,19,19,12200427_F_CLPAChristmas02.gltf,12200427_f_clpachristmas02_d.png,12200427_f_clpachristmas02_c.png,0,
12220514,몽실 퍼 코트 (남),12200488,242,224,191,165,127,96,12200488_M_CLPAStarlightRabbit.gltf,12200488_m_clpastarlightrabbit_d.png,12200488_m_clpastarlightrabbit_c.png,0,
12220515,몽실 퍼 원피스 (여),12200489,242,224,191,165,127,96,12200489_F_CLPAStarlightRabbit.gltf,12200489_f_clpastarlightrabbit_d.png,12200489_f_clpastarlightrabbit_c.png,0,
12220518,통통 블랙빈 슈트 (남),12200368,63,59,51,20,18,15,12200368_M_CLPABlackbean.gltf,12200368_c_clpablackbean_d.png,12200368_c_clpablackbean_d.png,0,
12220519,통통 블랙빈 슈트 (여),12200368,63,59,51,20,18,15,12200369_F_CLPABlackbean.gltf,12200368_c_clpablackbean_d.png,12200368_c_clpablackbean_d.png,0,
12220520,펑키 카우보이 전신 (남),12200531,158,83,63,68,31,19,12200531_M_CLPACowPuncher.gltf,12200531_m_clpacowpuncher_d.png,12200531_m_clpacowpuncher_c.png,0,
12220521,펑키 카우보이 원피스 (여),12200532,158,83,63,68,31,19,12200532_F_CLPACowPuncher.gltf,12200532_f_clpacowpuncher_d.png,12200532_f_clpacowpuncher_c.png,0,
12220522,머스커티어 로브 (남),12220522,62,73,117,27,26,48,12200525_M_CLPADartagnan.gltf,12200525_c_clpadartagnan_d.png,12200525_c_clpadartagnan_c.png,0,
12220523,머스커티어 로브 (여),12220523,62,73,117,27,26,48,12200526_F_CLPADartagnan.gltf,12200525_c_clpadartagnan_d.png,12200525_c_clpadartagnan_c.png,0,
12220524,브래스 스터드 슈트 (남),12220524,170,47,47,96,19,19,12200511_M_CLPABrassStud.gltf,12200511_m_clpabrassstud_d.png,12200511_m_clpabrassstud_c.png,0,
12220525,닥터 하트 가운 (남),12200699,147,226,242,89,153,165,12200699_M_CLPAHospital01.gltf,12200699_c_clpahospital01_d.png,12200699_c_clpahospital01_c.png,0,
12220526,닥터 하트 가운 (여),12200700,147,226,242,89,153,165,12200700_F_CLPAHospital01.gltf,12200699_c_clpahospital01_d.png,12200699_c_clpahospital01_c.png,0,
12220527,단정한 메린이 교복 (남),12220351,214,147,100,186,113,50,12220351_M_CLPASchoolLook03.gltf,12220351_m_clpaschoollook03_d.png,12220351_m_clpaschoollook03_c.png,0,
12220528,단정한 메린이 교복 (여),12220352,214,147,100,186,113,50,12220352_F_CLPASchoolLook03.gltf,12220352_f_clpaschoollook03_d.png,12220352_f_clpaschoollook03_c.png,0,
12220529,클린 프릴드 셔츠 앤 팬츠 (남),12220319,170,47,47,96,19,19,12200517_M_RibbonFrillSuit.gltf,12200517_m_ribbonfrillsuit_d.png,12200517_m_ribbonfrillsuit_c.png,0,
12220530,프릴 리본 블라우스 앤 스커트 (여),12220320,170,47,47,96,19,19,12200473_F_CLPARibbonFrillSkirt.gltf,12200473_f_clparibbonfrillskirt_d.png,12200473_f_clparibbonfrillskirt_c.png,0,
12220531,브래스 스터드 원피스 (여),12220531,170,47,47,96,19,19,12200512_F_CLPABrassStud.gltf,12200512_f_clpabrassstud_d.png,12200512_f_clpabrassstud_c.png,0,
12220532,저항군 지그문트 코트 (남),12220532,63,59,51,20,18,15,12200415_M_CLPASigmund.gltf,12200415_m_clpasigmund_d.png,12200415_m_clpasigmund_d.png,0,
12220533,저항군 지그문트 코트 (여),12220533,63,59,51,20,18,15,12200416_F_CLPASigmund.gltf,12200416_f_clpasigmund_d.png,12200416_f_clpasigmund_d.png,0,
12220534,통통 핑크빈 슈트 (남),12200392,63,59,51,20,18,15,12200392_M_CLPAPinkbean01.gltf,12200392_c_clpapinkbean01_d.png,12200392_c_clpapinkbean01_d.png,0,
12220535,통통 핑크빈 슈트 (여),12200393,63,59,51,20,18,15,12200393_F_CLPAPinkbean01.gltf,12200392_c_clpapinkbean01_d.png,12200392_c_clpapinkbean01_d.png,0,
12220536,알파인 스키복 전신 (남),12200565,76,105,181,23,40,79,12200565_M_CLPASkiWear.gltf,12200565_c_clpaskiwear_d.png,12200565_c_clpaskiwear_c.png,0,
12220537,알파인 스키복 전신 (여),12200566,76,105,181,23,40,79,12200566_F_CLPASkiWear.gltf,12200565_c_clpaskiwear_d.png,12200565_c_clpaskiwear_c.png,0,
12220538,닥터 하트 가운 (남),12200699,147,226,242,89,153,165,12200699_M_CLPAHospital01.gltf,12200699_c_clpahospital01_d.png,12200699_c_clpahospital01_c.png,0,
12220539,닥터 하트 가운 (여),12200700,147,226,242,89,153,165,12200700_F_CLPAHospital01.gltf,12200699_c_clpahospital01_d.png,12200699_c_clpahospital01_c.png,0,
12220540,단정한 메린이 교복 (남),12220351,214,147,100,186,113,50,12220351_M_CLPASchoolLook03.gltf,12220351_m_clpaschoollook03_d.png,12220351_m_clpaschoollook03_c.png,0,
12220541,단정한 메린이 교복 (여),12220352,214,147,100,186,113,50,12220352_F_CLPASchoolLook03.gltf,12220352_f_clpaschoollook03_d.png,12220352_f_clpaschoollook03_c.png,0,
12220542,몽실 퍼 코트 (남),12200488,242,224,191,165,127,96,12200488_M_CLPAStarlightRabbit.gltf,12200488_m_clpastarlightrabbit_d.png,12200488_m_clpastarlightrabbit_c.png,0,
12220543,몽실 퍼 원피스 (여),12200489,242,224,191,165,127,96,12200489_F_CLPAStarlightRabbit.gltf,12200489_f_clpastarlightrabbit_d.png,12200489_f_clpastarlightrabbit_c.png,0,
12220544,클린 프릴드 셔츠 앤 팬츠 (남),12220319,170,47,47,96,19,19,12200517_M_RibbonFrillSuit.gltf,12200517_m_ribbonfrillsuit_d.png,12200517_m_ribbonfrillsuit_c.png,0,
12220545,프릴 리본 블라우스 앤 스커트 (여),12220320,170,47,47,96,19,19,12200473_F_CLPARibbonFrillSkirt.gltf,12200473_f_clparibbonfrillskirt_d.png,12200473_f_clparibbonfrillskirt_c.png,0,
12220546,통통 블랙빈 슈트 (남),12200368,63,59,51,20,18,15,12200368_M_CLPABlackbean.gltf,12200368_c_clpablackbean_d.png,12200368_c_clpablackbean_d.png,0,
12220547,통통 블랙빈 슈트 (여),12200368,63,59,51,20,18,15,12200369_F_CLPABlackbean.gltf,12200368_c_clpablackbean_d.png,12200368_c_clpablackbean_d.png,0,
12220628,오퍼레이터 코트 (남),12200265,194,209,96,64,104,54,12200265_M_CLPATechwear03.gltf,12200265_c_clpatechwear03_d.png,12200265_c_clpatechwear03_c.png,0,
12220629,오퍼레이터 코트 (여),12200265,194,209,96,64,104,54,12200266_F_CLPATechwear03.gltf,12200265_c_clpatechwear03_d.png,12200265_c_clpatechwear03_c.png,0,
12220630,해피 멜로디 큐트 수트 (남),12220031,239,112,145,153,66,82,12220031_M_CLPAIdol02.gltf,12220031_m_clpaidol02_d.png,12220031_m_clpaidol02_c.png,0,
12220631,해피 멜로디 큐트 원피스 (여),12220032,239,112,145,153,66,82,12220032_F_CLPAIdol02.gltf,12220032_f_clpaidol02_d.png,12220032_f_clpaidol02_c.png,0,
12220632,레드 후드 전신 (남),12220039,119,147,68,32,51,30,12220039_M_CLPAFairyTale01.gltf,12220039_m_clpafairytale01_d.png,12220039_m_clpafairytale01_c.png,0,
12220633,레드 후드 전신 (여),12220040,170,47,47,96,19,19,12220040_F_CLPAFairyTale01.gltf,12220040_f_clpafairytale01_d.png,12220040_f_clpafairytale01_c.png,0,
12220634,트라이아 궁중 화가 앞치마 (남),12220115,76,105,181,23,40,79,12200705_M_CLPAArtist01.gltf,12200705_c_clpaartist01_d.png,12200705_c_clpaartist01_c.png,0,
12220635,트라이아 궁중 화가 앞치마 (여),12220116,76,105,181,23,40,79,12200706_F_CLPAArtist01.gltf,12200705_c_clpaartist01_d.png,12200705_c_clpaartist01_c.png,0,
12220636,스트리트 훕 유니폼 (남),12220133,170,47,47,96,19,19,12200689_M_CLPASports03.gltf,12200689_c_clpasports03_d.png,12200689_c_clpasports03_c.png,0,
12220637,스트리트 훕 유니폼 (여),12220134,170,47,47,96,19,19,12200690_F_CLPASports03.gltf,12200689_c_clpasports03_d.png,12200689_c_clpasports03_c.png,0,
12220638,올림포스 이오닉 키톤 (남),12200501,170,47,47,96,19,19,12200501_M_CLPAOlympos01.gltf,12200501_m_clpaolympos01_d.png,12200501_m_clpaolympos01_c.png,0,
12220639,올림포스 이오닉 키톤 (여),12200502,170,47,47,96,19,19,12200502_F_CLPAOlympos01.gltf,12200502_f_clpaolympos01_d.png,12200502_f_clpaolympos01_c.png,0,
12220640,상큼 레몬 멜빵 바지 (남),12220457,180,165,248,108,96,176,12220457_M_CLPAPicnic03.gltf,12220457_m_clpapicnic03_d.png,12220457_m_clpapicnic03_c.png,0,
12220641,상큼 레몬 원피스 (여),12220458,180,165,248,108,96,176,12220458_F_CLPAPicnic03.gltf,12220458_f_clpapicnic03_d.png,12220458_f_clpapicnic03_c.png,0,
12220642,펑키 네온 캣 슈트 (남),12200527,133,81,165,53,42,71,12200527_M_CLPAFunkyNeonCat.gltf,12200527_m_clpafunkyneoncat_d.png,12200527_m_clpafunkyneoncat_c.png,0,
12220643,펑키 네온 캣 슈트 (여),12200527,133,81,165,53,42,71,12200528_F_CLPAFunkyNeonCat.gltf,12200528_f_clpafunkyneoncat_d.png,12200528_f_clpafunkyneoncat_c.png,0,
12220644,올림포스 이오닉 키톤 (남),12200501,170,47,47,96,19,19,12200501_M_CLPAOlympos01.gltf,12200501_m_clpaolympos01_d.png,12200501_m_clpaolympos01_c.png,0,
12220645,올림포스 이오닉 키톤 (여),12200502,170,47,47,96,19,19,12200502_F_CLPAOlympos01.gltf,12200502_f_clpaolympos01_d.png,12200502_f_clpaolympos01_c.png,0,
12220646,상큼 레몬 멜빵 바지 (남),12220457,180,165,248,108,96,176,12220457_M_CLPAPicnic03.gltf,12220457_m_clpapicnic03_d.png,12220457_m_clpapicnic03_c.png,0,
12220647,상큼 레몬 원피스 (여),12220458,180,165,248,108,96,176,12220458_F_CLPAPicnic03.gltf,12220458_f_clpapicnic03_d.png,12220458_f_clpapicnic03_c.png,0,
12220648,프레쉬 썸머 자켓 (남),12220067,194,209,96,64,104,54,12220067_M_CLPASwim06.gltf,12220067_m_clpaswim06_d.png,12220067_m_clpaswim06_c.png,0,
12220649,프레쉬 썸머 로브 (여),12220068,244,189,88,163,121,39,12220068_F_CLPASwim06.gltf,12220068_f_clpaswim06_d.png,12220068_f_clpaswim06_c.png,0,
12220650,달콤한 디저트 세일러 전신 (남),12220051,255,168,203,205,86,106,12220051_M_CLPAFood02.gltf,12220051_m_clpafood02_d.png,12220051_m_clpafood02_c.png,0,
12220651,달콤한 디저트 세일러 드레스 (여),12220052,255,168,203,205,86,106,12220052_F_CLPAFood02.gltf,12220052_f_clpafood02_d.png,12220052_f_clpafood02_c.png,0,
12220652,해변의 낭만 비치 로브 (남),12200652,62,73,117,27,26,48,12200652_M_CLPASummer01.gltf,12200652_m_clpasummer01_d.png,12200652_c_clpasummer01_c.png,0,
12220653,해변의 낭만 비치 로브 (여),12200653,62,73,117,27,26,48,12200653_F_CLPASummer01.gltf,12200653_f_clpasummer01_d.png,12200652_c_clpasummer01_c.png,0,
12220654,쁘띠 스카프 셔츠 앤 팬츠 (남),12200515,76,105,181,23,40,79,12200515_M_CLPAPicnic01.gltf,12200515_m_clpapicnic01_d.png,12200515_m_clpapicnic01_c.png,0,
12220655,선샤인 프릴 원피스 (여),12200516,76,105,181,23,40,79,12200516_F_CLPAPicnic01.gltf,12200516_f_clpapicnic01_d.png,12200516_f_clpapicnic01_c.png,0,
12220656,숲의 정령 꽃잎 수트 (남),12220381,119,147,68,32,51,30,12220381_M_CLPAFairy04.gltf,12220381_m_clpafairy04_d.png,12220381_m_clpafairy04_c.png,0,
12220657,숲의 정령 꽃잎 드레스 (여),12220382,119,147,68,32,51,30,12220382_F_CLPAFairy04.gltf,12220382_f_clpafairy04_d.png,12220382_f_clpafairy04_c.png,0,
12220658,다크캣 펑키 교복 전신 (남),12200693,244,189,88,163,121,39,12200693_M_CLPASchoolLook02.gltf,12200693_m_clpaschoollook02_d.png,12200693_m_clpaschoollook02_c.png,0,
12220659,다크캣 펑키 교복 전신 (여),12200694,244,189,88,163,121,39,12200694_F_CLPASchoolLook02.gltf,12200694_f_clpaschoollook02_d.png,12200694_f_clpaschoollook02_c.png,0,
12220660,장난꾸러기 요정 의상(남),12220377,133,81,165,53,42,71,12220377_M_CLPAFairy03.gltf,12220377_c_clpafairy03_d.png,12220377_c_clpafairy03_c.png,0,
12220661,장난꾸러기 요정 의상(여),12220377,133,81,165,53,42,71,12220378_F_CLPAFairy03.gltf,12220377_c_clpafairy03_d.png,12220377_c_clpafairy03_c.png,0,
12220662,트윙클 스타 교복 (남),12200273,255,168,203,205,86,106,12200273_M_CLPATwinkleStar.gltf,12200273_m_clpatwinklestar_d.png,12200273_m_clpatwinklestar_c.png,0,
12220663,트윙클 스타 교복 (여),12200274,255,168,203,205,86,106,12200274_F_CLPATwinkleStar.gltf,12200274_f_clpatwinklestar_d.png,12200274_f_clpatwinklestar_c.png,0,
12220664,프리스타일 아노락 후드 (남),12220417,170,47,47,96,19,19,12220417_M_CLPAOrdinary04.gltf,12220417_c_clpaordinary04_d.png,12220417_c_clpaordinary04_c.png,0,
12220665,프리스타일 아노락 후드 (여),12220418,170,47,47,96,19,19,12220418_F_CLPAOrdinary04.gltf,12220417_c_clpaordinary04_d.png,12220417_c_clpaordinary04_c.png,0,
12220666,블러디 나이트 코트 (남),12200317,170,47,47,96,19,19,12200317_M_CLPAVampire.gltf,12200317_m_clpavampire_d.png,12200317_m_clpavampire_c.png,0,
12220667,블러디 퀸 드레스 (여),12200318,170,47,47,96,19,19,12200318_F_CLPAVampire.gltf,12200318_f_clpavampire_d.png,12200318_f_clpavampire_c.png,0,
12220668,개구쟁이 꼬마 악마 옷 (남),12220371,133,81,165,53,42,71,12220371_M_CLPAHalloween05.gltf,12220371_c_clpahalloween05_d.png,12220371_c_clpahalloween05_c.png,0,
12220669,개구쟁이 꼬마 악마 옷 (여),12220372,133,81,165,53,42,71,12220372_F_CLPAHalloween05.gltf,12220371_c_clpahalloween05_d.png,12220371_c_clpahalloween05_c.png,0,
12220670,로열 다크니스 수트 (남),12200697,63,59,51,20,18,15,12200697_M_CLPADarkFantasy.gltf,12200697_m_clpadarkfantasy_d.png,12200697_m_clpadarkfantasy_c.png,0,
12220671,로열 다크니스 드레스 (여),12200698,63,59,51,20,18,15,12200698_F_CLPADarkFantasy.gltf,12200698_f_clpadarkfantasy_d.png,12200698_f_clpadarkfantasy_c.png,0,
12220672,다크문 키튼 전신 (남),12200263,180,165,248,108,96,176,12200263_M_CLPAMaid02.gltf,12200263_m_clpamaid02_d.png,12200263_m_clpamaid02_c.png,0,
12220673,다크문 키튼 전신 (여),12200264,180,165,248,108,96,176,12200264_F_CLPAMaid02.gltf,12200264_f_clpamaid02_d.png,12200264_f_clpamaid02_c.png,0,
12220674,나비 군주 수트 (남),12220053,170,47,47,96,19,19,12200659_M_CLPABlackButterfly.gltf,12200659_m_clpablackbutterfly_d.png,12200659_m_clpablackbutterfly_c.png,0,
12220676,스트리트 래퍼 전신 (남),12220059,126,204,247,72,94,168,12220059_M_CLPAIdol03.gltf,12220059_m_clpaidol03_d.png,12220059_m_clpaidol03_c.png,0,
12220677,스트리트 래퍼 전신 (여),12220060,126,204,247,72,94,168,12220060_F_CLPAIdol03.gltf,12220060_f_clpaidol03_d.png,12220060_f_clpaidol03_c.png,0,
12220678,하트 서스펜더 셔츠 앤 팬츠 (남),12220043,63,59,51,20,18,15,12220043_M_CLPAIdol04.gltf,12220043_m_clpaidol04_d.png,12220043_m_clpaidol04_c.png,0,
12220679,하트 서스펜더 플리츠 원피스 (여),12220044,63,59,51,20,18,15,12220044_F_CLPAIdol04.gltf,12220044_f_clpaidol04_d.png,12220044_f_clpaidol04_c.png,0,
12220680,페리오닉 전통 의상 (남),12200537,147,226,242,89,153,165,12200537_M_CLPATraditionalNative01.gltf,12200537_m_clpatraditionalnative01_d.png,12200537_m_clpatraditionalnative01_c.png,0,
12220681,페리오닉 전통 의상 (여),12200538,147,226,242,89,153,165,12200538_F_CLPATraditionalNative01.gltf,12200538_f_clpatraditionalnative01_d.png,12200538_f_clpatraditionalnative01_c.png,0,
12220682,아기 공룡 옷 (남),12200586,194,209,96,64,104,54,12200586_M_CLPADoll_Dinosaur01.gltf,12200586_c_clpadoll_dinosaur01_d.png,12200586_c_clpadoll_dinosaur01_c.png,0,
12220683,아기 공룡 옷 (여),12200587,194,209,96,64,104,54,12200587_F_CLPADoll_Dinosaur01.gltf,12200586_c_clpadoll_dinosaur01_d.png,12200586_c_clpadoll_dinosaur01_c.png,0,
12220684,로열 아라비안 수트 (남),12220079,230,230,230,150,150,150,12220079_M_CLPAFairyTale03.gltf,12220079_m_clpafairytale03_d.png,12220079_m_clpafairytale03_c.png,0,
12220685,로열 아라비안 드레스 (여),12220080,170,47,47,96,19,19,12220080_F_CLPAFairyTale03.gltf,12220080_f_clpafairytale03_d.png,12220080_f_clpafairytale03_c.png,0,
12220686,은하수 별빛 전신 (남),12200519,62,73,117,27,26,48,12200519_M_CLPAGalaxyFox.gltf,12200519_m_clpagalaxyfox_d.png,12200519_m_clpagalaxyfox_c.png,0,
12220687,은하수 별빛 드레스 (여),12200520,62,73,117,27,26,48,12200520_F_CLPAGalaxyFox.gltf,12200520_f_clpagalaxyfox_d.png,12200520_f_clpagalaxyfox_c.png,0,
12220688,살랑 나비 수트 (남),12200683,244,189,88,163,121,39,12200683_M_CLPAGentlyButterfly.gltf,12200683_m_clpagentlybutterfly_d.png,12200683_m_clpagentlybutterfly_c.png,0,
12220689,살랑 나비 드레스 (여),12200684,244,189,88,163,121,39,12200684_F_CLPAGentlyButterfly.gltf,12200684_f_clpagentlybutterfly_d.png,12200684_f_clpagentlybutterfly_c.png,0,
12220690,머스커티어 로브 (남),12200525,62,73,117,27,26,48,12200525_M_CLPADartagnan.gltf,12200525_c_clpadartagnan_d.png,12200525_c_clpadartagnan_c.png,0,
12220691,머스커티어 로브 (여),12200526,62,73,117,27,26,48,12200526_F_CLPADartagnan.gltf,12200525_c_clpadartagnan_d.png,12200525_c_clpadartagnan_c.png,0,
12220692,브래스 스터드 슈트 (남),12200511,170,47,47,96,19,19,12200511_M_CLPABrassStud.gltf,12200511_m_clpabrassstud_d.png,12200511_m_clpabrassstud_c.png,0,
12220693,브래스 스터드 원피스 (여),12200512,170,47,47,96,19,19,12200512_F_CLPABrassStud.gltf,12200512_f_clpabrassstud_d.png,12200512_f_clpabrassstud_c.png,0,
12220694,저항군 지그문트 코트 (남),12200415,63,59,51,20,18,15,12200415_M_CLPASigmund.gltf,12200415_m_clpasigmund_d.png,12200415_m_clpasigmund_d.png,0,
12220695,저항군 지그문트 코트 (여),12200416,63,59,51,20,18,15,12200416_F_CLPASigmund.gltf,12200416_f_clpasigmund_d.png,12200416_f_clpasigmund_d.png,0,
12220696,블랙 이너 셔츠 의상 (남),12200681,230,230,230,150,150,150,12200681_M_BlackInnerShirt.gltf,12200681_m_blackinnershirt_d.png,12200681_m_blackinnershirt_c.png,0,
12220697,블랙 이너 셔츠 의상 (여),12200682,230,230,230,150,150,150,12200682_F_BlackInnerShirt.gltf,12200682_f_blackinnershirt_d.png,12200682_f_blackinnershirt_c.png,0,
12220698,니트 베스트 세미 캐쥬얼 의상 (남),12200677,62,73,117,27,26,48,12200677_M_KnitVest.gltf,12200677_m_knitvest_d.png,12200677_m_knitvest_c.png,0,
12220699,니트 베스트 세미 캐쥬얼 의상 (여),12200678,62,73,117,27,26,48,12200678_F_KnitVest.gltf,12200678_f_knitvest_d.png,12200678_f_knitvest_c.png,0,
12220700,메이플 쿼터백 유니폼 (남),12200661,170,47,47,96,19,19,12200661_M_CLPAAmericanFootball01.gltf,12200661_c_clpaamericanfootball01_d.png,12200661_c_clpaamericanfootball01_c.png,0,
12220701,메이플 쿼터백 유니폼 (여),12200662,170,47,47,96,19,19,12200662_F_CLPAAmericanFootball01.gltf,12200661_c_clpaamericanfootball01_d.png,12200661_c_clpaamericanfootball01_c.png,0,
12220702,트라이아 궁중 셰프 유니폼 (남),12200665,119,147,68,32,51,30,12200665_M_CLPACook02.gltf,12200665_m_clpacook02_d.png,12200665_m_clpacook02_c.png,0,
12220703,트라이아 궁중 셰프 유니폼 (여),12200666,119,147,68,32,51,30,12200666_F_CLPACook02.gltf,12200666_f_clpacook02_d.png,12200666_f_clpacook02_c.png,0,
12220704,마시멜로 벨티드 전신 (남),12200509,126,204,247,72,94,168,12200509_M_CLPALollipop.gltf,12200509_m_clpalollipop_d.png,12200509_c_clpalollipop_c.png,0,
12220705,마시멜로 벨티드 전신 (여),12200510,255,168,203,205,86,106,12200510_F_CLPALollipop.gltf,12200510_f_clpalollipop_d.png,12200509_c_clpalollipop_c.png,0,
12220706,캐쥬얼 오버롤즈 (남),12200271,62,73,117,27,26,48,12200271_M_CLPACasualOveralls.gltf,12200271_m_clpacasualoveralls_d.png,12200271_m_clpacasualoveralls_c.png,0,
12220707,퓨어 리본 프릴 원피스 (여),12200272,239,112,145,153,66,82,12200272_F_CLPARibbonFrill.gltf,12200272_f_clparibbonfrill_d.png,12200272_f_clparibbonfrill_c.png,0,
12220708,펑키 카우보이 전신 (남),12200531,158,83,63,68,31,19,12200531_M_CLPACowPuncher.gltf,12200531_m_clpacowpuncher_d.png,12200531_m_clpacowpuncher_c.png,0,
12220709,펑키 카우보이 원피스 (여),12200532,158,83,63,68,31,19,12200532_F_CLPACowPuncher.gltf,12200532_f_clpacowpuncher_d.png,12200532_f_clpacowpuncher_c.png,0,
12220710,정열의 마리아치 수트 (남),12200588,62,73,117,27,26,48,12200588_M_CLPATraditionalNative02.gltf,12200588_m_clpatraditionalnative02_d.png,12200588_m_clpatraditionalnative02_c.png,0,
12220711,정열의 프릴 리본 드레스 (여),12200589,170,47,47,96,19,19,12200589_F_CLPATraditionalNative02.gltf,12200589_f_clpatraditionalnative02_d.png,12200589_f_clpatraditionalnative02_c.png,0,
12220712,로열 다크니스 수트 (남),12200697,63,59,51,20,18,15,12200697_M_CLPADarkFantasy.gltf,12200697_m_clpadarkfantasy_d.png,12200697_m_clpadarkfantasy_c.png,0,
12220713,로열 다크니스 드레스 (여),12200698,63,59,51,20,18,15,12200698_F_CLPADarkFantasy.gltf,12200698_f_clpadarkfantasy_d.png,12200698_f_clpadarkfantasy_c.png,0,
12220714,다크문 키튼 전신 (남),12200263,180,165,248,108,96,176,12200263_M_CLPAMaid02.gltf,12200263_m_clpamaid02_d.png,12200263_m_clpamaid02_c.png,0,
12220715,다크문 키튼 전신 (여),12200264,180,165,248,108,96,176,12200264_F_CLPAMaid02.gltf,12200264_f_clpamaid02_d.png,12200264_f_clpamaid02_c.png,0,
12220716,스트리트 래퍼 전신 (남),12220059,126,204,247,72,94,168,12220059_M_CLPAIdol03.gltf,12220059_m_clpaidol03_d.png,12220059_m_clpaidol03_c.png,0,
12220717,스트리트 래퍼 전신 (여),12220060,126,204,247,72,94,168,12220060_F_CLPAIdol03.gltf,12220060_f_clpaidol03_d.png,12220060_f_clpaidol03_c.png,0,
12220718,하트 서스펜더 셔츠 앤 팬츠 (남),12220043,63,59,51,20,18,15,12220043_M_CLPAIdol04.gltf,12220043_m_clpaidol04_d.png,12220043_m_clpaidol04_c.png,0,
12220719,하트 서스펜더 플리츠 원피스 (여),12220044,63,59,51,20,18,15,12220044_F_CLPAIdol04.gltf,12220044_f_clpaidol04_d.png,12220044_f_clpaidol04_c.png,0,
12220720,아기 공룡 옷 (남),12200586,194,209,96,64,104,54,12200586_M_CLPADoll_Dinosaur01.gltf,12200586_c_clpadoll_dinosaur01_d.png,12200586_c_clpadoll_dinosaur01_c.png,0,
12220721,아기 공룡 옷 (여),12200587,194,209,96,64,104,54,12200587_F_CLPADoll_Dinosaur01.gltf,12200586_c_clpadoll_dinosaur01_d.png,12200586_c_clpadoll_dinosaur01_c.png,0,
12220722,레드 후드 전신 (남),12220039,119,147,68,32,51,30,12220039_M_CLPAFairyTale01.gltf,12220039_m_clpafairytale01_d.png,12220039_m_clpafairytale01_c.png,0,
12220723,레드 후드 전신 (여),12220040,170,47,47,96,19,19,12220040_F_CLPAFairyTale01.gltf,12220040_f_clpafairytale01_d.png,12220040_f_clpafairytale01_c.png,0,
12220724,프리스타일 아노락 후드 (남),12220417,170,47,47,96,19,19,12220417_M_CLPAOrdinary04.gltf,12220417_c_clpaordinary04_d.png,12220417_c_clpaordinary04_c.png,0,
12220725,프리스타일 아노락 후드 (여),12220418,170,47,47,96,19,19,12220418_F_CLPAOrdinary04.gltf,12220417_c_clpaordinary04_d.png,12220417_c_clpaordinary04_c.png,0,
12220726,저항군 지그문트 코트 (남),12200415,63,59,51,20,18,15,12200415_M_CLPASigmund.gltf,12200415_m_clpasigmund_d.png,12200415_m_clpasigmund_d.png,0,
12220727,저항군 지그문트 코트 (여),12200416,63,59,51,20,18,15,12200416_F_CLPASigmund.gltf,12200416_f_clpasigmund_d.png,12200416_f_clpasigmund_d.png,0,
12220728,트라이아 궁중 화가 앞치마 (남),12220115,76,105,181,23,40,79,12200705_M_CLPAArtist01.gltf,12200705_c_clpaartist01_d.png,12200705_c_clpaartist01_c.png,0,
12220729,트라이아 궁중 화가 앞치마 (여),12220116,76,105,181,23,40,79,12200706_F_CLPAArtist01.gltf,12200705_c_clpaartist01_d.png,12200705_c_clpaartist01_c.png,0,
12220730,나비 군주 수트 (남),12220053,170,47,47,96,19,19,12200659_M_CLPABlackButterfly.gltf,12200659_m_clpablackbutterfly_d.png,12200659_m_clpablackbutterfly_c.png,0,
12220732,살랑 나비 수트 (남),12200683,244,189,88,163,121,39,12200683_M_CLPAGentlyButterfly.gltf,12200683_m_clpagentlybutterfly_d.png,12200683_m_clpagentlybutterfly_c.png,0,
12220733,살랑 나비 드레스 (여),12200684,244,189,88,163,121,39,12200684_F_CLPAGentlyButterfly.gltf,12200684_f_clpagentlybutterfly_d.png,12200684_f_clpagentlybutterfly_c.png,0,
12220734,트윙클 스타 교복 (남),12200273,255,168,203,205,86,106,12200273_M_CLPATwinkleStar.gltf,12200273_m_clpatwinklestar_d.png,12200273_m_clpatwinklestar_c.png,0,
12220735,트윙클 스타 교복 (여),12200274,255,168,203,205,86,106,12200274_F_CLPATwinkleStar.gltf,12200274_f_clpatwinklestar_d.png,12200274_f_clpatwinklestar_c.png,0,
12230024,샤이닝 위자드리 코트,12200024,63,59,51,20,18,15,12200024_F_OPShiningWizardryCoat.gltf,12200024_f_opshiningwizardrycoat_d.png,12200024_f_opshiningwizardrycoat_c.png,0,
12230026,사지타리우스 숄더가드 코트,12200026,63,59,51,20,18,15,12200026_F_OPSagittariusShoulderguard.gltf,12200026_f_opsagittariusshoulderguard_d.png,12200026_f_opsagittariusshoulderguard_c.png,0,
12230029,프로스토 데우스 로브,12200029,63,59,51,20,18,15,12200028_F_OPProstoDeusRobe.gltf,12200028_f_opprostodeusrobe_d.png,12200028_f_opprostodeusrobe_c.png,0,
12230046,파일럿 슈트,12200046,63,59,51,20,18,15,12200046_F_OPPilotSuit.gltf,12200046_f_oppilotsuit_d.png,12200046_f_oppilotsuit_c.png,0,
12230051,에네스 코트,12200051,63,59,51,20,18,15,12200051_F_OPEnesCoat.gltf,12200051_f_openescoat_d.png,12200051_f_openescoat_c.png,0,
12230226,흉포한 마법사 슈트,12200009,63,59,51,20,18,15,12200009_F_CLPAStarlightCoat.gltf,12200009_f_clpastarlightcoat_d.png,12200009_f_clpastarlightcoat_c.png,0,
12230227,흉포한 궁수 슈트,12200015,63,59,51,20,18,15,12200018_F_CombatInstructor.gltf,12200018_f_combatinstructor_d.png,12200018_f_combatinstructor_c.png,0,
12230228,탐식의 추적자 코트,12200050,63,59,51,20,18,15,12200050_F_OPChaserCoat.gltf,12200050_f_opchasercoat_d.png,12200050_f_opchasercoat_c.png,0,
12230229,탐식의 플라이트 슈트,12200052,63,59,51,20,18,15,12200052_F_OPFlightSuit.gltf,12200052_f_opflightsuit_d.png,12200052_f_opflightsuit_c.png,0,
12230230,탐식의 시피르 코트,12200061,63,59,51,20,18,15,12200061_F_OPSurfireCoat.gltf,12200061_f_opsurfirecoat_d.png,12200061_f_opsurfirecoat_c.png,0,
12230231,탐식의 금룡포,12200062,63,59,51,20,18,15,12200062_F_OPGoldDragonCoat.gltf,12200062_f_opgolddragoncoat_d.png,12200062_f_opgolddragoncoat_c.png,0,
12230232,탐식의 아쿠아 코트,12200063,63,59,51,20,18,15,12200063_F_OPAquaCoat.gltf,12200063_f_opaquacoat_d.png,12200063_f_opaquacoat_c.png,0,
12230233,탐식의 가디언 플레이트,12200064,63,59,51,20,18,15,12200064_F_OPGuardianPlate.gltf,12200064_f_opguardianplate_d.png,12200064_c_opguardianplate_c.png,0,
12230234,탐식의 프렌지 아머,12200065,63,59,51,20,18,15,12200065_F_OPFrenzyArmor.gltf,12200065_f_opfrenzyarmor_d.png,12200065_f_opfrenzyarmor_c.png,0,
12240226,빛나는 흉포의 마법사 슈트,12200009,63,59,51,20,18,15,12200009_F_CLPAStarlightCoat.gltf,12200009_f_clpastarlightcoat_d.png,12200009_f_clpastarlightcoat_c.png,0,
12240227,빛나는 흉포의 궁수 슈트,12200015,63,59,51,20,18,15,12200018_F_CombatInstructor.gltf,12200018_f_combatinstructor_d.png,12200018_f_combatinstructor_c.png,0,
12240228,빛나는 탐식의 추적자 코트,12200050,63,59,51,20,18,15,12200050_F_OPChaserCoat.gltf,12200050_f_opchasercoat_d.png,12200050_f_opchasercoat_c.png,0,
12240229,빛나는 탐식의 플라이트 슈트,12200052,63,59,51,20,18,15,12200052_F_OPFlightSuit.gltf,12200052_f_opflightsuit_d.png,12200052_f_opflightsuit_c.png,0,
12240230,빛나는 탐식의 시피르 코트,12200061,63,59,51,20,18,15,12200061_F_OPSurfireCoat.gltf,12200061_f_opsurfirecoat_d.png,12200061_f_opsurfirecoat_c.png,0,
12240231,빛나는 탐식의 금룡포,12200062,63,59,51,20,18,15,12200062_F_OPGoldDragonCoat.gltf,12200062_f_opgolddragoncoat_d.png,12200062_f_opgolddragoncoat_c.png,0,
12240232,빛나는 탐식의 아쿠아 코트,12200063,63,59,51,20,18,15,12200063_F_OPAquaCoat.gltf,12200063_f_opaquacoat_d.png,12200063_f_opaquacoat_c.png,0,
12240233,빛나는 탐식의 가디언 플레이트,12200064,63,59,51,20,18,15,12200064_F_OPGuardianPlate.gltf,12200064_f_opguardianplate_d.png,12200064_c_opguardianplate_c.png,0,
12240234,빛나는 탐식의 프렌지 아머,12200065,63,59,51,20,18,15,12200065_F_OPFrenzyArmor.gltf,12200065_f_opfrenzyarmor_d.png,12200065_f_opfrenzyarmor_c.png,0,
12250226,빛나는 흉포의 마법사 슈트,12200009,63,59,51,20,18,15,12200009_F_CLPAStarlightCoat.gltf,12200009_f_clpastarlightcoat_d.png,12200009_f_clpastarlightcoat_c.png,0,
12250227,빛나는 흉포의 궁수 슈트,12200015,63,59,51,20,18,15,12200018_F_CombatInstructor.gltf,12200018_f_combatinstructor_d.png,12200018_f_combatinstructor_c.png,0,
12250498,불안정한 힘의 마법사 전신옷,12200031,63,59,51,20,18,15,12200002_F_OPEsther.gltf,12200002_f_opesther_d.png,12200002_f_opesther_c.png,0,
12250499,불안정한 힘의 궁수 전신옷,12200045,63,59,51,20,18,15,12200045_F_OPMilitiaCoat.gltf,12200045_f_opmilitiacoat_d.png,12200045_f_opmilitiacoat_c.png,0,
12250500,불안정한 힘의 도적 전신옷,12200019,63,59,51,20,18,15,02200004_F_ChineseDress.gltf,02200004_f_chinesedress_d.png,02200004_f_chinesedress_c.png,0,
12270024,샤이닝 위자드리 코트,12200024,63,59,51,20,18,15,12200024_F_OPShiningWizardryCoat.gltf,12200024_f_opshiningwizardrycoat_d.png,12200024_f_opshiningwizardrycoat_c.png,0,
12270026,사지타리우스 숄더가드 코트,12200026,63,59,51,20,18,15,12200026_F_OPSagittariusShoulderguard.gltf,12200026_f_opsagittariusshoulderguard_d.png,12200026_f_opsagittariusshoulderguard_c.png,0,
12270029,프로스토 데우스 로브,12200029,63,59,51,20,18,15,12200028_F_OPProstoDeusRobe.gltf,12200028_f_opprostodeusrobe_d.png,12200028_f_opprostodeusrobe_c.png,0,
12270046,파일럿 슈트,12200046,63,59,51,20,18,15,12200046_F_OPPilotSuit.gltf,12200046_f_oppilotsuit_d.png,12200046_f_oppilotsuit_c.png,0,
12270051,에네스 코트,12200051,63,59,51,20,18,15,12200051_F_OPEnesCoat.gltf,12200051_f_openescoat_d.png,12200051_f_openescoat_c.png,0,
12270226,희미하게 흉포한 마법사 슈트,12200009,63,59,51,20,18,15,12200009_F_CLPAStarlightCoat.gltf,12200009_f_clpastarlightcoat_d.png,12200009_f_clpastarlightcoat_c.png,0,
12270227,희미하게 흉포한 궁수 슈트,12200015,63,59,51,20,18,15,12200018_F_CombatInstructor.gltf,12200018_f_combatinstructor_d.png,12200018_f_combatinstructor_c.png,0,
12270498,불안정한 힘의 마법사 전신옷,12200031,63,59,51,20,18,15,12200002_F_OPEsther.gltf,12200002_f_opesther_d.png,12200002_f_opesther_c.png,0,
12270499,불안정한 힘의 궁수 전신옷,12200045,63,59,51,20,18,15,12200045_F_OPMilitiaCoat.gltf,12200045_f_opmilitiacoat_d.png,12200045_f_opmilitiacoat_c.png,0,
12270500,불안정한 힘의 도적 전신옷,12200019,63,59,51,20,18,15,02200004_F_ChineseDress.gltf,02200004_f_chinesedress_d.png,02200004_f_chinesedress_c.png,0,
12280046,불멸의 파일럿 슈트,12200046,63,59,51,20,18,15,12200046_F_OPPilotSuit.gltf,12200046_f_oppilotsuit_d.png,12200046_f_oppilotsuit_c.png,0,
12280047,불멸의 세비어즈 코트,12200047,63,59,51,20,18,15,12200047_F_OPSaviorsCoat.gltf,12200047_f_opsaviorscoat_d.png,12200047_c_opsaviorscoat_c.png,0,
12280051,불멸의 에네스 코트,12200051,63,59,51,20,18,15,12200051_F_OPEnesCoat.gltf,12200051_f_openescoat_d.png,12200051_f_openescoat_c.png,0,
12280226,흉포의 마법사 슈트,12200009,63,59,51,20,18,15,12200009_F_CLPAStarlightCoat.gltf,12200009_f_clpastarlightcoat_d.png,12200009_f_clpastarlightcoat_c.png,0,
12280227,흉포의 궁수 슈트,12200015,63,59,51,20,18,15,12200018_F_CombatInstructor.gltf,12200018_f_combatinstructor_d.png,12200018_f_combatinstructor_c.png,0,
12280228,탐식의 추적자 코트,12200050,63,59,51,20,18,15,12200050_F_OPChaserCoat.gltf,12200050_f_opchasercoat_d.png,12200050_f_opchasercoat_c.png,0,
12280229,탐식의 플라이트 슈트,12200052,63,59,51,20,18,15,12200052_F_OPFlightSuit.gltf,12200052_f_opflightsuit_d.png,12200052_f_opflightsuit_c.png,0,
12280230,탐식의 시피르 코트,12200061,63,59,51,20,18,15,12200061_F_OPSurfireCoat.gltf,12200061_f_opsurfirecoat_d.png,12200061_f_opsurfirecoat_c.png,0,
12280231,탐식의 금룡포,12200062,63,59,51,20,18,15,12200062_F_OPGoldDragonCoat.gltf,12200062_f_opgolddragoncoat_d.png,12200062_f_opgolddragoncoat_c.png,0,
12280232,탐식의 아쿠아 코트,12200063,63,59,51,20,18,15,12200063_F_OPAquaCoat.gltf,12200063_f_opaquacoat_d.png,12200063_f_opaquacoat_c.png,0,
12280233,탐식의 가디언 플레이트,12200064,63,59,51,20,18,15,12200064_F_OPGuardianPlate.gltf,12200064_f_opguardianplate_d.png,12200064_c_opguardianplate_c.png,0,
12280234,탐식의 프렌지 아머,12200065,63,59,51,20,18,15,12200065_F_OPFrenzyArmor.gltf,12200065_f_opfrenzyarmor_d.png,12200065_f_opfrenzyarmor_c.png,0,
12280243,엘리트 어드벤쳐 매직 클로스 (위자드),12200031,63,59,51,20,18,15,12200002_F_OPEsther.gltf,12200002_f_opesther_d.png,12200002_f_opesther_c.png,0,
12280244,엘리트 어드벤쳐 매직 클로스 (프리스트),12200031,63,59,51,20,18,15,12200002_F_OPEsther.gltf,12200002_f_opesther_d.png,12200002_f_opesther_c.png,0,
12280245,엘리트 어드벤쳐 스카우트 코트 (레인저),12200045,63,59,51,20,18,15,12200045_F_OPMilitiaCoat.gltf,12200045_f_opmilitiacoat_d.png,12200045_f_opmilitiacoat_c.png,0,
12280246,엘리트 어드벤쳐 스카우트 코트 (헤비거너),12200045,63,59,51,20,18,15,12200045_F_OPMilitiaCoat.gltf,12200045_f_opmilitiacoat_d.png,12200045_f_opmilitiacoat_c.png,0,
12280247,엘리트 어드벤쳐 스니킹 슈츠 (시프),12200019,63,59,51,20,18,15,02200004_F_ChineseDress.gltf,02200004_f_chinesedress_d.png,02200004_f_chinesedress_c.png,0,
12280248,엘리트 어드벤쳐 스니킹 슈츠 (어쌔신),12200019,63,59,51,20,18,15,02200004_F_ChineseDress.gltf,02200004_f_chinesedress_d.png,02200004_f_chinesedress_c.png,0,
12290019,리본장식 치파오,12200019,63,59,51,20,18,15,02200004_F_ChineseDress.gltf,02200004_f_chinesedress_d.png,02200004_f_chinesedress_c.png,0,
12290024,샤이닝 위자드리 코트,12200024,63,59,51,20,18,15,12200024_F_OPShiningWizardryCoat.gltf,12200024_f_opshiningwizardrycoat_d.png,12200024_f_opshiningwizardrycoat_c.png,0,
12290025,나이티지 숄더 메일,12200025,63,59,51,20,18,15,12200025_F_OPKnightageShoulderMale.gltf,12200025_f_opknightageshouldermale_d.png,12200025_f_opknightageshouldermale_c.png,0,
12290026,사지타리우스 숄더가드 코트,12200026,63,59,51,20,18,15,12200026_F_OPSagittariusShoulderguard.gltf,12200026_f_opsagittariusshoulderguard_d.png,12200026_f_opsagittariusshoulderguard_c.png,0,
12290027,화이트 가운,12200027,63,59,51,20,18,15,12200028_F_Saunagown.gltf,12200028_f_saunagown_d.png,12200028_f_saunagown_c.png,0,
12290029,프로스토 데우스 로브,12200029,63,59,51,20,18,15,12200028_F_OPProstoDeusRobe.gltf,12200028_f_opprostodeusrobe_d.png,12200028_f_opprostodeusrobe_c.png,0,
12290030,펑키드 오버롤즈,12200030,63,59,51,20,18,15,12200030_F_OPPunkKidOveralls.gltf,12200030_f_oppunkkidoveralls_d.png,12200030_f_oppunkkidoveralls_c.png,0,
12290031,에스더 원피스,12200031,63,59,51,20,18,15,12200002_F_OPEsther.gltf,12200002_f_opesther_d.png,12200002_f_opesther_c.png,0,
12290044,방랑자 도복,12200044,63,59,51,20,18,15,12200044_F_OPWandererRobe.gltf,12200044_f_opwandererrobe_d.png,12200044_f_opwandererrobe_d.png,0,
12290045,밀리샤 코트,12200045,63,59,51,20,18,15,12200045_F_OPMilitiaCoat.gltf,12200045_f_opmilitiacoat_d.png,12200045_f_opmilitiacoat_c.png,0,
12290046,파일럿 슈트,12200046,63,59,51,20,18,15,12200046_F_OPPilotSuit.gltf,12200046_f_oppilotsuit_d.png,12200046_f_oppilotsuit_c.png,0,
12290047,세비어즈 코트,12200047,63,59,51,20,18,15,12200047_F_OPSaviorsCoat.gltf,12200047_f_opsaviorscoat_d.png,12200047_c_opsaviorscoat_c.png,0,
12290051,에네스 코트,12200051,63,59,51,20,18,15,12200051_F_OPEnesCoat.gltf,12200051_f_openescoat_d.png,12200051_f_openescoat_c.png,0,
12290072,마크52 오메가의 슈트,12200072,63,59,51,20,18,15,12200072_F_OPOmegaSuit.gltf,12200072_f_opomegasuit_d.png,12200072_f_opomegasuit_d.png,0,
12290073,슈슈와 부부스의 슈트,12200073,63,59,51,20,18,15,12200073_F_OPSnowGiantSuit.gltf,12200073_c_opsnowgiantsuit_d.png,12200073_c_opsnowgiantsuit_d.png,0,
12290074,냉혈의 슈트,12200074,63,59,51,20,18,15,12200074_F_OPColdBloodedSuit.gltf,12200074_f_opcoldbloodedsuit_d.png,12200074_f_opcoldbloodedsuit_d.png,0,
12290085,오버 아케인 전신,12200070,63,59,51,20,18,15,12200009_F_CLPAStarlightCoat.gltf,12200009_f_clpastarlightcoat_d.png,12200009_f_clpastarlightcoat_c.png,0,
12290091,하이 커버넌트 전신,12200071,63,59,51,20,18,15,12200018_F_CombatInstructor.gltf,12200018_f_combatinstructor_d.png,12200018_f_combatinstructor_c.png,0,
12290136,파모칸의 슈트,12200047,63,59,51,20,18,15,12200047_F_OPSaviorsCoat.gltf,12200047_f_opsaviorscoat_d.png,12200047_c_opsaviorscoat_c.png,0,
12290226,흉포한 마법사 슈트,12200009,63,59,51,20,18,15,12200009_F_CLPAStarlightCoat.gltf,12200009_f_clpastarlightcoat_d.png,12200009_f_clpastarlightcoat_c.png,0,
12290227,흉포한 궁수 슈트,12200015,63,59,51,20,18,15,12200018_F_CombatInstructor.gltf,12200018_f_combatinstructor_d.png,12200018_f_combatinstructor_c.png,0,
12290228,탐식의 가디언 플레이트,12200064,63,59,51,20,18,15,12200064_F_OPGuardianPlate.gltf,12200064_f_opguardianplate_d.png,12200064_c_opguardianplate_c.png,0,
12290229,탐식의 프렌지 아머,12200065,63,59,51,20,18,15,12200065_F_OPFrenzyArmor.gltf,12200065_f_opfrenzyarmor_d.png,12200065_f_opfrenzyarmor_c.png,0,
12290230,탐식의 아쿠아 코트,12200063,63,59,51,20,18,15,12200063_F_OPAquaCoat.gltf,12200063_f_opaquacoat_d.png,12200063_f_opaquacoat_c.png,0,
12290231,탐식의 시피르 코트,12200061,63,59,51,20,18,15,12200061_F_OPSurfireCoat.gltf,12200061_f_opsurfirecoat_d.png,12200061_f_opsurfirecoat_c.png,0,
12290232,탐식의 추적자 코트,12200050,63,59,51,20,18,15,12200050_F_OPChaserCoat.gltf,12200050_f_opchasercoat_d.png,12200050_f_opchasercoat_c.png,0,
12290233,탐식의 플라이트 슈트,12200052,63,59,51,20,18,15,12200052_F_OPFlightSuit.gltf,12200052_f_opflightsuit_d.png,12200052_f_opflightsuit_c.png,0,
12290234,탐식의 금룡포,12200062,63,59,51,20,18,15,12200062_F_OPGoldDragonCoat.gltf,12200062_f_opgolddragoncoat_d.png,12200062_f_opgolddragoncoat_c.png,0,
12290235,마크52 오메가의 슈트,12200072,63,59,51,20,18,15,12200072_F_OPOmegaSuit.gltf,12200072_f_opomegasuit_d.png,12200072_f_opomegasuit_d.png,0,
12290236,슈슈와 부부스의 슈트,12200073,63,59,51,20,18,15,12200073_F_OPSnowGiantSuit.gltf,12200073_c_opsnowgiantsuit_d.png,12200073_c_opsnowgiantsuit_d.png,0,
12290498,완성된 힘의 마법사 전신옷,12200031,63,59,51,20,18,15,12200002_F_OPEsther.gltf,12200002_f_opesther_d.png,12200002_f_opesther_c.png,0,
12290499,완성된 힘의 궁수 전신옷,12200045,63,59,51,20,18,15,12200045_F_OPMilitiaCoat.gltf,12200045_f_opmilitiacoat_d.png,12200045_f_opmilitiacoat_c.png,0,
12290500,완성된 힘의 도적 전신옷,12200019,63,59,51,20,18,15,02200004_F_ChineseDress.gltf,02200004_f_chinesedress_d.png,02200004_f_chinesedress_c.png,0,
12299999,블러드 레퀴엠 전신옷,12209999,63,59,51,20,18,15,12200004_F_OPBloodRequiem.gltf,12200004_f_opbloodrequiem_d.png,12200004_f_opbloodrequiem_c.png,0,