#id,name,icon,r1,g1,b1,r2,g2,b2,gltf,ddsd,ddsc,haircutting,
-1,없음,-1,0,0,0,0,0,0,
11300001,초보자 벙거지,11300001,63,59,51,20,18,15,11300001_C_AdventurerCap_C.gltf,11300001_c_adventurercap_d.png,11300001_c_adventurercap_d.png,8,
11300002,캐쥬얼 캡,11300002,63,59,51,20,18,15,11300002_C_StylishCap_C.gltf,11300002_c_stylishcap_d.png,11300002_c_stylishcap_c.png,8,
11300003,가죽 투구,11300003,63,59,51,20,18,15,11300013_C_ProbationWarrior_D.gltf,11300013_c_probationwarrior_d.png,11300013_c_probationwarrior_c.png,13,
11300004,포인트 가죽 투구,11300004,63,59,51,20,18,15,11300004_C_PointBronze_D.gltf,11300004_c_pointbronze_d.png,11300004_c_pointbronze_c.png,13,
11300005,스파이크 가죽 투구,11300005,63,59,51,20,18,15,11300005_C_RollingThunderSpike_D.gltf,11300005_c_rollingthunderspike_d.png,11300005_c_rollingthunderspike_c.png,13,
11300006,투박한 바이킹 투구,11300006,63,59,51,20,18,15,11300006_C_LittleBone_C.gltf,11300006_c_littlebone_d.png,11300006_c_littlebone_c.png,8,
11300007,강한 전사의 투구,11300007,63,59,51,20,18,15,11300007_C_Viking_C.gltf,11300007_c_viking_d.png,11300007_c_viking_c.png,8,
11300008,크란츠 투구,11300008,63,59,51,20,18,15,11300006_C_LittleBone_C.gltf,11300006_c_littlebone_d.png,11300006_c_littlebone_c.png,8,
11300009,좀도둑 두건,11300009,63,59,51,20,18,15,11300041_C_ProbationThief_D.gltf,11300041_c_probationthief_d.png,11300041_c_probationthief_c.png,13,
11300010,가죽 좀도둑 두건,11300010,63,59,51,20,18,15,11300011_C_CrossThief_D.gltf,11300011_c_crossthief_d.png,11300011_c_crossthief_c.png,13,
11300011,세련된 좀도둑 두건,11300011,63,59,51,20,18,15,11300042_C_BlackEyeGoldline_D.gltf,11300042_c_blackeyegoldline_d.png,11300042_c_blackeyegoldline_c.png,13,
11300012,닌자 두건,11300012,63,59,51,20,18,15,11300043_C_NinjaLoose_C.gltf,11300043_c_ninjaloose_d.png,11300043_c_ninjaloose_c.png,8,
11300013,다크윈드 비니,11300013,63,59,51,20,18,15,11300044_C_LeatherLoose_C.gltf,11300044_c_leatherloose_d.png,11300044_c_leatherloose_c.png,8,
11300014,자객 두건,11300014,63,59,51,20,18,15,11300043_C_NinjaLoose_C.gltf,11300043_c_ninjaloose_d.png,11300043_c_ninjaloose_c.png,8,
11300015,해적 두건,11300015,63,59,51,20,18,15,11300046_C_CPPirateBandana_C.gltf,11300046_c_cppiratebandana_d.png,11300046_c_cppiratebandana_c.png,8,
11300016,숙련 자객 두건,11300016,63,59,51,20,18,15,11300044_C_LeatherLoose_C.gltf,11300044_c_leatherloose_d.png,11300044_c_leatherloose_c.png,8,
11300018,초보 마법사 모자,11300018,63,59,51,20,18,15,11300018_C_ProbationMage_C.gltf,11300018_c_probationmage_d.png,11300018_c_probationmage_c.png,8,
11300019,여행자 모자,11300019,63,59,51,20,18,15,11300010_C_ProbationMage_C.gltf,11300010_c_probationmage_d.png,11300010_c_probationmage_c.png,8,
11300020,달빛 여행자 모자,11300020,63,59,51,20,18,15,11300019_C_AnnMoonlight_C.gltf,11300019_c_annmoonlight_d.png,11300019_c_annmoonlight_c.png,8,
11300021,견습 학자 모자,11300021,63,59,51,20,18,15,11300020_C_Golden_C.gltf,11300020_c_golden_d.png,11300020_c_golden_c.png,8,
11300023,매지션 모자,11300023,63,59,51,20,18,15,11300020_C_Golden_C.gltf,11300020_c_golden_d.png,11300020_c_golden_c.png,8,
11300024,마법사 모자,11300024,63,59,51,20,18,15,11300023_C_CPMageHat_C.gltf,11300023_c_cpmagehat_d.png,11300023_c_cpmagehat_c.png,8,
11300025,브론즈 매지션 모자,11300025,63,59,51,20,18,15,11300021_C_Silver_C.gltf,11300021_c_silver_d.png,11300021_c_silver_c.png,8,
11300027,숲지기 모자,11300027,63,59,51,20,18,15,11300009_C_ProbationRanger_C.gltf,11300009_c_probationranger_d.png,11300031_c_leatherfeather_c.png,8,
11300028,금빛 숲지기 모자,11300028,63,59,51,20,18,15,11300031_C_LeatherFeather_C.gltf,11300031_c_leatherfeather_d.png,11300031_c_leatherfeather_c.png,8,
11300029,로빈훗 모자,11300029,63,59,51,20,18,15,11300032_C_HelenaEagleEye_C.gltf,11300032_c_helenaeagleeye_d.png,11300032_c_helenaeagleeye_c.png,8,
11300030,사냥꾼 모자,11300030,63,59,51,20,18,15,11300033_C_Shooting_C.gltf,11300033_c_shooting_d.png,11300033_c_shooting_c.png,8,
11300032,헌팅 모자,11300032,63,59,51,20,18,15,11300033_C_Shooting_C.gltf,11300033_c_shooting_d.png,11300033_c_shooting_c.png,8,
11300033,군악대 모자,11300033,63,59,51,20,18,15,11300036_C_BasicMusket_C.gltf,11300036_c_basicmusket_c_d.png,11300036_c_basicmusket_c_c.png,8,
11300034,미들 헌팅 모자,11300034,63,59,51,20,18,15,11300034_C_Hunting_C.gltf,11300034_c_hunting_d.png,11300033_c_shooting_c.png,8,
11300036,보송보송 양털 모자,11300036,63,59,51,20,18,15,11300051_C_SheepCap_C.gltf,11300051_c_sheepcap_d.png,11300051_c_sheepcap_d.png,8,
11300037,검은 양털 모자,11300037,63,59,51,20,18,15,11300054_C_BlackSheepCap_C.gltf,11300054_c_blacksheepcap_d.png,11300054_c_blacksheepcap_d.png,8,
11300038,늑대가죽 위장 모자,11300038,63,59,51,20,18,15,11300059_C_WolfCap_C.gltf,11300059_c_wolfcap_d.png,11300059_c_wolfcap_d.png,8,
11300041,디자인 수영모자 (남),11300041,63,59,51,20,18,15,01300012_M_UGC01_E.gltf,01300012_m_ugc01_d.png,01300012_m_ugc01_d.png,8,
11300042,디자인 수영모자 (여),11300042,63,59,51,20,18,15,01300013_F_UGC01_E.gltf,01300013_f_ugc01_d.png,01300013_f_ugc01_d.png,8,
11300043,디자인 헬멧 (남),11300043,63,59,51,20,18,15,01300022_M_UGC02_E.gltf,01300022_m_ugc02_d.png,01300022_m_ugc02_d.png,8,
11300044,디자인 헬멧 (여),11300044,63,59,51,20,18,15,01300023_F_UGC02_E.gltf,01300023_f_ugc02_d.png,01300023_f_ugc02_d.png,8,
11300045,디자인 봉투 모자 (남),11300045,63,59,51,20,18,15,01300015_C_UGCPaperBag_D.gltf,01300015_c_ugcpaperbag_d.png,01300015_c_ugcpaperbag_d.png,13,
11300046,디자인 봉투 모자 (여),11300046,63,59,51,20,18,15,01300015_C_UGCPaperBag_D.gltf,01300015_c_ugcpaperbag_d.png,01300015_c_ugcpaperbag_d.png,13,
11300047,스튜디오 헤드폰,11300047,147,226,242,89,153,165,01300002_C_StudioHeadphone_A.gltf,01300002_c_studioheadphone_d.png,01300002_c_studioheadphone_c.png,0,
11300048,메이플 야구 모자,11300048,76,105,181,23,40,79,01300003_C_MapleStarBaseball_C.gltf,01300003_c_maplestarbaseball_d.png,01300003_c_maplestarbaseball_c.png,8,
11300049,토끼 머리띠,11300049,63,59,51,20,18,15,01300004_C_RabbitEar_A.gltf,01300004_c_rabbitear_d.png,01300004_c_rabbitear_d.png,0,
11300050,꼬마 악마뿔,11300050,170,47,47,96,19,19,01300005_C_JuniorEvilHorn_A.gltf,01300005_c_juniorevilhorn_d.png,01300005_c_juniorevilhorn_c.png,0,
11300051,털 고양이 귀,11300051,63,59,51,20,18,15,01300006_C_FurCatEars_A.gltf,01300006_c_furcatears_d.png,01300006_c_furcatears_d.png,0,
11300052,아기 천사 링,11300052,63,59,51,20,18,15,01300008_C_BabyAngel_A.gltf,01300008_c_babyangel.png,01300008_c_babyangel.png,0,
11300053,튼튼 안전모,11300053,63,59,51,20,18,15,01300009_C_SafetyHelmet_C.gltf,01300009_c_safetyhelmet_d.png,01300009_c_safetyhelmet_d.png,8,
11300054,노란 유치원 모자,11300054,63,59,51,20,18,15,01300011_F_Preschool_C.gltf,01300011_f_preschool_d.png,01300011_f_preschool_c.png,8,
11300055,맛있는 수박 모자,11300055,63,59,51,20,18,15,01300014_C_WaterMelon_A.gltf,01300014_c_watermelon_d.png,01300014_c_watermelon_d.png,0,
11300056,종이 봉투 모자,11300056,63,59,51,20,18,15,01300015_C_PaperBag_D.gltf,01300015_c_paperbag_d.png,01300015_c_paperbag_d.png,13,
11300057,힙합 비니,11300057,63,59,51,20,18,15,01300016_C_HiphopBeenie_C.gltf,01300016_c_hiphopbeenie_d.png,01300016_c_hiphopbeenie_d.png,8,
11300058,상큼 딸기 모자,11300058,63,59,51,20,18,15,01300017_C_FreshStrawberry_E.gltf,01300017_c_freshstrawberry_d.png,01300017_c_freshstrawberry_d.png,15,
11300059,캡틴 모자,11300059,76,105,181,23,40,79,01300018_M_CaptainHat_C.gltf,01300018_m_captainhat_d.png,01300018_m_captainhat_c.png,8,
11300060,승무원 모자,11300060,76,105,181,23,40,79,01300019_F_CrewHat_F.gltf,01300019_f_crewhat_d.png,01300019_f_crewhat_c.png,0,
11300061,데빌 혼,11300061,170,47,47,96,19,19,01300020_C_MiniDevilHorn_A.gltf,01300020_c_minidevilhorn_d.png,01300020_c_minidevilhorn_c.png,0,
11300062,악마 날개 밴드,11300062,170,47,47,96,19,19,01300021_C_DevilWing_A.gltf,01300021_c_devilwing_d.png,01300021_c_devilwing_c.png,0,
11300063,둥근 마린 모자,11300063,126,204,247,72,94,168,01300025_F_MarineHat_C.gltf,01300024_c_marinehat_d.png,01300024_c_marinehat_c.png,8,
11300064,해골 머리띠,11300064,63,59,51,20,18,15,01300026_C_SkeletonHairband_A.gltf,01300026_c_skeletonhairband_d.png,01300026_c_skeletonhairband_c.png,0,
11300065,따끈따끈 만두접시,11300065,63,59,51,20,18,15,01300027_C_HotDumplingDish_A.gltf,01300027_c_hotdumplingdish_d.png,01300027_c_hotdumplingdish_d.png,0,
11300067,양수건 모자,11300067,230,230,230,150,150,150,11350033_C_SheepTowel_C.gltf,11350033_c_sheeptowel_d.png,11350033_c_sheeptowel_c.png,8,
11300068,야옹 중절모,11300068,214,147,100,186,113,50,11350034_C_CPEarStrawHat_C.gltf,11350034_c_cpearstrawhat_d.png,11350034_c_cpearstrawhat_c.png,8,
11300069,이퀄라이저 캡,11300069,133,81,165,53,42,71,11350035_C_CPEqualizerCap_C.gltf,11350035_c_cpequalizercap_d.png,11350035_c_cpequalizercap_c.png,8,
11300072,위너 캡,11300072,158,83,63,68,31,19,11350038_C_CPWinnerCap_D.gltf,11350038_c_winnercap_d.png,11350038_c_winnercap_c.png,13,
11300073,다크 스위프트 버글러,11300073,63,59,51,20,18,15,11300059_C_CPDarkSwiftBurglar_D.gltf,11300059_c_cpdarkswiftburglar_d.png,11300059_c_cpdarkswiftburglar_c.png,13,
11300074,십자군 투구,11300074,63,59,51,20,18,15,11300074_C_CPCrusadesHelmet_D.gltf,11300074_c_cpcrusadeshelmet_d.png,11300076_c_cpgoldencrusadeshelmet_c.png,13,
11300075,은빛 크란츠 투구,11300075,63,59,51,20,18,15,11300007_C_Viking_C.gltf,11300007_c_viking_d.png,11300007_c_viking_c.png,8,
11300076,금빛 십자군 투구,11300076,63,59,51,20,18,15,11300076_C_CPGoldenCrusadesHelmet_D.gltf,11300076_c_cpgoldencrusadeshelmet_d.png,11300076_c_cpgoldencrusadeshelmet_c.png,13,
11300077,샤이닝 위자드리 햇,11300077,63,59,51,20,18,15,11300073_C_CPShiningWizardryStarCap_C.gltf,11300073_c_cpshiningwizardrystarcap_d.png,11300073_c_cpshiningwizardrystarcap_c.png,8,
11300078,나이티지 버거넷,11300078,63,59,51,20,18,15,11300078_C_CPKnightageBurgonet_D.gltf,11300078_c_cpknightageburgonet_d.png,11300078_c_cpknightageburgonet_c.png,13,
11300079,벨벳 베레모,11300079,63,59,51,20,18,15,11300052_C_CPVelvetBeret_C.gltf,11300052_c_cpvelvetberet_d.png,11300052_c_cpvelvetberet_c.png,8,
11300080,큐빅 베레모,11300080,63,59,51,20,18,15,11300053_C_CPCubicBeret_C.gltf,11300053_c_cpcubicberet_d.png,11300053_c_cpcubicberet_c.png,8,
11300081,서포터즈 캡,11300081,63,59,51,20,18,15,11300080_C_Supporter_C.gltf,11300080_c_supporter_d.png,11300080_c_supporter_d.png,8,
11300082,사지타리우스 플럼 햇,11300082,63,59,51,20,18,15,11300081_C_CPSagittariusPlumeHat_C.gltf,11300081_c_cpsagittariusplumehat_d.png,11300081_c_cpsagittariusplumehat_c.png,8,
11300083,프로스토 데우스 마이터,11300083,63,59,51,20,18,15,11300083_C_CPProstoDeusMiter_C.gltf,11300083_c_cpprostodeusmiter_d.png,11300083_c_cpprostodeusmiter_c.png,8,
11300084,쉐도우 스파이크 비니,11300084,63,59,51,20,18,15,11300084_C_shadowSpike_D.gltf,11300084_c_shadowspike_d.png,11300084_c_shadowspike_c.png,13,
11300085,디멘티드 헬름,11300085,63,59,51,20,18,15,11300085_C_CPDementedHelm_D.gltf,11300085_c_cpdementedhelm_d.png,11300085_c_cpdementedhelm_c.png,13,
11300086,펑키드 버글러,11300086,63,59,51,20,18,15,11300086_C_CPPunkKidBurglar_D.gltf,11300086_c_cppunkkidburglar_d.png,11300086_c_cppunkkidburglar_c.png,13,
11300087,에스더 햇,11300087,63,59,51,20,18,15,11300003_F_CPConeHat_C.gltf,11300003_f_cpconehat_d.png,11300003_f_cpconehat_c.png,8,
11300088,운영자 베레모 (여),11300088,63,59,51,20,18,15,11300088_C_CPGm_C.gltf,11300088_c_cpgm_d.png,11300088_c_cpgm_d.png,8,
11300089,분노의 뿔,11300089,63,59,51,20,18,15,11300089_C_CPFuryHorn_A.gltf,11300089_c_cpfuryhorn_d.png,11300089_c_cpfuryhorn_d.png,0,
11300090,혼돈의 뿔,11300090,63,59,51,20,18,15,11300091_C_CPColdBloodedHorn_A.gltf,11300091_c_cpcoldbloodedhorn_d.png,11300091_c_cpcoldbloodedhorn_d.png,0,
11300091,냉혈의 뿔,11300091,63,59,51,20,18,15,11300090_C_CPChaosHorn_A.gltf,11300090_c_cpchaoshorn_d.png,11300090_c_cpchaoshorn_d.png,0,
11300092,전사의 뿔,11300092,63,59,51,20,18,15,11300092_C_WarriorHorn_A.gltf,11300092_c_warriorhorn_d.png,11300092_c_warriorhorn_d.png,0,
11300093,군단장의 뿔,11300093,63,59,51,20,18,15,11300093_C_ChiefHorn_A.gltf,11300093_c_chiefhorn_d.png,11300093_c_chiefhorn_d.png,0,
11300094,데보라크의 뿔,11300094,63,59,51,20,18,15,11300094_C_ShamanHorn_A.gltf,11300094_c_shamanhorn_d.png,11300094_c_shamanhorn_d.png,0,
11300095,고급 피혁 투구,11300095,63,59,51,20,18,15,11300013_C_ProbationWarrior_D.gltf,11300013_c_probationwarrior_d.png,11300013_c_probationwarrior_c.png,13,
11300096,포인트 고급 피혁 투구,11300096,63,59,51,20,18,15,11300004_C_PointBronze_D.gltf,11300004_c_pointbronze_d.png,11300004_c_pointbronze_c.png,13,
11300097,스파이트 고급 피혁 투구,11300097,63,59,51,20,18,15,11300005_C_RollingThunderSpike_D.gltf,11300005_c_rollingthunderspike_d.png,11300005_c_rollingthunderspike_c.png,13,
11300098,투박한 캐리비안 헬멧,11300098,63,59,51,20,18,15,11300006_C_LittleBone_C.gltf,11300006_c_littlebone_d.png,11300006_c_littlebone_c.png,8,
11300099,나이트 헬멧,11300099,63,59,51,20,18,15,11300074_C_CPCrusadesHelmet_D.gltf,11300074_c_cpcrusadeshelmet_d.png,11300076_c_cpgoldencrusadeshelmet_c.png,13,
11300100,슬럼가의 두건,11300100,63,59,51,20,18,15,11300011_C_CrossThief_D.gltf,11300011_c_crossthief_d.png,11300011_c_crossthief_c.png,13,
11300101,슬럼 스타일 레더 반다나,11300101,63,59,51,20,18,15,11300042_C_BlackEyeGoldline_D.gltf,11300042_c_blackeyegoldline_d.png,11300042_c_blackeyegoldline_c.png,13,
11300102,슬럼 스타일 반다나,11300102,63,59,51,20,18,15,11300043_C_NinjaLoose_C.gltf,11300043_c_ninjaloose_d.png,11300043_c_ninjaloose_c.png,8,
11300103,암살 특화 모자,11300103,63,59,51,20,18,15,11300045_C_BlackLoose_C.gltf,11300045_c_blackloose_d.png,11300045_c_blackloose_c.png,8,
11300104,밴디트 두건,11300104,63,59,51,20,18,15,11300046_C_CPPirateBandana_C.gltf,11300046_c_cppiratebandana_d.png,11300046_c_cppiratebandana_c.png,8,
11300105,바다 모험가 모자,11300105,63,59,51,20,18,15,11300046_C_CPPirateBandana_C.gltf,11300046_c_cppiratebandana_d.png,11300046_c_cppiratebandana_c.png,8,
11300106,견습 법사 모자,11300106,63,59,51,20,18,15,11300018_C_ProbationMage_C.gltf,11300018_c_probationmage_d.png,11300018_c_probationmage_c.png,8,
11300107,낭만법사 모자,11300107,63,59,51,20,18,15,11300010_C_ProbationMage_C.gltf,11300010_c_probationmage_d.png,11300010_c_probationmage_c.png,8,
11300108,달빛 낭만법사 모자,11300108,63,59,51,20,18,15,11300019_C_AnnMoonlight_C.gltf,11300019_c_annmoonlight_d.png,11300019_c_annmoonlight_c.png,8,
11300109,하급 마법의 모자,11300109,63,59,51,20,18,15,11300020_C_Golden_C.gltf,11300020_c_golden_d.png,11300020_c_golden_c.png,8,
11300110,소서러 모자,11300110,63,59,51,20,18,15,11300023_C_CPMageHat_C.gltf,11300023_c_cpmagehat_d.png,11300023_c_cpmagehat_c.png,8,
11300111,붕어빵 인형탈 모자,11300111,63,59,51,20,18,15,11300215_C_DollAnimal02_E.gltf,11300215_c_dollanimal02_d.png,11300215_c_dollanimal02_d.png,15,
11300112,우드랜드 캡,11300112,63,59,51,20,18,15,11300009_C_ProbationRanger_C.gltf,11300009_c_probationranger_d.png,11300031_c_leatherfeather_c.png,8,
11300113,골든 우드랜드 캡,11300113,63,59,51,20,18,15,11300031_C_LeatherFeather_C.gltf,11300031_c_leatherfeather_d.png,11300031_c_leatherfeather_c.png,8,
11300114,명사수의 모자,11300114,63,59,51,20,18,15,11300032_C_HelenaEagleEye_C.gltf,11300032_c_helenaeagleeye_d.png,11300032_c_helenaeagleeye_c.png,8,
11300115,사수의 모자,11300115,63,59,51,20,18,15,11300033_C_Shooting_C.gltf,11300033_c_shooting_d.png,11300033_c_shooting_c.png,8,
11300116,의장대 햇,11300116,63,59,51,20,18,15,11300036_C_BasicMusket_C.gltf,11300036_c_basicmusket_c_d.png,11300036_c_basicmusket_c_c.png,8,
11300117,전문 군악대 모자,11300117,63,59,51,20,18,15,11300036_C_BasicMusket_C.gltf,11300036_c_basicmusket_c_d.png,11300036_c_basicmusket_c_c.png,8,
11300118,기사단 투구,11300118,63,59,51,20,18,15,11300074_C_CPCrusadesHelmet_D.gltf,11300074_c_cpcrusadeshelmet_d.png,11300076_c_cpgoldencrusadeshelmet_c.png,13,
11300119,갈색 삿갓,11300119,63,59,51,20,18,15,11300119_C_CPWandererBambooHat_C.gltf,11300119_c_cpwandererbamboohat_d.png,11300119_c_cpwandererbamboohat_d.png,8,
11300120,밀리샤 햇,11300120,63,59,51,20,18,15,11300120_C_CPMilitiaHat_C.gltf,11300120_c_cpmilitiahat_d.png,11300120_c_cpmilitiahat_c.png,8,
11300121,알파 테스트 모자,11300121,63,59,51,20,18,15,11300121_C_ABTSpecialHat_C.gltf,11300121_c_abtspecialhat_d.png,11300121_c_abtspecialhat_d.png,8,
11300122,클로즈드 베타 모자,11300122,63,59,51,20,18,15,11300122_C_CBTHat_C.gltf,11300122_c_cbthat_d.png,11300122_c_cbthat_d.png,8,
11300123,오리할콘 투구,11300123,63,59,51,20,18,15,11300004_C_CPSilverOrihalc.gltf,11300004_c_cpsilverorihalcon_d.png,11300004_c_cpsilverorihalcon_d.png,None,
11300124,블러드 레퀴엠 혼,11300124,170,47,47,96,19,19,11300005_C_CPBloodRequiem_A.gltf,11300005_c_cpbloodrequiem_d.png,11300005_c_cpbloodrequiem_c.png,0,
11300125,밀리샤 햇,11300125,62,73,117,27,26,48,11300120_C_CPMilitiaHat_C.gltf,11300120_c_cpmilitiahat_d.png,11300120_c_cpmilitiahat_c.png,8,
11300126,따끈따끈 만두접시,11300126,63,59,51,20,18,15,01300027_C_HotDumplingDish_A.gltf,01300027_c_hotdumplingdish_d.png,01300027_c_hotdumplingdish_d.png,0,
11300127,아기 천사 링,11300052,63,59,51,20,18,15,01300008_C_BabyAngel_A.gltf,01300008_c_babyangel.png,01300008_c_babyangel.png,0,
11300128,라바 모자,11300128,63,59,51,20,18,15,11300055_C_CurseEye_E.gltf,11300055_c_curseeye_e_d.png,11300055_c_curseeye_e_d.png,12,
11300129,그리폰 헬름,11300129,63,59,51,20,18,15,11300130_C_CPGrifinaHelm_D.gltf,11300130_c_cpgrifinahelm_d.png,11300130_c_cpgrifinahelm_d.png,13,
11300130,그리피나 헬름,11300130,63,59,51,20,18,15,11300129_C_CPGriffinHelm_D.gltf,11300129_c_cpgriffinhelm_d.png,11300129_c_cpgriffinhelm_d.png,13,
11300131,호루스 헬름,11300131,63,59,51,20,18,15,11300131_C_CPHorusHelm_D.gltf,11300131_c_cphorushelm_d.png,11300131_c_cphorushelm_d.png,13,
11300132,수문장 투구,11300132,63,59,51,20,18,15,11300132_C_CPGatekeeperHelmet_D.gltf,11300132_c_cpgatekeeperhelmet_d.png,11300132_c_cpgatekeeperhelmet_d.png,13,
11300133,최후의 투구,11300133,63,59,51,20,18,15,11300134_C_CPForgottenHelmet_D.gltf,11300134_c_cpforgottenhelmet_d.png,11300134_c_cpforgottenhelmet_d.png,13,
11300134,잊혀진 투구,11300134,63,59,51,20,18,15,11300133_C_CPLastHelmet_D.gltf,11300133_c_cplasthelmet_d.png,11300133_c_cplasthelmet_d.png,13,
11300135,스켈레톤 헬름,11300135,63,59,51,20,18,15,11300135_C_CPSkeletonHelm_D.gltf,11300135_c_cpskeletonhelm_d.png,11300135_c_cpskeletonhelm_c.png,13,
11300136,파일럿 헬멧,11300136,63,59,51,20,18,15,11300136_C_CPPilotMeowHelm.gltf,11300136_c_cppilotmeowhelmet_d.png,11300136_c_cppilotmeowhelmet_c.png,None,
11300137,블러디 더스크 헬름,11300137,63,59,51,20,18,15,11300137_C_CPBloodyDuskHe.gltf,11300137_c_cpbloodyduskhelm_d.png,11300137_c_cpbloodyduskhelm_c.png,None,
11300138,세비어즈 헬름,11300138,63,59,51,20,18,15,11300138_C_CPSaviorsHelm_D.gltf,11300138_c_cpsaviorshelm_d.png,11300138_c_cpsaviorshelm_c.png,13,
11300140,발록의 뿔,11300140,63,59,51,20,18,15,11300140_C_CPBalrogsHorn_A.gltf,11300140_c_cpbalrogshorn_d.png,11300140_c_cpbalrogshorn_d.png,0,
11300141,버섯 모자,11300141,63,59,51,20,18,15,11300141_C_CPMushroomHat_C.gltf,11300141_c_cpmushroomhat_d.png,11300141_c_cpmushroomhat_d.png,8,
11300142,부적 버섯 모자,11300142,63,59,51,20,18,15,11300142_C_CPTalismanMushroomHat_C.gltf,11300142_c_cptalismanmushroomhat_d.png,11300142_c_cptalismanmushroomhat_d.png,8,
11300143,님블 비트 버글러,11300143,63,59,51,20,18,15,11300143_C_CPNimbleBitBurglar_D.gltf,11300143_c_cpnimblebitburglar_d.png,11300143_c_cpnimblebitburglar_c.png,13,
11300144,팬텀 비니,11300144,63,59,51,20,18,15,11300144_C_CPPhantomBeanie_D.gltf,11300144_c_cpphantombeanie_d.png,11300144_c_cpphantombeanie_c.png,13,
11300145,추적자 모자,11300145,63,59,51,20,18,15,11300145_C_CPChaserHat_C.gltf,11300145_c_cpchaserhat_d.png,11300145_c_cpchaserhat_c.png,8,
11300146,감시자 모자,11300146,63,59,51,20,18,15,11300146_C_CPGuardianHat_C.gltf,11300146_c_cpguardianhat_d.png,11300146_c_cpguardianhat_c.png,8,
11300147,스터드 선장모자,11300147,63,59,51,20,18,15,11300147_C_CPStuddedHat_C.gltf,11300147_c_cpstuddedhat_d.png,11300147_c_cpstuddedhat_c.png,8,
11300148,에네스 캡,11300148,63,59,51,20,18,15,11300148_C_CPEnesCap_D.gltf,11300148_c_cpenescap_d.png,11300148_c_cpenescap_c.png,13,
11300149,플라이트 헬멧,11300149,63,59,51,20,18,15,11300149_C_CPFlightHelmet_D.gltf,11300149_c_cpflighthelmet_d.png,11300149_c_cpflighthelmet_c.png,13,
11300150,마린 레이스 수영모,11300150,76,105,181,23,40,79,11300150_C_CPLaceCap_D.gltf,11300150_c_cplacecap_d.png,11300150_c_cplacecap_c.png,13,
11300151,개굴개굴 수영모,11300151,119,147,68,32,51,30,11300151_C_CPSingingFrog_E.gltf,11300151_c_cpsingingfrog_d.png,11300151_c_cpsingingfrog_c.png,15,
11300152,플로럴 비치 햇,11300152,255,168,203,205,86,106,11300152_C_CPFloralBeachHat_C.gltf,11300152_c_cpfloralbeachhat_d.png,11300152_c_cpfloralbeachhat_c.png,8,
11300153,내친구 로브스터,11300153,170,47,47,96,19,19,11300153_C_CPFriendLobster_E.gltf,11300153_c_cpfriendlobster_d.png,11300153_c_cpfriendlobster_c.png,15,
11300154,수경 수영모,11300154,63,59,51,20,18,15,11300154_C_CPSwimGoggleCap_E.gltf,11300154_c_cpswimgogglecap_d.png,11300154_c_cpswimgogglecap_c.png,12,
11300155,디자인 야구모자 (남),11300155,63,59,51,20,18,15,11300155_M_UGC03_C.gltf,11300155_m_ugc03_d.png,11300155_m_ugc03_d.png,8,
11300156,디자인 야구모자 (여),11300156,63,59,51,20,18,15,11300156_F_UGC03_C.gltf,11300156_f_ugc03_d.png,11300156_f_ugc03_d.png,8,
11300157,디자인 비니 (남),11300157,63,59,51,20,18,15,11300157_M_UGC04_C.gltf,11300157_m_ugc04_d.png,11300157_m_ugc04_d.png,8,
11300158,디자인 비니 (여),11300158,63,59,51,20,18,15,11300158_F_UGC04_C.gltf,11300158_f_ugc04_d.png,11300158_f_ugc04_d.png,8,
11300159,아이언 호그의 강철 투구,11300159,63,59,51,20,18,15,11300159_C_CPIronHogHelmet_D.gltf,11300159_c_cpironhoghelmet_d.png,11300159_c_cpironhoghelmet_d.png,13,
11300160,네펜투스의 투구,11300160,63,59,51,20,18,15,11300160_C_CPNepentoothHelmet_E.gltf,11300160_c_cpnepentoothhelmet_d.png,11300160_c_cpnepentoothhelmet_d.png,12,
11300161,네펜데스의 투구,11300161,63,59,51,20,18,15,11300161_C_CPNependeathHelmet_E.gltf,11300161_c_cpnependeathhelmet_d.png,11300161_c_cpnependeathhelmet_d.png,12,
11300162,시피르 마이터,11300162,63,59,51,20,18,15,11300162_C_CPSurfireMiter_C.gltf,11300162_c_cpsurfiremiter_d.png,11300162_c_cpsurfiremiter_c.png,8,
11300163,금룡모,11300163,63,59,51,20,18,15,11300163_C_CPGoldDragonHat_C.gltf,11300163_c_cpgolddragonhat_d.png,11300163_c_cpgolddragonhat_c.png,8,
11300164,아쿠아 햇,11300164,63,59,51,20,18,15,11300164_C_CPAquaHat_C.gltf,11300164_c_cpaquahat_d.png,11300164_c_cpaquahat_c.png,8,
11300165,가디언 헬름,11300165,63,59,51,20,18,15,11300165_C_CPGuardianHelm_D.gltf,11300165_c_cpguardianhelm_d.png,11300165_c_cpguardianhelm_c.png,13,
11300166,프렌지 헬름,11300166,63,59,51,20,18,15,11300166_C_CPFrenzyHelm_D.gltf,11300166_c_cpfrenzyhelm_d.png,11300166_c_cpfrenzyhelm_c.png,13,
11300167,검은 크란츠 헬름,11300167,63,59,51,20,18,15,11300008_C_RollingThunderBlackbone_C.gltf,11300008_c_rollingthunderblackbone_d.png,11300008_c_rollingthunderblackbone_c.png,8,
11300168,실버 매지션 햇,11300168,63,59,51,20,18,15,11300022_C_AnnStarlight_C.gltf,11300022_c_annstarlight_d.png,11300022_c_annstarlight_c.png,8,
11300169,아크 헌팅 베레모,11300169,63,59,51,20,18,15,11300035_C_HelenaHawkEye_C.gltf,11300035_c_helenahawkeye_d.png,11300033_c_shooting_c.png,8,
11300170,강한 자객 두건,11300170,63,59,51,20,18,15,11300045_C_BlackLoose_C.gltf,11300045_c_blackloose_d.png,11300045_c_blackloose_c.png,8,
11300171,블랙 나이트 헬름,11300171,63,59,51,20,18,15,11300075_C_CPBlackCrusadesHelmet_D.gltf,11300075_c_cpblackcrusadeshelmet_d.png,11300076_c_cpgoldencrusadeshelmet_c.png,13,
11300172,미드 소서러 햇,11300172,63,59,51,20,18,15,11300024_C_CPSuperiorHat_C.gltf,11300024_c_cpsuperiorhat_d.png,11300024_c_cpsuperiorhat_c.png,8,
11300173,중급 의장대 베레모,11300173,63,59,51,20,18,15,11300037_C_SilverMusket_C.gltf,11300037_c_silvermusket_c_d.png,11300037_c_silvermusket_c_c.png,8,
11300174,어퍼 밴디트 두건,11300174,63,59,51,20,18,15,11300047_C_CPLeatherPirate_C.gltf,11300047_c_cpleatherpirate_d.png,11300047_c_cpleatherpirate_c.png,8,
11300175,골든 나이트 헬름,11300175,63,59,51,20,18,15,11300076_C_CPGoldenCrusadesHelmet_D.gltf,11300076_c_cpgoldencrusadeshelmet_d.png,11300076_c_cpgoldencrusadeshelmet_c.png,13,
11300176,하이 소서러 햇,11300176,63,59,51,20,18,15,11300025_C_CPStarlightHat_C.gltf,11300025_c_cpstarlighthat_d.png,11300025_c_cpstarlighthat_c.png,8,
11300177,최상급 의장대 모자,11300177,63,59,51,20,18,15,11300038_C_GoldMusket_C.gltf,11300038_c_goldmusket_c_d.png,11300038_c_goldmusket_c_c.png,8,
11300178,모스트 밴디트 두건,11300178,63,59,51,20,18,15,11300048_C_CPCrossPirate_C.gltf,11300048_c_cpcrosspirate_d.png,11300048_c_cpcrosspirate_c.png,8,
11300179,체크 헌팅캡,11300179,214,147,100,186,113,50,11300180_F_CPCheckHuntingCap_C.gltf,11300179_c_cpcheckhuntingcap_d.png,11300179_c_cpcheckhuntingcap_c.png,8,
11300180,메이플 기자단 모자,11300180,63,59,51,20,18,15,11300180_C_MapleReporter_C.gltf,11300180_c_maplereporter_d.png,11300180_c_maplereporter_d.png,8,
11300181,스노우 벨 털모자,11300181,255,168,203,205,86,106,11300182_F_CPSnowBell_D.gltf,11300181_c_cpsnowbell_d.png,11300181_c_cpsnowbell_c.png,13,
11300183,마크52 오메가의 투구,11300183,63,59,51,20,18,15,11300183_C_CPOmegaHelm_D.gltf,11300183_c_cpomegahelm_d.png,11300183_c_cpomegahelm_d.png,13,
11300184,아르웬의 요정모자,11300184,63,59,51,20,18,15,11300022_C_AnnStarlight_C.gltf,11300022_c_annstarlight_d.png,11300022_c_annstarlight_c.png,8,
11300185,슈슈와 부부스의 모자,11300185,63,59,51,20,18,15,11300185_C_CPSnowGiantHat_E.gltf,11300185_c_cpsnowgianthat_d.png,11300185_c_cpsnowgianthat_d.png,12,
11300186,토토와 구구스의 모자,11300186,63,59,51,20,18,15,11300186_C_CPWildGiantHat_E.gltf,11300186_c_cpwildgianthat_d.png,11300186_c_cpwildgianthat_d.png,12,
11300187,로로와 무무스의 모자,11300187,63,59,51,20,18,15,11300187_C_CPWoodGiantHat_E.gltf,11300187_c_cpwoodgianthat_d.png,11300187_c_cpwoodgianthat_d.png,12,
11300188,자쿰의 투구,11300188,63,59,51,20,18,15,11300188_C_CPZakumHelm_D.gltf,11300188_c_cpzakumhelm_d.png,11300188_c_cpzakumhelm_d.png,13,
11300189,복슬복슬 복숭아 모자,11300189,63,59,51,20,18,15,11300189_C_ShaggyPeach_E.gltf,11300189_c_shaggypeach_d.png,11300189_c_shaggypeach_d.png,12,
11300191,프렌치불독 모자,11300191,63,59,51,20,18,15,11300191_C_FrenchBullDog_E.gltf,11300191_c_frenchbulldog_d.png,11300191_c_frenchbulldog_d.png,15,
11300192,상어 모자,11300192,126,204,247,72,94,168,11300192_C_Shark_E.gltf,11300192_c_shark_d.png,11300192_c_shark_c.png,15,
11300193,원터치 가스버너 모자,11300193,63,59,51,20,18,15,11300193_C_Burner_E.gltf,11300193_c_burner_d.png,11300193_c_burner_d.png,12,
11300194,쵸파 고무장갑 모자,11300194,63,59,51,20,18,15,11300194_C_CPChopperRubberGloveHat_C.gltf,11300194_c_cpchopperrubberglovehat_d.png,11300194_c_cpchopperrubberglovehat_d.png,8,
11300195,대형 폭탄 모자,11300195,63,59,51,20,18,15,11300195_C_BigBomb_E.gltf,11300195_c_bigbomb_d.png,11300195_c_bigbomb_d.png,15,
11300196,오렌지 모자,11300196,63,59,51,20,18,15,11300196_C_Orange_A.gltf,11300196_c_orange_d.png,11300196_c_orange_d.png,0,
11300197,키위 모자,11300197,63,59,51,20,18,15,11300197_C_Kiwi_A.gltf,11300197_c_kiwi_d.png,11300197_c_kiwi_d.png,0,
11300198,사과 모자,11300198,63,59,51,20,18,15,11300198_C_Apple_A.gltf,11300198_c_apple_d.png,11300198_c_apple_d.png,0,
11300199,바나나 모자,11300199,63,59,51,20,18,15,11300199_C_Banana_C.gltf,11300199_c_banana_d.png,11300199_c_banana_d.png,8,
11300201,나른한 삐약이,11300201,63,59,51,20,18,15,11300201_C_YellowBird_E.gltf,11300201_c_yellowbird_d.png,11300201_c_yellowbird_d.png,15,
11300202,표고버섯 모자,11300202,63,59,51,20,18,15,11300202_C_ShiitakeHat_C.gltf,11300202_c_shiitakehat_d.png,11300202_c_shiitakehat_d.png,8,
11300203,피둥피둥 메리,11300203,63,59,51,20,18,15,11300203_C_FatMa.gltf,11300203_c_fatmary_d.png,11300203_c_fatmary_d.png,None,
11300204,크로스 헬멧,11300204,63,59,51,20,18,15,11300204_C_CrossHalmet_C.gltf,11300204_c_crosshalmet_d.png,11300204_c_crosshalmet_d.png,8,
11300205,헤드기어,11300205,170,47,47,96,19,19,11300205_C_HeadGear_D.gltf,11300205_c_headgear_d.png,11300205_c_headgear_c.png,13,
11300206,대파 모자,11300206,63,59,51,20,18,15,11300206_C_ScallionHat_E.gltf,11300206_c_scallionhat_d.png,11300206_c_scallionhat_d.png,15,
11300207,잠수 헬멧,11300207,63,59,51,20,18,15,11300207_C_UnderWater_E.gltf,11300207_c_underwater_d.png,11300207_c_underwater_d.png,15,
11300209,기사단 헬름,11300099,63,59,51,20,18,15,11300074_C_CPCrusadesHelmet_D.gltf,11300074_c_cpcrusadeshelmet_d.png,11300076_c_cpgoldencrusadeshelmet_c.png,13,
11300210,크러스트 모자,11300167,63,59,51,20,18,15,11300008_C_RollingThunderBlackbone_C.gltf,11300008_c_rollingthunderblackbone_d.png,11300008_c_rollingthunderblackbone_c.png,8,
11300211,디비전 모자,11300099,63,59,51,20,18,15,11300074_C_CPCrusadesHelmet_D.gltf,11300074_c_cpcrusadeshelmet_d.png,11300076_c_cpgoldencrusadeshelmet_c.png,13,
11300212,블랙 크러스트 모자,11300171,63,59,51,20,18,15,11300075_C_CPBlackCrusadesHelmet_D.gltf,11300075_c_cpblackcrusadeshelmet_d.png,11300076_c_cpgoldencrusadeshelmet_c.png,13,
11300213,다이너스 모자,11300175,63,59,51,20,18,15,11300076_C_CPGoldenCrusadesHelmet_D.gltf,11300076_c_cpgoldencrusadeshelmet_d.png,11300076_c_cpgoldencrusadeshelmet_c.png,13,
11300214,세인트 햇,11300110,63,59,51,20,18,15,11300023_C_CPMageHat_C.gltf,11300023_c_cpmagehat_d.png,11300023_c_cpmagehat_c.png,8,
11300215,디바인 모자,11300168,63,59,51,20,18,15,11300022_C_AnnStarlight_C.gltf,11300022_c_annstarlight_d.png,11300022_c_annstarlight_c.png,8,
11300216,멀리건 모자,11300110,63,59,51,20,18,15,11300023_C_CPMageHat_C.gltf,11300023_c_cpmagehat_d.png,11300023_c_cpmagehat_c.png,8,
11300217,실버 디바인 모자,11300172,63,59,51,20,18,15,11300024_C_CPSuperiorHat_C.gltf,11300024_c_cpsuperiorhat_d.png,11300024_c_cpsuperiorhat_c.png,8,
11300218,아케인 모자,11300176,63,59,51,20,18,15,11300025_C_CPStarlightHat_C.gltf,11300025_c_cpstarlighthat_d.png,11300025_c_cpstarlighthat_c.png,8,
11300219,전문 군악대 모자,11300116,63,59,51,20,18,15,11300036_C_BasicMusket_C.gltf,11300036_c_basicmusket_c_d.png,11300036_c_basicmusket_c_c.png,8,
11300220,포치 모자,11300169,63,59,51,20,18,15,11300035_C_HelenaHawkEye_C.gltf,11300035_c_helenahawkeye_d.png,11300033_c_shooting_c.png,8,
11300221,알터 모자,11300116,63,59,51,20,18,15,11300036_C_BasicMusket_C.gltf,11300036_c_basicmusket_c_d.png,11300036_c_basicmusket_c_c.png,8,
11300222,스트롱 포치 모자,11300173,63,59,51,20,18,15,11300037_C_SilverMusket_C.gltf,11300037_c_silvermusket_c_d.png,11300037_c_silvermusket_c_c.png,8,
11300223,커버넌트 모자,11300177,63,59,51,20,18,15,11300038_C_GoldMusket_C.gltf,11300038_c_goldmusket_c_d.png,11300038_c_goldmusket_c_c.png,8,
11300224,바다 모험가 모자,11300104,63,59,51,20,18,15,11300046_C_CPPirateBandana_C.gltf,11300046_c_cppiratebandana_d.png,11300046_c_cppiratebandana_c.png,8,
11300225,스키퍼 모자,11300170,63,59,51,20,18,15,11300045_C_BlackLoose_C.gltf,11300045_c_blackloose_d.png,11300045_c_blackloose_c.png,8,
11300226,머깅 모자,11300104,63,59,51,20,18,15,11300046_C_CPPirateBandana_C.gltf,11300046_c_cppiratebandana_d.png,11300046_c_cppiratebandana_c.png,8,
11300227,트루 스키퍼 모자,11300174,63,59,51,20,18,15,11300047_C_CPLeatherPirate_C.gltf,11300047_c_cpleatherpirate_d.png,11300047_c_cpleatherpirate_c.png,8,
11300228,마스트 모자,11300178,63,59,51,20,18,15,11300048_C_CPCrossPirate_C.gltf,11300048_c_cpcrosspirate_d.png,11300048_c_cpcrosspirate_c.png,8,
11300230,심플 터번,11300230,158,83,63,68,31,19,11300230_F_SimpleTurban_E.gltf,11300230_c_simpleturban_d.png,11300230_c_simpleturban_c.png,15,
11300231,알현식 기념모자,11300002,63,59,51,20,18,15,11300002_C_StylishCap_C.gltf,11300002_c_stylishcap_d.png,11300002_c_stylishcap_c.png,8,
11300232,건달 두건,11300009,63,59,51,20,18,15,11300041_C_ProbationThief_D.gltf,11300041_c_probationthief_d.png,11300041_c_probationthief_c.png,13,
11300233,골든캡,11300027,63,59,51,20,18,15,11300009_C_ProbationRanger_C.gltf,11300009_c_probationranger_d.png,11300031_c_leatherfeather_c.png,8,
11300234,근위대 투구,11300005,63,59,51,20,18,15,11300005_C_RollingThunderSpike_D.gltf,11300005_c_rollingthunderspike_d.png,11300005_c_rollingthunderspike_c.png,13,
11300235,시위대 캡모자,11300033,63,59,51,20,18,15,11300036_C_BasicMusket_C.gltf,11300036_c_basicmusket_c_d.png,11300036_c_basicmusket_c_c.png,8,
11300236,요다의 꼬깔모자,11300021,63,59,51,20,18,15,11300020_C_Golden_C.gltf,11300020_c_golden_d.png,11300020_c_golden_c.png,8,
11300237,제사장의 마법모자,11300024,63,59,51,20,18,15,11300023_C_CPMageHat_C.gltf,11300023_c_cpmagehat_d.png,11300023_c_cpmagehat_c.png,8,
11300238,베셰렐의 베레모,11300030,63,59,51,20,18,15,11300033_C_Shooting_C.gltf,11300033_c_shooting_d.png,11300033_c_shooting_c.png,8,
11300239,블루밍 썬캡,11300176,63,59,51,20,18,15,11300025_C_CPStarlightHat_C.gltf,11300025_c_cpstarlighthat_d.png,11300025_c_cpstarlighthat_c.png,8,
11300240,모슁 캡,11300167,63,59,51,20,18,15,11300008_C_RollingThunderBlackbone_C.gltf,11300008_c_rollingthunderblackbone_d.png,11300008_c_rollingthunderblackbone_c.png,8,
11300241,트랜센 헤드 커버,11300174,63,59,51,20,18,15,11300047_C_CPLeatherPirate_C.gltf,11300047_c_cpleatherpirate_d.png,11300047_c_cpleatherpirate_c.png,8,
11300242,러블리 레이스 햇,11300242,63,59,51,20,18,15,11300242_C_LovelyLaceHat_C.gltf,11300242_c_lovelylacehat_d.png,11300242_c_lovelylacehat_d.png,8,
11300243,햄스터 모자,11300243,63,59,51,20,18,15,11300243_C_HamsterHat_E.gltf,11300243_c_hamsterhat_d.png,11300243_c_hamsterhat_d.png,15,
11300244,거대 전사의 모자,11300003,63,59,51,20,18,15,11300013_C_ProbationWarrior_D.gltf,11300013_c_probationwarrior_d.png,11300013_c_probationwarrior_c.png,13,
11300245,강력한 전사의 모자,11300004,63,59,51,20,18,15,11300004_C_PointBronze_D.gltf,11300004_c_pointbronze_d.png,11300004_c_pointbronze_c.png,13,
11300246,거대 도적의 모자,11300009,63,59,51,20,18,15,11300041_C_ProbationThief_D.gltf,11300041_c_probationthief_d.png,11300041_c_probationthief_c.png,13,
11300247,강력한 도적의 모자,11300010,63,59,51,20,18,15,11300011_C_CrossThief_D.gltf,11300011_c_crossthief_d.png,11300011_c_crossthief_c.png,13,
11300248,거대 마법사의 모자,11300018,63,59,51,20,18,15,11300018_C_ProbationMage_C.gltf,11300018_c_probationmage_d.png,11300018_c_probationmage_c.png,8,
11300249,강력한 마법사의 모자,11300019,63,59,51,20,18,15,11300010_C_ProbationMage_C.gltf,11300010_c_probationmage_d.png,11300010_c_probationmage_c.png,8,
11300250,거대 궁수의 모자,11300027,63,59,51,20,18,15,11300009_C_ProbationRanger_C.gltf,11300009_c_probationranger_d.png,11300031_c_leatherfeather_c.png,8,
11300251,강력한 궁수의 모자,11300028,63,59,51,20,18,15,11300031_C_LeatherFeather_C.gltf,11300031_c_leatherfeather_d.png,11300031_c_leatherfeather_c.png,8,
11300252,블러드 카르텔 두건,11300252,170,47,47,96,19,19,11300252_C_CPBloodCartel_E.gltf,11300252_c_cpbloodcartel_d.png,11300252_c_cpbloodcartel_c.png,15,
11300253,깃털 군악대 모자,11300253,63,59,51,20,18,15,11300244_C_MilitaryBand_C.gltf,11300244_c_militaryband_d.png,11300244_c_militaryband_d.png,8,
11300254,명예로운 용사의 전투모자,11309995,63,59,51,20,18,15,11300007_C_CPSavage.gltf,11300007_c_cpsavagery_d.png,11300007_c_cpsavagery_c.png,None,
11300255,명예로운 용사의 마법모자,11309997,63,59,51,20,18,15,11300005_C_CPBloodRequiem_A.gltf,11300005_c_cpbloodrequiem_d.png,11300005_c_cpbloodrequiem_c.png,0,
11300256,명예로운 용사의 집중모자,11309998,63,59,51,20,18,15,11300006_C_CPPhoenixFeather_C.gltf,11300006_c_cpphoenixfeather_d.png,11300006_c_cpphoenixfeather_c.png,8,
11300257,명예로운 용사의 혼란모자,11300064,63,59,51,20,18,15,01300026_C_SkeletonHairband_A.gltf,01300026_c_skeletonhairband_d.png,01300026_c_skeletonhairband_c.png,0,
11300258,미드나이트 댄서,11300258,63,59,51,20,18,15,11300258_C_MidnightDancer_C.gltf,11300258_c_midnightdancer_d.png,11300258_c_midnightdancer_d.png,8,
11300259,스파르탄 헬멧,11300259,170,47,47,96,19,19,11300259_C_SpartanHelmet_D.gltf,11300259_c_spartanhelmet_d.png,11300259_c_spartanhelmet_c.png,13,
11300260,강철 스파르탄 헬멧,11300260,63,59,51,20,18,15,11300260_C_MetalSpartanHelmet_D.gltf,11300260_c_metalspartanhelmet_d.png,11300260_c_metalspartanhelmet_d.png,13,
11300261,광선의 전사 모자,11300007,63,59,51,20,18,15,11300007_C_Viking_C.gltf,11300007_c_viking_d.png,11300007_c_viking_c.png,8,
11300262,광선의 마법사 모자,11300022,63,59,51,20,18,15,11300021_C_Silver_C.gltf,11300021_c_silver_d.png,11300021_c_silver_c.png,8,
11300263,광선의 궁수 모자,11300031,63,59,51,20,18,15,11300034_C_Hunting_C.gltf,11300034_c_hunting_d.png,11300033_c_shooting_c.png,8,
11300264,광선의 도적 모자,11300013,63,59,51,20,18,15,11300044_C_LeatherLoose_C.gltf,11300044_c_leatherloose_d.png,11300044_c_leatherloose_c.png,8,
11300265,경량의 전사 모자,11300167,63,59,51,20,18,15,11300008_C_RollingThunderBlackbone_C.gltf,11300008_c_rollingthunderblackbone_d.png,11300008_c_rollingthunderblackbone_c.png,8,
11300266,경량의 마법사 모자,11300168,63,59,51,20,18,15,11300022_C_AnnStarlight_C.gltf,11300022_c_annstarlight_d.png,11300022_c_annstarlight_c.png,8,
11300267,경량의 궁수 모자,11300169,63,59,51,20,18,15,11300035_C_HelenaHawkEye_C.gltf,11300035_c_helenahawkeye_d.png,11300033_c_shooting_c.png,8,
11300268,경량의 도적 모자,11300103,63,59,51,20,18,15,11300045_C_BlackLoose_C.gltf,11300045_c_blackloose_d.png,11300045_c_blackloose_c.png,8,
11300269,견고한 전사 모자,11300074,63,59,51,20,18,15,11300074_C_CPCrusadesHelmet_D.gltf,11300074_c_cpcrusadeshelmet_d.png,11300076_c_cpgoldencrusadeshelmet_c.png,13,
11300270,견고한 마법사 모자,11300024,63,59,51,20,18,15,11300023_C_CPMageHat_C.gltf,11300023_c_cpmagehat_d.png,11300023_c_cpmagehat_c.png,8,
11300271,견고한 궁수 모자,11300033,63,59,51,20,18,15,11300036_C_BasicMusket_C.gltf,11300036_c_basicmusket_c_d.png,11300036_c_basicmusket_c_c.png,8,
11300272,견고한 도적 모자,11300015,63,59,51,20,18,15,11300046_C_CPPirateBandana_C.gltf,11300046_c_cppiratebandana_d.png,11300046_c_cppiratebandana_c.png,8,
11300273,야수의 전사 모자,11300007,63,59,51,20,18,15,11300007_C_Viking_C.gltf,11300007_c_viking_d.png,11300007_c_viking_c.png,8,
11300274,야수의 마법사 모자,11300022,63,59,51,20,18,15,11300021_C_Silver_C.gltf,11300021_c_silver_d.png,11300021_c_silver_c.png,8,
11300275,야수의 궁수 모자,11300031,63,59,51,20,18,15,11300034_C_Hunting_C.gltf,11300034_c_hunting_d.png,11300033_c_shooting_c.png,8,
11300276,야수의 도적 모자,11300013,63,59,51,20,18,15,11300044_C_LeatherLoose_C.gltf,11300044_c_leatherloose_d.png,11300044_c_leatherloose_c.png,8,
11300277,거구의 전사 모자,11300167,63,59,51,20,18,15,11300008_C_RollingThunderBlackbone_C.gltf,11300008_c_rollingthunderblackbone_d.png,11300008_c_rollingthunderblackbone_c.png,8,
11300278,거구의 마법사 모자,11300168,63,59,51,20,18,15,11300022_C_AnnStarlight_C.gltf,11300022_c_annstarlight_d.png,11300022_c_annstarlight_c.png,8,
11300279,거구의 궁수 모자,11300169,63,59,51,20,18,15,11300035_C_HelenaHawkEye_C.gltf,11300035_c_helenahawkeye_d.png,11300033_c_shooting_c.png,8,
11300280,거구의 도적 모자,11300103,63,59,51,20,18,15,11300045_C_BlackLoose_C.gltf,11300045_c_blackloose_d.png,11300045_c_blackloose_c.png,8,
11300281,짐승의 전사 모자,11300074,63,59,51,20,18,15,11300074_C_CPCrusadesHelmet_D.gltf,11300074_c_cpcrusadeshelmet_d.png,11300076_c_cpgoldencrusadeshelmet_c.png,13,
11300282,짐승의 마법사 모자,11300024,63,59,51,20,18,15,11300023_C_CPMageHat_C.gltf,11300023_c_cpmagehat_d.png,11300023_c_cpmagehat_c.png,8,
11300283,짐승의 궁수 모자,11300033,63,59,51,20,18,15,11300036_C_BasicMusket_C.gltf,11300036_c_basicmusket_c_d.png,11300036_c_basicmusket_c_c.png,8,
11300284,짐승의 도적 모자,11300015,63,59,51,20,18,15,11300046_C_CPPirateBandana_C.gltf,11300046_c_cppiratebandana_d.png,11300046_c_cppiratebandana_c.png,8,
11300285,야생의 전사 모자,11300171,63,59,51,20,18,15,11300075_C_CPBlackCrusadesHelmet_D.gltf,11300075_c_cpblackcrusadeshelmet_d.png,11300076_c_cpgoldencrusadeshelmet_c.png,13,
11300286,야생의 마법사 모자,11300172,63,59,51,20,18,15,11300024_C_CPSuperiorHat_C.gltf,11300024_c_cpsuperiorhat_d.png,11300024_c_cpsuperiorhat_c.png,8,
11300287,야생의 궁수 모자,11300173,63,59,51,20,18,15,11300037_C_SilverMusket_C.gltf,11300037_c_silvermusket_c_d.png,11300037_c_silvermusket_c_c.png,8,
11300288,야생의 도적 모자,11300174,63,59,51,20,18,15,11300047_C_CPLeatherPirate_C.gltf,11300047_c_cpleatherpirate_d.png,11300047_c_cpleatherpirate_c.png,8,
11300289,둔둔의 모자,11300083,63,59,51,20,18,15,11300083_C_CPProstoDeusMiter_C.gltf,11300083_c_cpprostodeusmiter_d.png,11300083_c_cpprostodeusmiter_c.png,8,
11300290,희미한 전사 모자,11300007,63,59,51,20,18,15,11300007_C_Viking_C.gltf,11300007_c_viking_d.png,11300007_c_viking_c.png,8,
11300291,희미한 마법사 모자,11300022,63,59,51,20,18,15,11300021_C_Silver_C.gltf,11300021_c_silver_d.png,11300021_c_silver_c.png,8,
11300292,희미한 궁수 모자,11300031,63,59,51,20,18,15,11300034_C_Hunting_C.gltf,11300034_c_hunting_d.png,11300033_c_shooting_c.png,8,
11300293,희미한 도적 모자,11300013,63,59,51,20,18,15,11300044_C_LeatherLoose_C.gltf,11300044_c_leatherloose_d.png,11300044_c_leatherloose_c.png,8,
11300294,혼탁한 전사 모자,11300007,63,59,51,20,18,15,11300007_C_Viking_C.gltf,11300007_c_viking_d.png,11300007_c_viking_c.png,8,
11300295,혼탁한 마법사 모자,11300022,63,59,51,20,18,15,11300021_C_Silver_C.gltf,11300021_c_silver_d.png,11300021_c_silver_c.png,8,
11300296,혼탁한 궁수 모자,11300031,63,59,51,20,18,15,11300034_C_Hunting_C.gltf,11300034_c_hunting_d.png,11300033_c_shooting_c.png,8,
11300297,혼탁한 도적 모자,11300013,63,59,51,20,18,15,11300044_C_LeatherLoose_C.gltf,11300044_c_leatherloose_d.png,11300044_c_leatherloose_c.png,8,
11300298,수집된 전사 모자,11300074,63,59,51,20,18,15,11300074_C_CPCrusadesHelmet_D.gltf,11300074_c_cpcrusadeshelmet_d.png,11300076_c_cpgoldencrusadeshelmet_c.png,13,
11300299,수집된 마법사 모자,11300024,63,59,51,20,18,15,11300023_C_CPMageHat_C.gltf,11300023_c_cpmagehat_d.png,11300023_c_cpmagehat_c.png,8,
11300300,수집된 궁수 모자,11300033,63,59,51,20,18,15,11300036_C_BasicMusket_C.gltf,11300036_c_basicmusket_c_d.png,11300036_c_basicmusket_c_c.png,8,
11300301,수집된 도적 모자,11300015,63,59,51,20,18,15,11300046_C_CPPirateBandana_C.gltf,11300046_c_cppiratebandana_d.png,11300046_c_cppiratebandana_c.png,8,
11300302,가치있는 전사 모자,11300135,63,59,51,20,18,15,11300135_C_CPSkeletonHelm_D.gltf,11300135_c_cpskeletonhelm_d.png,11300135_c_cpskeletonhelm_c.png,13,
11300303,가치있는 마법사 모자,11300148,63,59,51,20,18,15,11300148_C_CPEnesCap_D.gltf,11300148_c_cpenescap_d.png,11300148_c_cpenescap_c.png,13,
11300304,가치있는 궁수 모자,11300145,63,59,51,20,18,15,11300145_C_CPChaserHat_C.gltf,11300145_c_cpchaserhat_d.png,11300145_c_cpchaserhat_c.png,8,
11300305,가치있는 도적 모자,11300143,63,59,51,20,18,15,11300143_C_CPNimbleBitBurglar_D.gltf,11300143_c_cpnimblebitburglar_d.png,11300143_c_cpnimblebitburglar_c.png,13,
11300307,탐험가 모자,11300307,170,47,47,96,19,19,11300307_C_CPExplore_D.gltf,11300307_c_cpexplore_d.png,11300307_c_cpexplore_c.png,13,
11300308,장교 모자,11300308,63,59,51,20,18,15,11300308_C_CPOfficer_C.gltf,11300308_c_cpofficer_d.png,11300308_c_cpofficer_c.png,8,
11300309,탐정 모자,11300309,244,189,88,163,121,39,11300309_C_CPDetective_C.gltf,11300309_c_cpdetective_d.png,11300309_c_cpdetective_c.png,8,
11300310,리본 쁘띠 햇,11300310,62,73,117,27,26,48,11300310_C_CPMadamPetit_F.gltf,11300310_c_cpmadampetit_d.png,11300310_c_cpmadampetit_c.png,0,
11300311,깃털 갓,11300311,170,47,47,96,19,19,11300311_C_CPFeatherHat_C.gltf,11300311_c_cpfeatherhat_d.png,11300311_c_cpfeatherhat_c.png,8,
11300312,금박 전모,11300312,63,59,51,20,18,15,11300312_C_CPGoldlineBigHat_C.gltf,11300312_c_cpgoldlinebighat_d.png,11300312_c_cpgoldlinebighat_d.png,8,
11300314,밀리터리 헬멧,11300314,63,59,51,20,18,15,11300314_C_CPMilitaryHelmet_C.gltf,11300314_c_cpmilitaryhelmet_d.png,11300314_c_cpmilitaryhelmet_d.png,8,
11300316,진열된 전사 모자,11300007,63,59,51,20,18,15,11300007_C_Viking_C.gltf,11300007_c_viking_d.png,11300007_c_viking_c.png,8,
11300317,진열된 마법사 모자,11300022,63,59,51,20,18,15,11300021_C_Silver_C.gltf,11300021_c_silver_d.png,11300021_c_silver_c.png,8,
11300318,진열된 궁수 모자,11300031,63,59,51,20,18,15,11300034_C_Hunting_C.gltf,11300034_c_hunting_d.png,11300033_c_shooting_c.png,8,
11300319,진열된 도적 모자,11300013,63,59,51,20,18,15,11300044_C_LeatherLoose_C.gltf,11300044_c_leatherloose_d.png,11300044_c_leatherloose_c.png,8,
11300320,귀중한 전사 모자,11300167,63,59,51,20,18,15,11300008_C_RollingThunderBlackbone_C.gltf,11300008_c_rollingthunderblackbone_d.png,11300008_c_rollingthunderblackbone_c.png,8,
11300321,귀중한 마법사 모자,11300168,63,59,51,20,18,15,11300022_C_AnnStarlight_C.gltf,11300022_c_annstarlight_d.png,11300022_c_annstarlight_c.png,8,
11300322,귀중한 궁수 모자,11300169,63,59,51,20,18,15,11300035_C_HelenaHawkEye_C.gltf,11300035_c_helenahawkeye_d.png,11300033_c_shooting_c.png,8,
11300323,귀중한 도적 모자,11300103,63,59,51,20,18,15,11300045_C_BlackLoose_C.gltf,11300045_c_blackloose_d.png,11300045_c_blackloose_c.png,8,
11300324,검정 고양이 귀,11300324,63,59,51,20,18,15,11300324_C_BlackCatEars_A.gltf,11300324_c_blackcatears_d.png,11300324_c_blackcatears_d.png,0,
11300325,하얀 고양이 귀,11300325,63,59,51,20,18,15,11300325_C_WhiteCatEars_A.gltf,11300325_c_whitecatears_d.png,11300325_c_whitecatears_d.png,0,
11300327,MS-002 헤드폰,11300327,63,59,51,20,18,15,11300327_C_MikaHeadphone_A.gltf,11300327_c_mikaheadphone_d.png,11300327_c_mikaheadphone_c.png,0,
11300328,프렌지 헬름,11300328,170,47,47,96,19,19,11300166_C_CPFrenzyHelm_D.gltf,11300166_c_cpfrenzyhelm_d.png,11300166_c_cpfrenzyhelm_c.png,13,
11300329,아쿠아 햇,11300329,126,204,247,72,94,168,11300164_C_CPAquaHat_C.gltf,11300164_c_cpaquahat_d.png,11300164_c_cpaquahat_c.png,8,
11300330,플라이트 헬멧,11300330,194,209,96,64,104,54,11300149_C_CPFlightHelmet_D.gltf,11300149_c_cpflighthelmet_d.png,11300149_c_cpflighthelmet_c.png,13,
11300331,스터드 가죽 캡,11300331,62,73,117,27,26,48,11300147_C_CPStuddedHat_C.gltf,11300147_c_cpstuddedhat_d.png,11300147_c_cpstuddedhat_c.png,8,
11300332,흉포한 전사 모자,11300076,63,59,51,20,18,15,11300076_C_CPGoldenCrusadesHelmet_D.gltf,11300076_c_cpgoldencrusadeshelmet_d.png,11300076_c_cpgoldencrusadeshelmet_c.png,13,
11300333,흉포한 마법사 모자,11300026,63,59,51,20,18,15,11300025_C_CPStarlightHat_C.gltf,11300025_c_cpstarlighthat_d.png,11300025_c_cpstarlighthat_c.png,8,
11300334,흉포한 궁수 모자,11300035,63,59,51,20,18,15,11300038_C_GoldMusket_C.gltf,11300038_c_goldmusket_c_d.png,11300038_c_goldmusket_c_c.png,8,
11300335,흉포한 도적 모자,11300017,63,59,51,20,18,15,11300048_C_CPCrossPirate_C.gltf,11300048_c_cpcrosspirate_d.png,11300048_c_cpcrosspirate_c.png,8,
11300336,탐식의 추적자 모자,11300145,63,59,51,20,18,15,11300145_C_CPChaserHat_C.gltf,11300145_c_cpchaserhat_d.png,11300145_c_cpchaserhat_c.png,8,
11300337,탐식의 스터드 선장모자,11300147,63,59,51,20,18,15,11300147_C_CPStuddedHat_C.gltf,11300147_c_cpstuddedhat_d.png,11300147_c_cpstuddedhat_c.png,8,
11300338,탐식의 플라이트 헬멧,11300149,63,59,51,20,18,15,11300149_C_CPFlightHelmet_D.gltf,11300149_c_cpflighthelmet_d.png,11300149_c_cpflighthelmet_c.png,13,
11300339,탐식의 시피르 마이터,11300162,63,59,51,20,18,15,11300162_C_CPSurfireMiter_C.gltf,11300162_c_cpsurfiremiter_d.png,11300162_c_cpsurfiremiter_c.png,8,
11300340,탐식의 금룡모,11300163,63,59,51,20,18,15,11300163_C_CPGoldDragonHat_C.gltf,11300163_c_cpgolddragonhat_d.png,11300163_c_cpgolddragonhat_c.png,8,
11300341,탐식의 아쿠아 햇,11300164,63,59,51,20,18,15,11300164_C_CPAquaHat_C.gltf,11300164_c_cpaquahat_d.png,11300164_c_cpaquahat_c.png,8,
11300342,탐식의 가디언 헬름,11300165,63,59,51,20,18,15,11300165_C_CPGuardianHelm_D.gltf,11300165_c_cpguardianhelm_d.png,11300165_c_cpguardianhelm_c.png,13,
11300343,탐식의 프렌지 헬름,11300166,63,59,51,20,18,15,11300166_C_CPFrenzyHelm_D.gltf,11300166_c_cpfrenzyhelm_d.png,11300166_c_cpfrenzyhelm_c.png,13,
11300344,어둠의 전사 모자,11300167,63,59,51,20,18,15,11300008_C_RollingThunderBlackbone_C.gltf,11300008_c_rollingthunderblackbone_d.png,11300008_c_rollingthunderblackbone_c.png,8,
11300345,어둠의 마법사 모자,11300168,63,59,51,20,18,15,11300022_C_AnnStarlight_C.gltf,11300022_c_annstarlight_d.png,11300022_c_annstarlight_c.png,8,
11300346,어둠의 궁수 모자,11300169,63,59,51,20,18,15,11300035_C_HelenaHawkEye_C.gltf,11300035_c_helenahawkeye_d.png,11300033_c_shooting_c.png,8,
11300347,어둠의 도적 모자,11300103,63,59,51,20,18,15,11300045_C_BlackLoose_C.gltf,11300045_c_blackloose_d.png,11300045_c_blackloose_c.png,8,
11300348,발광 더듬이,11300348,244,189,88,163,121,39,11300348_C_LuminousFeelers_A.gltf,11300348_c_luminousfeelers_d.png,11300348_c_luminousfeelers_c.png,0,
11300349,꼬마 도깨비 뿔,11300349,170,47,47,96,19,19,11300349_C_LittleGoblinHorn_A.gltf,11300349_c_littlegoblinhorn_d.png,11300349_c_littlegoblinhorn_c.png,0,
11300350,주룩주룩 비구름,11300350,63,59,51,20,18,15,11300350_C_RainCloud_A.gltf,11300350_c_rainclound_d.png,11300350_c_rainclound_d.png,0,
11300351,슬라임 색동 도령모자,11300351,147,226,242,89,153,165,11300351_C_CPSlimeCapManycolor_D.gltf,11300351_c_cpslimecapmanycolor_d.png,11300351_c_cpslimecapmanycolor_c.png,13,
11300352,꽃송이 족두리,11300352,255,168,203,205,86,106,11300352_C_CPFlowerHeadPiece_A.gltf,11300352_c_cpflowerheadpiece_d.png,11300352_c_cpflowerheadpiece_c.png,0,
11300353,나이티지 버거넷,11300353,62,73,117,27,26,48,11300078_C_CPKnightageBurgonet_D.gltf,11300078_c_cpknightageburgonet_d.png,11300078_c_cpknightageburgonet_c.png,13,
11300354,프로스토 데우스 마이터,11300354,126,204,247,72,94,168,11300083_C_CPProstoDeusMiter_C.gltf,11300083_c_cpprostodeusmiter_d.png,11300083_c_cpprostodeusmiter_c.png,8,
11300355,사지타리우스 플럼 햇,11300355,62,73,117,27,26,48,11300081_C_CPSagittariusPlumeHat_C.gltf,11300081_c_cpsagittariusplumehat_d.png,11300081_c_cpsagittariusplumehat_c.png,8,
11300356,다크 스위프트 버글러,11300356,170,47,47,96,19,19,11300059_C_CPDarkSwiftBurglar_D.gltf,11300059_c_cpdarkswiftburglar_d.png,11300059_c_cpdarkswiftburglar_c.png,13,
11300357,방랑자 삿갓,11300357,63,59,51,20,18,15,11300119_C_CPWandererBambooHat_C.gltf,11300119_c_cpwandererbamboohat_d.png,11300119_c_cpwandererbamboohat_d.png,8,
11300358,포효하는 용사의 전투모자,11309995,63,59,51,20,18,15,11300007_C_CPSavage.gltf,11300007_c_cpsavagery_d.png,11300007_c_cpsavagery_c.png,None,
11300359,포효하는 용사의 마법모자,11309997,63,59,51,20,18,15,11300005_C_CPBloodRequiem_A.gltf,11300005_c_cpbloodrequiem_d.png,11300005_c_cpbloodrequiem_c.png,0,
11300360,포효하는 용사의 집중모자,11309998,63,59,51,20,18,15,11300006_C_CPPhoenixFeather_C.gltf,11300006_c_cpphoenixfeather_d.png,11300006_c_cpphoenixfeather_c.png,8,
11300361,포효하는 용사의 혼란모자,11300064,63,59,51,20,18,15,01300026_C_SkeletonHairband_A.gltf,01300026_c_skeletonhairband_d.png,01300026_c_skeletonhairband_c.png,0,
11300362,소리치는 전사의 모자,11300007,63,59,51,20,18,15,11300007_C_Viking_C.gltf,11300007_c_viking_d.png,11300007_c_viking_c.png,8,
11300363,소리치는 마법사의 모자,11300022,63,59,51,20,18,15,11300021_C_Silver_C.gltf,11300021_c_silver_d.png,11300021_c_silver_c.png,8,
11300364,소리치는 궁수의 모자,11300031,63,59,51,20,18,15,11300034_C_Hunting_C.gltf,11300034_c_hunting_d.png,11300033_c_shooting_c.png,8,
11300365,소리치는 도적의 모자,11300013,63,59,51,20,18,15,11300044_C_LeatherLoose_C.gltf,11300044_c_leatherloose_d.png,11300044_c_leatherloose_c.png,8,
11300366,포효하는 용사의 광란모자,11309995,63,59,51,20,18,15,11300007_C_CPSavage.gltf,11300007_c_cpsavagery_d.png,11300007_c_cpsavagery_c.png,None,
11300367,포효하는 용사의 신성모자,11309997,63,59,51,20,18,15,11300005_C_CPBloodRequiem_A.gltf,11300005_c_cpbloodrequiem_d.png,11300005_c_cpbloodrequiem_c.png,0,
11300368,포효하는 용사의 포격모자,11309998,63,59,51,20,18,15,11300006_C_CPPhoenixFeather_C.gltf,11300006_c_cpphoenixfeather_d.png,11300006_c_cpphoenixfeather_c.png,8,
11300369,포효하는 용사의 암살모자,11300064,63,59,51,20,18,15,01300026_C_SkeletonHairband_A.gltf,01300026_c_skeletonhairband_d.png,01300026_c_skeletonhairband_c.png,0,
11300370,반짝 별빛 링,11300370,63,59,51,20,18,15,11300370_C_BlingStarlightRing_A.gltf,01300008_c_babyangel.png,01300008_c_babyangel.png,0,
11300371,난폭한 빛의 모자,11301037,63,59,51,20,18,15,11301037_C_CPViolent_F.gltf,11301037_c_cpviolent_d.png,11301037_c_cpviolent_c.png,0,
11300372,난폭한 영혼의 모자,11301037,63,59,51,20,18,15,11301037_C_CPViolent_F.gltf,11301037_c_cpviolent_d.png,11301037_c_cpviolent_c.png,0,
11300373,난폭한 독성의 모자,11301037,63,59,51,20,18,15,11301037_C_CPViolent_F.gltf,11301037_c_cpviolent_d.png,11301037_c_cpviolent_c.png,0,
11300374,난폭한 낙뢰의 모자,11301037,63,59,51,20,18,15,11301037_C_CPViolent_F.gltf,11301037_c_cpviolent_d.png,11301037_c_cpviolent_c.png,0,
11300375,난폭한 얼음의 모자,11301037,63,59,51,20,18,15,11301037_C_CPViolent_F.gltf,11301037_c_cpviolent_d.png,11301037_c_cpviolent_c.png,0,
11300376,난폭한 어둠의 모자,11301037,63,59,51,20,18,15,11301037_C_CPViolent_F.gltf,11301037_c_cpviolent_d.png,11301037_c_cpviolent_c.png,0,
11300377,난폭한 불길의 모자,11301037,63,59,51,20,18,15,11301037_C_CPViolent_F.gltf,11301037_c_cpviolent_d.png,11301037_c_cpviolent_c.png,0,
11300378,난폭한 빙하의 모자,11301037,63,59,51,20,18,15,11301037_C_CPViolent_F.gltf,11301037_c_cpviolent_d.png,11301037_c_cpviolent_c.png,0,
11300379,내친구 로브스터 (남),11300153,170,47,47,96,19,19,11300153_C_CPFriendLobster_E.gltf,11300153_c_cpfriendlobster_d.png,11300153_c_cpfriendlobster_c.png,15,
11300380,내친구 로브스터 (여),11300153,170,47,47,96,19,19,11300153_C_CPFriendLobster_E.gltf,11300153_c_cpfriendlobster_d.png,11300153_c_cpfriendlobster_c.png,15,
11300381,여우 귀,11300381,63,59,51,20,18,15,11300381_C_FoxEars_A.gltf,11300381_c_foxears_d.png,11300381_c_foxears_d.png,0,
11300382,너구리 귀,11300382,63,59,51,20,18,15,11300382_C_RacoonEars_A.gltf,11300382_c_racoonears_d.png,11300382_c_racoonears_d.png,0,
11300383,다람쥐 귀,11300383,63,59,51,20,18,15,11300383_C_SquirrelEars_A.gltf,11300383_c_squirrelears_d.png,11300383_c_squirrelears_d.png,0,
11300384,천사의 깃털,11300384,63,59,51,20,18,15,11300384_C_CPAngelFeather_A.gltf,11300384_c_cpangelfeather_d.png,11300384_c_cpangelfeather_d.png,0,
11300385,인페르노 혼,11300385,170,47,47,96,19,19,11300385_C_CPInferno_A.gltf,11300385_c_cpinferno_d.png,11300385_c_cpinferno_c.png,0,
11300386,그림자술사의 뿔,11300094,63,59,51,20,18,15,11300094_C_ShamanHorn_A.gltf,11300094_c_shamanhorn_d.png,11300094_c_shamanhorn_d.png,0,
11300387,세피아 깃털,11300387,63,59,51,20,18,15,11300387_C_CPSephiaFeather_A.gltf,11300387_c_cpsephiafeather_d.png,11300387_c_cpsephiafeather_d.png,0,
11300388,할로할로 햇,11300388,63,59,51,20,18,15,11300388_C_CPHalloHalloween_C.gltf,11300388_c_cphallohalloween_d.png,11300388_c_cphallohalloween_d.png,8,
11300389,베리언트 워리어즈 두건,11300389,63,59,51,20,18,15,11300389_C_CPValiant_E.gltf,11300389_c_cpvaliant_d.png,11300389_c_cpvaliant_d.png,15,
11300390,플라이트 헬멧,11300149,194,209,96,64,104,54,11300149_C_CPFlightHelmet_D.gltf,11300149_c_cpflighthelmet_d.png,11300149_c_cpflighthelmet_c.png,13,
11300391,할로윈 펌킨 햇,11300391,63,59,51,20,18,15,11300391_C_PumpkinHat_E.gltf,11300391_c_pumpkinhat_d.png,11300391_c_pumpkinhat_d.png,15,
11300392,할로윈 배트 펌킨 햇,11300392,63,59,51,20,18,15,11300392_C_LightPumpkinHat_E.gltf,11300392_c_lightpumpkinhat_d.png,11300392_c_lightpumpkinhat_d.png,15,
11300393,털 고양이 귀 (남),11300051,63,59,51,20,18,15,01300006_C_FurCatEars_A.gltf,01300006_c_furcatears_d.png,01300006_c_furcatears_d.png,0,
11300394,털 고양이 귀 (여),11300051,63,59,51,20,18,15,01300006_C_FurCatEars_A.gltf,01300006_c_furcatears_d.png,01300006_c_furcatears_d.png,0,
11300395,세피아 깃털,11300387,63,59,51,20,18,15,11300387_C_CPSephiaFeather_A.gltf,11300387_c_cpsephiafeather_d.png,11300387_c_cpsephiafeather_d.png,0,
11300396,흥정된 전사 모자,11300076,63,59,51,20,18,15,11300076_C_CPGoldenCrusadesHelmet_D.gltf,11300076_c_cpgoldencrusadeshelmet_d.png,11300076_c_cpgoldencrusadeshelmet_c.png,13,
11300397,흥정된 마법사 모자,11300026,63,59,51,20,18,15,11300025_C_CPStarlightHat_C.gltf,11300025_c_cpstarlighthat_d.png,11300025_c_cpstarlighthat_c.png,8,
11300398,흥정된 궁수 모자,11300035,63,59,51,20,18,15,11300038_C_GoldMusket_C.gltf,11300038_c_goldmusket_c_d.png,11300038_c_goldmusket_c_c.png,8,
11300399,흥정된 도적 모자,11300017,63,59,51,20,18,15,11300048_C_CPCrossPirate_C.gltf,11300048_c_cpcrosspirate_d.png,11300048_c_cpcrosspirate_c.png,8,
11300400,교역된 집중 모자,11300145,63,59,51,20,18,15,11300145_C_CPChaserHat_C.gltf,11300145_c_cpchaserhat_d.png,11300145_c_cpchaserhat_c.png,8,
11300401,교역된 혼란 모자,11300147,63,59,51,20,18,15,11300147_C_CPStuddedHat_C.gltf,11300147_c_cpstuddedhat_d.png,11300147_c_cpstuddedhat_c.png,8,
11300402,교역된 포격 모자,11300149,63,59,51,20,18,15,11300149_C_CPFlightHelmet_D.gltf,11300149_c_cpflighthelmet_d.png,11300149_c_cpflighthelmet_c.png,13,
11300403,교역된 신성 모자,11300162,63,59,51,20,18,15,11300162_C_CPSurfireMiter_C.gltf,11300162_c_cpsurfiremiter_d.png,11300162_c_cpsurfiremiter_c.png,8,
11300404,교역된 암살 모자,11300163,63,59,51,20,18,15,11300163_C_CPGoldDragonHat_C.gltf,11300163_c_cpgolddragonhat_d.png,11300163_c_cpgolddragonhat_c.png,8,
11300405,교역된 마법 모자,11300164,63,59,51,20,18,15,11300164_C_CPAquaHat_C.gltf,11300164_c_cpaquahat_d.png,11300164_c_cpaquahat_c.png,8,
11300406,교역된 전투 모자,11300165,63,59,51,20,18,15,11300165_C_CPGuardianHelm_D.gltf,11300165_c_cpguardianhelm_d.png,11300165_c_cpguardianhelm_c.png,13,
11300407,교역된 광란 모자,11300166,63,59,51,20,18,15,11300166_C_CPFrenzyHelm_D.gltf,11300166_c_cpfrenzyhelm_d.png,11300166_c_cpfrenzyhelm_c.png,13,
11300408,번영의 광란 모자,11300135,63,59,51,20,18,15,11300135_C_CPSkeletonHelm_D.gltf,11300135_c_cpskeletonhelm_d.png,11300135_c_cpskeletonhelm_c.png,13,
11300409,번영의 포격 모자,11300136,63,59,51,20,18,15,11300136_C_CPPilotMeowHelm.gltf,11300136_c_cppilotmeowhelmet_d.png,11300136_c_cppilotmeowhelmet_c.png,None,
11300410,번영의 전투 모자,11300137,63,59,51,20,18,15,11300137_C_CPBloodyDuskHe.gltf,11300137_c_cpbloodyduskhelm_d.png,11300137_c_cpbloodyduskhelm_c.png,None,
11300411,번영의 신성 모자,11300138,63,59,51,20,18,15,11300138_C_CPSaviorsHelm_D.gltf,11300138_c_cpsaviorshelm_d.png,11300138_c_cpsaviorshelm_c.png,13,
11300412,번영의 혼란 모자,11300143,63,59,51,20,18,15,11300143_C_CPNimbleBitBurglar_D.gltf,11300143_c_cpnimblebitburglar_d.png,11300143_c_cpnimblebitburglar_c.png,13,
11300413,번영의 암살 모자,11300144,63,59,51,20,18,15,11300144_C_CPPhantomBeanie_D.gltf,11300144_c_cpphantombeanie_d.png,11300144_c_cpphantombeanie_c.png,13,
11300414,번영의 집중 모자,11300146,63,59,51,20,18,15,11300146_C_CPGuardianHat_C.gltf,11300146_c_cpguardianhat_d.png,11300146_c_cpguardianhat_c.png,8,
11300415,번영의 마법 모자,11300148,63,59,51,20,18,15,11300148_C_CPEnesCap_D.gltf,11300148_c_cpenescap_d.png,11300148_c_cpenescap_c.png,13,
11300416,카트반의 뿔,11300416,63,59,51,20,18,15,11300416_F_CPKatvanHorn_A.gltf,11300416_c_cpkatvanhorn_d.png,11300416_c_cpkatvanhorn_d.png,0,
11300417,테룬칼리브 보급형 아펙스,11300417,63,59,51,20,18,15,11300417_C_CPRuneBlader01_A.gltf,11300417_c_cpruneblader01_d.png,11300417_c_cpruneblader01_c.png,0,
11300418,칼리브 명인의 아펙스,11300418,63,59,51,20,18,15,11300418_C_CPRuneBlader02_A.gltf,11300418_c_cpruneblader02_d.png,11300418_c_cpruneblader02_d.png,0,
11300419,커머스 아펙스,11300419,63,59,51,20,18,15,11300419_C_CPRuneBlader03_A.gltf,11300419_c_cpruneblader03_d.png,11300419_c_cpruneblader03_c.png,0,
11300420,펠기아 아펙스,11300420,63,59,51,20,18,15,11300420_C_CPRuneBlader04_A.gltf,11300420_c_cpruneblader04_d.png,11300420_c_cpruneblader04_c.png,0,
11300421,테룬칼리브 고급형 아펙스,11300421,63,59,51,20,18,15,11300421_C_CPRuneBlader05_A.gltf,11300421_c_cpruneblader05_d.png,11300421_c_cpruneblader05_c.png,0,
11300422,바즈의 아펙스,11300422,63,59,51,20,18,15,11300422_C_CPRuneBlader06_A.gltf,11300422_c_cpruneblader06_d.png,11300422_c_cpruneblader06_c.png,0,
11300424,고등어 자반 모자,11300424,63,59,51,20,18,15,11300424_C_CPMackerel_A.gltf,11300424_c_cpmackerel_d.png,11300424_c_cpmackerel_d.png,0,
11300425,루돌프 사슴 뿔,11300425,63,59,51,20,18,15,11300425_C_Rudolph_A.gltf,11300425_c_rudolph_d.png,11300425_c_rudolph_d.png,0,
11300426,포인세티아 산타 모자,11300426,63,59,51,20,18,15,11300426_C_PoinsettiaSanta_C.gltf,11300426_c_poinsettiasanta_d.png,11300426_c_poinsettiasanta_d.png,8,
11300427,음표 머리띠,11300427,63,59,51,20,18,15,11300427_C_NoteHairBand_A.gltf,11300427_c_notehairband_d.png,11300427_c_notehairband_d.png,0,
11300428,음악가 가발,11300428,170,47,47,96,19,19,11300428_F_MusicianWig_E.gltf,11300428_c_musicianwig_d.png,11300428_c_musicianwig_c.png,12,
11300429,난폭한 파멸의 아펙스,11301037,63,59,51,20,18,15,11301037_C_CPViolent_F.gltf,11301037_c_cpviolent_d.png,11301037_c_cpviolent_c.png,0,
11300430,단련된 더블 플럼,11300418,63,59,51,20,18,15,11300418_C_CPRuneBlader02_A.gltf,11300418_c_cpruneblader02_d.png,11300418_c_cpruneblader02_d.png,0,
11300431,탐식의 트리밍 플럼,11300419,63,59,51,20,18,15,11300419_C_CPRuneBlader03_A.gltf,11300419_c_cpruneblader03_d.png,11300419_c_cpruneblader03_c.png,0,
11300432,새벽의 보이드 혼,11300420,63,59,51,20,18,15,11300420_C_CPRuneBlader04_A.gltf,11300420_c_cpruneblader04_d.png,11300420_c_cpruneblader04_c.png,0,
11300433,검은 불꽃의 데크 혼,11300421,63,59,51,20,18,15,11300421_C_CPRuneBlader05_A.gltf,11300421_c_cpruneblader05_d.png,11300421_c_cpruneblader05_c.png,0,
11300434,바르칸트의 뿔,11300434,63,59,51,20,18,15,11300434_C_CPBarkhantHorn_A.gltf,11300434_barkhanthorn_d.png,11300434_barkhanthorn_d.png,0,
11300435,하얀 여우 귀,11300435,63,59,51,20,18,15,11300435_C_WhiteFoxEars_A.gltf,11300435_c_whitefoxears_d.png,11300435_c_whitefoxears_d.png,0,
11300436,분노의 뿔,11300436,63,59,51,20,18,15,11300089_C_CPFuryHorn_A.gltf,11300089_c_cpfuryhorn_d.png,11300089_c_cpfuryhorn_d.png,0,
11300437,혼돈의 뿔,11300437,63,59,51,20,18,15,11300091_C_CPColdBloodedHorn_A.gltf,11300091_c_cpcoldbloodedhorn_d.png,11300091_c_cpcoldbloodedhorn_d.png,0,
11300438,전사의 뿔,11300438,63,59,51,20,18,15,11300092_C_WarriorHorn_A.gltf,11300092_c_warriorhorn_d.png,11300092_c_warriorhorn_d.png,0,
11300439,군단장의 뿔,11300439,63,59,51,20,18,15,11300093_C_ChiefHorn_A.gltf,11300093_c_chiefhorn_d.png,11300093_c_chiefhorn_d.png,0,
11300440,그리폰 헬름,11300440,63,59,51,20,18,15,11300130_C_CPGrifinaHelm_D.gltf,11300130_c_cpgrifinahelm_d.png,11300130_c_cpgrifinahelm_d.png,13,
11300441,그리피나 헬름,11300441,63,59,51,20,18,15,11300129_C_CPGriffinHelm_D.gltf,11300129_c_cpgriffinhelm_d.png,11300129_c_cpgriffinhelm_d.png,13,
11300442,호루스 헬름,11300442,63,59,51,20,18,15,11300131_C_CPHorusHelm_D.gltf,11300131_c_cphorushelm_d.png,11300131_c_cphorushelm_d.png,13,
11300443,수문장 투구,11300443,63,59,51,20,18,15,11300132_C_CPGatekeeperHelmet_D.gltf,11300132_c_cpgatekeeperhelmet_d.png,11300132_c_cpgatekeeperhelmet_d.png,13,
11300444,최후의 투구,11300444,63,59,51,20,18,15,11300134_C_CPForgottenHelmet_D.gltf,11300134_c_cpforgottenhelmet_d.png,11300134_c_cpforgottenhelmet_d.png,13,
11300446,버섯 모자,11300446,63,59,51,20,18,15,11300141_C_CPMushroomHat_C.gltf,11300141_c_cpmushroomhat_d.png,11300141_c_cpmushroomhat_d.png,8,
11300447,부적 버섯 모자,11300447,63,59,51,20,18,15,11300142_C_CPTalismanMushroomHat_C.gltf,11300142_c_cptalismanmushroomhat_d.png,11300142_c_cptalismanmushroomhat_d.png,8,
11300448,토토와 구구스의 모자,11300448,63,59,51,20,18,15,11300186_C_CPWildGiantHat_E.gltf,11300186_c_cpwildgianthat_d.png,11300186_c_cpwildgianthat_d.png,15,
11300449,로로와 무무스의 모자,11300449,63,59,51,20,18,15,11300187_C_CPWoodGiantHat_E.gltf,11300187_c_cpwoodgianthat_d.png,11300187_c_cpwoodgianthat_d.png,15,
11300450,떡국 모자,11300450,63,59,51,20,18,15,11300450_C_NewYearHat01_F.gltf,11300450_c_newyearhat01_d.png,11300450_c_newyearhat01_d.png,0,
11300451,루미 드 코르 헬멧,11300390,63,59,51,20,18,15,11300390_C_CPDragonScalesHelmet_D.gltf,11300390_c_cpdragonscaleshelmet_d.png,11300390_c_cpdragonscaleshelmet_c.png,13,
11300452,루미 드 라비에르 헬멧,11300390,63,59,51,20,18,15,11300390_C_CPDragonScalesHelmet_D.gltf,11300390_c_cpdragonscaleshelmet_d.png,11300390_c_cpdragonscaleshelmet_c.png,13,
11300453,루미 드 마기아 서클릿,11300393,63,59,51,20,18,15,11300393_C_CPAngelicTelaCirclet_A.gltf,11300393_c_cpangelictelacirclet_d.png,11300393_c_cpangelictelacirclet_d.png,0,
11300454,루미 드 데우스 서클릿,11300393,63,59,51,20,18,15,11300393_C_CPAngelicTelaCirclet_A.gltf,11300393_c_cpangelictelacirclet_d.png,11300393_c_cpangelictelacirclet_d.png,0,
11300455,루미 드 테로 헌팅캡,11300394,63,59,51,20,18,15,11300394_C_CPPadlockCueroHuntingCap_C.gltf,11300394_c_cppadlockcuerohuntingcap_d.png,11300394_c_cppadlockcuerohuntingcap_c.png,8,
11300456,루미 드 리브라토 헌팅캡,11300394,63,59,51,20,18,15,11300394_C_CPPadlockCueroHuntingCap_C.gltf,11300394_c_cppadlockcuerohuntingcap_d.png,11300394_c_cppadlockcuerohuntingcap_c.png,8,
11300457,루미 드 에레보스 햇,11300395,63,59,51,20,18,15,11300395_C_CPBuckledStrapHat_D.gltf,11300395_c_cpbuckledstraphat_d.png,11300395_c_cpbuckledstraphat_c.png,13,
11300458,루미 드 시카 햇,11300395,63,59,51,20,18,15,11300395_C_CPBuckledStrapHat_D.gltf,11300395_c_cpbuckledstraphat_d.png,11300395_c_cpbuckledstraphat_c.png,13,
11300459,루미 드 폴루스 헬멧,11300390,63,59,51,20,18,15,11300390_C_CPDragonScalesHelmet_D.gltf,11300390_c_cpdragonscaleshelmet_d.png,11300390_c_cpdragonscaleshelmet_c.png,13,
11300460,광포한 전투 모자,11301039,63,59,51,20,18,15,11301039_C_CPFury_C.gltf,11301039_c_cpfury_d.png,11301039_c_cpfury_c.png,8,
11300461,광포한 광란 모자,11301039,63,59,51,20,18,15,11301039_C_CPFury_C.gltf,11301039_c_cpfury_d.png,11301039_c_cpfury_c.png,8,
11300462,광포한 마법 모자,11301039,63,59,51,20,18,15,11301039_C_CPFury_C.gltf,11301039_c_cpfury_d.png,11301039_c_cpfury_c.png,8,
11300463,광포한 신성 모자,11301039,63,59,51,20,18,15,11301039_C_CPFury_C.gltf,11301039_c_cpfury_d.png,11301039_c_cpfury_c.png,8,
11300464,광포한 집중 모자,11301039,63,59,51,20,18,15,11301039_C_CPFury_C.gltf,11301039_c_cpfury_d.png,11301039_c_cpfury_c.png,8,
11300465,광포한 포격 모자,11301039,63,59,51,20,18,15,11301039_C_CPFury_C.gltf,11301039_c_cpfury_d.png,11301039_c_cpfury_c.png,8,
11300466,광포한 혼란 모자,11301039,63,59,51,20,18,15,11301039_C_CPFury_C.gltf,11301039_c_cpfury_d.png,11301039_c_cpfury_c.png,8,
11300467,광포한 암살 모자,11301039,63,59,51,20,18,15,11301039_C_CPFury_C.gltf,11301039_c_cpfury_d.png,11301039_c_cpfury_c.png,8,
11300468,광포한 주술 아펙스,11301039,63,59,51,20,18,15,11301039_C_CPFury_C.gltf,11301039_c_cpfury_d.png,11301039_c_cpfury_c.png,8,
11300469,극한의 전투 모자,11301038,63,59,51,20,18,15,11301038_C_CPLimit_A.gltf,11301038_c_cplimit_d.png,11301038_c_cplimit_c.png,0,
11300470,극한의 광란 모자,11301038,63,59,51,20,18,15,11301038_C_CPLimit_A.gltf,11301038_c_cplimit_d.png,11301038_c_cplimit_c.png,0,
11300471,극한의 마법 모자,11301038,63,59,51,20,18,15,11301038_C_CPLimit_A.gltf,11301038_c_cplimit_d.png,11301038_c_cplimit_c.png,0,
11300472,극한의 신성 모자,11301038,63,59,51,20,18,15,11301038_C_CPLimit_A.gltf,11301038_c_cplimit_d.png,11301038_c_cplimit_c.png,0,
11300473,극한의 집중 모자,11301038,63,59,51,20,18,15,11301038_C_CPLimit_A.gltf,11301038_c_cplimit_d.png,11301038_c_cplimit_c.png,0,
11300474,극한의 포격 모자,11301038,63,59,51,20,18,15,11301038_C_CPLimit_A.gltf,11301038_c_cplimit_d.png,11301038_c_cplimit_c.png,0,
11300475,극한의 혼란 모자,11301038,63,59,51,20,18,15,11301038_C_CPLimit_A.gltf,11301038_c_cplimit_d.png,11301038_c_cplimit_c.png,0,
11300476,극한의 암살 모자,11301038,63,59,51,20,18,15,11301038_C_CPLimit_A.gltf,11301038_c_cplimit_d.png,11301038_c_cplimit_c.png,0,
11300477,극한의 주술 아펙스,11301038,63,59,51,20,18,15,11301038_C_CPLimit_A.gltf,11301038_c_cplimit_d.png,11301038_c_cplimit_c.png,0,
11300478,양은 떡국 모자,11300478,63,59,51,20,18,15,11300478_C_NewYearHat02_F.gltf,11300478_c_newyearhat02_d.png,11300478_c_newyearhat02_d.png,0,
11300479,엠파이어 나이트 헬름,11300479,249,137,77,147,60,20,11300479_C_CPEmpireKnight_D.gltf,11300479_c_cpempireknight_d.png,11300479_c_cpempireknight_c.png,13,
11300480,디아볼루스 슬레이어 헬름,11300480,63,59,51,20,18,15,11300480_C_CPDiabolusSlayer_D.gltf,11300480_c_cpdiabolusslayer_d.png,11300480_c_cpdiabolusslayer_c.png,13,
11300481,프로즌 로즈 리프,11300481,63,59,51,20,18,15,11300481_C_CPFrozenRose_A.gltf,11300481_c_cpfrozenrose_d.png,11300481_c_cpfrozenrose_d.png,0,
11300482,트윙클 스타 베레모,11300482,255,168,203,205,86,106,11300482_C_CPTwinkleStar_D.gltf,11300482_c_cptwinklestar_d.png,11300482_c_cptwinklestar_c.png,8,
11300483,퓨어 리본 헤어 밴드,11300483,239,112,145,153,66,82,11300483_C_CPCharmingHairband_F.gltf,11300483_c_cpcharminghairband_d.png,11300483_c_cpcharminghairband_c.png,0,
11300484,러블리 빅 베레모,11300484,230,230,230,150,150,150,11300484_C_CPDailyBeret_D.gltf,11300484_c_cpdailyberet_d.png,11300484_c_cpdailyberet_c.png,8,
11300485,튼튼 전사 모자,11300003,63,59,51,20,18,15,11300013_C_ProbationWarrior_D.gltf,11300013_c_probationwarrior_d.png,11300013_c_probationwarrior_c.png,13,
11300486,튼튼 마법사 모자,11300018,63,59,51,20,18,15,11300018_C_ProbationMage_C.gltf,11300018_c_probationmage_d.png,11300018_c_probationmage_c.png,8,
11300487,튼튼 궁수 모자,11300027,63,59,51,20,18,15,11300009_C_ProbationRanger_C.gltf,11300009_c_probationranger_d.png,11300031_c_leatherfeather_c.png,8,
11300488,튼튼 도적 모자,11300009,63,59,51,20,18,15,11300041_C_ProbationThief_D.gltf,11300041_c_probationthief_d.png,11300041_c_probationthief_c.png,13,
11300489,천사의 깃털,11300384,63,59,51,20,18,15,11300384_C_CPAngelFeather_A.gltf,11300384_c_cpangelfeather_d.png,11300384_c_cpangelfeather_d.png,0,
11300490,발광 더듬이,11300348,244,189,88,163,121,39,11300348_C_LuminousFeelers_A.gltf,11300348_c_luminousfeelers_d.png,11300348_c_luminousfeelers_c.png,0,
11300491,너구리 귀,11300382,63,59,51,20,18,15,11300382_C_RacoonEars_A.gltf,11300382_c_racoonears_d.png,11300382_c_racoonears_d.png,0,
11300492,다람쥐 귀,11300383,63,59,51,20,18,15,11300383_C_SquirrelEars_A.gltf,11300383_c_squirrelears_d.png,11300383_c_squirrelears_d.png,0,
11300493,검은 고양이 모자,11300493,63,59,51,20,18,15,11300493_C_CPCatDoll_E.gltf,11300493_c_cpcatdoll_d.png,11300493_c_cpcatdoll_d.png,15,
11300494,러블리 바니 모자,11300494,255,168,203,205,86,106,11300494_C_CPBannyDoll_E.gltf,11300494_c_cpbannydoll_d.png,11300494_c_cpbannydoll_c.png,15,
11300495,쁘띠 로즈 리본 (여),11300495,126,204,247,72,94,168,11300495_C_CPPetitRoseRibbon_F.gltf,11300495_c_cppetitroseribbon_d.png,11300495_c_cppetitroseribbon_c.png,0,
11300496,고딕 레이스 햇 (남),11300496,63,59,51,20,18,15,11300496_C_CPGothicLaceHat_F.gltf,11300496_c_cpgothiclacehat_d.png,11300496_c_cpgothiclacehat_c.png,0,
11300497,골드 아너 크라운,11300497,63,59,51,20,18,15,11300497_C_EventPVPGoldCrown_F.gltf,11300497_c_eventpvpgoldcrown_d.png,11300497_c_eventpvpgoldcrown_d.png,0,
11300498,실버 아너 크라운,11300498,63,59,51,20,18,15,11300498_C_EventPVPSilverCrown_F.gltf,11300498_c_eventpvpsilvercrown_d.png,11300498_c_eventpvpsilvercrown_d.png,0,
11300499,브론즈 아너 크라운,11300499,63,59,51,20,18,15,11300499_C_EventPVPBronzeCrown_F.gltf,11300499_c_eventpvpbronzecrown_d.png,11300499_c_eventpvpbronzecrown_d.png,0,
11300509,여우 귀,11300381,63,59,51,20,18,15,11300381_C_FoxEars_A.gltf,11300381_c_foxears_d.png,11300381_c_foxears_d.png,0,
11300510,하얀 여우 귀,11300435,63,59,51,20,18,15,11300435_C_WhiteFoxEars_A.gltf,11300435_c_whitefoxears_d.png,11300435_c_whitefoxears_d.png,0,
11300511,검정 고양이 귀,11300324,63,59,51,20,18,15,11300324_C_BlackCatEars_A.gltf,11300324_c_blackcatears_d.png,11300324_c_blackcatears_d.png,0,
11300512,하얀 고양이 귀,11300325,63,59,51,20,18,15,11300325_C_WhiteCatEars_A.gltf,11300325_c_whitecatears_d.png,11300325_c_whitecatears_d.png,0,
11300521,이끌림의 고급 투구,11300033,63,59,51,20,18,15,11300036_C_BasicMusket_C.gltf,11300036_c_basicmusket_c_d.png,11300036_c_basicmusket_c_c.png,8,
11300522,나른한 더키볼,11300522,63,59,51,20,18,15,11300522_C_CPDuckyBallEvent_A.gltf,11300522_c_cpduckyballevent_d.png,11300522_c_cpduckyballevent_d.png,0,
11300523,메2정보통 리포터 모자,11300180,63,59,51,20,18,15,11300180_C_MapleReporter_C.gltf,11300180_c_maplereporter_d.png,11300180_c_maplereporter_d.png,8,
11300524,고요한 전투 모자,11309995,63,59,51,20,18,15,11300007_C_CPSavage.gltf,11300007_c_cpsavagery_d.png,11300007_c_cpsavagery_c.png,None,
11300525,고요한 광란 모자,11309995,63,59,51,20,18,15,11300007_C_CPSavage.gltf,11300007_c_cpsavagery_d.png,11300007_c_cpsavagery_c.png,None,
11300526,고요한 마법 모자,11309997,63,59,51,20,18,15,11300005_C_CPBloodRequiem_A.gltf,11300005_c_cpbloodrequiem_d.png,11300005_c_cpbloodrequiem_c.png,0,
11300527,고요한 신성 모자,11309997,63,59,51,20,18,15,11300005_C_CPBloodRequiem_A.gltf,11300005_c_cpbloodrequiem_d.png,11300005_c_cpbloodrequiem_c.png,0,
11300528,고요한 집중 모자,11309998,63,59,51,20,18,15,11300006_C_CPPhoenixFeather_C.gltf,11300006_c_cpphoenixfeather_d.png,11300006_c_cpphoenixfeather_c.png,8,
11300529,고요한 포격 모자,11309998,63,59,51,20,18,15,11300006_C_CPPhoenixFeather_C.gltf,11300006_c_cpphoenixfeather_d.png,11300006_c_cpphoenixfeather_c.png,8,
11300530,고요한 혼란 모자,11300064,63,59,51,20,18,15,01300026_C_SkeletonHairband_A.gltf,01300026_c_skeletonhairband_d.png,01300026_c_skeletonhairband_c.png,0,
11300531,고요한 암살 모자,11300064,63,59,51,20,18,15,01300026_C_SkeletonHairband_A.gltf,01300026_c_skeletonhairband_d.png,01300026_c_skeletonhairband_c.png,0,
11300532,고요한 주술 모자,11309995,63,59,51,20,18,15,11300007_C_CPSavage.gltf,11300007_c_cpsavagery_d.png,11300007_c_cpsavagery_c.png,None,
11300533,적막한 전투 모자,11300479,63,59,51,20,18,15,11300479_C_CPEmpireKnight_D.gltf,11300479_c_cpempireknight_d.png,11300479_c_cpempireknight_c.png,13,
11300534,적막한 광란 모자,11300479,63,59,51,20,18,15,11300479_C_CPEmpireKnight_D.gltf,11300479_c_cpempireknight_d.png,11300479_c_cpempireknight_c.png,13,
11300535,적막한 마법 모자,11300479,63,59,51,20,18,15,11300479_C_CPEmpireKnight_D.gltf,11300479_c_cpempireknight_d.png,11300479_c_cpempireknight_c.png,13,
11300536,적막한 신성 모자,11300479,63,59,51,20,18,15,11300479_C_CPEmpireKnight_D.gltf,11300479_c_cpempireknight_d.png,11300479_c_cpempireknight_c.png,13,
11300537,적막한 집중 모자,11300479,63,59,51,20,18,15,11300479_C_CPEmpireKnight_D.gltf,11300479_c_cpempireknight_d.png,11300479_c_cpempireknight_c.png,13,
11300538,적막한 포격 모자,11300479,63,59,51,20,18,15,11300479_C_CPEmpireKnight_D.gltf,11300479_c_cpempireknight_d.png,11300479_c_cpempireknight_c.png,13,
11300539,적막한 혼란 모자,11300479,63,59,51,20,18,15,11300479_C_CPEmpireKnight_D.gltf,11300479_c_cpempireknight_d.png,11300479_c_cpempireknight_c.png,13,
11300540,적막한 암살 모자,11300479,63,59,51,20,18,15,11300479_C_CPEmpireKnight_D.gltf,11300479_c_cpempireknight_d.png,11300479_c_cpempireknight_c.png,13,
11300541,적막한 주술 모자,11300479,63,59,51,20,18,15,11300479_C_CPEmpireKnight_D.gltf,11300479_c_cpempireknight_d.png,11300479_c_cpempireknight_c.png,13,
11300542,이프리트 티아라 (남),11300542,63,59,51,20,18,15,11300542_C_CPIfritTiara_A.gltf,11300542_c_cpifrittiara_d.png,11300542_c_cpifrittiara_d.png,0,
11300543,변절자의 아펙스,11300543,63,59,51,20,18,15,11300422_C_CPRuneBlader06_A.gltf,11300422_c_cpruneblader06_d.png,11300422_c_cpruneblader06_c.png,0,
11300544,해피 슬라임 머리핀,11300544,126,204,247,72,94,168,11300544_C_CPSlimeP.gltf,11300544_c_cpslimepin_d.png,11300544_c_cpslimepin_c.png,None,
11300545,꿈꾸는 갈매기 조나단,11300709,63,59,51,20,18,15,11300545_C_jonath.gltf,02040007_gull_d.png,02040007_gull_d.png,None,
11300554,아련한 그리움의 전사 모자,11300076,63,59,51,20,18,15,11300076_C_CPGoldenCrusadesHelmet_D.gltf,11300076_c_cpgoldencrusadeshelmet_d.png,11300076_c_cpgoldencrusadeshelmet_c.png,13,
11300555,아련한 그리움의 마법사 모자,11300026,63,59,51,20,18,15,11300025_C_CPStarlightHat_C.gltf,11300025_c_cpstarlighthat_d.png,11300025_c_cpstarlighthat_c.png,8,
11300556,아련한 그리움의 궁수 모자,11300035,63,59,51,20,18,15,11300038_C_GoldMusket_C.gltf,11300038_c_goldmusket_c_d.png,11300038_c_goldmusket_c_c.png,8,
11300557,아련한 그리움의 도적 모자,11300017,63,59,51,20,18,15,11300048_C_CPCrossPirate_C.gltf,11300048_c_cpcrosspirate_d.png,11300048_c_cpcrosspirate_c.png,8,
11300558,비비드 썸머 썬,11300558,63,59,51,20,18,15,11300558_C_CPSunglassS.gltf,11300558_c_cpsunglasssun_d.png,11300558_c_cpsunglasssun_c.png,None,
11300559,버블 덕 모자,11300559,242,224,191,165,127,96,11300559_C_CPBubbleDu.gltf,11300559_c_cpbubbleduck_d.png,11300559_c_cpbubbleduck_c.png,None,
11300560,매끈 스탠다드 샤워기,11300560,132,130,120,68,68,65,11300560_C_Shower_A.gltf,11300560_c_shower_d.png,11300560_c_shower_c.png,0,
11300561,샤이닝 유니콘 혼,11300561,180,165,248,108,96,176,11300561_C_UnicornHorn_A.gltf,11300561_c_unicornhorn_c.png,11300561_c_unicornhorn_c.png,0,
11300562,고딕 레이스 햇 (여),11300496,63,59,51,20,18,15,11300496_C_CPGothicLaceHat_F.gltf,11300496_c_cpgothiclacehat_d.png,11300496_c_cpgothiclacehat_c.png,0,
11300563,양파두,11300563,170,47,47,96,19,19,11300563_C_CPChinaUserEvent01_A.gltf,11300563_c_cpchinauserevent01_d.png,11300563_c_cpchinauserevent01_c.png,0,
11300564,지주모,11300564,170,47,47,96,19,19,11300564_C_CPChinaUserEvent01_C.gltf,11300564_c_cpchinauserevent01_d.png,11300564_c_cpchinauserevent01_c.png,8,
11300565,츄츄 고양이 귀,11300565,63,59,51,20,18,15,11300565_C_CPCatLopEar_A.gltf,11300565_c_cpcatlopear_d.png,11300565_c_cpcatlopear_c.png,0,
11300566,앙큼 바니 머리 장식,11300566,239,112,145,153,66,82,11300566_C_CPSlyBunnyE.gltf,11300566_c_cpslybunnyear_d.png,11300566_c_cpslybunnyear_c.png,None,
11300567,스타 모험가 모자,11300081,63,59,51,20,18,15,11300080_C_Supporter_C.gltf,11300080_c_supporter_d.png,11300080_c_supporter_d.png,8,
11300568,기초 격투 모자,11300545,63,59,51,20,18,15,11300545_C_CPFighter01_A.gltf,11300545_c_cpfighter01_d.png,11300545_c_cpfighter01_c.png,0,
11300569,기초 무투 모자,11300546,63,59,51,20,18,15,11300546_C_CPFighter02_A.gltf,11300546_c_cpfighter02_d.png,11300546_c_cpfighter02_c.png,0,
11300570,기초 사투 모자,11300547,63,59,51,20,18,15,11300547_C_CPFighter03_A.gltf,11300547_c_cpfighter03_d.png,11300547_c_cpfighter03_c.png,0,
11300571,초급 격투 모자,11300548,63,59,51,20,18,15,11300548_C_CPFighter04_A.gltf,11300548_c_cpfighter04_d.png,11300548_c_cpfighter04_c.png,0,
11300572,초급 무투 모자,11300549,63,59,51,20,18,15,11300549_C_CPFighter05_A.gltf,11300549_c_cpfighter05_d.png,11300549_c_cpfighter05_c.png,0,
11300573,초급 사투 모자,11300550,63,59,51,20,18,15,11300550_C_CPFighter06_A.gltf,11300550_c_cpfighter06_d.png,11300550_c_cpfighter06_c.png,0,
11300574,중급 격투 모자,11300551,63,59,51,20,18,15,11300551_C_CPFighter07_A.gltf,11300551_c_cpfighter07_d.png,11300551_c_cpfighter07_c.png,0,
11300575,중급 무투 모자,11300552,63,59,51,20,18,15,11300552_C_CPFighter08_A.gltf,11300552_c_cpfighter08_d.png,11300552_c_cpfighter08_c.png,0,
11300576,중급 사투 모자,11300553,63,59,51,20,18,15,11300553_C_CPFighter09_A.gltf,11300553_c_cpfighter09_d.png,11300553_c_cpfighter09_c.png,0,
11300577,숙련 격투 모자,11300546,63,59,51,20,18,15,11300546_C_CPFighter02_A.gltf,11300546_c_cpfighter02_d.png,11300546_c_cpfighter02_c.png,0,
11300578,숙련 무투 모자,11300547,63,59,51,20,18,15,11300547_C_CPFighter03_A.gltf,11300547_c_cpfighter03_d.png,11300547_c_cpfighter03_c.png,0,
11300579,숙련 사투 모자,11300549,63,59,51,20,18,15,11300549_C_CPFighter05_A.gltf,11300549_c_cpfighter05_d.png,11300549_c_cpfighter05_c.png,0,
11300580,상급 격투 모자,11300550,63,59,51,20,18,15,11300550_C_CPFighter06_A.gltf,11300550_c_cpfighter06_d.png,11300550_c_cpfighter06_c.png,0,
11300581,상급 무투 모자,11300551,63,59,51,20,18,15,11300551_C_CPFighter07_A.gltf,11300551_c_cpfighter07_d.png,11300551_c_cpfighter07_c.png,0,
11300582,상급 사투 모자,11300552,63,59,51,20,18,15,11300552_C_CPFighter08_A.gltf,11300552_c_cpfighter08_d.png,11300552_c_cpfighter08_c.png,0,
11300583,거대 격투가 모자,11300545,63,59,51,20,18,15,11300545_C_CPFighter01_A.gltf,11300545_c_cpfighter01_d.png,11300545_c_cpfighter01_c.png,0,
11300584,강력한 격투가 모자,11300546,63,59,51,20,18,15,11300546_C_CPFighter02_A.gltf,11300546_c_cpfighter02_d.png,11300546_c_cpfighter02_c.png,0,
11300585,광선의 격투가 모자,11300547,63,59,51,20,18,15,11300547_C_CPFighter03_A.gltf,11300547_c_cpfighter03_d.png,11300547_c_cpfighter03_c.png,0,
11300586,경량의 격투가 모자,11300548,63,59,51,20,18,15,11300548_C_CPFighter04_A.gltf,11300548_c_cpfighter04_d.png,11300548_c_cpfighter04_c.png,0,
11300587,견고한 격투가 모자,11300549,63,59,51,20,18,15,11300549_C_CPFighter05_A.gltf,11300549_c_cpfighter05_d.png,11300549_c_cpfighter05_c.png,0,
11300588,야수의 격투가 모자,11300550,63,59,51,20,18,15,11300550_C_CPFighter06_A.gltf,11300550_c_cpfighter06_d.png,11300550_c_cpfighter06_c.png,0,
11300589,광석의 격투가 모자,11300551,63,59,51,20,18,15,11300551_C_CPFighter07_A.gltf,11300551_c_cpfighter07_d.png,11300551_c_cpfighter07_c.png,0,
11300590,거구의 격투가 모자,11300552,63,59,51,20,18,15,11300552_C_CPFighter08_A.gltf,11300552_c_cpfighter08_d.png,11300552_c_cpfighter08_c.png,0,
11300591,짐승의 격투가 모자,11300552,63,59,51,20,18,15,11300552_C_CPFighter08_A.gltf,11300552_c_cpfighter08_d.png,11300552_c_cpfighter08_c.png,0,
11300592,야생의 격투가 모자,11300553,63,59,51,20,18,15,11300553_C_CPFighter09_A.gltf,11300553_c_cpfighter09_d.png,11300553_c_cpfighter09_c.png,0,
11300593,단련된 격투가 모자,11300553,63,59,51,20,18,15,11300553_C_CPFighter09_A.gltf,11300553_c_cpfighter09_d.png,11300553_c_cpfighter09_c.png,0,
11300594,흉포한 격투가 모자,11300550,63,59,51,20,18,15,11300550_C_CPFighter06_A.gltf,11300550_c_cpfighter06_d.png,11300550_c_cpfighter06_c.png,0,
11300595,탐식의 격투가 모자,11300553,63,59,51,20,18,15,11300553_C_CPFighter09_A.gltf,11300553_c_cpfighter09_d.png,11300553_c_cpfighter09_c.png,0,
11300596,새벽의 격투 모자,11300509,63,59,51,20,18,15,11300509_C_CPStriker01_F.gltf,11300509_c_cpstriker01_d.png,11300509_c_cpstriker01_c.png,0,
11300597,검은 불꽃의 격투 모자,11300512,63,59,51,20,18,15,11300512_C_CPStriker04_F.gltf,11300512_c_cpstriker04_d.png,11300512_c_cpstriker04_c.png,0,
11300598,아련한 그리움의 격투 모자,11300547,63,59,51,20,18,15,11300547_C_CPFighter03_A.gltf,11300547_c_cpfighter03_d.png,11300547_c_cpfighter03_c.png,0,
11300599,어둠의 격투 모자,11300547,63,59,51,20,18,15,11300547_C_CPFighter03_A.gltf,11300547_c_cpfighter03_d.png,11300547_c_cpfighter03_c.png,0,
11300600,흥정된 격투 모자,11300547,63,59,51,20,18,15,11300547_C_CPFighter03_A.gltf,11300547_c_cpfighter03_d.png,11300547_c_cpfighter03_c.png,0,
11300601,난폭한 절멸의 모자,11301037,63,59,51,20,18,15,11301037_C_CPViolent_F.gltf,11301037_c_cpviolent_d.png,11301037_c_cpviolent_c.png,0,
11300602,튼튼 격투 모자,11300545,63,59,51,20,18,15,11300545_C_CPFighter01_A.gltf,11300545_c_cpfighter01_d.png,11300545_c_cpfighter01_c.png,0,
11300603,광포한 난투 모자,11301039,63,59,51,20,18,15,11301039_C_CPFury_C.gltf,11301039_c_cpfury_d.png,11301039_c_cpfury_c.png,8,
11300604,극한의 난투 모자,11301038,63,59,51,20,18,15,11301038_C_CPLimit_A.gltf,11301038_c_cplimit_d.png,11301038_c_cplimit_c.png,0,
11300605,고요한 난투 모자,11300547,63,59,51,20,18,15,11300547_C_CPFighter03_A.gltf,11300547_c_cpfighter03_d.png,11300547_c_cpfighter03_c.png,0,
11300606,적막한 난투 모자,11300479,63,59,51,20,18,15,11300479_C_CPEmpireKnight_D.gltf,11300479_c_cpempireknight_d.png,11300479_c_cpempireknight_c.png,13,
11300607,루미 드 마누스 모자,11300514,63,59,51,20,18,15,11300514_C_CPStriker06_F.gltf,11300514_c_cpstriker06_d.png,11300514_c_cpstriker06_c.png,0,
11300608,한 주먹 카필라,11300546,63,59,51,20,18,15,11300546_C_CPFighter02_A.gltf,11300546_c_cpfighter02_d.png,11300546_c_cpfighter02_c.png,0,
11300609,검은 별 가죽 카필라,11300547,63,59,51,20,18,15,11300547_C_CPFighter03_A.gltf,11300547_c_cpfighter03_d.png,11300547_c_cpfighter03_c.png,0,
11300610,뒷골목 형제의 카필라,11300548,63,59,51,20,18,15,11300548_C_CPFighter04_A.gltf,11300548_c_cpfighter04_d.png,11300548_c_cpfighter04_c.png,0,
11300611,블랙 스톤 장식 카필라,11300549,63,59,51,20,18,15,11300549_C_CPFighter05_A.gltf,11300549_c_cpfighter05_d.png,11300549_c_cpfighter05_c.png,0,
11300612,잿빛 격투 카필라,11300550,63,59,51,20,18,15,11300550_C_CPFighter06_A.gltf,11300550_c_cpfighter06_d.png,11300550_c_cpfighter06_c.png,0,
11300613,와일드 플레임 햇,11300613,63,59,51,20,18,15,11300514_C_CPStriker06_F.gltf,11300514_c_cpstriker06_d.png,11300514_c_cpstriker06_c.png,0,
11300614,(이벤트) 이끌림의 고급 투구,11300033,63,59,51,20,18,15,11300036_C_BasicMusket_C.gltf,11300036_c_basicmusket_c_d.png,11300036_c_basicmusket_c_c.png,8,
11300615,웨딩 리본 햇 (남),11300615,63,59,51,20,18,15,11300615_C_CPWeddingHat_F.gltf,11300615_c_cpweddinghat_d.png,11300615_c_cpweddinghat_c.png,0,
11300616,지주모,11300564,170,47,47,96,19,19,11300564_C_CPChinaUserEvent01_C.gltf,11300564_c_cpchinauserevent01_d.png,11300564_c_cpchinauserevent01_c.png,8,
11300624,이프리트 티아라 (여),11300542,63,59,51,20,18,15,11300542_C_CPIfritTiara_A.gltf,11300542_c_cpifrittiara_d.png,11300542_c_cpifrittiara_d.png,0,
11300631,현자냥이의 개복치 머리핀,11300631,126,204,247,72,94,168,11300631_C_CPSummerEvent01_F.gltf,11300631_c_cpsummerevent01_d.png,11300631_c_cpsummerevent01_c.png,0,
11300632,메2정보통 리포터 모자,11300180,63,59,51,20,18,15,11300180_C_MapleReporter_C.gltf,11300180_c_maplereporter_d.png,11300180_c_maplereporter_d.png,8,
11300635,푸에르 벨 미니햇 (남),11300635,170,47,47,96,19,19,11300635_C_CPKnotMiniHat_F.gltf,11300635_c_cpknotminihat_d.png,11300635_c_cpknotminihat_c.png,0,
11300636,푸엘라 벨 리본 (여),11300636,170,47,47,96,19,19,11300636_C_CPKnotRibbon_F.gltf,11300636_c_cpknotribbon_d.png,11300636_c_cpknotribbon_c.png,0,
11300637,베이스볼 세이프 헬멧,11300637,170,47,47,96,19,19,11300637_C_CPBaseball01_D.gltf,11300637_c_cpbaseball01_d.png,11300637_c_cpbaseball01_c.png,13,
11300638,스카우트 베레모,11300638,62,73,117,27,26,48,11300638_C_CPScouts01_F.gltf,11300638_c_cpscouts01_d.png,11300638_c_cpscouts01_c.png,0,
11300639,스피릿 원 페더,11300639,126,204,247,72,94,168,11300519_C_CPSoulbinder05_A.gltf,11300519_c_cpsoulbinder05_d.png,11300519_c_cpsoulbinder05_c.png,0,
11300640,스카우트 베레모,11300638,62,73,117,27,26,48,11300638_C_CPScouts01_F.gltf,11300638_c_cpscouts01_d.png,11300638_c_cpscouts01_c.png,0,
11300641,단련된 기공사 카필라,11300553,63,59,51,20,18,15,11300553_C_CPFighter09_A.gltf,11300553_c_cpfighter09_d.png,11300553_c_cpfighter09_c.png,0,
11300642,탐식의 기공사 카필라,11300553,63,59,51,20,18,15,11300553_C_CPFighter09_A.gltf,11300553_c_cpfighter09_d.png,11300553_c_cpfighter09_c.png,0,
11300643,새벽의 기공 카필라,11300515,63,59,51,20,18,15,11300515_C_CPSoulbinder01_A.gltf,11300515_c_cpsoulbinder01_d.png,11300515_c_cpsoulbinder01_c.png,0,
11300644,검은 불꽃의 기공 카필라,11300518,63,59,51,20,18,15,11300518_C_CPSoulbinder04_A.gltf,11300518_c_cpsoulbinder04_d.png,11300518_c_cpsoulbinder04_c.png,0,
11300645,난폭한 공세의 카필라,11301037,63,59,51,20,18,15,11301037_C_CPViolent_F.gltf,11301037_c_cpviolent_d.png,11301037_c_cpviolent_c.png,0,
11300646,광포한 의식 카필라,11301039,63,59,51,20,18,15,11301039_C_CPFury_C.gltf,11301039_c_cpfury_d.png,11301039_c_cpfury_c.png,8,
11300647,극한의 의식 카필라,11301038,63,59,51,20,18,15,11301038_C_CPLimit_A.gltf,11301038_c_cplimit_d.png,11301038_c_cplimit_c.png,0,
11300648,고요한 의식 카필라,11300547,63,59,51,20,18,15,11300547_C_CPFighter03_A.gltf,11300547_c_cpfighter03_d.png,11300547_c_cpfighter03_c.png,0,
11300649,적막한 의식 카필라,11300479,63,59,51,20,18,15,11300479_C_CPEmpireKnight_D.gltf,11300479_c_cpempireknight_d.png,11300479_c_cpempireknight_c.png,13,
11300650,루미 드 애니마르 카필라,11300520,63,59,51,20,18,15,11300520_C_CPSoulbinder06_A.gltf,11300520_c_cpsoulbinder06_d.png,11300520_c_cpsoulbinder06_c.png,0,
11300651,수련자의 카필라,11300546,63,59,51,20,18,15,11300546_C_CPFighter02_A.gltf,11300546_c_cpfighter02_d.png,11300546_c_cpfighter02_c.png,0,
11300652,수행자의 카필라,11300547,63,59,51,20,18,15,11300547_C_CPFighter03_A.gltf,11300547_c_cpfighter03_d.png,11300547_c_cpfighter03_c.png,0,
11300653,너울빛 카필라,11300548,63,59,51,20,18,15,11300548_C_CPFighter04_A.gltf,11300548_c_cpfighter04_d.png,11300548_c_cpfighter04_c.png,0,
11300654,어스름 달빛 카필라,11300549,63,59,51,20,18,15,11300549_C_CPFighter05_A.gltf,11300549_c_cpfighter05_d.png,11300549_c_cpfighter05_c.png,0,
11300655,고요한 새벽의 카필라,11300550,63,59,51,20,18,15,11300550_C_CPFighter06_A.gltf,11300550_c_cpfighter06_d.png,11300550_c_cpfighter06_c.png,0,
11300657,메탈 헤드폰,11300657,244,189,88,163,121,39,11300657_C_BlackHeadphone_A.gltf,11300657_c_blackheadphone_d.png,11300657_c_blackheadphone_c.png,0,
11300658,블러디 윙 헤어 밴드 (남),11300658,170,47,47,96,19,19,11300658_C_CPDevilWing_A.gltf,11300658_c_cpdevilwing_d.png,11300658_c_cpdevilwing_c.png,0,
11300659,블러디 로즈 머리핀 (여),11300659,170,47,47,96,19,19,11300659_C_CPVampireFlower_F.gltf,11300659_c_cpvampireflower_d.png,11300659_c_cpvampireflower_c.png,0,
11300660,판다 밀짚 모자,11300660,63,59,51,20,18,15,11300660_C_PandaStrawHat_C.gltf,11300660_c_pandastrawhat_d.png,11300660_c_pandastrawhat_c.png,8,
11300661,냥냥 젤리 헤드폰,11300661,255,168,203,205,86,106,11300661_C_PinkJellyHeadphone_A.gltf,11300661_c_pinkjellyheadphone_d.png,11300661_c_pinkjellyheadphone_c.png,0,
11300662,나르바샨의 전투 모자,11300489,63,59,51,20,18,15,11300489_C_CPWarriorClassSetCap01_D.gltf,11300489_c_cpwarriorclasssetcap01_d.png,11300489_c_cpwarriorclasssetcap01_c.png,13,
11300663,나르바샨의 광란 모자,11300489,63,59,51,20,18,15,11300489_C_CPWarriorClassSetCap01_D.gltf,11300489_c_cpwarriorclasssetcap01_d.png,11300489_c_cpwarriorclasssetcap01_c.png,13,
11300664,나르바샨의 마법 모자,11300490,63,59,51,20,18,15,11300490_C_CPMageClassSetCap01_C.gltf,11300490_c_cpmageclasssetcap01_d.png,11300490_c_cpmageclasssetcap01_c.png,8,
11300665,나르바샨의 신성 모자,11300490,63,59,51,20,18,15,11300490_C_CPMageClassSetCap01_C.gltf,11300490_c_cpmageclasssetcap01_d.png,11300490_c_cpmageclasssetcap01_c.png,8,
11300666,나르바샨의 집중 모자,11300491,63,59,51,20,18,15,11300491_C_CPHunterClassSetCap01_C.gltf,11300491_c_cphunterclasssetcap01_d.png,11300491_c_cphunterclasssetcap01_c.png,8,
11300667,나르바샨의 포격 모자,11300491,63,59,51,20,18,15,11300491_C_CPHunterClassSetCap01_C.gltf,11300491_c_cphunterclasssetcap01_d.png,11300491_c_cphunterclasssetcap01_c.png,8,
11300668,나르바샨의 혼란 모자,11300492,63,59,51,20,18,15,11300492_C_CPBrigandClassSetCap01_A.gltf,11300492_c_cpbrigandclasssetcap01_d.png,11300492_c_cpbrigandclasssetcap01_c.png,0,
11300669,나르바샨의 암살 모자,11300492,63,59,51,20,18,15,11300492_C_CPBrigandClassSetCap01_A.gltf,11300492_c_cpbrigandclasssetcap01_d.png,11300492_c_cpbrigandclasssetcap01_c.png,0,
11300670,나르바샨의 주술 아펙스,11300489,63,59,51,20,18,15,11300489_C_CPWarriorClassSetCap01_D.gltf,11300489_c_cpwarriorclasssetcap01_d.png,11300489_c_cpwarriorclasssetcap01_c.png,13,
11300671,나르바샨의 난투 모자,11300634,63,59,51,20,18,15,11300634_C_CPFighter10_A.gltf,11300634_c_cpfighter10_d.png,11300634_c_cpfighter10_c.png,0,
11300672,나르바샨의 의식 카필라,11300634,63,59,51,20,18,15,11300634_C_CPFighter10_A.gltf,11300634_c_cpfighter10_d.png,11300634_c_cpfighter10_c.png,0,
11300673,맹렬한 전투 모자,11300137,63,59,51,20,18,15,11300137_C_CPBloodyDuskHe.gltf,11300137_c_cpbloodyduskhelm_d.png,11300137_c_cpbloodyduskhelm_c.png,None,
11300674,맹렬한 광란 모자,11300085,63,59,51,20,18,15,11300085_C_CPDementedHelm_D.gltf,11300085_c_cpdementedhelm_d.png,11300085_c_cpdementedhelm_c.png,13,
11300675,맹렬한 마법 모자,11300164,63,59,51,20,18,15,11300164_C_CPAquaHat_C.gltf,11300164_c_cpaquahat_d.png,11300164_c_cpaquahat_c.png,8,
11300676,맹렬한 신성 모자,11300162,63,59,51,20,18,15,11300162_C_CPSurfireMiter_C.gltf,11300162_c_cpsurfiremiter_d.png,11300162_c_cpsurfiremiter_c.png,8,
11300677,맹렬한 집중 모자,11300145,63,59,51,20,18,15,11300145_C_CPChaserHat_C.gltf,11300145_c_cpchaserhat_d.png,11300145_c_cpchaserhat_c.png,8,
11300678,맹렬한 포격 모자,11300149,63,59,51,20,18,15,11300149_C_CPFlightHelmet_D.gltf,11300149_c_cpflighthelmet_d.png,11300149_c_cpflighthelmet_c.png,13,
11300679,맹렬한 혼란 모자,11300147,63,59,51,20,18,15,11300147_C_CPStuddedHat_C.gltf,11300147_c_cpstuddedhat_d.png,11300147_c_cpstuddedhat_c.png,8,
11300680,맹렬한 암살 모자,11300144,63,59,51,20,18,15,11300144_C_CPPhantomBeanie_D.gltf,11300144_c_cpphantombeanie_d.png,11300144_c_cpphantombeanie_c.png,13,
11300681,맹렬한 주술 아펙스,11300419,63,59,51,20,18,15,11300419_C_CPRuneBlader03_A.gltf,11300419_c_cpruneblader03_d.png,11300419_c_cpruneblader03_c.png,0,
11300682,맹렬한 난투 모자,11300511,63,59,51,20,18,15,11300511_C_CPStriker03_F.gltf,11300511_c_cpstriker03_d.png,11300511_c_cpstriker03_c.png,0,
11300683,맹렬한 의식 카필라,11300517,63,59,51,20,18,15,11300517_C_CPSoulbinder03_A.gltf,11300517_c_cpsoulbinder03_d.png,11300517_c_cpsoulbinder03_c.png,0,
11300684,침묵하는 전투 모자,11300480,63,59,51,20,18,15,11300480_C_CPDiabolusSlayer_D.gltf,11300480_c_cpdiabolusslayer_d.png,11300480_c_cpdiabolusslayer_c.png,13,
11300685,침묵하는 광란 모자,11300480,63,59,51,20,18,15,11300480_C_CPDiabolusSlayer_D.gltf,11300480_c_cpdiabolusslayer_d.png,11300480_c_cpdiabolusslayer_c.png,13,
11300686,침묵하는 마법 모자,11300480,63,59,51,20,18,15,11300480_C_CPDiabolusSlayer_D.gltf,11300480_c_cpdiabolusslayer_d.png,11300480_c_cpdiabolusslayer_c.png,13,
11300687,침묵하는 신성 모자,11300480,63,59,51,20,18,15,11300480_C_CPDiabolusSlayer_D.gltf,11300480_c_cpdiabolusslayer_d.png,11300480_c_cpdiabolusslayer_c.png,13,
11300688,침묵하는 집중 모자,11300480,63,59,51,20,18,15,11300480_C_CPDiabolusSlayer_D.gltf,11300480_c_cpdiabolusslayer_d.png,11300480_c_cpdiabolusslayer_c.png,13,
11300689,침묵하는 포격 모자,11300480,63,59,51,20,18,15,11300480_C_CPDiabolusSlayer_D.gltf,11300480_c_cpdiabolusslayer_d.png,11300480_c_cpdiabolusslayer_c.png,13,
11300690,침묵하는 혼란 모자,11300480,63,59,51,20,18,15,11300480_C_CPDiabolusSlayer_D.gltf,11300480_c_cpdiabolusslayer_d.png,11300480_c_cpdiabolusslayer_c.png,13,
11300691,침묵하는 암살 모자,11300480,63,59,51,20,18,15,11300480_C_CPDiabolusSlayer_D.gltf,11300480_c_cpdiabolusslayer_d.png,11300480_c_cpdiabolusslayer_c.png,13,
11300692,침묵하는 주술 아펙스,11300480,63,59,51,20,18,15,11300480_C_CPDiabolusSlayer_D.gltf,11300480_c_cpdiabolusslayer_d.png,11300480_c_cpdiabolusslayer_c.png,13,
11300693,침묵하는 난투 모자,11300480,63,59,51,20,18,15,11300480_C_CPDiabolusSlayer_D.gltf,11300480_c_cpdiabolusslayer_d.png,11300480_c_cpdiabolusslayer_c.png,13,
11300694,침묵하는 의식 카필라,11300480,63,59,51,20,18,15,11300480_C_CPDiabolusSlayer_D.gltf,11300480_c_cpdiabolusslayer_d.png,11300480_c_cpdiabolusslayer_c.png,13,
11300697,디자인 헌팅캡 (남),11300697,63,59,51,20,18,15,11300697_C_UGC05_C.gltf,11300697_c_ugc05_d.png,11300697_c_ugc05_d.png,8,
11300698,디자인 헌팅캡 (여),11300698,63,59,51,20,18,15,11300697_C_UGC05_C.gltf,11300697_c_ugc05_d.png,11300697_c_ugc05_d.png,8,
11300699,디자인 동물탈 (남),11300699,63,59,51,20,18,15,11300699_C_UGC06_E.gltf,11300699_c_ugc06_d.png,11300699_c_ugc06_d.png,8,
11300700,디자인 동물탈 (여),11300700,63,59,51,20,18,15,11300699_C_UGC06_E.gltf,11300699_c_ugc06_d.png,11300699_c_ugc06_d.png,8,
11300702,스타 아너 크라운,11300702,63,59,51,20,18,15,11300497_C_EventPVPGoldCrown_F.gltf,11300497_c_eventpvpgoldcrown_d.png,11300497_c_eventpvpgoldcrown_d.png,0,
11300703,살랑살랑 단풍 모자,11300703,170,47,47,96,19,19,11300703_C_CPAutumnColors_F.gltf,11300703_c_cpautumncolors_d.png,11300703_c_cpautumncolors_c.png,0,
11300704,스페셜 골드 아너 크라운,11300704,63,59,51,20,18,15,11300704_C_EventGuildPVP01_F.gltf,11300704_c_eventguildpvp01_d.png,11300704_c_eventguildpvp01_d.png,0,
11300709,할로윈 펌킨 햇,11300391,63,59,51,20,18,15,11300391_C_PumpkinHat_E.gltf,11300391_c_pumpkinhat_d.png,11300391_c_pumpkinhat_d.png,15,
11300710,밀키즈 카우 햇,11300710,63,59,51,20,18,15,11300710_C_CPLivestock01_C.gltf,11300710_c_cplivestock_d.png,11300710_c_cplivestock_c.png,8,
11300711,메리메리 산타 크라운 (남),11300711,170,47,47,96,19,19,11300711_C_CPChristmas01_F.gltf,11300711_c_cpchristmas01_d.png,11300711_c_cpchristmas01_c.png,0,
11300712,메리메리 산타 크라운 (여),11300712,170,47,47,96,19,19,11300711_C_CPChristmas01_F.gltf,11300711_c_cpchristmas01_d.png,11300711_c_cpchristmas01_c.png,0,
11300713,금빛 정복자 모자,11300713,76,105,181,23,40,79,11300713_C_CPChaosRaid.gltf,11300713_c_cpchaosraid01_d.png,11300713_c_cpchaosraid01_c.png,None,
11300714,탐험 전문가 모자,11300714,214,147,100,186,113,50,11300714_C_CPMapGoal_C.gltf,11300714_c_cpmapgoal_d.png,11300714_c_cpmapgoal_c.png,8,
11300715,냥냥 줄무늬 고양이 모자,11300715,63,59,51,20,18,15,11300715_C_CPGrayStripedCat_E.gltf,11300715_c_cpgraystripedcat_d.png,11300715_c_cpgraystripedcat_d.png,15,
11300716,냥냥 점박이 고양이 모자,11300716,63,59,51,20,18,15,11300716_C_CP3ColorsCat_E.gltf,11300716_c_cp3colorscat_d.png,11300716_c_cp3colorscat_d.png,15,
11300717,냥냥 얼룩 고양이 모자,11300717,63,59,51,20,18,15,11300717_C_CPLeopardCat_E.gltf,11300717_c_cpleopardcat_d.png,11300717_c_cpleopardcat_d.png,15,
11300718,스위트 드림 모자,11300718,244,189,88,163,121,39,11300718_C_CPSleepingCap01_D.gltf,11300718_c_cpsleepingcap01_d.png,11300718_c_cpsleepingcap01_c.png,13,
11300719,스위트 드림 리본 햇,11300719,244,189,88,163,121,39,11300719_C_CPSleepingCap02_D.gltf,11300719_c_cpsleepingcap02_d.png,11300719_c_cpsleepingcap02_c.png,13,
11300720,행복한 루돌프 모자,11300720,63,59,51,20,18,15,11300720_C_CPRudolph01_E.gltf,11300720_c_cprudolph01_d.png,11300720_c_cprudolph01_d.png,15,
11300721,희미하게 난폭한 빛의 모자,11301037,63,59,51,20,18,15,11301037_C_CPViolent_F.gltf,11301037_c_cpviolent_d.png,11301037_c_cpviolent_c.png,0,
11300722,희미하게 난폭한 영혼의 모자,11301037,63,59,51,20,18,15,11301037_C_CPViolent_F.gltf,11301037_c_cpviolent_d.png,11301037_c_cpviolent_c.png,0,
11300723,희미하게 난폭한 독성의 모자,11301037,63,59,51,20,18,15,11301037_C_CPViolent_F.gltf,11301037_c_cpviolent_d.png,11301037_c_cpviolent_c.png,0,
11300724,희미하게 난폭한 낙뢰의 모자,11301037,63,59,51,20,18,15,11301037_C_CPViolent_F.gltf,11301037_c_cpviolent_d.png,11301037_c_cpviolent_c.png,0,
11300725,희미하게 난폭한 얼음의 모자,11301037,63,59,51,20,18,15,11301037_C_CPViolent_F.gltf,11301037_c_cpviolent_d.png,11301037_c_cpviolent_c.png,0,
11300726,희미하게 난폭한 어둠의 모자,11301037,63,59,51,20,18,15,11301037_C_CPViolent_F.gltf,11301037_c_cpviolent_d.png,11301037_c_cpviolent_c.png,0,
11300727,희미하게 난폭한 불길의 모자,11301037,63,59,51,20,18,15,11301037_C_CPViolent_F.gltf,11301037_c_cpviolent_d.png,11301037_c_cpviolent_c.png,0,
11300728,희미하게 난폭한 빙하의 모자,11301037,63,59,51,20,18,15,11301037_C_CPViolent_F.gltf,11301037_c_cpviolent_d.png,11301037_c_cpviolent_c.png,0,
11300729,희미하게 난폭한 파멸의 아펙스,11301037,63,59,51,20,18,15,11301037_C_CPViolent_F.gltf,11301037_c_cpviolent_d.png,11301037_c_cpviolent_c.png,0,
11300730,희미하게 난폭한 절멸의 모자,11301037,63,59,51,20,18,15,11301037_C_CPViolent_F.gltf,11301037_c_cpviolent_d.png,11301037_c_cpviolent_c.png,0,
11300731,희미하게 난폭한 공세의 카필라,11301037,63,59,51,20,18,15,11301037_C_CPViolent_F.gltf,11301037_c_cpviolent_d.png,11301037_c_cpviolent_c.png,0,
11300732,냥냥 얼룩 고양이 모자 (3일),11300717,63,59,51,20,18,15,11300717_C_CPLeopardCat_E.gltf,11300717_c_cpleopardcat_d.png,11300717_c_cpleopardcat_d.png,15,
11300733,삐약삐약 노란 병아리 모자,11300733,63,59,51,20,18,15,11300733_C_CPChick_E.gltf,11300733_c_cpchick_d.png,11300733_c_cpchick_d.png,15,
11300734,메2정보통 리포터 모자,11300180,63,59,51,20,18,15,11300180_C_MapleReporter_C.gltf,11300180_c_maplereporter_d.png,11300180_c_maplereporter_d.png,8,
11300735,베르크 몰 플랫캡,11300735,62,73,117,27,26,48,11300735_C_CPMining01_C.gltf,11300735_c_cpmining01_d.png,11300735_c_cpmining01_c.png,8,
11300736,알키미 허브 베레모,11300736,63,59,51,20,18,15,11300736_C_CPCollecting01_C.gltf,11300736_c_cpcollecting01_d.png,11300736_c_cpcollecting01_c.png,8,
11300737,레더바우 어니언 햇,11300737,194,209,96,64,104,54,11300737_C_CPFarming01_F.gltf,11300737_c_cpfarming01_d.png,11300737_c_cpfarming01_c.png,0,
11300738,마드리아의 뿔,11300738,63,59,51,20,18,15,11300738_F_MadriaHorn_A.gltf,11300738_c_madriahorn_d.png,11300738_c_madriahorn_d.png,0,
11300739,옥관자 장식 갓 (남),11300739,62,73,117,27,26,48,11300739_C_CPFeatherGat_C.gltf,11300739_c_cpfeathergat_d.png,11300739_c_cpfeathergat_c.png,8,
11300740,복슬복슬 꽃 조바위 (여),11300740,244,189,88,163,121,39,11300740_C_CPWinterHat_C.gltf,11300740_c_cpwinterhat_d.png,11300740_c_cpwinterhat_c.png,8,
11300741,삐약삐약 노란 병아리 모자,11300733,63,59,51,20,18,15,11300733_C_CPChick_E.gltf,11300733_c_cpchick_d.png,11300733_c_cpchick_d.png,15,
11300742,단풍 철갑 투구,11300742,244,189,88,163,121,39,11300742_C_CPMapleArm.gltf,11300742_c_cpmaplearmor_d.png,11300742_c_cpmaplearmor_c.png,None,
11300743,러블리 하트 리본,11300743,170,47,47,96,19,19,11300743_C_CPValentine_F.gltf,11300743_c_cpvalentine_d.png,11300743_c_cpvalentine_c.png,0,
11300744,진실의 모자,11300176,63,59,51,20,18,15,11300025_C_CPStarlightHat_C.gltf,11300025_c_cpstarlighthat_d.png,11300025_c_cpstarlighthat_c.png,8,
11300747,하랑 면류관 (남),11300747,63,59,51,20,18,15,11300747_M_CPTraditionalWedding_C.gltf,11300747_m_cptraditionalwedding_d.png,11300747_m_cptraditionalwedding_c.png,8,
11300748,나예 가체 (여),11300748,63,59,51,20,18,15,11300748_F_CPTraditionalWedding_E.gltf,11300748_f_cptraditionalwedding_d.png,11300748_f_cptraditionalwedding_c.png,8,
11300749,스칼렛 로지 실크햇 (남),11300749,170,47,47,96,19,19,11300749_C_CPValentine01_F.gltf,11300749_c_cpvalentine01_d.png,11300749_c_cpvalentine01_c.png,0,
11300750,스칼렛 로지 헤어핀 (여),11300750,170,47,47,96,19,19,11300750_C_CPValentine01_F.gltf,11300750_c_cpvalentine01_d.png,11300750_c_cpvalentine01_c.png,0,
11300751,파도의 전투 모자,11300741,63,59,51,20,18,15,11300634_C_CPPirate_C.gltf,11300634_c_cppirate_d.png,11300634_c_cppirate_c.png,8,
11300752,파도의 광란 모자,11300741,63,59,51,20,18,15,11300634_C_CPPirate_C.gltf,11300634_c_cppirate_d.png,11300634_c_cppirate_c.png,8,
11300753,파도의 마법 모자,11300741,63,59,51,20,18,15,11300634_C_CPPirate_C.gltf,11300634_c_cppirate_d.png,11300634_c_cppirate_c.png,8,
11300754,파도의 신성 모자,11300741,63,59,51,20,18,15,11300634_C_CPPirate_C.gltf,11300634_c_cppirate_d.png,11300634_c_cppirate_c.png,8,
11300755,파도의 집중 모자,11300741,63,59,51,20,18,15,11300634_C_CPPirate_C.gltf,11300634_c_cppirate_d.png,11300634_c_cppirate_c.png,8,
11300756,파도의 포격 모자,11300741,63,59,51,20,18,15,11300634_C_CPPirate_C.gltf,11300634_c_cppirate_d.png,11300634_c_cppirate_c.png,8,
11300757,파도의 혼란 모자,11300741,63,59,51,20,18,15,11300634_C_CPPirate_C.gltf,11300634_c_cppirate_d.png,11300634_c_cppirate_c.png,8,
11300758,파도의 암살 모자,11300741,63,59,51,20,18,15,11300634_C_CPPirate_C.gltf,11300634_c_cppirate_d.png,11300634_c_cppirate_c.png,8,
11300759,파도의 주술 모자,11300741,63,59,51,20,18,15,11300634_C_CPPirate_C.gltf,11300634_c_cppirate_d.png,11300634_c_cppirate_c.png,8,
11300760,파도의 난투 모자,11300741,63,59,51,20,18,15,11300634_C_CPPirate_C.gltf,11300634_c_cppirate_d.png,11300634_c_cppirate_c.png,8,
11300761,파도의 의식 모자,11300741,63,59,51,20,18,15,11300634_C_CPPirate_C.gltf,11300634_c_cppirate_d.png,11300634_c_cppirate_c.png,8,
11300762,사라진 왕국의 전투 모자,11300695,63,59,51,20,18,15,11300695_C_CPDragon_A.gltf,11300695_c_cpdragon_d.png,11300695_c_cpdragon_c.png,0,
11300763,사라진 왕국의 광란 모자,11300695,63,59,51,20,18,15,11300695_C_CPDragon_A.gltf,11300695_c_cpdragon_d.png,11300695_c_cpdragon_c.png,0,
11300764,사라진 왕국의 마법 모자,11300695,63,59,51,20,18,15,11300695_C_CPDragon_A.gltf,11300695_c_cpdragon_d.png,11300695_c_cpdragon_c.png,0,
11300765,사라진 왕국의 신성 모자,11300695,63,59,51,20,18,15,11300695_C_CPDragon_A.gltf,11300695_c_cpdragon_d.png,11300695_c_cpdragon_c.png,0,
11300766,사라진 왕국의 집중 모자,11300695,63,59,51,20,18,15,11300695_C_CPDragon_A.gltf,11300695_c_cpdragon_d.png,11300695_c_cpdragon_c.png,0,
11300767,사라진 왕국의 포격 모자,11300695,63,59,51,20,18,15,11300695_C_CPDragon_A.gltf,11300695_c_cpdragon_d.png,11300695_c_cpdragon_c.png,0,
11300768,사라진 왕국의 혼란 모자,11300695,63,59,51,20,18,15,11300695_C_CPDragon_A.gltf,11300695_c_cpdragon_d.png,11300695_c_cpdragon_c.png,0,
11300769,사라진 왕국의 암살 모자,11300695,63,59,51,20,18,15,11300695_C_CPDragon_A.gltf,11300695_c_cpdragon_d.png,11300695_c_cpdragon_c.png,0,
11300770,사라진 왕국의 주술 모자,11300695,63,59,51,20,18,15,11300695_C_CPDragon_A.gltf,11300695_c_cpdragon_d.png,11300695_c_cpdragon_c.png,0,
11300771,사라진 왕국의 난투 모자,11300695,63,59,51,20,18,15,11300695_C_CPDragon_A.gltf,11300695_c_cpdragon_d.png,11300695_c_cpdragon_c.png,0,
11300772,사라진 왕국의 의식 모자,11300695,63,59,51,20,18,15,11300695_C_CPDragon_A.gltf,11300695_c_cpdragon_d.png,11300695_c_cpdragon_c.png,0,
11300773,루미에라곤 전투 모자,11300705,63,59,51,20,18,15,11300705_C_CPDarkSteelWarrior_D.gltf,11300705_c_cpdarksteelwarrior_d.png,11300705_c_cpdarksteelwarrior_c.png,13,
11300774,루미에라곤 광란 모자,11300705,63,59,51,20,18,15,11300705_C_CPDarkSteelWarrior_D.gltf,11300705_c_cpdarksteelwarrior_d.png,11300705_c_cpdarksteelwarrior_c.png,13,
11300775,루미에라곤 마법 모자,11300640,63,59,51,20,18,15,11300640_C_CPDarkSteel_F.gltf,11300640_c_cpdarksteelmage_d.png,11300640_c_cpdarksteelmage_c.png,0,
11300776,루미에라곤 신성 모자,11300640,63,59,51,20,18,15,11300640_C_CPDarkSteel_F.gltf,11300640_c_cpdarksteelmage_d.png,11300640_c_cpdarksteelmage_c.png,0,
11300777,루미에라곤 집중 모자,11300706,63,59,51,20,18,15,11300706_C_CPDarkSteelRanger_C.gltf,11300706_c_cpdarksteelranger_d.png,11300706_c_cpdarksteelranger_c.png,8,
11300778,루미에라곤 포격 모자,11300706,63,59,51,20,18,15,11300706_C_CPDarkSteelRanger_C.gltf,11300706_c_cpdarksteelranger_d.png,11300706_c_cpdarksteelranger_c.png,8,
11300779,루미에라곤 혼란 모자,11300707,63,59,51,20,18,15,11300707_C_CPDarkSteelThief_A.gltf,11300707_c_cpdarksteelthief_d.png,11300707_c_cpdarksteelthief_c.png,0,
11300780,루미에라곤 암살 모자,11300707,63,59,51,20,18,15,11300707_C_CPDarkSteelThief_A.gltf,11300707_c_cpdarksteelthief_d.png,11300707_c_cpdarksteelthief_c.png,0,
11300781,루미에라곤 주술 모자,11300705,63,59,51,20,18,15,11300705_C_CPDarkSteelWarrior_D.gltf,11300705_c_cpdarksteelwarrior_d.png,11300705_c_cpdarksteelwarrior_c.png,13,
11300782,루미에라곤 난투 모자,11300708,63,59,51,20,18,15,11300708_C_CPDarkSteelFighter_A.gltf,11300708_c_cpdarksteelfighter_d.png,11300708_c_cpdarksteelfighter_c.png,0,
11300783,루미에라곤 의식 모자,11300708,63,59,51,20,18,15,11300708_C_CPDarkSteelFighter_A.gltf,11300708_c_cpdarksteelfighter_d.png,11300708_c_cpdarksteelfighter_c.png,0,
11300784,초월의 루미에라곤 전투 모자,11300705,63,59,51,20,18,15,11300705_C_CPDarkSteelWarrior_D.gltf,11300705_c_cpdarksteelwarrior_d.png,11300705_c_cpdarksteelwarrior_c.png,13,
11300785,초월의 루미에라곤 광란 모자,11300705,63,59,51,20,18,15,11300705_C_CPDarkSteelWarrior_D.gltf,11300705_c_cpdarksteelwarrior_d.png,11300705_c_cpdarksteelwarrior_c.png,13,
11300786,초월의 루미에라곤 마법 모자,11300640,63,59,51,20,18,15,11300640_C_CPDarkSteel_F.gltf,11300640_c_cpdarksteelmage_d.png,11300640_c_cpdarksteelmage_c.png,0,
11300787,초월의 루미에라곤 신성 모자,11300640,63,59,51,20,18,15,11300640_C_CPDarkSteel_F.gltf,11300640_c_cpdarksteelmage_d.png,11300640_c_cpdarksteelmage_c.png,0,
11300788,초월의 루미에라곤 집중 모자,11300706,63,59,51,20,18,15,11300706_C_CPDarkSteelRanger_C.gltf,11300706_c_cpdarksteelranger_d.png,11300706_c_cpdarksteelranger_c.png,8,
11300789,초월의 루미에라곤 포격 모자,11300706,63,59,51,20,18,15,11300706_C_CPDarkSteelRanger_C.gltf,11300706_c_cpdarksteelranger_d.png,11300706_c_cpdarksteelranger_c.png,8,
11300790,초월의 루미에라곤 혼란 모자,11300707,63,59,51,20,18,15,11300707_C_CPDarkSteelThief_A.gltf,11300707_c_cpdarksteelthief_d.png,11300707_c_cpdarksteelthief_c.png,0,
11300791,초월의 루미에라곤 암살 모자,11300707,63,59,51,20,18,15,11300707_C_CPDarkSteelThief_A.gltf,11300707_c_cpdarksteelthief_d.png,11300707_c_cpdarksteelthief_c.png,0,
11300792,초월의 루미에라곤 주술 모자,11300705,63,59,51,20,18,15,11300705_C_CPDarkSteelWarrior_D.gltf,11300705_c_cpdarksteelwarrior_d.png,11300705_c_cpdarksteelwarrior_c.png,13,
11300793,초월의 루미에라곤 난투 모자,11300708,63,59,51,20,18,15,11300708_C_CPDarkSteelFighter_A.gltf,11300708_c_cpdarksteelfighter_d.png,11300708_c_cpdarksteelfighter_c.png,0,
11300794,초월의 루미에라곤 의식 모자,11300708,63,59,51,20,18,15,11300708_C_CPDarkSteelFighter_A.gltf,11300708_c_cpdarksteelfighter_d.png,11300708_c_cpdarksteelfighter_c.png,0,
11300795,검증하는 전투 모자,11300480,63,59,51,20,18,15,11300480_C_CPDiabolusSlayer_D.gltf,11300480_c_cpdiabolusslayer_d.png,11300480_c_cpdiabolusslayer_c.png,13,
11300796,검증하는 광란 모자,11300480,63,59,51,20,18,15,11300480_C_CPDiabolusSlayer_D.gltf,11300480_c_cpdiabolusslayer_d.png,11300480_c_cpdiabolusslayer_c.png,13,
11300797,검증하는 마법 모자,11300480,63,59,51,20,18,15,11300480_C_CPDiabolusSlayer_D.gltf,11300480_c_cpdiabolusslayer_d.png,11300480_c_cpdiabolusslayer_c.png,13,
11300798,검증하는 신성 모자,11300480,63,59,51,20,18,15,11300480_C_CPDiabolusSlayer_D.gltf,11300480_c_cpdiabolusslayer_d.png,11300480_c_cpdiabolusslayer_c.png,13,
11300799,검증하는 집중 모자,11300480,63,59,51,20,18,15,11300480_C_CPDiabolusSlayer_D.gltf,11300480_c_cpdiabolusslayer_d.png,11300480_c_cpdiabolusslayer_c.png,13,
11300800,검증하는 포격 모자,11300480,63,59,51,20,18,15,11300480_C_CPDiabolusSlayer_D.gltf,11300480_c_cpdiabolusslayer_d.png,11300480_c_cpdiabolusslayer_c.png,13,
11300801,검증하는 혼란 모자,11300480,63,59,51,20,18,15,11300480_C_CPDiabolusSlayer_D.gltf,11300480_c_cpdiabolusslayer_d.png,11300480_c_cpdiabolusslayer_c.png,13,
11300802,검증하는 암살 모자,11300480,63,59,51,20,18,15,11300480_C_CPDiabolusSlayer_D.gltf,11300480_c_cpdiabolusslayer_d.png,11300480_c_cpdiabolusslayer_c.png,13,
11300803,검증하는 주술 아펙스,11300480,63,59,51,20,18,15,11300480_C_CPDiabolusSlayer_D.gltf,11300480_c_cpdiabolusslayer_d.png,11300480_c_cpdiabolusslayer_c.png,13,
11300804,검증하는 난투 모자,11300480,63,59,51,20,18,15,11300480_C_CPDiabolusSlayer_D.gltf,11300480_c_cpdiabolusslayer_d.png,11300480_c_cpdiabolusslayer_c.png,13,
11300805,검증하는 의식 카필라,11300480,63,59,51,20,18,15,11300480_C_CPDiabolusSlayer_D.gltf,11300480_c_cpdiabolusslayer_d.png,11300480_c_cpdiabolusslayer_c.png,13,
11300806,알바노스의 예지,11300806,63,59,51,20,18,15,11300806_F_Albanos_A.gltf,11300806_c_albanos_d.png,11300806_c_albanos_d.png,0,
11300807,파이렌시아 : 파도마녀의 암초관,11300807,63,59,51,20,18,15,11300807_C_Firis_A.gltf,11300807_c_firis_d.png,11300807_c_firis_d.png,0,
11300808,세이렌시아 : 바다소녀의 티아라,11300808,63,59,51,20,18,15,11300808_C_Celin_A.gltf,11300808_c_celin_d.png,11300808_c_celin_d.png,0,
11300809,메이플 연합 나이트 베레모,11300701,63,59,51,20,18,15,11300701_C_CPEmerald_C.gltf,11300701_c_cpemerald_d.png,11300701_c_cpemerald_c.png,8,
11300810,메이플 연합 버서커 베레모,11300701,63,59,51,20,18,15,11300701_C_CPEmerald_C.gltf,11300701_c_cpemerald_d.png,11300701_c_cpemerald_c.png,8,
11300811,메이플 연합 위자드 베레모,11300701,63,59,51,20,18,15,11300701_C_CPEmerald_C.gltf,11300701_c_cpemerald_d.png,11300701_c_cpemerald_c.png,8,
11300812,메이플 연합 프리스트 베레모,11300701,63,59,51,20,18,15,11300701_C_CPEmerald_C.gltf,11300701_c_cpemerald_d.png,11300701_c_cpemerald_c.png,8,
11300813,메이플 연합 레인저 베레모,11300701,63,59,51,20,18,15,11300701_C_CPEmerald_C.gltf,11300701_c_cpemerald_d.png,11300701_c_cpemerald_c.png,8,
11300814,메이플 연합 헤비거너 베레모,11300701,63,59,51,20,18,15,11300701_C_CPEmerald_C.gltf,11300701_c_cpemerald_d.png,11300701_c_cpemerald_c.png,8,
11300815,메이플 연합 시프 베레모,11300701,63,59,51,20,18,15,11300701_C_CPEmerald_C.gltf,11300701_c_cpemerald_d.png,11300701_c_cpemerald_c.png,8,
11300816,메이플 연합 어쌔신 베레모,11300701,63,59,51,20,18,15,11300701_C_CPEmerald_C.gltf,11300701_c_cpemerald_d.png,11300701_c_cpemerald_c.png,8,
11300817,메이플 연합 블레이더 베레모,11300701,63,59,51,20,18,15,11300701_C_CPEmerald_C.gltf,11300701_c_cpemerald_d.png,11300701_c_cpemerald_c.png,8,
11300818,메이플 연합 스트라이커 베레모,11300701,63,59,51,20,18,15,11300701_C_CPEmerald_C.gltf,11300701_c_cpemerald_d.png,11300701_c_cpemerald_c.png,8,
11300819,메이플 연합 소울바인더 베레모,11300701,63,59,51,20,18,15,11300701_C_CPEmerald_C.gltf,11300701_c_cpemerald_d.png,11300701_c_cpemerald_c.png,8,
11300820,플로리아 페어리 서클릿 (남),11300820,170,47,47,96,19,19,11300820_C_CPFloriaFai.gltf,11300820_c_cpfloriafairy_d.png,11300820_c_cpfloriafairy_c.png,None,
11300821,플로리아 페어리 서클릿 (여),11300821,170,47,47,96,19,19,11300820_C_CPFloriaFai.gltf,11300820_c_cpfloriafairy_d.png,11300820_c_cpfloriafairy_c.png,None,
11300822,품위의 전투 모자,11300745,63,59,51,20,18,15,11300745_C_CPArenaA01_A.gltf,11300745_c_cparenaa01_d.png,11300745_c_cparenaa01_c.png,0,
11300823,품위의 광란 모자,11300745,63,59,51,20,18,15,11300745_C_CPArenaA01_A.gltf,11300745_c_cparenaa01_d.png,11300745_c_cparenaa01_c.png,0,
11300824,품위의 마법 모자,11300745,63,59,51,20,18,15,11300745_C_CPArenaA01_A.gltf,11300745_c_cparenaa01_d.png,11300745_c_cparenaa01_c.png,0,
11300825,품위의 신성 모자,11300745,63,59,51,20,18,15,11300745_C_CPArenaA01_A.gltf,11300745_c_cparenaa01_d.png,11300745_c_cparenaa01_c.png,0,
11300826,품위의 집중 모자,11300745,63,59,51,20,18,15,11300745_C_CPArenaA01_A.gltf,11300745_c_cparenaa01_d.png,11300745_c_cparenaa01_c.png,0,
11300827,품위의 포격 모자,11300745,63,59,51,20,18,15,11300745_C_CPArenaA01_A.gltf,11300745_c_cparenaa01_d.png,11300745_c_cparenaa01_c.png,0,
11300828,품위의 혼란 모자,11300745,63,59,51,20,18,15,11300745_C_CPArenaA01_A.gltf,11300745_c_cparenaa01_d.png,11300745_c_cparenaa01_c.png,0,
11300829,품위의 암살 모자,11300745,63,59,51,20,18,15,11300745_C_CPArenaA01_A.gltf,11300745_c_cparenaa01_d.png,11300745_c_cparenaa01_c.png,0,
11300830,품위의 주술 모자,11300745,63,59,51,20,18,15,11300745_C_CPArenaA01_A.gltf,11300745_c_cparenaa01_d.png,11300745_c_cparenaa01_c.png,0,
11300831,품위의 난투 모자,11300745,63,59,51,20,18,15,11300745_C_CPArenaA01_A.gltf,11300745_c_cparenaa01_d.png,11300745_c_cparenaa01_c.png,0,
11300832,품위의 의식 모자,11300745,63,59,51,20,18,15,11300745_C_CPArenaA01_A.gltf,11300745_c_cparenaa01_d.png,11300745_c_cparenaa01_c.png,0,
11300833,존엄의 전투 모자,11300746,63,59,51,20,18,15,11300746_C_CPArenaA02_A.gltf,11300746_c_cparenaa02_d.png,11300745_c_cparenaa01_c.png,0,
11300834,존엄의 광란 모자,11300746,63,59,51,20,18,15,11300746_C_CPArenaA02_A.gltf,11300746_c_cparenaa02_d.png,11300745_c_cparenaa01_c.png,0,
11300835,존엄의 마법 모자,11300746,63,59,51,20,18,15,11300746_C_CPArenaA02_A.gltf,11300746_c_cparenaa02_d.png,11300745_c_cparenaa01_c.png,0,
11300836,존엄의 신성 모자,11300746,63,59,51,20,18,15,11300746_C_CPArenaA02_A.gltf,11300746_c_cparenaa02_d.png,11300745_c_cparenaa01_c.png,0,
11300837,존엄의 집중 모자,11300746,63,59,51,20,18,15,11300746_C_CPArenaA02_A.gltf,11300746_c_cparenaa02_d.png,11300745_c_cparenaa01_c.png,0,
11300838,존엄의 포격 모자,11300746,63,59,51,20,18,15,11300746_C_CPArenaA02_A.gltf,11300746_c_cparenaa02_d.png,11300745_c_cparenaa01_c.png,0,
11300839,존엄의 혼란 모자,11300746,63,59,51,20,18,15,11300746_C_CPArenaA02_A.gltf,11300746_c_cparenaa02_d.png,11300745_c_cparenaa01_c.png,0,
11300840,존엄의 암살 모자,11300746,63,59,51,20,18,15,11300746_C_CPArenaA02_A.gltf,11300746_c_cparenaa02_d.png,11300745_c_cparenaa01_c.png,0,
11300841,존엄의 주술 모자,11300746,63,59,51,20,18,15,11300746_C_CPArenaA02_A.gltf,11300746_c_cparenaa02_d.png,11300745_c_cparenaa01_c.png,0,
11300842,존엄의 난투 모자,11300746,63,59,51,20,18,15,11300746_C_CPArenaA02_A.gltf,11300746_c_cparenaa02_d.png,11300745_c_cparenaa01_c.png,0,
11300843,존엄의 의식 모자,11300746,63,59,51,20,18,15,11300746_C_CPArenaA02_A.gltf,11300746_c_cparenaa02_d.png,11300745_c_cparenaa01_c.png,0,
11300844,로즈 페어리 헤어 밴드,11300844,230,230,230,150,150,150,11300844_C_CPBudsFairy_F.gltf,11300844_c_cpbudsfairy_d.png,11300844_c_cpbudsfairy_c.png,0,
11300845,바삭 군만두 모자,11300845,63,59,51,20,18,15,11300845_C_FriedDumpling_A.gltf,11300845_c_frieddumpling_d.png,11300845_c_frieddumpling_d.png,0,
11300846,아삭 단무지 모자,11300846,63,59,51,20,18,15,11300846_C_PickledRadish_A.gltf,11300846_c_pickledradish_d.png,11300846_c_pickledradish_d.png,0,
11300847,고딕 레이스 햇 (남),11300496,63,59,51,20,18,15,11300496_C_CPGothicLaceHat_F.gltf,11300496_c_cpgothiclacehat_d.png,11300496_c_cpgothiclacehat_c.png,0,
11300848,고딕 레이스 햇 (여),11300496,63,59,51,20,18,15,11300496_C_CPGothicLaceHat_F.gltf,11300496_c_cpgothiclacehat_d.png,11300496_c_cpgothiclacehat_c.png,0,
11300849,이프리트 티아라 (남),11300542,63,59,51,20,18,15,11300542_C_CPIfritTiara_A.gltf,11300542_c_cpifrittiara_d.png,11300542_c_cpifrittiara_d.png,0,
11300850,이프리트 티아라 (여),11300542,63,59,51,20,18,15,11300542_C_CPIfritTiara_A.gltf,11300542_c_cpifrittiara_d.png,11300542_c_cpifrittiara_d.png,0,
11300851,쁘띠 로즈 리본 (여),11300495,126,204,247,72,94,168,11300495_C_CPPetitRoseRibbon_F.gltf,11300495_c_cppetitroseribbon_d.png,11300495_c_cppetitroseribbon_c.png,0,
11300852,웨딩 리본 햇 (남),11300615,63,59,51,20,18,15,11300615_C_CPWeddingHat_F.gltf,11300615_c_cpweddinghat_d.png,11300615_c_cpweddinghat_c.png,0,
11300853,블러디 윙 헤어 밴드 (남),11300658,170,47,47,96,19,19,11300658_C_CPDevilWing_A.gltf,11300658_c_cpdevilwing_d.png,11300658_c_cpdevilwing_c.png,0,
11300854,블러디 로즈 머리핀 (여),11300659,170,47,47,96,19,19,11300659_C_CPVampireFlower_F.gltf,11300659_c_cpvampireflower_d.png,11300659_c_cpvampireflower_c.png,0,
11300855,메리메리 산타 크라운 (남),11300711,170,47,47,96,19,19,11300711_C_CPChristmas01_F.gltf,11300711_c_cpchristmas01_d.png,11300711_c_cpchristmas01_c.png,0,
11300856,메리메리 산타 크라운 (여),11300712,170,47,47,96,19,19,11300711_C_CPChristmas01_F.gltf,11300711_c_cpchristmas01_d.png,11300711_c_cpchristmas01_c.png,0,
11300857,스칼렛 로지 실크햇 (남),11300749,170,47,47,96,19,19,11300749_C_CPValentine01_F.gltf,11300749_c_cpvalentine01_d.png,11300749_c_cpvalentine01_c.png,0,
11300858,스칼렛 로지 헤어핀 (여),11300750,170,47,47,96,19,19,11300750_C_CPValentine01_F.gltf,11300750_c_cpvalentine01_d.png,11300750_c_cpvalentine01_c.png,0,
11300859,스위트 드림 모자,11300718,244,189,88,163,121,39,11300718_C_CPSleepingCap01_D.gltf,11300718_c_cpsleepingcap01_d.png,11300718_c_cpsleepingcap01_c.png,13,
11300860,스위트 드림 리본 햇,11300719,244,189,88,163,121,39,11300719_C_CPSleepingCap02_D.gltf,11300719_c_cpsleepingcap02_d.png,11300719_c_cpsleepingcap02_c.png,13,
11300861,앙큼 바니 머리 장식,11300566,239,112,145,153,66,82,11300566_C_CPSlyBunnyE.gltf,11300566_c_cpslybunnyear_d.png,11300566_c_cpslybunnyear_c.png,None,
11300862,비비드 썸머 썬,11300558,63,59,51,20,18,15,11300558_C_CPSunglassS.gltf,11300558_c_cpsunglasssun_d.png,11300558_c_cpsunglasssun_c.png,None,
11300863,버블 덕 모자,11300559,242,224,191,165,127,96,11300559_C_CPBubbleDu.gltf,11300559_c_cpbubbleduck_d.png,11300559_c_cpbubbleduck_c.png,None,
11300864,냥냥 젤리 헤드폰,11300661,255,168,203,205,86,106,11300661_C_PinkJellyHeadphone_A.gltf,11300661_c_pinkjellyheadphone_d.png,11300661_c_pinkjellyheadphone_c.png,0,
11300865,매끈 스탠다드 샤워기,11300560,132,130,120,68,68,65,11300560_C_Shower_A.gltf,11300560_c_shower_d.png,11300560_c_shower_c.png,0,
11300866,샤이닝 유니콘 혼,11300561,180,165,248,108,96,176,11300561_C_UnicornHorn_A.gltf,11300561_c_unicornhorn_c.png,11300561_c_unicornhorn_c.png,0,
11300867,데보라크의 뿔,11300094,63,59,51,20,18,15,11300094_C_ShamanHorn_A.gltf,11300094_c_shamanhorn_d.png,11300094_c_shamanhorn_d.png,0,
11300868,통통 바니 머리띠,11300868,255,168,203,205,86,106,11300868_C_CPAmusementPark_A.gltf,11300868_c_cpamusementpark_d.png,11300868_c_cpamusementpark_c.png,0,
11300869,동물의 왕 사자 모자,11300869,63,59,51,20,18,15,11300869_C_CPLionDoll_E.gltf,11300869_c_cpliondoll_d.png,11300869_c_cpliondoll_d.png,15,
11300870,샤인 스타 베레모 (남),11300870,126,204,247,72,94,168,11300870_M_CPIdolBand_F.gltf,11300870_c_cpidolband_d.png,11300870_c_cpidolband_c.png,0,
11300871,샤인 스타 베레모 (여),11300871,126,204,247,72,94,168,11300871_F_CPIdolBand_F.gltf,11300870_c_cpidolband_d.png,11300870_c_cpidolband_c.png,0,
11300872,샤이닝 골드 아너 크라운,11300497,63,59,51,20,18,15,11300497_C_EventPVPGoldCrown_F.gltf,11300497_c_eventpvpgoldcrown_d.png,11300497_c_eventpvpgoldcrown_d.png,0,
11300873,샤이닝 실버 아너 크라운,11300498,63,59,51,20,18,15,11300498_C_EventPVPSilverCrown_F.gltf,11300498_c_eventpvpsilvercrown_d.png,11300498_c_eventpvpsilvercrown_d.png,0,
11300874,샤이닝 브론즈 아너 크라운,11300499,63,59,51,20,18,15,11300499_C_EventPVPBronzeCrown_F.gltf,11300499_c_eventpvpbronzecrown_d.png,11300499_c_eventpvpbronzecrown_d.png,0,
11300875,마제스틱 윙 헤어핀 (남),11300875,170,47,47,96,19,19,11300875_C_CPMajesticWi.gltf,11300875_c_cpmajesticwing_d.png,11300875_c_cpmajesticwing_c.png,None,
11300876,마제스틱 윙 헤어핀 (여),11300876,170,47,47,96,19,19,11300875_C_CPMajesticWi.gltf,11300875_c_cpmajesticwing_d.png,11300875_c_cpmajesticwing_c.png,None,
11300877,통통 핑크빈 모자,11300877,63,59,51,20,18,15,11300877_C_CPPinkbean01_E.gltf,11300877_c_cppinkbean01_d.png,11300877_c_cppinkbean01_d.png,15,
11300878,품격의 전투 모자,11300746,63,59,51,20,18,15,11300746_C_CPArenaA02_A.gltf,11300746_c_cparenaa02_d.png,11300745_c_cparenaa01_c.png,0,
11300879,품격의 광란 모자,11300746,63,59,51,20,18,15,11300746_C_CPArenaA02_A.gltf,11300746_c_cparenaa02_d.png,11300745_c_cparenaa01_c.png,0,
11300880,품격의 마법 모자,11300746,63,59,51,20,18,15,11300746_C_CPArenaA02_A.gltf,11300746_c_cparenaa02_d.png,11300745_c_cparenaa01_c.png,0,
11300881,품격의 신성 모자,11300746,63,59,51,20,18,15,11300746_C_CPArenaA02_A.gltf,11300746_c_cparenaa02_d.png,11300745_c_cparenaa01_c.png,0,
11300882,품격의 집중 모자,11300746,63,59,51,20,18,15,11300746_C_CPArenaA02_A.gltf,11300746_c_cparenaa02_d.png,11300745_c_cparenaa01_c.png,0,
11300883,품격의 포격 모자,11300746,63,59,51,20,18,15,11300746_C_CPArenaA02_A.gltf,11300746_c_cparenaa02_d.png,11300745_c_cparenaa01_c.png,0,
11300884,품격의 혼란 모자,11300746,63,59,51,20,18,15,11300746_C_CPArenaA02_A.gltf,11300746_c_cparenaa02_d.png,11300745_c_cparenaa01_c.png,0,
11300885,품격의 암살 모자,11300746,63,59,51,20,18,15,11300746_C_CPArenaA02_A.gltf,11300746_c_cparenaa02_d.png,11300745_c_cparenaa01_c.png,0,
11300886,품격의 주술 모자,11300746,63,59,51,20,18,15,11300746_C_CPArenaA02_A.gltf,11300746_c_cparenaa02_d.png,11300745_c_cparenaa01_c.png,0,
11300887,품격의 난투 모자,11300746,63,59,51,20,18,15,11300746_C_CPArenaA02_A.gltf,11300746_c_cparenaa02_d.png,11300745_c_cparenaa01_c.png,0,
11300888,품격의 의식 모자,11300746,63,59,51,20,18,15,11300746_C_CPArenaA02_A.gltf,11300746_c_cparenaa02_d.png,11300745_c_cparenaa01_c.png,0,
11300889,꽃송이 모자,11300889,170,47,47,96,19,19,11300890_C_CPNewYear01_F.gltf,11300890_c_cpnewyear01_d.png,11300890_c_cpnewyear01_c.png,0,
11300890,옥 장식 관,11300890,170,47,47,96,19,19,11300889_C_CPNewYear01_F.gltf,11300889_c_cpnewyear01_d.png,11300889_c_cpnewyear01_c.png,0,
11300893,비비드 썸머 썬,11300558,63,59,51,20,18,15,11300558_C_CPSunglassS.gltf,11300558_c_cpsunglasssun_d.png,11300558_c_cpsunglasssun_c.png,None,
11300894,버블 덕 모자,11300559,242,224,191,165,127,96,11300559_C_CPBubbleDu.gltf,11300559_c_cpbubbleduck_d.png,11300559_c_cpbubbleduck_c.png,None,
11300896,레이 링 장식 모자,11300896,63,59,51,20,18,15,11300896_C_Lay02_C.gltf,11300896_c_lay02_d.png,11300896_c_lay02_c.png,8,
11300897,레이 작은 양 모자,11300897,63,59,51,20,18,15,11300897_C_Lay01_E.gltf,11300897_c_lay01_d.png,11300897_c_lay01_c.png,15,
11300898,냥냥 얼룩 고양이 모자,11300717,63,59,51,20,18,15,11300717_C_CPLeopardCat_E.gltf,11300717_c_cpleopardcat_d.png,11300717_c_cpleopardcat_d.png,15,
11300899,왕 폼폼 비니,11300899,76,105,181,23,40,79,11300899_C_PomPomHat_D.gltf,11300899_c_pompomhat_d.png,11300899_c_pompomhat_c.png,13,
11300900,메리메리 산타 크라운 (남),11300711,170,47,47,96,19,19,11300711_C_CPChristmas01_F.gltf,11300711_c_cpchristmas01_d.png,11300711_c_cpchristmas01_c.png,0,
11300901,메리메리 산타 크라운 (여),11300712,170,47,47,96,19,19,11300711_C_CPChristmas01_F.gltf,11300711_c_cpchristmas01_d.png,11300711_c_cpchristmas01_c.png,0,
11300902,냥냥 젤리 헤드폰,11300661,255,168,203,205,86,106,11300661_C_PinkJellyHeadphone_A.gltf,11300661_c_pinkjellyheadphone_d.png,11300661_c_pinkjellyheadphone_c.png,0,
11300913,(PC방) 탐정 모자,11300309,244,189,88,163,121,39,11300309_C_CPDetective_C.gltf,11300309_c_cpdetective_d.png,11300309_c_cpdetective_c.png,8,
11300914,(PC방) 러블리 빅 베레모,11300484,230,230,230,150,150,150,11300484_C_CPDailyBeret_D.gltf,11300484_c_cpdailyberet_d.png,11300484_c_cpdailyberet_c.png,13,
11300915,(PC방) 퓨어 리본 헤어 밴드,11300483,239,112,145,153,66,82,11300483_C_CPCharmingHairband_F.gltf,11300483_c_cpcharminghairband_d.png,11300483_c_cpcharminghairband_c.png,0,
11300916,쫑긋 니트 모자,11300916,126,204,247,72,94,168,11300916_C_CPKnitwear01_C.gltf,11300916_c_cpknitwear01_d.png,11300916_c_cpknitwear01_c.png,8,
11300917,리버스 나이트 컴뱃캡 (LV50),11300696,63,59,51,20,18,15,11300696_C_CPBrightStar_F.gltf,11300696_c_cpbrightstar_d.png,11300696_c_cpbrightstar_c.png,0,
11300918,리버스 버서커 컴뱃캡 (LV50),11300696,63,59,51,20,18,15,11300696_C_CPBrightStar_F.gltf,11300696_c_cpbrightstar_d.png,11300696_c_cpbrightstar_c.png,0,
11300919,리버스 위자드 컴뱃캡 (LV50),11300696,63,59,51,20,18,15,11300696_C_CPBrightStar_F.gltf,11300696_c_cpbrightstar_d.png,11300696_c_cpbrightstar_c.png,0,
11300920,리버스 프리스트 컴뱃캡 (LV50),11300696,63,59,51,20,18,15,11300696_C_CPBrightStar_F.gltf,11300696_c_cpbrightstar_d.png,11300696_c_cpbrightstar_c.png,0,
11300921,리버스 레인저 컴뱃캡 (LV50),11300696,63,59,51,20,18,15,11300696_C_CPBrightStar_F.gltf,11300696_c_cpbrightstar_d.png,11300696_c_cpbrightstar_c.png,0,
11300922,리버스 헤비거너 컴뱃캡 (LV50),11300696,63,59,51,20,18,15,11300696_C_CPBrightStar_F.gltf,11300696_c_cpbrightstar_d.png,11300696_c_cpbrightstar_c.png,0,
11300923,리버스 시프 컴뱃캡 (LV50),11300696,63,59,51,20,18,15,11300696_C_CPBrightStar_F.gltf,11300696_c_cpbrightstar_d.png,11300696_c_cpbrightstar_c.png,0,
11300924,리버스 어쌔신 컴뱃캡 (LV50),11300696,63,59,51,20,18,15,11300696_C_CPBrightStar_F.gltf,11300696_c_cpbrightstar_d.png,11300696_c_cpbrightstar_c.png,0,
11300925,리버스 룬 블레이더 컴뱃캡 (LV50),11300696,63,59,51,20,18,15,11300696_C_CPBrightStar_F.gltf,11300696_c_cpbrightstar_d.png,11300696_c_cpbrightstar_c.png,0,
11300926,리버스 스트라이커 컴뱃캡 (LV50),11300696,63,59,51,20,18,15,11300696_C_CPBrightStar_F.gltf,11300696_c_cpbrightstar_d.png,11300696_c_cpbrightstar_c.png,0,
11300927,리버스 소울바인더 컴뱃캡 (LV50),11300696,63,59,51,20,18,15,11300696_C_CPBrightStar_F.gltf,11300696_c_cpbrightstar_d.png,11300696_c_cpbrightstar_c.png,0,
11300928,리버스 나이트 컴뱃캡 (LV56),11300696,63,59,51,20,18,15,11300696_C_CPBrightStar_F.gltf,11300696_c_cpbrightstar_d.png,11300696_c_cpbrightstar_c.png,0,
11300929,리버스 버서커 컴뱃캡 (LV56),11300696,63,59,51,20,18,15,11300696_C_CPBrightStar_F.gltf,11300696_c_cpbrightstar_d.png,11300696_c_cpbrightstar_c.png,0,
11300930,리버스 위자드 컴뱃캡 (LV56),11300696,63,59,51,20,18,15,11300696_C_CPBrightStar_F.gltf,11300696_c_cpbrightstar_d.png,11300696_c_cpbrightstar_c.png,0,
11300931,리버스 프리스트 컴뱃캡 (LV56),11300696,63,59,51,20,18,15,11300696_C_CPBrightStar_F.gltf,11300696_c_cpbrightstar_d.png,11300696_c_cpbrightstar_c.png,0,
11300932,리버스 레인저 컴뱃캡 (LV56),11300696,63,59,51,20,18,15,11300696_C_CPBrightStar_F.gltf,11300696_c_cpbrightstar_d.png,11300696_c_cpbrightstar_c.png,0,
11300933,리버스 헤비거너 컴뱃캡 (LV56),11300696,63,59,51,20,18,15,11300696_C_CPBrightStar_F.gltf,11300696_c_cpbrightstar_d.png,11300696_c_cpbrightstar_c.png,0,
11300934,리버스 시프 컴뱃캡 (LV56),11300696,63,59,51,20,18,15,11300696_C_CPBrightStar_F.gltf,11300696_c_cpbrightstar_d.png,11300696_c_cpbrightstar_c.png,0,
11300935,리버스 어쌔신 컴뱃캡 (LV56),11300696,63,59,51,20,18,15,11300696_C_CPBrightStar_F.gltf,11300696_c_cpbrightstar_d.png,11300696_c_cpbrightstar_c.png,0,
11300936,리버스 룬 블레이더 컴뱃캡 (LV56),11300696,63,59,51,20,18,15,11300696_C_CPBrightStar_F.gltf,11300696_c_cpbrightstar_d.png,11300696_c_cpbrightstar_c.png,0,
11300937,리버스 스트라이커 컴뱃캡 (LV56),11300696,63,59,51,20,18,15,11300696_C_CPBrightStar_F.gltf,11300696_c_cpbrightstar_d.png,11300696_c_cpbrightstar_c.png,0,
11300938,리버스 소울바인더 컴뱃캡 (LV56),11300696,63,59,51,20,18,15,11300696_C_CPBrightStar_F.gltf,11300696_c_cpbrightstar_d.png,11300696_c_cpbrightstar_c.png,0,
11300942,펌킨 위치 미니 햇 (남),11300942,249,137,77,147,60,20,11300942_C_CPPumkinHat_F.gltf,11300942_c_cppumkinhat_d.png,11300942_c_cppumkinhat_c.png,0,
11300943,펌킨 위치 미니 햇 (여),11300943,249,137,77,147,60,20,11300943_C_CPWitchHat_F.gltf,11300943_c_cpwitchhat_d.png,11300943_c_cpwitchhat_c.png,0,
11300944,저항군 지그문트 햇,11300944,63,59,51,20,18,15,11300944_C_CPSigmund_F.gltf,11300944_c_cpsigmund_d.png,11300944_c_cpsigmund_d.png,0,
11300945,저항군 지그문트 미니 햇,11300945,63,59,51,20,18,15,11300945_C_CPSigmund_F.gltf,11300945_c_cpsigmund_d.png,11300945_c_cpsigmund_d.png,0,
11300946,왠걸의 알로하 모자,11300946,126,204,247,72,94,168,11300946_C_CPSummerEvent02_C.gltf,11300946_c_cpsummerevent02_d.png,11300946_c_cpsummerevent02_c.png,8,
11300947,Nunni의 팬지꽃 머리 장식,11300947,126,204,247,72,94,168,11300947_C_CPSummerEvent02_F.gltf,11300947_c_cpsummerevent02_d.png,11300947_c_cpsummerevent02_c.png,0,
11300948,바니바니 하얀 달토끼 모자,11300948,63,59,51,20,18,15,11300948_C_CPDoll_Banny02_E.gltf,11300948_c_cpdoll_banny02_d.png,11300948_c_cpdoll_banny02_d.png,15,
11300949,바니바니 점박이 토끼 모자,11300949,63,59,51,20,18,15,11300950_C_CPDoll_Banny04_E.gltf,11300950_c_cpdoll_banny04_d.png,11300950_c_cpdoll_banny04_d.png,15,
11300950,바니바니 오컬트 토끼 모자,11300950,63,59,51,20,18,15,11300950_C_CPDoll_Banny04_E.gltf,11300950_c_cpdoll_banny04_d.png,11300950_c_cpdoll_banny04_d.png,15,
11300951,글로우 스타 미니햇 (남),11300951,170,47,47,96,19,19,11300951_C_CPChristmas02_F.gltf,11300951_c_cpchristmas02_d.png,11300951_c_cpchristmas02_c.png,0,
11300952,글로우 스타 리본 (여),11300952,170,47,47,96,19,19,11300952_C_CPChristmas02_F.gltf,11300952_c_cpchristmas02_d.png,11300952_c_cpchristmas02_c.png,0,
11300953,슈퍼스타 핑크빈의 뿔,11300953,63,59,51,20,18,15,11300953_F_Pinkbean_A.gltf,11300953_c_pinkbean_d.png,11300953_c_pinkbean_d.png,0,
11300954,깃털 장식 모자 (남),11300954,62,73,117,27,26,48,11300954_C_CPRococo01_C.gltf,11300954_c_cprococo01_d.png,11300954_c_cprococo01_c.png,8,
11300955,깃털 장식 헤어핀 (여),11300955,147,226,242,89,153,165,11300955_C_CPRococo01_F.gltf,11300955_c_cprococo01_d.png,11300955_c_cprococo01_c.png,0,
11300956,바니바니 오컬트 토끼 모자,11300950,63,59,51,20,18,15,11300950_C_CPDoll_Banny04_E.gltf,11300950_c_cpdoll_banny04_d.png,11300950_c_cpdoll_banny04_d.png,15,
11300957,(입문용) 가죽 투구,11300003,63,59,51,20,18,15,11300013_C_ProbationWarrior_D.gltf,11300013_c_probationwarrior_d.png,11300013_c_probationwarrior_c.png,13,
11300958,(입문용) 포인트 가죽 투구,11300004,63,59,51,20,18,15,11300004_C_PointBronze_D.gltf,11300004_c_pointbronze_d.png,11300004_c_pointbronze_c.png,13,
11300959,(입문용) 스파이크 가죽 투구,11300005,63,59,51,20,18,15,11300005_C_RollingThunderSpike_D.gltf,11300005_c_rollingthunderspike_d.png,11300005_c_rollingthunderspike_c.png,13,
11300960,(입문용) 투박한 바이킹 투구,11300006,63,59,51,20,18,15,11300006_C_LittleBone_C.gltf,11300006_c_littlebone_d.png,11300006_c_littlebone_c.png,8,
11300961,(입문용) 크란츠 투구,11300008,63,59,51,20,18,15,11300006_C_LittleBone_C.gltf,11300006_c_littlebone_d.png,11300006_c_littlebone_c.png,8,
11300962,(입문용) 좀도둑 두건,11300009,63,59,51,20,18,15,11300041_C_ProbationThief_D.gltf,11300041_c_probationthief_d.png,11300041_c_probationthief_c.png,13,
11300963,(입문용) 가죽 좀도둑 두건,11300010,63,59,51,20,18,15,11300011_C_CrossThief_D.gltf,11300011_c_crossthief_d.png,11300011_c_crossthief_c.png,13,
11300964,(입문용) 세련된 좀도둑 두건,11300011,63,59,51,20,18,15,11300042_C_BlackEyeGoldline_D.gltf,11300042_c_blackeyegoldline_d.png,11300042_c_blackeyegoldline_c.png,13,
11300965,(입문용) 닌자 두건,11300012,63,59,51,20,18,15,11300043_C_NinjaLoose_C.gltf,11300043_c_ninjaloose_d.png,11300043_c_ninjaloose_c.png,8,
11300966,(입문용) 자객 두건,11300014,63,59,51,20,18,15,11300043_C_NinjaLoose_C.gltf,11300043_c_ninjaloose_d.png,11300043_c_ninjaloose_c.png,8,
11300967,(입문용) 숙련 자객 두건,11300016,63,59,51,20,18,15,11300044_C_LeatherLoose_C.gltf,11300044_c_leatherloose_d.png,11300044_c_leatherloose_c.png,8,
11300968,(입문용) 초보 마법사 모자,11300018,63,59,51,20,18,15,11300018_C_ProbationMage_C.gltf,11300018_c_probationmage_d.png,11300018_c_probationmage_c.png,8,
11300969,(입문용) 여행자 모자,11300019,63,59,51,20,18,15,11300010_C_ProbationMage_C.gltf,11300010_c_probationmage_d.png,11300010_c_probationmage_c.png,8,
11300970,(입문용) 달빛 여행자 모자,11300020,63,59,51,20,18,15,11300019_C_AnnMoonlight_C.gltf,11300019_c_annmoonlight_d.png,11300019_c_annmoonlight_c.png,8,
11300971,(입문용) 견습 학자 모자,11300021,63,59,51,20,18,15,11300020_C_Golden_C.gltf,11300020_c_golden_d.png,11300020_c_golden_c.png,8,
11300972,(입문용) 매지션 모자,11300023,63,59,51,20,18,15,11300020_C_Golden_C.gltf,11300020_c_golden_d.png,11300020_c_golden_c.png,8,
11300973,(입문용) 브론즈 매지션 모자,11300025,63,59,51,20,18,15,11300021_C_Silver_C.gltf,11300021_c_silver_d.png,11300021_c_silver_c.png,8,
11300974,(입문용) 숲지기 모자,11300027,63,59,51,20,18,15,11300009_C_ProbationRanger_C.gltf,11300009_c_probationranger_d.png,11300031_c_leatherfeather_c.png,8,
11300975,(입문용) 금빛 숲지기 모자,11300028,63,59,51,20,18,15,11300031_C_LeatherFeather_C.gltf,11300031_c_leatherfeather_d.png,11300031_c_leatherfeather_c.png,8,
11300976,(입문용) 로빈훗 모자,11300029,63,59,51,20,18,15,11300032_C_HelenaEagleEye_C.gltf,11300032_c_helenaeagleeye_d.png,11300032_c_helenaeagleeye_c.png,8,
11300977,(입문용) 사냥꾼 모자,11300030,63,59,51,20,18,15,11300033_C_Shooting_C.gltf,11300033_c_shooting_d.png,11300033_c_shooting_c.png,8,
11300978,(입문용) 헌팅 모자,11300032,63,59,51,20,18,15,11300033_C_Shooting_C.gltf,11300033_c_shooting_d.png,11300033_c_shooting_c.png,8,
11300979,(입문용) 미들 헌팅 모자,11300034,63,59,51,20,18,15,11300034_C_Hunting_C.gltf,11300034_c_hunting_d.png,11300033_c_shooting_c.png,8,
11300980,(입문용) 은빛 크란츠 투구,11300075,63,59,51,20,18,15,11300007_C_Viking_C.gltf,11300007_c_viking_d.png,11300007_c_viking_c.png,8,
11300981,바니바니 하얀 달토끼 모자,11300948,63,59,51,20,18,15,11300948_C_CPDoll_Banny02_E.gltf,11300948_c_cpdoll_banny02_d.png,11300948_c_cpdoll_banny02_d.png,15,
11300982,바니바니 점박이 토끼 모자,11300949,63,59,51,20,18,15,11300949_C_CPDoll_Banny03_E.gltf,11300949_c_cpdoll_banny03_d.png,11300949_c_cpdoll_banny03_d.png,15,
11300983,(입문용) 나이트 헬멧,11300099,63,59,51,20,18,15,11300074_C_CPCrusadesHelmet_D.gltf,11300074_c_cpcrusadeshelmet_d.png,11300076_c_cpgoldencrusadeshelmet_c.png,13,
11300984,(입문용) 밴디트 두건,11300104,63,59,51,20,18,15,11300046_C_CPPirateBandana_C.gltf,11300046_c_cppiratebandana_d.png,11300046_c_cppiratebandana_c.png,8,
11300985,(입문용) 소서러 모자,11300110,63,59,51,20,18,15,11300023_C_CPMageHat_C.gltf,11300023_c_cpmagehat_d.png,11300023_c_cpmagehat_c.png,8,
11300986,(입문용) 의장대 햇,11300116,63,59,51,20,18,15,11300036_C_BasicMusket_C.gltf,11300036_c_basicmusket_c_d.png,11300036_c_basicmusket_c_c.png,8,
11300987,(입문용) 검은 크란츠 헬름,11300167,63,59,51,20,18,15,11300008_C_RollingThunderBlackbone_C.gltf,11300008_c_rollingthunderblackbone_d.png,11300008_c_rollingthunderblackbone_c.png,8,
11300988,(입문용) 실버 매지션 햇,11300168,63,59,51,20,18,15,11300022_C_AnnStarlight_C.gltf,11300022_c_annstarlight_d.png,11300022_c_annstarlight_c.png,8,
11300989,(입문용) 아크 헌팅 베레모,11300169,63,59,51,20,18,15,11300035_C_HelenaHawkEye_C.gltf,11300035_c_helenahawkeye_d.png,11300033_c_shooting_c.png,8,
11300990,(입문용) 강한 자객 두건,11300170,63,59,51,20,18,15,11300045_C_BlackLoose_C.gltf,11300045_c_blackloose_d.png,11300045_c_blackloose_c.png,8,
11300991,(입문용) 블랙 나이트 헬름,11300171,63,59,51,20,18,15,11300075_C_CPBlackCrusadesHelmet_D.gltf,11300075_c_cpblackcrusadeshelmet_d.png,11300076_c_cpgoldencrusadeshelmet_c.png,13,
11300992,(입문용) 미드 소서러 햇,11300172,63,59,51,20,18,15,11300024_C_CPSuperiorHat_C.gltf,11300024_c_cpsuperiorhat_d.png,11300024_c_cpsuperiorhat_c.png,8,
11300993,(입문용) 중급 의장대 베레모,11300173,63,59,51,20,18,15,11300037_C_SilverMusket_C.gltf,11300037_c_silvermusket_c_d.png,11300037_c_silvermusket_c_c.png,8,
11300994,(입문용) 어퍼 밴디트 두건,11300174,63,59,51,20,18,15,11300047_C_CPLeatherPirate_C.gltf,11300047_c_cpleatherpirate_d.png,11300047_c_cpleatherpirate_c.png,8,
11300995,(입문용) 골든 나이트 헬름,11300175,63,59,51,20,18,15,11300076_C_CPGoldenCrusadesHelmet_D.gltf,11300076_c_cpgoldencrusadeshelmet_d.png,11300076_c_cpgoldencrusadeshelmet_c.png,13,
11300996,(입문용) 하이 소서러 햇,11300176,63,59,51,20,18,15,11300025_C_CPStarlightHat_C.gltf,11300025_c_cpstarlighthat_d.png,11300025_c_cpstarlighthat_c.png,8,
11300997,(입문용) 최상급 의장대 모자,11300177,63,59,51,20,18,15,11300038_C_GoldMusket_C.gltf,11300038_c_goldmusket_c_d.png,11300038_c_goldmusket_c_c.png,8,
11300998,(입문용) 모스트 밴디트 두건,11300178,63,59,51,20,18,15,11300048_C_CPCrossPirate_C.gltf,11300048_c_cpcrosspirate_d.png,11300048_c_cpcrosspirate_c.png,8,
11300999,(입문용) 기사단 헬름,11300099,63,59,51,20,18,15,11300074_C_CPCrusadesHelmet_D.gltf,11300074_c_cpcrusadeshelmet_d.png,11300076_c_cpgoldencrusadeshelmet_c.png,13,
11301000,(입문용) 크러스트 모자,11300167,63,59,51,20,18,15,11300008_C_RollingThunderBlackbone_C.gltf,11300008_c_rollingthunderblackbone_d.png,11300008_c_rollingthunderblackbone_c.png,8,
11301001,(입문용) 디비전 모자,11300099,63,59,51,20,18,15,11300074_C_CPCrusadesHelmet_D.gltf,11300074_c_cpcrusadeshelmet_d.png,11300076_c_cpgoldencrusadeshelmet_c.png,13,
11301002,(입문용) 블랙 크러스트 모자,11300171,63,59,51,20,18,15,11300075_C_CPBlackCrusadesHelmet_D.gltf,11300075_c_cpblackcrusadeshelmet_d.png,11300076_c_cpgoldencrusadeshelmet_c.png,13,
11301003,(입문용) 다이너스 모자,11300175,63,59,51,20,18,15,11300076_C_CPGoldenCrusadesHelmet_D.gltf,11300076_c_cpgoldencrusadeshelmet_d.png,11300076_c_cpgoldencrusadeshelmet_c.png,13,
11301004,(입문용) 세인트 햇,11300110,63,59,51,20,18,15,11300023_C_CPMageHat_C.gltf,11300023_c_cpmagehat_d.png,11300023_c_cpmagehat_c.png,8,
11301005,(입문용) 디바인 모자,11300168,63,59,51,20,18,15,11300022_C_AnnStarlight_C.gltf,11300022_c_annstarlight_d.png,11300022_c_annstarlight_c.png,8,
11301006,(입문용) 멀리건 모자,11300110,63,59,51,20,18,15,11300023_C_CPMageHat_C.gltf,11300023_c_cpmagehat_d.png,11300023_c_cpmagehat_c.png,8,
11301007,(입문용) 실버 디바인 모자,11300172,63,59,51,20,18,15,11300024_C_CPSuperiorHat_C.gltf,11300024_c_cpsuperiorhat_d.png,11300024_c_cpsuperiorhat_c.png,8,
11301008,(입문용) 아케인 모자,11300176,63,59,51,20,18,15,11300025_C_CPStarlightHat_C.gltf,11300025_c_cpstarlighthat_d.png,11300025_c_cpstarlighthat_c.png,8,
11301009,(입문용) 전문 군악대 모자,11300116,63,59,51,20,18,15,11300036_C_BasicMusket_C.gltf,11300036_c_basicmusket_c_d.png,11300036_c_basicmusket_c_c.png,8,
11301010,(입문용) 포치 모자,11300169,63,59,51,20,18,15,11300035_C_HelenaHawkEye_C.gltf,11300035_c_helenahawkeye_d.png,11300033_c_shooting_c.png,8,
11301011,(입문용) 알터 모자,11300116,63,59,51,20,18,15,11300036_C_BasicMusket_C.gltf,11300036_c_basicmusket_c_d.png,11300036_c_basicmusket_c_c.png,8,
11301012,(입문용) 스트롱 포치 모자,11300173,63,59,51,20,18,15,11300037_C_SilverMusket_C.gltf,11300037_c_silvermusket_c_d.png,11300037_c_silvermusket_c_c.png,8,
11301013,(입문용) 커버넌트 모자,11300177,63,59,51,20,18,15,11300038_C_GoldMusket_C.gltf,11300038_c_goldmusket_c_d.png,11300038_c_goldmusket_c_c.png,8,
11301014,(입문용) 바다 모험가 모자,11300104,63,59,51,20,18,15,11300046_C_CPPirateBandana_C.gltf,11300046_c_cppiratebandana_d.png,11300046_c_cppiratebandana_c.png,8,
11301015,(입문용) 스키퍼 모자,11300170,63,59,51,20,18,15,11300045_C_BlackLoose_C.gltf,11300045_c_blackloose_d.png,11300045_c_blackloose_c.png,8,
11301016,(입문용) 머깅 모자,11300104,63,59,51,20,18,15,11300046_C_CPPirateBandana_C.gltf,11300046_c_cppiratebandana_d.png,11300046_c_cppiratebandana_c.png,8,
11301017,(입문용) 트루 스키퍼 모자,11300174,63,59,51,20,18,15,11300047_C_CPLeatherPirate_C.gltf,11300047_c_cpleatherpirate_d.png,11300047_c_cpleatherpirate_c.png,8,
11301018,(입문용) 마스트 모자,11300178,63,59,51,20,18,15,11300048_C_CPCrossPirate_C.gltf,11300048_c_cpcrosspirate_d.png,11300048_c_cpcrosspirate_c.png,8,
11301019,(입문용) 기초 격투 모자,11300545,63,59,51,20,18,15,11300545_C_CPFighter01_A.gltf,11300545_c_cpfighter01_d.png,11300545_c_cpfighter01_c.png,0,
11301020,(입문용) 기초 무투 모자,11300546,63,59,51,20,18,15,11300546_C_CPFighter02_A.gltf,11300546_c_cpfighter02_d.png,11300546_c_cpfighter02_c.png,0,
11301021,(입문용) 기초 사투 모자,11300547,63,59,51,20,18,15,11300547_C_CPFighter03_A.gltf,11300547_c_cpfighter03_d.png,11300547_c_cpfighter03_c.png,0,
11301022,(입문용) 초급 격투 모자,11300548,63,59,51,20,18,15,11300548_C_CPFighter04_A.gltf,11300548_c_cpfighter04_d.png,11300548_c_cpfighter04_c.png,0,
11301023,(입문용) 초급 무투 모자,11300549,63,59,51,20,18,15,11300549_C_CPFighter05_A.gltf,11300549_c_cpfighter05_d.png,11300549_c_cpfighter05_c.png,0,
11301024,(입문용) 초급 사투 모자,11300550,63,59,51,20,18,15,11300550_C_CPFighter06_A.gltf,11300550_c_cpfighter06_d.png,11300550_c_cpfighter06_c.png,0,
11301025,(입문용) 중급 격투 모자,11300551,63,59,51,20,18,15,11300551_C_CPFighter07_A.gltf,11300551_c_cpfighter07_d.png,11300551_c_cpfighter07_c.png,0,
11301026,(입문용) 중급 무투 모자,11300552,63,59,51,20,18,15,11300552_C_CPFighter08_A.gltf,11300552_c_cpfighter08_d.png,11300552_c_cpfighter08_c.png,0,
11301027,(입문용) 중급 사투 모자,11300553,63,59,51,20,18,15,11300553_C_CPFighter09_A.gltf,11300553_c_cpfighter09_d.png,11300553_c_cpfighter09_c.png,0,
11301028,(입문용) 숙련 격투 모자,11300546,63,59,51,20,18,15,11300546_C_CPFighter02_A.gltf,11300546_c_cpfighter02_d.png,11300546_c_cpfighter02_c.png,0,
11301029,(입문용) 숙련 무투 모자,11300547,63,59,51,20,18,15,11300547_C_CPFighter03_A.gltf,11300547_c_cpfighter03_d.png,11300547_c_cpfighter03_c.png,0,
11301030,(입문용) 숙련 사투 모자,11300549,63,59,51,20,18,15,11300549_C_CPFighter05_A.gltf,11300549_c_cpfighter05_d.png,11300549_c_cpfighter05_c.png,0,
11301031,(입문용) 상급 격투 모자,11300550,63,59,51,20,18,15,11300550_C_CPFighter06_A.gltf,11300550_c_cpfighter06_d.png,11300550_c_cpfighter06_c.png,0,
11301032,(입문용) 상급 무투 모자,11300551,63,59,51,20,18,15,11300551_C_CPFighter07_A.gltf,11300551_c_cpfighter07_d.png,11300551_c_cpfighter07_c.png,0,
11301033,(입문용) 상급 사투 모자,11300552,63,59,51,20,18,15,11300552_C_CPFighter08_A.gltf,11300552_c_cpfighter08_d.png,11300552_c_cpfighter08_c.png,0,
11301034,몽실 토끼 귀,11301034,133,81,165,53,42,71,11301034_C_CPStarlightRabbit_A.gltf,11301034_c_cpstarlightrabbit_d.png,11301034_c_cpstarlightrabbit_c.png,0,
11301035,코코 퍼피 이어,11301035,126,204,247,72,94,168,11300547_C_CPPuppy01_A.gltf,11300547_c_cppuppy01_d.png,11300547_c_cppuppy01_c.png,0,
11301046,다크윈드 아텐토 모자,11301046,63,59,51,20,18,15,11301046_C_CPDarkWind01_E.gltf,11301046_c_cpdarkwind01_d.png,11301046_c_cpdarkwind01_d.png,15,
11301047,루미나이츠 오네스타 모자,11301047,63,59,51,20,18,15,11301047_C_CPLumiKnight01_D.gltf,11301047_c_cplumiknight01_d.png,11301047_c_cplumiknight01_d.png,13,
11301048,트라이아 근위대 리네아르 모자,11301048,63,59,51,20,18,15,11301048_C_CPTriaRoyalGuard01_D.gltf,11301048_c_cptriaroyalguard01_d.png,11301048_c_cptriaroyalguard01_d.png,13,
11301049,그린후드 자경단 피오레 모자,11301049,63,59,51,20,18,15,11301049_C_CPGreenHood01_A.gltf,11301049_c_cpgreenhood01_d.png,11301049_c_cpgreenhood01_d.png,0,
11301053,매직 스톤 모자,11301053,133,81,165,53,42,71,11301053_C_CPMagicStone_C.gltf,11301053_c_cpmagicstone_d.png,11301053_c_cpmagicstone_c.png,8,
11301054,동물의 왕 사자 모자,11300869,63,59,51,20,18,15,11300869_C_CPLionDoll_E.gltf,11300869_c_cpliondoll_d.png,11300869_c_cpliondoll_d.png,15,
11301055,은빛 기사단 투구,11301055,76,105,181,23,40,79,11301055_C_CPSaveArmorA.gltf,11301055_c_cpsavearmora01_d.png,11301055_c_cpsavearmora01_c.png,None,
11301056,금빛 기사단 투구,11301056,76,105,181,23,40,79,11301056_C_CPSaveArmorA.gltf,11301056_c_cpsavearmora02_d.png,11301055_c_cpsavearmora01_c.png,None,
11301057,검은빛 방랑무사 삿갓,11301057,170,47,47,96,19,19,11301057_C_CPSaveArmorB01_C.gltf,11301057_c_cpsavearmorb01_d.png,11301057_c_cpsavearmorb01_c.png,8,
11301058,은빛 방랑무사 삿갓,11301058,170,47,47,96,19,19,11301058_C_CPSaveArmorB02_C.gltf,11301058_c_cpsavearmorb02_d.png,11301057_c_cpsavearmorb01_c.png,8,
11301059,윈디 어드벤처 햇,11301059,76,105,181,23,40,79,11301059_C_CPSaveArmorC01_F.gltf,11301059_c_cpsavearmorc01_d.png,11301059_c_cpsavearmorc01_c.png,0,
11301061,(PC방) 따끈따끈 만두접시,11301061,255,168,203,205,86,106,11301062_C_CPBirthday01_F.gltf,11301062_c_cpbirthday01_d.png,11301062_c_cpbirthday01_c.png,0,
11301062,생일 축하 모자,11301062,255,168,203,205,86,106,11301062_C_CPBirthday01_F.gltf,11301062_c_cpbirthday01_d.png,11301062_c_cpbirthday01_c.png,0,
11301063,리카오 모자,11300040,63,59,51,20,18,15,11300061_C_HalyCaoCap_C.gltf,11300061_c_halycaocap_d.png,11300061_c_halycaocap_d.png,8,
11301064,케르베 모자,11300039,63,59,51,20,18,15,11300060_C_KerbeCap_C.gltf,11300060_c_kerbecap_d.png,11300060_c_kerbecap_d.png,8,
11301066,세인트 아너 크라운,11301066,63,59,51,20,18,15,11301066_C_EventPVPPurpleCrown_F.gltf,11301066_c_eventpvppurplecrown_d.png,11301066_c_eventpvppurplecrown_d.png,0,
11301069,인페르노 혼,11300385,170,47,47,96,19,19,11300385_C_CPInferno_A.gltf,11300385_c_cpinferno_d.png,11300385_c_cpinferno_c.png,0,
11301071,키튼 메이드 스터드 머리띠 (남),11301071,244,189,88,163,121,39,11301071_C_CPMaid01_A.gltf,11301071_c_cpmaid01_d.png,11301071_c_cpmaid01_c.png,0,
11301072,키튼 메이드 프릴 머리띠 (여),11301072,63,59,51,20,18,15,11301072_C_CPMaid01_A.gltf,11301071_c_cpmaid01_d.png,11301071_c_cpmaid01_c.png,0,
11301073,(길라잡이) 포인트 가죽 투구,11300004,63,59,51,20,18,15,11300004_C_PointBronze_D.gltf,11300004_c_pointbronze_d.png,11300004_c_pointbronze_c.png,13,
11301074,(길라잡이) 스파이크 가죽 투구,11300005,63,59,51,20,18,15,11300005_C_RollingThunderSpike_D.gltf,11300005_c_rollingthunderspike_d.png,11300005_c_rollingthunderspike_c.png,13,
11301075,(길라잡이) 크란츠 투구,11300008,63,59,51,20,18,15,11300006_C_LittleBone_C.gltf,11300006_c_littlebone_d.png,11300006_c_littlebone_c.png,8,
11301076,(길라잡이) 은빛 크란츠 투구,11300075,63,59,51,20,18,15,11300007_C_Viking_C.gltf,11300007_c_viking_d.png,11300007_c_viking_c.png,8,
11301077,(길라잡이) 나이트 헬멧,11300099,63,59,51,20,18,15,11300074_C_CPCrusadesHelmet_D.gltf,11300074_c_cpcrusadeshelmet_d.png,11300076_c_cpgoldencrusadeshelmet_c.png,13,
11301078,(길라잡이) 검은 크란츠 헬름,11300167,63,59,51,20,18,15,11300008_C_RollingThunderBlackbone_C.gltf,11300008_c_rollingthunderblackbone_d.png,11300008_c_rollingthunderblackbone_c.png,8,
11301079,(길라잡이) 블랙 나이트 헬름,11300171,63,59,51,20,18,15,11300075_C_CPBlackCrusadesHelmet_D.gltf,11300075_c_cpblackcrusadeshelmet_d.png,11300076_c_cpgoldencrusadeshelmet_c.png,13,
11301080,(길라잡이) 골든 나이트 헬름,11300175,63,59,51,20,18,15,11300076_C_CPGoldenCrusadesHelmet_D.gltf,11300076_c_cpgoldencrusadeshelmet_d.png,11300076_c_cpgoldencrusadeshelmet_c.png,13,
11301081,꼬마 눈사람 헤어 데코,11301081,63,59,51,20,18,15,11301081_C_SnowMan.gltf,11301081_c_snowman01_d.png,11301081_c_snowman01_d.png,None,
11301082,멋쟁이 눈사람 헤어 데코,11301082,63,59,51,20,18,15,11301082_C_SnowMan.gltf,11301082_c_snowman02_d.png,11301082_c_snowman02_d.png,None,
11301084,반짝 사과 비녀,11301084,170,47,47,96,19,19,11301084_C_CPMIMAN01_A.gltf,11301084_c_cpmiman01_d.png,11301084_c_cpmiman01_c.png,0,
11301085,이끌림의 최고급 투구,11300033,63,59,51,20,18,15,11300036_C_BasicMusket_C.gltf,11300036_c_basicmusket_c_d.png,11300036_c_basicmusket_c_c.png,8,
11301086,서커스 매직 모자,11301086,249,137,77,147,60,20,11301086_C_CircusPig_C.gltf,11301086_c_circuspig_d.png,11301086_c_circuspig_c.png,8,
11301090,완성된 힘의 전사 모자,11309996,63,59,51,20,18,15,11300004_C_CPSilverOrihalc.gltf,11300004_c_cpsilverorihalcon_d.png,11300004_c_cpsilverorihalcon_d.png,None,
11301091,완성된 힘의 마법사 모자,11300087,63,59,51,20,18,15,11300003_F_CPConeHat_C.gltf,11300003_f_cpconehat_d.png,11300003_f_cpconehat_c.png,8,
11301092,완성된 힘의 궁수 모자,11300120,63,59,51,20,18,15,11300120_C_CPMilitiaHat_C.gltf,11300120_c_cpmilitiahat_d.png,11300120_c_cpmilitiahat_c.png,8,
11301093,완성된 힘의 도적 모자,11300065,63,59,51,20,18,15,01300027_C_HotDumplingDish_A.gltf,01300027_c_hotdumplingdish_d.png,01300027_c_hotdumplingdish_d.png,0,
11301094,완성된 힘의 격투가 모자,11300551,63,59,51,20,18,15,11300551_C_CPFighter07_A.gltf,11300551_c_cpfighter07_d.png,11300551_c_cpfighter07_c.png,0,
11301095,완성된 힘의 기공사 모자,11300551,63,59,51,20,18,15,11300551_C_CPFighter07_A.gltf,11300551_c_cpfighter07_d.png,11300551_c_cpfighter07_c.png,0,
11301096,올림포스 월계관 (남),11301096,242,224,191,165,127,96,11301096_C_CPOlympos01_A.gltf,11301096_c_cpolympos01_d.png,11301096_c_cpolympos01_c.png,0,
11301097,올림포스 월계관 (여),11301096,242,224,191,165,127,96,11301096_C_CPOlympos01_A.gltf,11301096_c_cpolympos01_d.png,11301096_c_cpolympos01_c.png,0,
11301098,나비의 꿈 관모 (남),11301098,170,47,47,96,19,19,11300891_C_CPNewYear02_A.gltf,11300891_c_cpnewyear02_d.png,11300891_c_cpnewyear02_c.png,0,
11301099,나비의 꿈 머리 장식 (여),11301099,170,47,47,96,19,19,11300892_C_CPNewYear02_A.gltf,11300892_c_cpnewyear02_d.png,11300892_c_cpnewyear02_c.png,0,
11301100,백여우 방울귀 (남),11301100,170,47,47,96,19,19,11300548_C_CPWhiteFox_A.gltf,11300548_c_cpwhitefox_d.png,11300548_c_cpwhitefox_c.png,0,
11301101,백여우 방울귀 (여),11301100,170,47,47,96,19,19,11300548_C_CPWhiteFox_A.gltf,11300548_c_cpwhitefox_d.png,11300548_c_cpwhitefox_c.png,0,
11301102,골든 리본 햇 (남),11301102,62,73,117,27,26,48,11301102_C_CPValentine02_F.gltf,11301102_c_cpvalentine02_d.png,11301102_c_cpvalentine02_c.png,0,
11301103,메이플 연합 골든 파워 모자,11301103,63,59,51,20,18,15,11301103_C_CPMapleUnion01_C.gltf,11301103_c_cpmapleunion01_d.png,11301103_c_cpmapleunion01_d.png,8,
11301104,큐트 블러썸 헤어핀 (남),11301104,126,204,247,72,94,168,11301104_C_CPGreenDay01_A.gltf,11301104_c_cpgreenday01_d.png,11301104_c_cpgreenday01_c.png,0,
11301105,큐트 블러썸 헤어핀 (여),11301104,126,204,247,72,94,168,11301104_C_CPGreenDay01_A.gltf,11301104_c_cpgreenday01_d.png,11301104_c_cpgreenday01_c.png,0,
11301117,크림슨 발록의 전투 모자,11301045,63,59,51,20,18,15,11301045_C_CPBalrogB01_D.gltf,11301045_c_cpbalrogb01_d.png,11301045_c_cpbalrogb01_c.png,13,
11301118,크림슨 발록의 광란 모자,11301045,63,59,51,20,18,15,11301045_C_CPBalrogB01_D.gltf,11301045_c_cpbalrogb01_d.png,11301045_c_cpbalrogb01_c.png,13,
11301119,크림슨 발록의 마법 모자,11301045,63,59,51,20,18,15,11301045_C_CPBalrogB01_D.gltf,11301045_c_cpbalrogb01_d.png,11301045_c_cpbalrogb01_c.png,13,
11301120,크림슨 발록의 신성 모자,11301045,63,59,51,20,18,15,11301045_C_CPBalrogB01_D.gltf,11301045_c_cpbalrogb01_d.png,11301045_c_cpbalrogb01_c.png,13,
11301121,크림슨 발록의 집중 모자,11301045,63,59,51,20,18,15,11301045_C_CPBalrogB01_D.gltf,11301045_c_cpbalrogb01_d.png,11301045_c_cpbalrogb01_c.png,13,
11301122,크림슨 발록의 포격 모자,11301045,63,59,51,20,18,15,11301045_C_CPBalrogB01_D.gltf,11301045_c_cpbalrogb01_d.png,11301045_c_cpbalrogb01_c.png,13,
11301123,크림슨 발록의 혼란 모자,11301045,63,59,51,20,18,15,11301045_C_CPBalrogB01_D.gltf,11301045_c_cpbalrogb01_d.png,11301045_c_cpbalrogb01_c.png,13,
11301124,크림슨 발록의 암살 모자,11301045,63,59,51,20,18,15,11301045_C_CPBalrogB01_D.gltf,11301045_c_cpbalrogb01_d.png,11301045_c_cpbalrogb01_c.png,13,
11301125,크림슨 발록의 주술 모자,11301045,63,59,51,20,18,15,11301045_C_CPBalrogB01_D.gltf,11301045_c_cpbalrogb01_d.png,11301045_c_cpbalrogb01_c.png,13,
11301126,크림슨 발록의 난투 모자,11301045,63,59,51,20,18,15,11301045_C_CPBalrogB01_D.gltf,11301045_c_cpbalrogb01_d.png,11301045_c_cpbalrogb01_c.png,13,
11301127,크림슨 발록의 의식 모자,11301045,63,59,51,20,18,15,11301045_C_CPBalrogB01_D.gltf,11301045_c_cpbalrogb01_d.png,11301045_c_cpbalrogb01_c.png,13,
11301128,릴리스 화분 모자,11301128,63,59,51,20,18,15,11301128_C_CoupleFlower.gltf,11301130_f_coupleflower01_d.png,11301130_f_coupleflower01_d.png,None,
11301129,라일락 화분 모자,11301129,63,59,51,20,18,15,11301129_C_CoupleFlower.gltf,11301130_m_coupleflower01_d.png,11301130_m_coupleflower01_d.png,None,
11301130,물빛 새싹 헤어 데코,11301130,63,59,51,20,18,15,11301130_C_CoupleFlower01_A.gltf,11301130_m_coupleflower01_d.png,11301130_m_coupleflower01_d.png,0,
11301131,브래스 스터드 캡,11301131,170,47,47,96,19,19,11301131_C_CPBrassStud_F.gltf,11301131_c_cpbrassstud_d.png,11301131_c_cpbrassstud_c.png,0,
11301132,메투날드 감자튀김 모자,11301132,170,47,47,96,19,19,11301132_C_CPM2nald_F.gltf,11301132_c_cpm2nald_d.png,11301132_c_cpm2nald_c.png,0,
11301133,윌리엄 텔의 사과 모자,11301133,170,47,47,96,19,19,11301133_C_WilliamTellApple_F.gltf,11301133_c_williamtellapple_d.png,11301133_c_williamtellapple_c.png,0,
11301134,병아리 튜브 모자,11301134,126,204,247,72,94,168,11301134_C_ChickTu.gltf,11301134_c_chicktube_d.png,11301134_c_chicktube_c.png,None,
11301135,골든 리본 햇 (여),11301135,170,47,47,96,19,19,11301102_C_CPValentine02_F.gltf,11301102_c_cpvalentine02_d.png,11301102_c_cpvalentine02_c.png,0,
11301136,버섯 모자,11300141,63,59,51,20,18,15,11300141_C_CPMushroomHat_C.gltf,11300141_c_cpmushroomhat_d.png,11300141_c_cpmushroomhat_d.png,8,
11301137,케르베 모자,11300039,63,59,51,20,18,15,11300060_C_KerbeCap_C.gltf,11300060_c_kerbecap_d.png,11300060_c_kerbecap_d.png,8,
11301138,프렌치불독 모자,11300191,63,59,51,20,18,15,11300191_C_FrenchBullDog_E.gltf,11300191_c_frenchbulldog_d.png,11300191_c_frenchbulldog_d.png,15,
11301139,상큼 딸기 모자,11300058,63,59,51,20,18,15,01300017_C_FreshStrawberry_E.gltf,01300017_c_freshstrawberry_d.png,01300017_c_freshstrawberry_d.png,15,
11301140,봄빛 새싹 헤어 데코,11301140,63,59,51,20,18,15,11301140_C_CoupleFlower01_A.gltf,11301130_f_coupleflower01_d.png,11301130_f_coupleflower01_d.png,0,
11301142,에나멜 스트라이프 리본,11301142,170,47,47,96,19,19,11301142_C_Ribbon02_F.gltf,11301142_c_ribbon02_d.png,11301142_c_ribbon02_c.png,0,
11301143,소프트 레이스 리본,11301143,170,47,47,96,19,19,11301143_C_Ribbon03_F.gltf,11301143_c_ribbon03_d.png,11301143_c_ribbon03_c.png,0,
11301144,썬플라워 비치 페도라,11301144,76,105,181,23,40,79,11301144_C_CPPicnic01_F.gltf,11301144_c_cppicnic01_d.png,11301144_c_cppicnic01_c.png,0,
11301145,마이스터 라우렐 크라운,11301145,242,224,191,165,127,96,11301145_C_GoldLaurelCrown_A.gltf,11301145_c_goldlaurelcrown_d.png,11301145_c_goldlaurelcrown_c.png,0,
11301146,눈꽃뭉치 모자,11301146,147,226,242,89,153,165,11301146_C_CPEskimoWear_C.gltf,11301146_c_cpeskimowear_d.png,11301146_c_cpeskimowear_c.png,8,
11301147,머스커티어 해트,11301147,62,73,117,27,26,48,11301147_C_CPDartagnan_C.gltf,11301147_c_cpdartagnan_d.png,11301147_c_cpdartagnan_c.png,8,
11301148,머스커티어 해트,11301147,62,73,117,27,26,48,11301147_C_CPDartagnan_C.gltf,11301147_c_cpdartagnan_d.png,11301147_c_cpdartagnan_c.png,8,
11301149,1111 머리띠,11301149,170,47,47,96,19,19,11301149_C_11Event_A.gltf,11301149_c_11event_d.png,11301149_c_11event_c.png,0,
11301150,레인보우 슬라임 머리핀,11301150,63,59,51,20,18,15,11301150_C_SlimeAngelRainb.gltf,11301150_c_slimeangelrainbow_d.png,11301150_c_slimeangelrainbow_d.png,None,
11301151,소프트 콘 머리 장식,11301151,239,112,145,153,66,82,11301151_C_SoftcornIceCream_F.gltf,11301151_c_softcornicecream_d.png,11301151_c_softcornicecream_c.png,0,
11301152,깃털 장식 페리오닉 모자,11301152,147,226,242,89,153,165,11301152_C_CPTraditionalNative01_C.gltf,11301152_c_cptraditionalnative01_d.png,11301152_c_cptraditionalnative01_c.png,8,
11301153,초코 도넛 모자,11301153,63,59,51,20,18,15,11301153_C_ChocolateDoughnut_A.gltf,11301153_c_chocolatedoughnut_d.png,11301153_c_chocolatedoughnut_d.png,0,
11301154,타이드 캡틴 파이러츠햇 (나이트),11300741,63,59,51,20,18,15,11300634_C_CPPirate_C.gltf,11300634_c_cppirate_d.png,11300634_c_cppirate_c.png,8,
11301155,타이드 캡틴 파이러츠햇 (버서커),11300741,63,59,51,20,18,15,11300634_C_CPPirate_C.gltf,11300634_c_cppirate_d.png,11300634_c_cppirate_c.png,8,
11301156,타이드 캡틴 파이러츠햇 (위자드),11300741,63,59,51,20,18,15,11300634_C_CPPirate_C.gltf,11300634_c_cppirate_d.png,11300634_c_cppirate_c.png,8,
11301157,타이드 캡틴 파이러츠햇 (프리스트),11300741,63,59,51,20,18,15,11300634_C_CPPirate_C.gltf,11300634_c_cppirate_d.png,11300634_c_cppirate_c.png,8,
11301158,타이드 캡틴 파이러츠햇 (레인저),11300741,63,59,51,20,18,15,11300634_C_CPPirate_C.gltf,11300634_c_cppirate_d.png,11300634_c_cppirate_c.png,8,
11301159,타이드 캡틴 파이러츠햇 (헤비거너),11300741,63,59,51,20,18,15,11300634_C_CPPirate_C.gltf,11300634_c_cppirate_d.png,11300634_c_cppirate_c.png,8,
11301160,타이드 캡틴 파이러츠햇 (시프),11300741,63,59,51,20,18,15,11300634_C_CPPirate_C.gltf,11300634_c_cppirate_d.png,11300634_c_cppirate_c.png,8,
11301161,타이드 캡틴 파이러츠햇 (어쌔신),11300741,63,59,51,20,18,15,11300634_C_CPPirate_C.gltf,11300634_c_cppirate_d.png,11300634_c_cppirate_c.png,8,
11301162,타이드 캡틴 파이러츠햇 (룬블레이더),11300741,63,59,51,20,18,15,11300634_C_CPPirate_C.gltf,11300634_c_cppirate_d.png,11300634_c_cppirate_c.png,8,
11301163,타이드 캡틴 파이러츠햇 (스트라이커),11300741,63,59,51,20,18,15,11300634_C_CPPirate_C.gltf,11300634_c_cppirate_d.png,11300634_c_cppirate_c.png,8,
11301164,타이드 캡틴 파이러츠햇 (소울바인더),11300741,63,59,51,20,18,15,11300634_C_CPPirate_C.gltf,11300634_c_cppirate_d.png,11300634_c_cppirate_c.png,8,
11301165,프론티어 베렛 (나이트),11300701,63,59,51,20,18,15,11300701_C_CPEmerald_C.gltf,11300701_c_cpemerald_d.png,11300701_c_cpemerald_c.png,8,
11301166,프론티어 베렛 (버서커),11300701,63,59,51,20,18,15,11300701_C_CPEmerald_C.gltf,11300701_c_cpemerald_d.png,11300701_c_cpemerald_c.png,8,
11301167,프론티어 베렛 (위자드),11300701,63,59,51,20,18,15,11300701_C_CPEmerald_C.gltf,11300701_c_cpemerald_d.png,11300701_c_cpemerald_c.png,8,
11301168,프론티어 베렛 (프리스트),11300701,63,59,51,20,18,15,11300701_C_CPEmerald_C.gltf,11300701_c_cpemerald_d.png,11300701_c_cpemerald_c.png,8,
11301169,프론티어 베렛 (레인저),11300701,63,59,51,20,18,15,11300701_C_CPEmerald_C.gltf,11300701_c_cpemerald_d.png,11300701_c_cpemerald_c.png,8,
11301170,프론티어 베렛 (헤비거너),11300701,63,59,51,20,18,15,11300701_C_CPEmerald_C.gltf,11300701_c_cpemerald_d.png,11300701_c_cpemerald_c.png,8,
11301171,프론티어 베렛 (시프),11300701,63,59,51,20,18,15,11300701_C_CPEmerald_C.gltf,11300701_c_cpemerald_d.png,11300701_c_cpemerald_c.png,8,
11301172,프론티어 베렛 (어쌔신),11300701,63,59,51,20,18,15,11300701_C_CPEmerald_C.gltf,11300701_c_cpemerald_d.png,11300701_c_cpemerald_c.png,8,
11301173,프론티어 베렛 (룬블레이더),11300701,63,59,51,20,18,15,11300701_C_CPEmerald_C.gltf,11300701_c_cpemerald_d.png,11300701_c_cpemerald_c.png,8,
11301174,프론티어 베렛 (스트라이커),11300701,63,59,51,20,18,15,11300701_C_CPEmerald_C.gltf,11300701_c_cpemerald_d.png,11300701_c_cpemerald_c.png,8,
11301175,프론티어 베렛 (소울바인더),11300701,63,59,51,20,18,15,11300701_C_CPEmerald_C.gltf,11300701_c_cpemerald_d.png,11300701_c_cpemerald_c.png,8,
11301176,윙드 데몬 써클릿 (나이트),11300695,63,59,51,20,18,15,11300695_C_CPDragon_A.gltf,11300695_c_cpdragon_d.png,11300695_c_cpdragon_c.png,0,
11301177,윙드 데몬 써클릿 (버서커),11300695,63,59,51,20,18,15,11300695_C_CPDragon_A.gltf,11300695_c_cpdragon_d.png,11300695_c_cpdragon_c.png,0,
11301178,윙드 데몬 써클릿 (위자드),11300695,63,59,51,20,18,15,11300695_C_CPDragon_A.gltf,11300695_c_cpdragon_d.png,11300695_c_cpdragon_c.png,0,
11301179,윙드 데몬 써클릿 (프리스트),11300695,63,59,51,20,18,15,11300695_C_CPDragon_A.gltf,11300695_c_cpdragon_d.png,11300695_c_cpdragon_c.png,0,
11301180,윙드 데몬 써클릿 (레인저),11300695,63,59,51,20,18,15,11300695_C_CPDragon_A.gltf,11300695_c_cpdragon_d.png,11300695_c_cpdragon_c.png,0,
11301181,윙드 데몬 써클릿 (헤비거너),11300695,63,59,51,20,18,15,11300695_C_CPDragon_A.gltf,11300695_c_cpdragon_d.png,11300695_c_cpdragon_c.png,0,
11301182,윙드 데몬 써클릿 (시프),11300695,63,59,51,20,18,15,11300695_C_CPDragon_A.gltf,11300695_c_cpdragon_d.png,11300695_c_cpdragon_c.png,0,
11301183,윙드 데몬 써클릿 (어쌔신),11300695,63,59,51,20,18,15,11300695_C_CPDragon_A.gltf,11300695_c_cpdragon_d.png,11300695_c_cpdragon_c.png,0,
11301184,윙드 데몬 써클릿 (룬블레이더),11300695,63,59,51,20,18,15,11300695_C_CPDragon_A.gltf,11300695_c_cpdragon_d.png,11300695_c_cpdragon_c.png,0,
11301185,윙드 데몬 써클릿 (스트라이커),11300695,63,59,51,20,18,15,11300695_C_CPDragon_A.gltf,11300695_c_cpdragon_d.png,11300695_c_cpdragon_c.png,0,
11301186,윙드 데몬 써클릿 (소울바인더),11300695,63,59,51,20,18,15,11300695_C_CPDragon_A.gltf,11300695_c_cpdragon_d.png,11300695_c_cpdragon_c.png,0,
11301187,베히모스 혼드 헬멧 (나이트),11301040,63,59,51,20,18,15,11301040_C_CPVehement_A.gltf,11301040_c_cpvehement_d.png,11301040_c_cpvehement_c.png,0,
11301188,베히모스 혼드 헬멧 (버서커),11301040,63,59,51,20,18,15,11301040_C_CPVehement_A.gltf,11301040_c_cpvehement_d.png,11301040_c_cpvehement_c.png,0,
11301189,베히모스 혼드 헬멧 (위자드),11301040,63,59,51,20,18,15,11301040_C_CPVehement_A.gltf,11301040_c_cpvehement_d.png,11301040_c_cpvehement_c.png,0,
11301190,베히모스 혼드 헬멧 (프리스트),11301040,63,59,51,20,18,15,11301040_C_CPVehement_A.gltf,11301040_c_cpvehement_d.png,11301040_c_cpvehement_c.png,0,
11301191,베히모스 혼드 헬멧 (레인저),11301040,63,59,51,20,18,15,11301040_C_CPVehement_A.gltf,11301040_c_cpvehement_d.png,11301040_c_cpvehement_c.png,0,
11301192,베히모스 혼드 헬멧 (헤비거너),11301040,63,59,51,20,18,15,11301040_C_CPVehement_A.gltf,11301040_c_cpvehement_d.png,11301040_c_cpvehement_c.png,0,
11301193,베히모스 혼드 헬멧 (시프),11301040,63,59,51,20,18,15,11301040_C_CPVehement_A.gltf,11301040_c_cpvehement_d.png,11301040_c_cpvehement_c.png,0,
11301194,베히모스 혼드 헬멧 (어쌔신),11301040,63,59,51,20,18,15,11301040_C_CPVehement_A.gltf,11301040_c_cpvehement_d.png,11301040_c_cpvehement_c.png,0,
11301195,베히모스 혼드 헬멧 (룬블레이더),11301040,63,59,51,20,18,15,11301040_C_CPVehement_A.gltf,11301040_c_cpvehement_d.png,11301040_c_cpvehement_c.png,0,
11301196,베히모스 혼드 헬멧 (스트라이커),11301040,63,59,51,20,18,15,11301040_C_CPVehement_A.gltf,11301040_c_cpvehement_d.png,11301040_c_cpvehement_c.png,0,
11301197,베히모스 혼드 헬멧 (소울바인더),11301040,63,59,51,20,18,15,11301040_C_CPVehement_A.gltf,11301040_c_cpvehement_d.png,11301040_c_cpvehement_c.png,0,
11301198,에일리온 쥬얼 헤드 (나이트),11300902,63,59,51,20,18,15,11300902_C_CPReverseRaidA02.gltf,11300902_c_cpreverseraida02_d.png,11300902_c_cpreverseraida02_c.png,None,
11301199,에일리온 쥬얼 헤드 (버서커),11300902,63,59,51,20,18,15,11300902_C_CPReverseRaidA02.gltf,11300902_c_cpreverseraida02_d.png,11300902_c_cpreverseraida02_c.png,None,
11301200,에일리온 쥬얼 헤드 (위자드),11300902,63,59,51,20,18,15,11300902_C_CPReverseRaidA02.gltf,11300902_c_cpreverseraida02_d.png,11300902_c_cpreverseraida02_c.png,None,
11301201,에일리온 쥬얼 헤드 (프리스트),11300902,63,59,51,20,18,15,11300902_C_CPReverseRaidA02.gltf,11300902_c_cpreverseraida02_d.png,11300902_c_cpreverseraida02_c.png,None,
11301202,에일리온 쥬얼 헤드 (레인저),11300902,63,59,51,20,18,15,11300902_C_CPReverseRaidA02.gltf,11300902_c_cpreverseraida02_d.png,11300902_c_cpreverseraida02_c.png,None,
11301203,에일리온 쥬얼 헤드 (헤비거너),11300902,63,59,51,20,18,15,11300902_C_CPReverseRaidA02.gltf,11300902_c_cpreverseraida02_d.png,11300902_c_cpreverseraida02_c.png,None,
11301204,에일리온 쥬얼 헤드 (시프),11300902,63,59,51,20,18,15,11300902_C_CPReverseRaidA02.gltf,11300902_c_cpreverseraida02_d.png,11300902_c_cpreverseraida02_c.png,None,
11301205,에일리온 쥬얼 헤드 (어쌔신),11300902,63,59,51,20,18,15,11300902_C_CPReverseRaidA02.gltf,11300902_c_cpreverseraida02_d.png,11300902_c_cpreverseraida02_c.png,None,
11301206,에일리온 쥬얼 헤드 (룬블레이더),11300902,63,59,51,20,18,15,11300902_C_CPReverseRaidA02.gltf,11300902_c_cpreverseraida02_d.png,11300902_c_cpreverseraida02_c.png,None,
11301207,에일리온 쥬얼 헤드 (스트라이커),11300902,63,59,51,20,18,15,11300902_C_CPReverseRaidA02.gltf,11300902_c_cpreverseraida02_d.png,11300902_c_cpreverseraida02_c.png,None,
11301208,에일리온 쥬얼 헤드 (소울바인더),11300902,63,59,51,20,18,15,11300902_C_CPReverseRaidA02.gltf,11300902_c_cpreverseraida02_d.png,11300902_c_cpreverseraida02_c.png,None,
11301209,블랙 뱅가드 워 기어 (나이트),11300705,63,59,51,20,18,15,11300705_C_CPDarkSteelWarrior_D.gltf,11300705_c_cpdarksteelwarrior_d.png,11300705_c_cpdarksteelwarrior_c.png,13,
11301210,블랙 뱅가드 워 기어 (버서커),11300705,63,59,51,20,18,15,11300705_C_CPDarkSteelWarrior_D.gltf,11300705_c_cpdarksteelwarrior_d.png,11300705_c_cpdarksteelwarrior_c.png,13,
11301211,블랙 뱅가드 워 기어 (위자드),11300640,63,59,51,20,18,15,11300640_C_CPDarkSteel_F.gltf,11300640_c_cpdarksteelmage_d.png,11300640_c_cpdarksteelmage_c.png,0,
11301212,블랙 뱅가드 워 기어 (프리스트),11300640,63,59,51,20,18,15,11300640_C_CPDarkSteel_F.gltf,11300640_c_cpdarksteelmage_d.png,11300640_c_cpdarksteelmage_c.png,0,
11301213,블랙 뱅가드 워 기어 (레인저),11300706,63,59,51,20,18,15,11300706_C_CPDarkSteelRanger_C.gltf,11300706_c_cpdarksteelranger_d.png,11300706_c_cpdarksteelranger_c.png,8,
11301214,블랙 뱅가드 워 기어 (헤비거너),11300706,63,59,51,20,18,15,11300706_C_CPDarkSteelRanger_C.gltf,11300706_c_cpdarksteelranger_d.png,11300706_c_cpdarksteelranger_c.png,8,
11301215,블랙 뱅가드 워 기어 (시프),11300707,63,59,51,20,18,15,11300707_C_CPDarkSteelThief_A.gltf,11300707_c_cpdarksteelthief_d.png,11300707_c_cpdarksteelthief_c.png,0,
11301216,블랙 뱅가드 워 기어 (어쌔신),11300707,63,59,51,20,18,15,11300707_C_CPDarkSteelThief_A.gltf,11300707_c_cpdarksteelthief_d.png,11300707_c_cpdarksteelthief_c.png,0,
11301217,블랙 뱅가드 워 기어 (룬블레이더),11300705,63,59,51,20,18,15,11300705_C_CPDarkSteelWarrior_D.gltf,11300705_c_cpdarksteelwarrior_d.png,11300705_c_cpdarksteelwarrior_c.png,13,
11301218,블랙 뱅가드 워 기어 (스트라이커),11300708,63,59,51,20,18,15,11300708_C_CPDarkSteelFighter_A.gltf,11300708_c_cpdarksteelfighter_d.png,11300708_c_cpdarksteelfighter_c.png,0,
11301219,블랙 뱅가드 워 기어 (소울바인더),11300708,63,59,51,20,18,15,11300708_C_CPDarkSteelFighter_A.gltf,11300708_c_cpdarksteelfighter_d.png,11300708_c_cpdarksteelfighter_c.png,0,
11301220,블랙퓨리티 루나틱 페더 (나이트),11301148,63,59,51,20,18,15,11301148_C_CPDarkTutor_A.gltf,11301148_c_cpdarktutor_d.png,11301148_c_cpdarktutor_c.png,0,
11301221,블랙퓨리티 루나틱 페더 (버서커),11301148,63,59,51,20,18,15,11301148_C_CPDarkTutor_A.gltf,11301148_c_cpdarktutor_d.png,11301148_c_cpdarktutor_c.png,0,
11301222,블랙퓨리티 루나틱 페더 (위자드),11301148,63,59,51,20,18,15,11301148_C_CPDarkTutor_A.gltf,11301148_c_cpdarktutor_d.png,11301148_c_cpdarktutor_c.png,0,
11301223,블랙퓨리티 루나틱 페더 (프리스트),11301148,63,59,51,20,18,15,11301148_C_CPDarkTutor_A.gltf,11301148_c_cpdarktutor_d.png,11301148_c_cpdarktutor_c.png,0,
11301224,블랙퓨리티 루나틱 페더 (레인저),11301148,63,59,51,20,18,15,11301148_C_CPDarkTutor_A.gltf,11301148_c_cpdarktutor_d.png,11301148_c_cpdarktutor_c.png,0,
11301225,블랙퓨리티 루나틱 페더 (헤비거너),11301148,63,59,51,20,18,15,11301148_C_CPDarkTutor_A.gltf,11301148_c_cpdarktutor_d.png,11301148_c_cpdarktutor_c.png,0,
11301226,블랙퓨리티 루나틱 페더 (시프),11301148,63,59,51,20,18,15,11301148_C_CPDarkTutor_A.gltf,11301148_c_cpdarktutor_d.png,11301148_c_cpdarktutor_c.png,0,
11301227,블랙퓨리티 루나틱 페더 (어쌔신),11301148,63,59,51,20,18,15,11301148_C_CPDarkTutor_A.gltf,11301148_c_cpdarktutor_d.png,11301148_c_cpdarktutor_c.png,0,
11301228,블랙퓨리티 루나틱 페더 (룬블레이더),11301148,63,59,51,20,18,15,11301148_C_CPDarkTutor_A.gltf,11301148_c_cpdarktutor_d.png,11301148_c_cpdarktutor_c.png,0,
11301229,블랙퓨리티 루나틱 페더 (스트라이커),11301148,63,59,51,20,18,15,11301148_C_CPDarkTutor_A.gltf,11301148_c_cpdarktutor_d.png,11301148_c_cpdarktutor_c.png,0,
11301230,블랙퓨리티 루나틱 페더 (소울바인더),11301148,63,59,51,20,18,15,11301148_C_CPDarkTutor_A.gltf,11301148_c_cpdarktutor_d.png,11301148_c_cpdarktutor_c.png,0,
11301242,무지개 음표 머리띠,11301242,63,59,51,20,18,15,11301242_C_RainBowNoteHairBand_A.gltf,11301242_c_rainbownotehairband_d.png,11301242_c_rainbownotehairband_d.png,0,
11301244,스노우 테일 햇 (남),11301244,76,105,181,23,40,79,11301244_C_CPFrozen02_A.gltf,11301244_c_cpfrozen02_d.png,11301244_c_cpfrozen02_c.png,0,
11301245,스노우 테일 햇 (여),11301244,76,105,181,23,40,79,11301244_C_CPFrozen02_A.gltf,11301244_c_cpfrozen02_d.png,11301244_c_cpfrozen02_c.png,0,
11301246,민트 아이스크림 모자,11301246,147,226,242,89,153,165,11301246_C_ToppingcornIceCream_F.gltf,11301246_c_toppingcornicecream_d.png,11301246_c_toppingcornicecream_c.png,0,
11301247,알바노스의 예지,11300806,63,59,51,20,18,15,11300806_F_Albanos_A.gltf,11300806_c_albanos_d.png,11300806_c_albanos_d.png,0,
11301248,파이렌시아 : 파도마녀의 암초관,11300807,63,59,51,20,18,15,11300807_C_Firis_A.gltf,11300807_c_firis_d.png,11300807_c_firis_d.png,0,
11301249,세이렌시아 : 바다소녀의 티아라,11300808,63,59,51,20,18,15,11300808_C_Celin_A.gltf,11300808_c_celin_d.png,11300808_c_celin_d.png,0,
11301250,딸기 아이스크림 모자,11301250,255,168,203,205,86,106,11301246_C_ToppingcornIceCream_F.gltf,11301246_c_toppingcornicecream_d.png,11301246_c_toppingcornicecream_c.png,0,
11301251,노란 유치원 모자,11300054,63,59,51,20,18,15,01300011_F_Preschool_C.gltf,01300011_f_preschool_d.png,01300011_f_preschool_c.png,8,
11301252,머쉬킹의 생일 축하 왕관 : 초코,11301252,63,59,51,20,18,15,11301252_MushroomRichKing_Cake01_C.gltf,11301252_mushroomrichking_cake01_d.png,11301252_mushroomrichking_cake01_d.png,8,
11301253,머쉬킹의 생일 축하 왕관 : 딸기,11301253,63,59,51,20,18,15,11301253_MushroomRichKing_Cake02_C.gltf,11301253_mushroomrichking_cake02_d.png,11301253_mushroomrichking_cake02_d.png,8,
11301254,머쉬킹의 생일 축하 왕관 : 생크림,11301254,63,59,51,20,18,15,11301254_MushroomRichKing_Cake03_C.gltf,11301254_mushroomrichking_cake03_d.png,11301254_mushroomrichking_cake03_d.png,8,
11301255,프론티어 재단 파티햇,11301255,63,59,51,20,18,15,11301255_C_CPFrontierFoundation_F.gltf,11301255_c_cpfrontierfoundation_d.png,11301255_c_cpfrontierfoundation_c.png,0,
11301256,나태버섯 모자,11301256,63,59,51,20,18,15,11301256_C_LazyMushroom_C.gltf,11301256_c_lazymushroom_d.png,11301256_c_lazymushroom_d.png,8,
11301257,타락천사 서클릿 (남),11301257,62,73,117,27,26,48,11301257_C_CPLucifer_A.gltf,11301257_c_cplucifer_d.png,11301257_c_cplucifer_c.png,0,
11301258,타락천사 서클릿 (여),11301258,62,73,117,27,26,48,11301257_C_CPLucifer_A.gltf,11301257_c_cplucifer_d.png,11301257_c_cplucifer_c.png,0,
11301259,엘리트 어드벤쳐 배틀 헬맷 (나이트),11309996,63,59,51,20,18,15,11300004_C_CPSilverOrihalc.gltf,11300004_c_cpsilverorihalcon_d.png,11300004_c_cpsilverorihalcon_d.png,None,
11301260,엘리트 어드벤쳐 배틀 헬맷 (버서커),11309996,63,59,51,20,18,15,11300004_C_CPSilverOrihalc.gltf,11300004_c_cpsilverorihalcon_d.png,11300004_c_cpsilverorihalcon_d.png,None,
11301261,엘리트 어드벤쳐 매직 햇 (위자드),11300087,63,59,51,20,18,15,11300003_F_CPConeHat_C.gltf,11300003_f_cpconehat_d.png,11300003_f_cpconehat_c.png,8,
11301262,엘리트 어드벤쳐 매직 햇 (프리스트),11300087,63,59,51,20,18,15,11300003_F_CPConeHat_C.gltf,11300003_f_cpconehat_d.png,11300003_f_cpconehat_c.png,8,
11301263,엘리트 어드벤쳐 스카우트 햇 (레인저),11300120,63,59,51,20,18,15,11300120_C_CPMilitiaHat_C.gltf,11300120_c_cpmilitiahat_d.png,11300120_c_cpmilitiahat_c.png,8,
11301264,엘리트 어드벤쳐 스카우트 햇 (헤비거너),11300120,63,59,51,20,18,15,11300120_C_CPMilitiaHat_C.gltf,11300120_c_cpmilitiahat_d.png,11300120_c_cpmilitiahat_c.png,8,
11301265,엘리트 어드벤쳐 스니킹 오브젝트 (시프),11300065,63,59,51,20,18,15,01300027_C_HotDumplingDish_A.gltf,01300027_c_hotdumplingdish_d.png,01300027_c_hotdumplingdish_d.png,0,
11301266,엘리트 어드벤쳐 스니킹 오브젝트 (어쌔신),11300065,63,59,51,20,18,15,01300027_C_HotDumplingDish_A.gltf,01300027_c_hotdumplingdish_d.png,01300027_c_hotdumplingdish_d.png,0,
11301267,엘리트 어드벤쳐 배틀 헬맷 (룬블레이더),11309996,63,59,51,20,18,15,11300004_C_CPSilverOrihalc.gltf,11300004_c_cpsilverorihalcon_d.png,11300004_c_cpsilverorihalcon_d.png,None,
11301268,엘리트 어드벤쳐 마샬 써클릿 (스트라이커),11300551,63,59,51,20,18,15,11300551_C_CPFighter07_A.gltf,11300551_c_cpfighter07_d.png,11300551_c_cpfighter07_c.png,0,
11301269,엘리트 어드벤쳐 마샬 써클릿 (소울바인더),11300551,63,59,51,20,18,15,11300551_C_CPFighter07_A.gltf,11300551_c_cpfighter07_d.png,11300551_c_cpfighter07_c.png,0,
11301271,발랄한 리본 베레모,11301271,194,209,96,64,104,54,11301271_C_ZigzagRibbon_C.gltf,11301271_c_cpzigzagribbon_d.png,11301271_c_cpzigzagribbon_c.png,8,
11301272,반짝별빛 깃털 장식 모자,11301272,76,105,181,23,40,79,11301272_C_CPStarAccessory_A.gltf,11301272_c_cpstaraccessory_d.png,11301272_c_cpstaraccessory_c.png,0,
11301273,초코 아이스크림 모자,11301273,122,92,77,53,39,29,11301246_C_ToppingcornIceCream_F.gltf,11301246_c_toppingcornicecream_d.png,11301246_c_toppingcornicecream_c.png,0,
11301279,루미나리에 크리스탈 머리 장식 (남),11301279,76,105,181,23,40,79,11301279_C_CPLuminous_A.gltf,11301279_c_cpluminous_d.png,11301279_c_cpluminous_c.png,0,
11301283,안티크 에라곤 써클릿 (나이트),11301052,63,59,51,20,18,15,11301052_C_CPDarkStream_A.gltf,11301052_c_cpdarkstream_d.png,11301052_c_cpdarkstream_d.png,0,
11301284,안티크 에라곤 써클릿 (버서커),11301052,63,59,51,20,18,15,11301052_C_CPDarkStream_A.gltf,11301052_c_cpdarkstream_d.png,11301052_c_cpdarkstream_d.png,0,
11301285,안티크 에라곤 써클릿 (위자드),11301052,63,59,51,20,18,15,11301052_C_CPDarkStream_A.gltf,11301052_c_cpdarkstream_d.png,11301052_c_cpdarkstream_d.png,0,
11301286,안티크 에라곤 써클릿 (프리스트),11301052,63,59,51,20,18,15,11301052_C_CPDarkStream_A.gltf,11301052_c_cpdarkstream_d.png,11301052_c_cpdarkstream_d.png,0,
11301287,안티크 에라곤 써클릿 (레인저),11301052,63,59,51,20,18,15,11301052_C_CPDarkStream_A.gltf,11301052_c_cpdarkstream_d.png,11301052_c_cpdarkstream_d.png,0,
11301288,안티크 에라곤 써클릿 (헤비거너),11301052,63,59,51,20,18,15,11301052_C_CPDarkStream_A.gltf,11301052_c_cpdarkstream_d.png,11301052_c_cpdarkstream_d.png,0,
11301289,안티크 에라곤 써클릿 (시프),11301052,63,59,51,20,18,15,11301052_C_CPDarkStream_A.gltf,11301052_c_cpdarkstream_d.png,11301052_c_cpdarkstream_d.png,0,
11301290,안티크 에라곤 써클릿 (어쌔신),11301052,63,59,51,20,18,15,11301052_C_CPDarkStream_A.gltf,11301052_c_cpdarkstream_d.png,11301052_c_cpdarkstream_d.png,0,
11301291,안티크 에라곤 써클릿 (룬블레이더),11301052,63,59,51,20,18,15,11301052_C_CPDarkStream_A.gltf,11301052_c_cpdarkstream_d.png,11301052_c_cpdarkstream_d.png,0,
11301292,안티크 에라곤 써클릿 (스트라이커),11301052,63,59,51,20,18,15,11301052_C_CPDarkStream_A.gltf,11301052_c_cpdarkstream_d.png,11301052_c_cpdarkstream_d.png,0,
11301293,안티크 에라곤 써클릿 (소울바인더),11301052,63,59,51,20,18,15,11301052_C_CPDarkStream_A.gltf,11301052_c_cpdarkstream_d.png,11301052_c_cpdarkstream_d.png,0,
11301294,타이렌 컴뱃 써클릿 (나이트),11301043,63,59,51,20,18,15,11301043_C_CPGiganTikaA01_A.gltf,11301043_c_cpgigantikaa01_d.png,11301043_c_cpgigantikaa01_c.png,0,
11301295,타이렌 컴뱃 써클릿 (버서커),11301043,63,59,51,20,18,15,11301043_C_CPGiganTikaA01_A.gltf,11301043_c_cpgigantikaa01_d.png,11301043_c_cpgigantikaa01_c.png,0,
11301296,타이렌 컴뱃 써클릿 (위자드),11301043,63,59,51,20,18,15,11301043_C_CPGiganTikaA01_A.gltf,11301043_c_cpgigantikaa01_d.png,11301043_c_cpgigantikaa01_c.png,0,
11301297,타이렌 컴뱃 써클릿 (프리스트),11301043,63,59,51,20,18,15,11301043_C_CPGiganTikaA01_A.gltf,11301043_c_cpgigantikaa01_d.png,11301043_c_cpgigantikaa01_c.png,0,
11301298,타이렌 컴뱃 써클릿 (레인저),11301043,63,59,51,20,18,15,11301043_C_CPGiganTikaA01_A.gltf,11301043_c_cpgigantikaa01_d.png,11301043_c_cpgigantikaa01_c.png,0,
11301299,타이렌 컴뱃 써클릿 (헤비거너),11301043,63,59,51,20,18,15,11301043_C_CPGiganTikaA01_A.gltf,11301043_c_cpgigantikaa01_d.png,11301043_c_cpgigantikaa01_c.png,0,
11301300,타이렌 컴뱃 써클릿 (시프),11301043,63,59,51,20,18,15,11301043_C_CPGiganTikaA01_A.gltf,11301043_c_cpgigantikaa01_d.png,11301043_c_cpgigantikaa01_c.png,0,
11301301,타이렌 컴뱃 써클릿 (어쌔신),11301043,63,59,51,20,18,15,11301043_C_CPGiganTikaA01_A.gltf,11301043_c_cpgigantikaa01_d.png,11301043_c_cpgigantikaa01_c.png,0,
11301302,타이렌 컴뱃 써클릿 (룬블레이더),11301043,63,59,51,20,18,15,11301043_C_CPGiganTikaA01_A.gltf,11301043_c_cpgigantikaa01_d.png,11301043_c_cpgigantikaa01_c.png,0,
11301303,타이렌 컴뱃 써클릿 (스트라이커),11301043,63,59,51,20,18,15,11301043_C_CPGiganTikaA01_A.gltf,11301043_c_cpgigantikaa01_d.png,11301043_c_cpgigantikaa01_c.png,0,
11301304,타이렌 컴뱃 써클릿 (소울바인더),11301043,63,59,51,20,18,15,11301043_C_CPGiganTikaA01_A.gltf,11301043_c_cpgigantikaa01_d.png,11301043_c_cpgigantikaa01_c.png,0,
11301316,타이렌 커맨더 컴뱃 써클릿 (나이트),11301044,63,59,51,20,18,15,11301044_C_CPGiganTikaA02_A.gltf,11301044_c_cpgigantikaa02_d.png,11301044_c_cpgigantikaa02_c.png,0,
11301317,타이렌 커맨더 컴뱃 써클릿 (버서커),11301044,63,59,51,20,18,15,11301044_C_CPGiganTikaA02_A.gltf,11301044_c_cpgigantikaa02_d.png,11301044_c_cpgigantikaa02_c.png,0,
11301318,타이렌 커맨더 컴뱃 써클릿 (위자드),11301044,63,59,51,20,18,15,11301044_C_CPGiganTikaA02_A.gltf,11301044_c_cpgigantikaa02_d.png,11301044_c_cpgigantikaa02_c.png,0,
11301319,타이렌 커맨더 컴뱃 써클릿 (프리스트),11301044,63,59,51,20,18,15,11301044_C_CPGiganTikaA02_A.gltf,11301044_c_cpgigantikaa02_d.png,11301044_c_cpgigantikaa02_c.png,0,
11301320,타이렌 커맨더 컴뱃 써클릿 (레인저),11301044,63,59,51,20,18,15,11301044_C_CPGiganTikaA02_A.gltf,11301044_c_cpgigantikaa02_d.png,11301044_c_cpgigantikaa02_c.png,0,
11301321,타이렌 커맨더 컴뱃 써클릿 (헤비거너),11301044,63,59,51,20,18,15,11301044_C_CPGiganTikaA02_A.gltf,11301044_c_cpgigantikaa02_d.png,11301044_c_cpgigantikaa02_c.png,0,
11301322,타이렌 커맨더 컴뱃 써클릿 (시프),11301044,63,59,51,20,18,15,11301044_C_CPGiganTikaA02_A.gltf,11301044_c_cpgigantikaa02_d.png,11301044_c_cpgigantikaa02_c.png,0,
11301323,타이렌 커맨더 컴뱃 써클릿 (어쌔신),11301044,63,59,51,20,18,15,11301044_C_CPGiganTikaA02_A.gltf,11301044_c_cpgigantikaa02_d.png,11301044_c_cpgigantikaa02_c.png,0,
11301324,타이렌 커맨더 컴뱃 써클릿 (룬블레이더),11301044,63,59,51,20,18,15,11301044_C_CPGiganTikaA02_A.gltf,11301044_c_cpgigantikaa02_d.png,11301044_c_cpgigantikaa02_c.png,0,
11301325,타이렌 커맨더 컴뱃 써클릿 (스트라이커),11301044,63,59,51,20,18,15,11301044_C_CPGiganTikaA02_A.gltf,11301044_c_cpgigantikaa02_d.png,11301044_c_cpgigantikaa02_c.png,0,
11301326,타이렌 커맨더 컴뱃 써클릿 (소울바인더),11301044,63,59,51,20,18,15,11301044_C_CPGiganTikaA02_A.gltf,11301044_c_cpgigantikaa02_d.png,11301044_c_cpgigantikaa02_c.png,0,
11301327,안티크 인페누크 헬멧 (나이트),11301087,63,59,51,20,18,15,11301087_C_CPBalrogB02_D.gltf,11301087_c_cpbalrogb02_d.png,11301087_c_cpbalrogb02_c.png,13,
11301328,안티크 인페누크 헬멧 (버서커),11301087,63,59,51,20,18,15,11301087_C_CPBalrogB02_D.gltf,11301087_c_cpbalrogb02_d.png,11301087_c_cpbalrogb02_c.png,13,
11301329,안티크 인페누크 헬멧 (위자드),11301087,63,59,51,20,18,15,11301087_C_CPBalrogB02_D.gltf,11301087_c_cpbalrogb02_d.png,11301087_c_cpbalrogb02_c.png,13,
11301330,안티크 인페누크 헬멧 (프리스트),11301087,63,59,51,20,18,15,11301087_C_CPBalrogB02_D.gltf,11301087_c_cpbalrogb02_d.png,11301087_c_cpbalrogb02_c.png,13,
11301331,안티크 인페누크 헬멧 (레인저),11301087,63,59,51,20,18,15,11301087_C_CPBalrogB02_D.gltf,11301087_c_cpbalrogb02_d.png,11301087_c_cpbalrogb02_c.png,13,
11301332,안티크 인페누크 헬멧 (헤비거너),11301087,63,59,51,20,18,15,11301087_C_CPBalrogB02_D.gltf,11301087_c_cpbalrogb02_d.png,11301087_c_cpbalrogb02_c.png,13,
11301333,안티크 인페누크 헬멧 (시프),11301087,63,59,51,20,18,15,11301087_C_CPBalrogB02_D.gltf,11301087_c_cpbalrogb02_d.png,11301087_c_cpbalrogb02_c.png,13,
11301334,안티크 인페누크 헬멧 (어쌔신),11301087,63,59,51,20,18,15,11301087_C_CPBalrogB02_D.gltf,11301087_c_cpbalrogb02_d.png,11301087_c_cpbalrogb02_c.png,13,
11301335,안티크 인페누크 헬멧 (룬블레이더),11301087,63,59,51,20,18,15,11301087_C_CPBalrogB02_D.gltf,11301087_c_cpbalrogb02_d.png,11301087_c_cpbalrogb02_c.png,13,
11301336,안티크 인페누크 헬멧 (스트라이커),11301087,63,59,51,20,18,15,11301087_C_CPBalrogB02_D.gltf,11301087_c_cpbalrogb02_d.png,11301087_c_cpbalrogb02_c.png,13,
11301337,안티크 인페누크 헬멧 (소울바인더),11301087,63,59,51,20,18,15,11301087_C_CPBalrogB02_D.gltf,11301087_c_cpbalrogb02_d.png,11301087_c_cpbalrogb02_c.png,13,
11301338,파이어 프리즘 써클릿 (나이트),11301280,63,59,51,20,18,15,11301280_C_CPFirePrism_F.gltf,11301280_c_cpfireprism_d.png,11301280_c_cpfireprism_c.png,0,
11301339,파이어 프리즘 써클릿 (버서커),11301280,63,59,51,20,18,15,11301280_C_CPFirePrism_F.gltf,11301280_c_cpfireprism_d.png,11301280_c_cpfireprism_c.png,0,
11301340,파이어 프리즘 써클릿 (위자드),11301280,63,59,51,20,18,15,11301280_C_CPFirePrism_F.gltf,11301280_c_cpfireprism_d.png,11301280_c_cpfireprism_c.png,0,
11301341,파이어 프리즘 써클릿 (프리스트),11301280,63,59,51,20,18,15,11301280_C_CPFirePrism_F.gltf,11301280_c_cpfireprism_d.png,11301280_c_cpfireprism_c.png,0,
11301342,파이어 프리즘 써클릿 (레인저),11301280,63,59,51,20,18,15,11301280_C_CPFirePrism_F.gltf,11301280_c_cpfireprism_d.png,11301280_c_cpfireprism_c.png,0,
11301343,파이어 프리즘 써클릿 (헤비거너),11301280,63,59,51,20,18,15,11301280_C_CPFirePrism_F.gltf,11301280_c_cpfireprism_d.png,11301280_c_cpfireprism_c.png,0,
11301344,파이어 프리즘 써클릿 (시프),11301280,63,59,51,20,18,15,11301280_C_CPFirePrism_F.gltf,11301280_c_cpfireprism_d.png,11301280_c_cpfireprism_c.png,0,
11301345,파이어 프리즘 써클릿 (어쌔신),11301280,63,59,51,20,18,15,11301280_C_CPFirePrism_F.gltf,11301280_c_cpfireprism_d.png,11301280_c_cpfireprism_c.png,0,
11301346,파이어 프리즘 써클릿 (룬블레이더),11301280,63,59,51,20,18,15,11301280_C_CPFirePrism_F.gltf,11301280_c_cpfireprism_d.png,11301280_c_cpfireprism_c.png,0,
11301347,파이어 프리즘 써클릿 (스트라이커),11301280,63,59,51,20,18,15,11301280_C_CPFirePrism_F.gltf,11301280_c_cpfireprism_d.png,11301280_c_cpfireprism_c.png,0,
11301348,파이어 프리즘 써클릿 (소울바인더),11301280,63,59,51,20,18,15,11301280_C_CPFirePrism_F.gltf,11301280_c_cpfireprism_d.png,11301280_c_cpfireprism_c.png,0,
11301349,타이렌 로열 써클릿 (나이트),11301274,63,59,51,20,18,15,11301274_C_CPLappenshad01_A.gltf,11301274_c_cplappenshad01_d.png,11301274_c_cplappenshad01_c.png,0,
11301350,타이렌 로열 써클릿 (버서커),11301274,63,59,51,20,18,15,11301274_C_CPLappenshad01_A.gltf,11301274_c_cplappenshad01_d.png,11301274_c_cplappenshad01_c.png,0,
11301351,타이렌 로열 써클릿 (위자드),11301274,63,59,51,20,18,15,11301274_C_CPLappenshad01_A.gltf,11301274_c_cplappenshad01_d.png,11301274_c_cplappenshad01_c.png,0,
11301352,타이렌 로열 써클릿 (프리스트),11301274,63,59,51,20,18,15,11301274_C_CPLappenshad01_A.gltf,11301274_c_cplappenshad01_d.png,11301274_c_cplappenshad01_c.png,0,
11301353,타이렌 로열 써클릿 (레인저),11301274,63,59,51,20,18,15,11301274_C_CPLappenshad01_A.gltf,11301274_c_cplappenshad01_d.png,11301274_c_cplappenshad01_c.png,0,
11301354,타이렌 로열 써클릿 (헤비거너),11301274,63,59,51,20,18,15,11301274_C_CPLappenshad01_A.gltf,11301274_c_cplappenshad01_d.png,11301274_c_cplappenshad01_c.png,0,
11301355,타이렌 로열 써클릿 (시프),11301274,63,59,51,20,18,15,11301274_C_CPLappenshad01_A.gltf,11301274_c_cplappenshad01_d.png,11301274_c_cplappenshad01_c.png,0,
11301356,타이렌 로열 써클릿 (어쌔신),11301274,63,59,51,20,18,15,11301274_C_CPLappenshad01_A.gltf,11301274_c_cplappenshad01_d.png,11301274_c_cplappenshad01_c.png,0,
11301357,타이렌 로열 써클릿 (룬블레이더),11301274,63,59,51,20,18,15,11301274_C_CPLappenshad01_A.gltf,11301274_c_cplappenshad01_d.png,11301274_c_cplappenshad01_c.png,0,
11301358,타이렌 로열 써클릿 (스트라이커),11301274,63,59,51,20,18,15,11301274_C_CPLappenshad01_A.gltf,11301274_c_cplappenshad01_d.png,11301274_c_cplappenshad01_c.png,0,
11301359,타이렌 로열 써클릿 (소울바인더),11301274,63,59,51,20,18,15,11301274_C_CPLappenshad01_A.gltf,11301274_c_cplappenshad01_d.png,11301274_c_cplappenshad01_c.png,0,
11301360,엘리트 어드벤쳐 배틀 헬맷 (나이트),11309996,63,59,51,20,18,15,11300004_C_CPSilverOrihalc.gltf,11300004_c_cpsilverorihalcon_d.png,11300004_c_cpsilverorihalcon_d.png,None,
11301361,엘리트 어드벤쳐 배틀 헬맷 (버서커),11309996,63,59,51,20,18,15,11300004_C_CPSilverOrihalc.gltf,11300004_c_cpsilverorihalcon_d.png,11300004_c_cpsilverorihalcon_d.png,None,
11301362,엘리트 어드벤쳐 매직 햇 (위자드),11300087,63,59,51,20,18,15,11300003_F_CPConeHat_C.gltf,11300003_f_cpconehat_d.png,11300003_f_cpconehat_c.png,8,
11301363,엘리트 어드벤쳐 매직 햇 (프리스트),11300087,63,59,51,20,18,15,11300003_F_CPConeHat_C.gltf,11300003_f_cpconehat_d.png,11300003_f_cpconehat_c.png,8,
11301364,엘리트 어드벤쳐 스카우트 햇 (레인저),11300120,63,59,51,20,18,15,11300120_C_CPMilitiaHat_C.gltf,11300120_c_cpmilitiahat_d.png,11300120_c_cpmilitiahat_c.png,8,
11301365,엘리트 어드벤쳐 스카우트 햇 (헤비거너),11300120,63,59,51,20,18,15,11300120_C_CPMilitiaHat_C.gltf,11300120_c_cpmilitiahat_d.png,11300120_c_cpmilitiahat_c.png,8,
11301366,엘리트 어드벤쳐 스니킹 오브젝트 (시프),11300065,63,59,51,20,18,15,01300027_C_HotDumplingDish_A.gltf,01300027_c_hotdumplingdish_d.png,01300027_c_hotdumplingdish_d.png,0,
11301367,엘리트 어드벤쳐 스니킹 오브젝트 (어쌔신),11300065,63,59,51,20,18,15,01300027_C_HotDumplingDish_A.gltf,01300027_c_hotdumplingdish_d.png,01300027_c_hotdumplingdish_d.png,0,
11301368,엘리트 어드벤쳐 배틀 헬맷 (룬블레이더),11309996,63,59,51,20,18,15,11300004_C_CPSilverOrihalc.gltf,11300004_c_cpsilverorihalcon_d.png,11300004_c_cpsilverorihalcon_d.png,None,
11301369,엘리트 어드벤쳐 마샬 써클릿 (스트라이커),11300551,63,59,51,20,18,15,11300551_C_CPFighter07_A.gltf,11300551_c_cpfighter07_d.png,11300551_c_cpfighter07_c.png,0,
11301370,엘리트 어드벤쳐 마샬 써클릿 (소울바인더),11300551,63,59,51,20,18,15,11300551_C_CPFighter07_A.gltf,11300551_c_cpfighter07_d.png,11300551_c_cpfighter07_c.png,0,
11301371,포로롱 문어,11301371,180,165,248,108,96,176,11301371_C_BubbleOctop.gltf,11301371_c_bubbleoctopus_d.png,11301371_c_bubbleoctopus_c.png,None,
11301373,마법학교 수련생 모자 (남),11301373,76,105,181,23,40,79,11301373_C_CPMagicalSchool_C.gltf,11301373_c_cpmagicalschool_d.png,11301373_c_cpmagicalschool_c.png,8,
11301374,마법학교 수련생 모자 (여),11301374,76,105,181,23,40,79,11301373_C_CPMagicalSchool_C.gltf,11301373_c_cpmagicalschool_d.png,11301373_c_cpmagicalschool_c.png,8,
11301376,웨딩데이 하트뿅뿅 티아라 (여),11301376,230,230,230,150,150,150,11301376_F_CPWedding02_A.gltf,11301376_c_cpwedding02_d.png,11301376_c_cpwedding02_c.png,0,
11301377,바니 플라워 토끼귀 헤어밴드 (남),11301377,255,168,203,205,86,106,11301377_M_CPFlowerRabbit_A.gltf,11301377_m_cpflowerrabbit_d.png,11301377_c_cpflowerrabbit_c.png,0,
11301378,바니 플라워 토끼귀 헤어밴드 (여),11301378,255,168,203,205,86,106,11301378_F_CPFlowerRabbit_A.gltf,11301378_f_cpflowerrabbit_d.png,11301377_c_cpflowerrabbit_c.png,0,
11301380,웨딩데이 하트뿅뿅 티아라 (여),11301376,230,230,230,150,150,150,11301376_F_CPWedding02_A.gltf,11301376_c_cpwedding02_d.png,11301376_c_cpwedding02_c.png,0,
11301381,큐티 곰돌이 베레모 (남),11301381,244,189,88,163,121,39,11301381_C_CPChildren01_C.gltf,11301381_c_cpchildren01_d.png,11301381_c_cpchildren01_c.png,8,
11301382,큐티 곰돌이 베레모 (여),11301382,244,189,88,163,121,39,11301381_C_CPChildren01_C.gltf,11301381_c_cpchildren01_d.png,11301381_c_cpchildren01_c.png,8,
11301383,우주비행사 헬멧 (남),11301383,230,230,230,150,150,150,11301383_C_CPSpaceSuit01_E.gltf,11301383_c_cpspacesuit01_d.png,11301383_c_cpspacesuit01_c.png,15,
11301384,우주비행사 헬멧 (여),11301384,230,230,230,150,150,150,11301383_C_CPSpaceSuit01_E.gltf,11301383_c_cpspacesuit01_d.png,11301383_c_cpspacesuit01_c.png,15,
11301385,트로피컬 스트로 햇 (남),11301385,76,105,181,23,40,79,11301385_C_CPResortWear_C.gltf,11301385_c_cpresortwear_d.png,11301385_c_cpresortwear_c.png,8,
11301386,트로피컬 스트로 햇 (여),11301386,76,105,181,23,40,79,11301385_C_CPResortWear_C.gltf,11301385_c_cpresortwear_d.png,11301385_c_cpresortwear_c.png,8,
11301387,존엄의 모자,11300746,76,105,181,23,40,79,11300746_C_CPArenaA02_A.gltf,11300746_c_cparenaa02_d.png,11300745_c_cparenaa01_c.png,0,
11301388,2019 머리띠,11301388,244,189,88,163,121,39,11301388_C_2019Event03_A.gltf,11301388_c_2019event03_d.png,11301388_c_2019event03_c.png,0,
11301389,해피 슬라임 머리핀,11300544,126,204,247,72,94,168,11300544_C_CPSlimeP.gltf,11300544_c_cpslimepin_d.png,11300544_c_cpslimepin_c.png,None,
11301390,오버 윈터 버클 베레모,11301390,63,59,51,20,18,15,11301390_C_CPValentine03_F.gltf,11301390_c_cpvalentine03_d.png,11301390_c_cpvalentine03_c.png,0,
11301391,루미나리에 크리스탈 머리 장식 (여),11301279,76,105,181,23,40,79,11301279_C_CPLuminous_A.gltf,11301279_c_cpluminous_d.png,11301279_c_cpluminous_c.png,0,
11301392,강화된 품위의 전투 모자,11300745,63,59,51,20,18,15,11300745_C_CPArenaA01_A.gltf,11300745_c_cparenaa01_d.png,11300745_c_cparenaa01_c.png,0,
11301393,강화된 품위의 광란 모자,11300745,63,59,51,20,18,15,11300745_C_CPArenaA01_A.gltf,11300745_c_cparenaa01_d.png,11300745_c_cparenaa01_c.png,0,
11301394,강화된 품위의 마법 모자,11300745,63,59,51,20,18,15,11300745_C_CPArenaA01_A.gltf,11300745_c_cparenaa01_d.png,11300745_c_cparenaa01_c.png,0,
11301395,강화된 품위의 신성 모자,11300745,63,59,51,20,18,15,11300745_C_CPArenaA01_A.gltf,11300745_c_cparenaa01_d.png,11300745_c_cparenaa01_c.png,0,
11301396,강화된 품위의 집중 모자,11300745,63,59,51,20,18,15,11300745_C_CPArenaA01_A.gltf,11300745_c_cparenaa01_d.png,11300745_c_cparenaa01_c.png,0,
11301397,강화된 품위의 포격 모자,11300745,63,59,51,20,18,15,11300745_C_CPArenaA01_A.gltf,11300745_c_cparenaa01_d.png,11300745_c_cparenaa01_c.png,0,
11301398,강화된 품위의 혼란 모자,11300745,63,59,51,20,18,15,11300745_C_CPArenaA01_A.gltf,11300745_c_cparenaa01_d.png,11300745_c_cparenaa01_c.png,0,
11301399,강화된 품위의 암살 모자,11300745,63,59,51,20,18,15,11300745_C_CPArenaA01_A.gltf,11300745_c_cparenaa01_d.png,11300745_c_cparenaa01_c.png,0,
11301400,강화된 품위의 주술 모자,11300745,63,59,51,20,18,15,11300745_C_CPArenaA01_A.gltf,11300745_c_cparenaa01_d.png,11300745_c_cparenaa01_c.png,0,
11301401,강화된 품위의 난투 모자,11300745,63,59,51,20,18,15,11300745_C_CPArenaA01_A.gltf,11300745_c_cparenaa01_d.png,11300745_c_cparenaa01_c.png,0,
11301402,강화된 품위의 의식 모자,11300745,63,59,51,20,18,15,11300745_C_CPArenaA01_A.gltf,11300745_c_cparenaa01_d.png,11300745_c_cparenaa01_c.png,0,
11301403,슬라임 색동 도령모자 (남),11300351,147,226,242,89,153,165,11300351_C_CPSlimeCapManycolor_D.gltf,11300351_c_cpslimecapmanycolor_d.png,11300351_c_cpslimecapmanycolor_c.png,13,
11301404,꽃송이 족두리 (여),11300352,255,168,203,205,86,106,11300352_C_CPFlowerHeadPiece_A.gltf,11300352_c_cpflowerheadpiece_d.png,11300352_c_cpflowerheadpiece_c.png,0,
11301405,챠밍 캣 이어,11301405,63,59,51,20,18,15,11301405_F_CPSchoolLook01_A.gltf,11301405_c_cpschoollook01_d.png,11301405_c_cpschoollook01_c.png,0,
11301406,알록달록 화관,11301406,255,168,203,205,86,106,11301406_C_FloralGarland_A.gltf,11301406_c_floralgarland_d.png,11301406_c_floralgarland_c.png,0,
11301407,자라나라 벚꽃벚꽃,11301407,255,168,203,205,86,106,11301407_C_FlowerBranch_A.gltf,11301407_c_flowerbranch_d.png,11301407_c_flowerbranch_c.png,0,
11301408,아기 공룡 모자,11301408,194,209,96,64,104,54,11301408_C_CPDoll_Dinosaur01_E.gltf,11301408_c_cpdoll_dinosaur01_d.png,11301408_c_cpdoll_dinosaur01_c.png,15,
11301409,정열의 솜브레로 (남),11301409,62,73,117,27,26,48,11301409_M_CPTraditionalNative02_C.gltf,11301409_m_cptraditionalnative02_d.png,11301409_m_cptraditionalnative02_c.png,8,
11301410,정열의 장미꽃 머리핀 (여),11301410,170,47,47,96,19,19,11301410_F_CPTraditionalNative02_F.gltf,11301410_f_cptraditionalnative02_d.png,11301410_f_cptraditionalnative02_c.png,0,
11301411,러블리 퀸크빈 크라운,11301411,63,59,51,20,18,15,11301411_C_Queencbean_F.gltf,11301411_c_queencbean_d.png,11301411_c_queencbean_d.png,0,
11301413,에너제틱 스타 매듭 머리끈,11301413,230,230,230,150,150,150,11301413_C_CPEnergeticStar_F.gltf,11301413_c_cpenergeticstar_d.png,11301413_c_cpenergeticstar_c.png,0,
11301414,연꽃 개구리 모자,11301414,194,209,96,64,104,54,11301414_C_CPOrdinary.gltf,11301414_c_cpordinary02_d.png,11301414_c_cpordinary02_c.png,None,
11301415,트로피컬 스트로 햇 (남),11301415,76,105,181,23,40,79,11301385_C_CPResortWear_C.gltf,11301385_c_cpresortwear_d.png,11301385_c_cpresortwear_c.png,8,
11301478,견습 파티셰 컵케이크 모자,11301478,239,112,145,153,66,82,11301478_C_CPCook01_F.gltf,11301478_c_cpcook01_d.png,11301478_c_cpcook01_c.png,0,
11301479,아쿠아 썸머 해마 머리 장식,11301479,244,189,88,163,121,39,11301479_C_CPSwim.gltf,11301479_c_cpswim05_d.png,11301479_c_cpswim05_c.png,None,
11301480,지끈지끈 혹,11301480,230,230,230,150,150,150,11301480_C_BandedLump_F.gltf,11301480_c_bandedlump_d.png,11301480_c_bandedlump_c.png,0,
11301481,열대 새 둥지,11301481,147,226,242,89,153,165,11301481_C_FlowerTouc.gltf,11301481_c_flowertoucan_d.png,11301481_c_flowertoucan_c.png,None,
11301482,트로피컬 스트로 햇 (여),11301482,76,105,181,23,40,79,11301385_C_CPResortWear_C.gltf,11301385_c_cpresortwear_d.png,11301385_c_cpresortwear_c.png,8,
11301483,마법학교 수련생 모자 (남),11301373,76,105,181,23,40,79,11301373_C_CPMagicalSchool_C.gltf,11301373_c_cpmagicalschool_d.png,11301373_c_cpmagicalschool_c.png,8,
11301484,해변의 낭만 고래 머리핀,11301484,76,105,181,23,40,79,11301484_C_CPSummer01_F.gltf,11301484_c_cpsummer01_d.png,11301484_c_cpsummer01_c.png,0,
11301485,출렁 파도 머리핀,11301485,147,226,242,89,153,165,11301485_C_WaveHairPin_F.gltf,11301485_c_wavehairpin_d.png,11301485_c_wavehairpin_c.png,0,
11301486,알록달록 조개 머리핀,11301486,255,168,203,205,86,106,11301486_C_ShellPearlPin_F.gltf,11301486_c_shellpearlpin_d.png,11301486_c_shellpearlpin_c.png,0,
11301487,여름 축제 슬라임 머리띠,11301487,126,204,247,72,94,168,11301487_C_CPTraditionalNative03_F.gltf,11301487_c_cptraditionalnative03_d.png,11301487_c_cptraditionalnative03_c.png,0,
11301488,뿔버섯 가면,11301488,249,137,77,147,60,20,11301488_C_CPHornMushroom_F.gltf,11301488_c_cphornmushroom_d.png,11301488_c_cphornmushroom_c.png,0,
11301489,슬라임 가면,11301489,194,209,96,64,104,54,11301489_C_CPSlime_F.gltf,11301489_c_cpslime_d.png,11301489_c_cpslime_c.png,0,
11301490,마법학교 수련생 모자 (여),11301374,76,105,181,23,40,79,11301373_C_CPMagicalSchool_C.gltf,11301373_c_cpmagicalschool_d.png,11301373_c_cpmagicalschool_c.png,8,
11301493,메이플 쿼터백 헬멧 (남),11301493,170,47,47,96,19,19,11301493_M_CPAmericanFootball01_D.gltf,11301493_c_cpamericanfootball01_d.png,11301493_c_cpamericanfootball01_c.png,13,
11301494,메이플 쿼터백 헬멧 (여),11301494,170,47,47,96,19,19,11301494_F_CPAmericanFootball01_D.gltf,11301493_c_cpamericanfootball01_d.png,11301493_c_cpamericanfootball01_c.png,13,
11301497,트라이아 궁중 셰프 모자 (남),11301497,119,147,68,32,51,30,11301497_C_CPCook02_C.gltf,11301497_c_cpcook02_d.png,11301497_c_cpcook02_c.png,8,
11301498,트라이아 궁중 셰프 모자 (여),11301498,119,147,68,32,51,30,11301497_C_CPCook02_C.gltf,11301497_c_cpcook02_d.png,11301497_c_cpcook02_c.png,8,
11301501,분노의 뿔,11300436,63,59,51,20,18,15,11300089_C_CPFuryHorn_A.gltf,11300089_c_cpfuryhorn_d.png,11300089_c_cpfuryhorn_d.png,0,
11301502,전사의 뿔,11300438,63,59,51,20,18,15,11300092_C_WarriorHorn_A.gltf,11300092_c_warriorhorn_d.png,11300092_c_warriorhorn_d.png,0,
11301503,군단장의 뿔,11300439,63,59,51,20,18,15,11300093_C_ChiefHorn_A.gltf,11300093_c_chiefhorn_d.png,11300093_c_chiefhorn_d.png,0,
11301504,그리폰 헬름,11300440,63,59,51,20,18,15,11300130_C_CPGrifinaHelm_D.gltf,11300130_c_cpgrifinahelm_d.png,11300130_c_cpgrifinahelm_d.png,13,
11301505,그리피나 헬름,11300441,63,59,51,20,18,15,11300129_C_CPGriffinHelm_D.gltf,11300129_c_cpgriffinhelm_d.png,11300129_c_cpgriffinhelm_d.png,13,
11301506,수문장 투구,11300443,63,59,51,20,18,15,11300132_C_CPGatekeeperHelmet_D.gltf,11300132_c_cpgatekeeperhelmet_d.png,11300132_c_cpgatekeeperhelmet_d.png,13,
11301507,최후의 투구,11300444,63,59,51,20,18,15,11300134_C_CPForgottenHelmet_D.gltf,11300134_c_cpforgottenhelmet_d.png,11300134_c_cpforgottenhelmet_d.png,13,
11301509,버섯 모자,11300446,63,59,51,20,18,15,11300141_C_CPMushroomHat_C.gltf,11300141_c_cpmushroomhat_d.png,11300141_c_cpmushroomhat_d.png,8,
11301510,부적 버섯 모자,11300447,63,59,51,20,18,15,11300142_C_CPTalismanMushroomHat_C.gltf,11300142_c_cptalismanmushroomhat_d.png,11300142_c_cptalismanmushroomhat_d.png,8,
11301511,토토와 구구스의 모자,11300448,63,59,51,20,18,15,11300186_C_CPWildGiantHat_E.gltf,11300186_c_cpwildgianthat_d.png,11300186_c_cpwildgianthat_d.png,15,
11301512,로로와 무무스의 모자,11300449,63,59,51,20,18,15,11300187_C_CPWoodGiantHat_E.gltf,11300187_c_cpwoodgianthat_d.png,11300187_c_cpwoodgianthat_d.png,15,
11301513,고등어 자반 모자,11300424,63,59,51,20,18,15,11300424_C_CPMackerel_A.gltf,11300424_c_cpmackerel_d.png,11300424_c_cpmackerel_d.png,0,
11301514,민트 아이스크림 모자,11301246,147,226,242,89,153,165,11301246_C_ToppingcornIceCream_F.gltf,11301246_c_toppingcornicecream_d.png,11301246_c_toppingcornicecream_c.png,0,
11301516,춤추는 꽃,11304804,244,189,88,163,121,39,11304804_C_DancingFlow.gltf,11304804_c_dancingflower_d.png,11304804_c_dancingflower_c.png,None,
11301517,에나멜 스트라이프 리본,11301142,170,47,47,96,19,19,11301142_C_Ribbon02_F.gltf,11301142_c_ribbon02_d.png,11301142_c_ribbon02_c.png,0,
11301518,행운의 녹색 모자,11304817,63,59,51,20,18,15,11304817_C_CloverHat_F.gltf,11304817_c_cloverhat_d.png,11304817_c_cloverhat_d.png,0,
11301519,벚꽃 나들이 머리띠,11304826,63,59,51,20,18,15,11304826_C_CherryblossomEvent_A.gltf,11304826_c_cherryblossomevent_d.png,11304826_c_cherryblossomevent_d.png,0,
11301520,요랑의 꽃잎,11301520,63,59,51,20,18,15,11301520_C_MorangBrokerFlower_A.gltf,11301520_c_morangbrokerflower_d.png,11301520_c_morangbrokerflower_d.png,0,
11301521,살랑 나비 머리핀 (남),11301521,244,189,88,163,121,39,11301521_M_CPGentlyButterfly_F.gltf,11301521_c_cpgentlybutterfly_d.png,11301521_c_cpgentlybutterfly_c.png,0,
11301522,살랑 나비 머리핀 (여),11301522,244,189,88,163,121,39,11301522_F_CPGentlyButterfly_F.gltf,11301521_c_cpgentlybutterfly_d.png,11301521_c_cpgentlybutterfly_c.png,0,
11301523,팬시 고딕 크라운 (남),11301523,170,47,47,96,19,19,11301523_C_CPGothic02_F.gltf,11301523_c_cpgothic02_d.png,11301523_c_cpgothic02_c.png,0,
11301524,팬시 고딕 크라운 (여),11301524,170,47,47,96,19,19,11301523_C_CPGothic02_F.gltf,11301523_c_cpgothic02_d.png,11301523_c_cpgothic02_c.png,0,
11301530,다크캣 펑키 교복 모자 (남),11301530,63,59,51,20,18,15,11301530_C_CPSchoolLook02_F.gltf,11301530_c_cpschoollook02_d.png,11301530_c_cpschoollook02_c.png,0,
11301531,다크캣 펑키 교복 모자 (여),11301531,63,59,51,20,18,15,11301530_C_CPSchoolLook02_F.gltf,11301530_c_cpschoollook02_d.png,11301530_c_cpschoollook02_c.png,0,
11301534,겨울동화 눈꽃 왕관 (남),11301534,76,105,181,23,40,79,11301534_C_CPFrozen03_A.gltf,11301534_c_cpfrozen03_d.png,11301534_c_cpfrozen03_c.png,0,
11301535,겨울동화 눈꽃 왕관 (여),11301534,76,105,181,23,40,79,11301534_C_CPFrozen03_A.gltf,11301534_c_cpfrozen03_d.png,11301534_c_cpfrozen03_c.png,0,
11301544,힙스터 냥이 볼캡,11301544,63,59,51,20,18,15,11301544_C_CatBallCap01_C.gltf,11301544_c_catballcap01_d.png,11301544_c_catballcap01_c.png,8,
11301545,호루스 헬름,11300442,63,59,51,20,18,15,11300131_C_CPHorusHelm_D.gltf,11300131_c_cphorushelm_d.png,11300131_c_cphorushelm_d.png,13,
11301546,리카오 모자,11300040,63,59,51,20,18,15,11300061_C_HalyCaoCap_C.gltf,11300061_c_halycaocap_d.png,11300061_c_halycaocap_d.png,8,
11301547,데보라크의 뿔,11300094,63,59,51,20,18,15,11300094_C_ShamanHorn_A.gltf,11300094_c_shamanhorn_d.png,11300094_c_shamanhorn_d.png,0,
11301548,혼돈의 뿔,11300437,63,59,51,20,18,15,11300091_C_CPColdBloodedHorn_A.gltf,11300091_c_cpcoldbloodedhorn_d.png,11300091_c_cpcoldbloodedhorn_d.png,0,
11301551,순둥이 햄스터 모자,11301551,63,59,51,20,18,15,11301551_C_Hamster.gltf,11301551_c_hamster01_d.png,11301551_c_hamster01_d.png,None,
11301552,순둥이 햄스터 모자,11301551,63,59,51,20,18,15,11301551_C_Hamster.gltf,11301551_c_hamster01_d.png,11301551_c_hamster01_d.png,None,
11301562,빙글빙글 바람개비,11301562,244,189,88,163,121,39,11301562_C_Pinwheel.gltf,11301562_c_pinwheel01_d.png,11301562_c_pinwheel01_c.png,None,
11301571,혁이는 외계인,11301273,122,92,77,53,39,29,11301246_C_ToppingcornIceCream_F.gltf,11301246_c_toppingcornicecream_d.png,11301246_c_toppingcornicecream_c.png,0,
11301572,(PC방) 엘리트 어드벤쳐 배틀 헬맷 (나이트),11309996,63,59,51,20,18,15,11300004_C_CPSilverOrihalc.gltf,11300004_c_cpsilverorihalcon_d.png,11300004_c_cpsilverorihalcon_d.png,None,
11301573,(PC방) 엘리트 어드벤쳐 배틀 헬맷 (버서커),11309996,63,59,51,20,18,15,11300004_C_CPSilverOrihalc.gltf,11300004_c_cpsilverorihalcon_d.png,11300004_c_cpsilverorihalcon_d.png,None,
11301574,(PC방) 엘리트 어드벤쳐 매직 햇 (위자드),11300087,63,59,51,20,18,15,11300003_F_CPConeHat_C.gltf,11300003_f_cpconehat_d.png,11300003_f_cpconehat_c.png,8,
11301575,(PC방) 엘리트 어드벤쳐 매직 햇 (프리스트),11300087,63,59,51,20,18,15,11300003_F_CPConeHat_C.gltf,11300003_f_cpconehat_d.png,11300003_f_cpconehat_c.png,8,
11301576,(PC방) 엘리트 어드벤쳐 스카우트 햇 (레인저),11300120,63,59,51,20,18,15,11300120_C_CPMilitiaHat_C.gltf,11300120_c_cpmilitiahat_d.png,11300120_c_cpmilitiahat_c.png,8,
11301577,(PC방) 엘리트 어드벤쳐 스카우트 햇 (헤비거너),11300120,63,59,51,20,18,15,11300120_C_CPMilitiaHat_C.gltf,11300120_c_cpmilitiahat_d.png,11300120_c_cpmilitiahat_c.png,8,
11301578,(PC방) 엘리트 어드벤쳐 스니킹 오브젝트 (시프),11300065,63,59,51,20,18,15,01300027_C_HotDumplingDish_A.gltf,01300027_c_hotdumplingdish_d.png,01300027_c_hotdumplingdish_d.png,0,
11301579,(PC방) 엘리트 어드벤쳐 스니킹 오브젝트 (어쌔신),11300065,63,59,51,20,18,15,01300027_C_HotDumplingDish_A.gltf,01300027_c_hotdumplingdish_d.png,01300027_c_hotdumplingdish_d.png,0,
11301580,(PC방) 엘리트 어드벤쳐 배틀 헬맷 (룬블레이더),11309996,63,59,51,20,18,15,11300004_C_CPSilverOrihalc.gltf,11300004_c_cpsilverorihalcon_d.png,11300004_c_cpsilverorihalcon_d.png,None,
11301581,(PC방) 엘리트 어드벤쳐 마샬 써클릿 (스트라이커),11300551,63,59,51,20,18,15,11300551_C_CPFighter07_A.gltf,11300551_c_cpfighter07_d.png,11300551_c_cpfighter07_c.png,0,
11301582,(PC방) 엘리트 어드벤쳐 마샬 써클릿 (소울바인더),11300551,63,59,51,20,18,15,11300551_C_CPFighter07_A.gltf,11300551_c_cpfighter07_d.png,11300551_c_cpfighter07_c.png,0,
11301589,신비한 자쿰의 투구,11300188,63,59,51,20,18,15,11300188_C_CPZakumHelm_D.gltf,11300188_c_cpzakumhelm_d.png,11300188_c_cpzakumhelm_d.png,13,
11301591,낡은 투기장의 모자,11300745,63,59,51,20,18,15,11300745_C_CPArenaA01_A.gltf,11300745_c_cparenaa01_d.png,11300745_c_cparenaa01_c.png,0,
11301592,낡은 투기장의 모자,11300745,63,59,51,20,18,15,11300745_C_CPArenaA01_A.gltf,11300745_c_cparenaa01_d.png,11300745_c_cparenaa01_c.png,0,
11301593,낡은 투기장의 모자,11300745,63,59,51,20,18,15,11300745_C_CPArenaA01_A.gltf,11300745_c_cparenaa01_d.png,11300745_c_cparenaa01_c.png,0,
11301594,낡은 투기장의 모자,11300745,63,59,51,20,18,15,11300745_C_CPArenaA01_A.gltf,11300745_c_cparenaa01_d.png,11300745_c_cparenaa01_c.png,0,
11301595,낡은 투기장의 모자,11300745,63,59,51,20,18,15,11300745_C_CPArenaA01_A.gltf,11300745_c_cparenaa01_d.png,11300745_c_cparenaa01_c.png,0,
11301596,낡은 투기장의 모자,11300745,63,59,51,20,18,15,11300745_C_CPArenaA01_A.gltf,11300745_c_cparenaa01_d.png,11300745_c_cparenaa01_c.png,0,
11301597,낡은 투기장의 모자,11300745,63,59,51,20,18,15,11300745_C_CPArenaA01_A.gltf,11300745_c_cparenaa01_d.png,11300745_c_cparenaa01_c.png,0,
11301598,낡은 투기장의 모자,11300745,63,59,51,20,18,15,11300745_C_CPArenaA01_A.gltf,11300745_c_cparenaa01_d.png,11300745_c_cparenaa01_c.png,0,
11301599,낡은 투기장의 모자,11300745,63,59,51,20,18,15,11300745_C_CPArenaA01_A.gltf,11300745_c_cparenaa01_d.png,11300745_c_cparenaa01_c.png,0,
11301600,낡은 투기장의 모자,11300745,63,59,51,20,18,15,11300745_C_CPArenaA01_A.gltf,11300745_c_cparenaa01_d.png,11300745_c_cparenaa01_c.png,0,
11301601,낡은 투기장의 모자,11300745,63,59,51,20,18,15,11300745_C_CPArenaA01_A.gltf,11300745_c_cparenaa01_d.png,11300745_c_cparenaa01_c.png,0,
11301602,블랙 엠퍼러 모자 (나이트),11301276,63,59,51,20,18,15,11301276_C_CPBlackEmperorArmor_A.gltf,11301276_c_cpblackemperorarmor_d.png,11301276_c_cpblackemperorarmor_c.png,0,
11301603,블랙 엠퍼러 모자 (버서커),11301276,63,59,51,20,18,15,11301276_C_CPBlackEmperorArmor_A.gltf,11301276_c_cpblackemperorarmor_d.png,11301276_c_cpblackemperorarmor_c.png,0,
11301604,블랙 엠퍼러 모자 (위자드),11301276,63,59,51,20,18,15,11301276_C_CPBlackEmperorArmor_A.gltf,11301276_c_cpblackemperorarmor_d.png,11301276_c_cpblackemperorarmor_c.png,0,
11301605,블랙 엠퍼러 모자 (프리스트),11301276,63,59,51,20,18,15,11301276_C_CPBlackEmperorArmor_A.gltf,11301276_c_cpblackemperorarmor_d.png,11301276_c_cpblackemperorarmor_c.png,0,
11301606,블랙 엠퍼러 모자 (레인저),11301276,63,59,51,20,18,15,11301276_C_CPBlackEmperorArmor_A.gltf,11301276_c_cpblackemperorarmor_d.png,11301276_c_cpblackemperorarmor_c.png,0,
11301607,블랙 엠퍼러 모자 (헤비거너),11301276,63,59,51,20,18,15,11301276_C_CPBlackEmperorArmor_A.gltf,11301276_c_cpblackemperorarmor_d.png,11301276_c_cpblackemperorarmor_c.png,0,
11301608,블랙 엠퍼러 모자 (시프),11301276,63,59,51,20,18,15,11301276_C_CPBlackEmperorArmor_A.gltf,11301276_c_cpblackemperorarmor_d.png,11301276_c_cpblackemperorarmor_c.png,0,
11301609,블랙 엠퍼러 모자 (어쌔신),11301276,63,59,51,20,18,15,11301276_C_CPBlackEmperorArmor_A.gltf,11301276_c_cpblackemperorarmor_d.png,11301276_c_cpblackemperorarmor_c.png,0,
11301610,블랙 엠퍼러 모자 (룬블레이더),11301276,63,59,51,20,18,15,11301276_C_CPBlackEmperorArmor_A.gltf,11301276_c_cpblackemperorarmor_d.png,11301276_c_cpblackemperorarmor_c.png,0,
11301611,블랙 엠퍼러 모자 (스트라이커),11301276,63,59,51,20,18,15,11301276_C_CPBlackEmperorArmor_A.gltf,11301276_c_cpblackemperorarmor_d.png,11301276_c_cpblackemperorarmor_c.png,0,
11301612,블랙 엠퍼러 모자 (소울바인더),11301276,63,59,51,20,18,15,11301276_C_CPBlackEmperorArmor_A.gltf,11301276_c_cpblackemperorarmor_d.png,11301276_c_cpblackemperorarmor_c.png,0,
11301613,크리스탈 샤인드 모자 (나이트),11301277,63,59,51,20,18,15,11301277_C_CPCrystalShine_A.gltf,11301277_c_cpcrystalshine_d.png,11301277_c_cpcrystalshine_c.png,0,
11301614,크리스탈 샤인드 모자 (버서커),11301277,63,59,51,20,18,15,11301277_C_CPCrystalShine_A.gltf,11301277_c_cpcrystalshine_d.png,11301277_c_cpcrystalshine_c.png,0,
11301615,크리스탈 샤인드 모자 (위자드),11301277,63,59,51,20,18,15,11301277_C_CPCrystalShine_A.gltf,11301277_c_cpcrystalshine_d.png,11301277_c_cpcrystalshine_c.png,0,
11301616,크리스탈 샤인드 모자 (프리스트),11301277,63,59,51,20,18,15,11301277_C_CPCrystalShine_A.gltf,11301277_c_cpcrystalshine_d.png,11301277_c_cpcrystalshine_c.png,0,
11301617,크리스탈 샤인드 모자 (레인저),11301277,63,59,51,20,18,15,11301277_C_CPCrystalShine_A.gltf,11301277_c_cpcrystalshine_d.png,11301277_c_cpcrystalshine_c.png,0,
11301618,크리스탈 샤인드 모자 (헤비거너),11301277,63,59,51,20,18,15,11301277_C_CPCrystalShine_A.gltf,11301277_c_cpcrystalshine_d.png,11301277_c_cpcrystalshine_c.png,0,
11301619,크리스탈 샤인드 모자 (시프),11301277,63,59,51,20,18,15,11301277_C_CPCrystalShine_A.gltf,11301277_c_cpcrystalshine_d.png,11301277_c_cpcrystalshine_c.png,0,
11301620,크리스탈 샤인드 모자 (어쌔신),11301277,63,59,51,20,18,15,11301277_C_CPCrystalShine_A.gltf,11301277_c_cpcrystalshine_d.png,11301277_c_cpcrystalshine_c.png,0,
11301621,크리스탈 샤인드 모자 (룬블레이더),11301277,63,59,51,20,18,15,11301277_C_CPCrystalShine_A.gltf,11301277_c_cpcrystalshine_d.png,11301277_c_cpcrystalshine_c.png,0,
11301622,크리스탈 샤인드 모자 (스트라이커),11301277,63,59,51,20,18,15,11301277_C_CPCrystalShine_A.gltf,11301277_c_cpcrystalshine_d.png,11301277_c_cpcrystalshine_c.png,0,
11301623,크리스탈 샤인드 모자 (소울바인더),11301277,63,59,51,20,18,15,11301277_C_CPCrystalShine_A.gltf,11301277_c_cpcrystalshine_d.png,11301277_c_cpcrystalshine_c.png,0,
11304762,하랑 면류관 (남),11300747,63,59,51,20,18,15,11300747_M_CPTraditionalWedding_C.gltf,11300747_m_cptraditionalwedding_d.png,11300747_m_cptraditionalwedding_c.png,8,
11304763,나예 가체 (여),11300748,63,59,51,20,18,15,11300748_F_CPTraditionalWedding_E.gltf,11300748_f_cptraditionalwedding_d.png,11300748_f_cptraditionalwedding_c.png,8,
11304764,샤인 스타 베레모 (남),11300870,126,204,247,72,94,168,11300870_M_CPIdolBand_F.gltf,11300870_c_cpidolband_d.png,11300870_c_cpidolband_c.png,0,
11304765,샤인 스타 베레모 (여),11300871,126,204,247,72,94,168,11300871_F_CPIdolBand_F.gltf,11300870_c_cpidolband_d.png,11300870_c_cpidolband_c.png,0,
11304766,타오르는 눈꽃 서클릿,11304766,63,59,51,20,18,15,11304766_C_Habi01_A.gltf,11304766_c_habi01_d.png,11304766_c_habi01_d.png,0,
11304768,청개굴 모자,11304768,194,209,96,64,104,54,11304768_C_CPFrog_E.gltf,11304768_c_cpfrog_d.png,11304768_c_cpfrog_c.png,15,
11304769,마시멜로 캔디 머리띠,11304769,255,168,203,205,86,106,11304769_C_CPLollipop_A.gltf,11304769_c_cplollipop_d.png,11304769_c_cplollipop_c.png,0,
11304770,잠자는 토끼 모자,11304770,230,230,230,150,150,150,11304770_C_SleepingRabb.gltf,11304770_c_sleepingrabbit_d.png,11304770_c_sleepingrabbit_c.png,None,
11304771,글로시 하트 머리띠,11304771,170,47,47,96,19,19,11304771_C_GlossyHeart_A.gltf,11304771_c_glossyheart_d.png,11304771_c_glossyheart_c.png,0,
11304772,오리엔탈 엔젤 크라운 (남),11304772,255,168,203,205,86,106,11390939_C_CPOrientalAngel_A.gltf,11390939_c_cporientalangel_d.png,11390939_c_cporientalangel_c.png,0,
11304773,오리엔탈 엔젤 플라워 (여),11304773,255,168,203,205,86,106,11390940_C_CPOrientalAngel_A.gltf,11390940_c_cporientalangel_d.png,11390940_c_cporientalangel_c.png,0,
11304774,은하수 별빛 여우 귀 (남),11304774,76,105,181,23,40,79,11304774_C_CPGalaxyFox_A.gltf,11304774_c_cpgalaxyfox_d.png,11304774_c_cpgalaxyfox_c.png,0,
11304775,은하수 별빛 여우 귀 (여),11304775,76,105,181,23,40,79,11304774_C_CPGalaxyFox_A.gltf,11304774_c_cpgalaxyfox_d.png,11304774_c_cpgalaxyfox_c.png,0,
11304776,머쉬킹 쥬얼 크라운 : 브론즈,11304776,63,59,51,20,18,15,11304776_C_MushroomRichKing01_C.gltf,11304776_c_mushroomrichking01_d.png,11304776_c_mushroomrichking01_d.png,8,
11304777,머쉬킹 쥬얼 크라운 : 실버,11304777,63,59,51,20,18,15,11304777_C_MushroomRichKing02_C.gltf,11304777_c_mushroomrichking02_d.png,11304777_c_mushroomrichking02_d.png,8,
11304778,머쉬킹 쥬얼 크라운 : 골드,11304778,63,59,51,20,18,15,11304778_C_MushroomRichKing03_C.gltf,11304778_c_mushroomrichking03_d.png,11304778_c_mushroomrichking03_d.png,8,
11304779,디그니티 아머 크라운 (남),11304779,170,47,47,96,19,19,11304779_C_CPOrientalDignity_F.gltf,11304779_c_cporientaldignity_d.png,11304779_c_cporientaldignity_c.png,0,
11304780,디그니티 아머 크라운 (여),11304780,170,47,47,96,19,19,11304779_C_CPOrientalDignity_F.gltf,11304779_c_cporientaldignity_d.png,11304779_c_cporientaldignity_c.png,0,
11304781,펑키 네온 캣 버디핀 (남),11304781,147,226,242,89,153,165,11304781_C_CPFunkyNeonCat_A.gltf,11304781_c_cpfunkyneoncat_d.png,11304781_c_cpfunkyneoncat_c.png,0,
11304782,펑키 네온 캣 버디핀 (여),11304782,147,226,242,89,153,165,11304781_C_CPFunkyNeonCat_A.gltf,11304781_c_cpfunkyneoncat_d.png,11304781_c_cpfunkyneoncat_c.png,0,
11304783,쿨링쿨링 마린 햇 (남),11304783,230,230,230,150,150,150,11304783_C_CPMarine02_F.gltf,11304783_c_cpmarine02_d.png,11304783_c_cpmarine02_c.png,0,
11304784,쿨링쿨링 마린 햇 (여),11304784,230,230,230,150,150,150,11304783_C_CPMarine02_F.gltf,11304783_c_cpmarine02_d.png,11304783_c_cpmarine02_c.png,0,
11304785,펑키 카우보이 햇 (남),11304785,158,83,63,68,31,19,11304785_C_CPCowPuncher_F.gltf,11304785_c_cpcowpuncher_d.png,11304785_c_cpcowpuncher_c.png,0,
11304786,펑키 카우보이 햇 (여),11304786,158,83,63,68,31,19,11304785_C_CPCowPuncher_F.gltf,11304785_c_cpcowpuncher_d.png,11304785_c_cpcowpuncher_c.png,0,
11304787,데보라크의 뿔,11300094,63,59,51,20,18,15,11300094_C_ShamanHorn_A.gltf,11300094_c_shamanhorn_d.png,11300094_c_shamanhorn_d.png,0,
11304788,오드리 튜튜 깃털 장식 (남),11304788,76,105,181,23,40,79,11304788_C_CPBallet01_A.gltf,11304788_c_cpballet01_d.png,11304788_c_cpballet01_c.png,0,
11304789,오드리 튜튜 깃털 장식 (여),11304789,76,105,181,23,40,79,11304788_C_CPBallet01_A.gltf,11304788_c_cpballet01_d.png,11304788_c_cpballet01_c.png,0,
11304790,일루셔니스트 깃털 모자 (남),11304790,170,47,47,96,19,19,11304790_C_CPFairyMagician_F.gltf,11304790_c_cpfairymagician_d.png,11304790_c_cpfairymagician_c.png,0,
11304791,일루셔니스트 깃털 모자 (여),11304791,170,47,47,96,19,19,11304790_C_CPFairyMagician_F.gltf,11304790_c_cpfairymagician_d.png,11304790_c_cpfairymagician_c.png,0,
11304792,생일 축하 모자 (3일),11301062,255,168,203,205,86,106,11301062_C_CPBirthday01_F.gltf,11301062_c_cpbirthday01_d.png,11301062_c_cpbirthday01_c.png,0,
11304793,맛있는 수박 모자 (3일),11300055,63,59,51,20,18,15,01300014_C_WaterMelon_A.gltf,01300014_c_watermelon_d.png,01300014_c_watermelon_d.png,0,
11304794,오렌지 모자 (3일),11300196,63,59,51,20,18,15,11300196_C_Orange_A.gltf,11300196_c_orange_d.png,11300196_c_orange_d.png,0,
11304795,상어 모자 (3일),11300192,126,204,247,72,94,168,11300192_C_Shark_E.gltf,11300192_c_shark_d.png,11300192_c_shark_c.png,15,
11304796,메2정보통 리포터 모자,11300180,63,59,51,20,18,15,11300180_C_MapleReporter_C.gltf,11300180_c_maplereporter_d.png,11300180_c_maplereporter_d.png,8,
11304799,사랑하는 너와 함께 LO,11304799,63,59,51,20,18,15,11304799_C_77Event01_A.gltf,11304799_c_77event01_d.png,11304799_c_77event01_d.png,0,
11304800,사랑하는 너와 함께 VE,11304800,63,59,51,20,18,15,11304800_C_77Event02_A.gltf,11304800_c_77event02_d.png,11304800_c_77event02_d.png,0,
11304802,장미꽃 머리장식,11304802,170,47,47,96,19,19,11304802_C_RoseHairPin_F.gltf,11304802_c_rosehairpin_d.png,11304802_c_rosehairpin_c.png,0,
11304803,나비핀 머리장식,11304803,126,204,247,72,94,168,11304803_C_ButterflyPin_F.gltf,11304803_c_butterflypin_d.png,11304803_c_butterflypin_c.png,0,
11304804,춤추는 꽃,11304804,244,189,88,163,121,39,11304804_C_DancingFlow.gltf,11304804_c_dancingflower_d.png,11304804_c_dancingflower_c.png,None,
11304805,잠자는 토끼 모자,11304770,230,230,230,150,150,150,11304770_C_SleepingRabb.gltf,11304770_c_sleepingrabbit_d.png,11304770_c_sleepingrabbit_c.png,None,
11304806,반짝이는 호박 모자,11304806,249,137,77,147,60,20,11304806_C_Thanksgiving_C.gltf,11304806_c_thanksgiving_d.png,11304806_c_thanksgiving_c.png,8,
11304809,으스스한 삿갓 모자,11304809,170,47,47,96,19,19,11304809_C_CPHalloween04_C.gltf,11304809_c_cphalloween04_d.png,11304809_c_cphalloween04_c.png,8,
11304813,블랙키튼 메이드 스터드 머리띠 (남),11304813,244,189,88,163,121,39,11304813_C_CPMaid01Black_A.gltf,11304813_c_cpmaid01black_d.png,11301071_c_cpmaid01_c.png,0,
11304814,블랙키튼 메이드 프릴 머리띠 (여),11304814,63,59,51,20,18,15,11304814_C_CPMaid01Black_A.gltf,11304813_c_cpmaid01black_d.png,11301071_c_cpmaid01_c.png,0,
11304815,마드리아 인형 모자,11304815,63,59,51,20,18,15,11304815_C_MadriaDo.gltf,11304815_c_madriadoll_d.png,11304815_c_madriadoll_d.png,None,
11304816,콩콩 캥거루 모자,11304816,63,59,51,20,18,15,11304816_C_Kangaroo_E.gltf,11304816_c_kangaroo_d.png,11304816_c_kangaroo_d.png,15,
11304817,행운의 녹색 모자,11304817,63,59,51,20,18,15,11304817_C_CloverHat_F.gltf,11304817_c_cloverhat_d.png,11304817_c_cloverhat_d.png,0,
11304818,꼬끼오 닭 모자,11304818,63,59,51,20,18,15,11304820_C_PigEvent.gltf,11304820_pigevent04_d.png,11304820_pigevent04_d.png,None,
11304819,행운의 붉은 모자,11304819,63,59,51,20,18,15,11304820_C_PigEvent.gltf,11304820_pigevent04_d.png,11304820_pigevent04_d.png,None,
11304820,따끈따끈 돼지 만두 모자,11304820,63,59,51,20,18,15,11304820_C_PigEvent.gltf,11304820_pigevent04_d.png,11304820_pigevent04_d.png,None,
11304821,러블리 하트 리본,11300743,170,47,47,96,19,19,11300743_C_CPValentine_F.gltf,11300743_c_cpvalentine_d.png,11300743_c_cpvalentine_c.png,0,
11304823,춤추는 꽃,11304804,244,189,88,163,121,39,11304804_C_DancingFlow.gltf,11304804_c_dancingflower_d.png,11304804_c_dancingflower_c.png,None,
11304824,LOVE 완전체 머리띠,11304824,63,59,51,20,18,15,11304824_C_77Event03_A.gltf,11304824_c_77event03_d.png,11304824_c_77event03_d.png,0,
11304825,나른한 바키볼 모자,11304825,63,59,51,20,18,15,11304825_C_EasterEgg.gltf,11304825_c_easteregg01_d.png,11304825_c_easteregg01_d.png,None,
11304826,벚꽃 나들이 머리띠,11304826,63,59,51,20,18,15,11304826_C_CherryblossomEvent_A.gltf,11304826_c_cherryblossomevent_d.png,11304826_c_cherryblossomevent_d.png,0,
11304827,토끼 머리띠,11300049,63,59,51,20,18,15,01300004_C_RabbitEar_A.gltf,01300004_c_rabbitear_d.png,01300004_c_rabbitear_d.png,0,
11304828,테루테루보즈,11304828,126,204,247,72,94,168,11304828_C_RainDo.gltf,11304828_c_raindoll_d.png,11304828_c_raindoll_c.png,None,
11304830,핑크빈 모자,11304830,63,59,51,20,18,15,11304830_C_Pinkbean.gltf,11304830_c_pinkbean01_d.png,11304830_c_pinkbean01_d.png,None,
11304831,핑크빈 모자,11304830,63,59,51,20,18,15,11304830_C_Pinkbean.gltf,11304830_c_pinkbean01_d.png,11304830_c_pinkbean01_d.png,None,
11304833,리본 꽃 장식,11304833,255,168,203,205,86,106,11304833_C_Flower01_F.gltf,11304833_c_flower01_d.png,11304833_c_flower01_c.png,0,
11304834,말랑말랑 찹쌀떡 모자,11304834,170,47,47,96,19,19,11304834_C_OrangeRiceCa.gltf,11304834_c_orangericecake_d.png,11304834_c_orangericecake_c.png,None,
11304835,도깨비 모자,11304835,170,47,47,96,19,19,11304835_C_Devil01_F.gltf,11304835_c_devil01_d.png,11304835_c_devil01_c.png,0,
11304836,행운의 클로버 머리띠,11304836,63,59,51,20,18,15,11304836_C_CloverGreen_A.gltf,11304836_c_clovergreen_d.png,11304836_c_clovergreen_d.png,0,
11304837,로열 다크니스 헤일로 (남),11304837,244,189,88,163,121,39,11304837_C_CPDarkFantasy_A.gltf,11304837_c_cpdarkfantasy_d.png,11304837_c_cpdarkfantasy_c.png,0,
11304838,로열 다크니스 헤일로 (여),11304838,244,189,88,163,121,39,11304837_C_CPDarkFantasy_A.gltf,11304837_c_cpdarkfantasy_d.png,11304837_c_cpdarkfantasy_c.png,0,
11304840,성실한 모험가의 벙거지,11300001,63,59,51,20,18,15,11300001_C_AdventurerCap_C.gltf,11300001_c_adventurercap_d.png,11300001_c_adventurercap_d.png,8,
11304845,휘핑크림 체리 햇,11304845,170,47,47,96,19,19,11304845_C_Cherry01_F.gltf,11304845_c_cherry01_d.png,11304845_c_cherry01_c.png,0,
11304857,성실한 모험가의 벙거지 (30일),11300001,63,59,51,20,18,15,11300001_C_AdventurerCap_C.gltf,11300001_c_adventurercap_d.png,11300001_c_adventurercap_d.png,8,
11304858,산타의 겨울눈송이 헤드폰 (7일),11300210,230,230,230,150,150,150,11300210_C_CPStudioHeadphone01_A.gltf,11300210_c_cpstudioheadphone01_d.png,11300211_c_cpstudioheadphone02_c.png,0,
11304859,산타의 겨울눈송이 헤드폰 (30일),11300210,230,230,230,150,150,150,11300210_C_CPStudioHeadphone01_A.gltf,11300210_c_cpstudioheadphone01_d.png,11300211_c_cpstudioheadphone02_c.png,0,
11304860,산타의 겨울눈송이 헤드폰 (90일),11300210,230,230,230,150,150,150,11300210_C_CPStudioHeadphone01_A.gltf,11300210_c_cpstudioheadphone01_d.png,11300211_c_cpstudioheadphone02_c.png,0,
11304861,엘프의 겨울눈송이 헤드폰 (7일),11300211,230,230,230,150,150,150,11300211_C_CPStudioHeadphone02_A.gltf,11300211_c_cpstudioheadphone02_d.png,11300211_c_cpstudioheadphone02_c.png,0,
11304862,더키 모자 (7일),11300212,244,189,88,163,121,39,11300212_C_DuckyBallCap01_C.gltf,11300212_c_duckyballcap01_d.png,11300212_c_duckyballcap01_c.png,8,
11304863,더키 모자 (30일),11300212,244,189,88,163,121,39,11300212_C_DuckyBallCap01_C.gltf,11300212_c_duckyballcap01_d.png,11300212_c_duckyballcap01_c.png,8,
11304864,더키 모자,11300212,244,189,88,163,121,39,11300212_C_DuckyBallCap01_C.gltf,11300212_c_duckyballcap01_d.png,11300212_c_duckyballcap01_c.png,8,
11304865,겨울 눈꽃 헤드폰,11304865 ,230,230,230,150,150,150,11304865_C_CPStudioHeadphone03_A.gltf,11304865_c_cpstudioheadphone03_d.png,11304865_c_cpstudioheadphone03_c.png,0,
11304866,산타의 겨울눈송이 헤드폰,11300210,230,230,230,150,150,150,11300210_C_CPStudioHeadphone01_A.gltf,11300210_c_cpstudioheadphone01_d.png,11300211_c_cpstudioheadphone02_c.png,0,
11304867,엘프의 겨울눈송이 헤드폰,11300211,230,230,230,150,150,150,11300211_C_CPStudioHeadphone02_A.gltf,11300211_c_cpstudioheadphone02_d.png,11300211_c_cpstudioheadphone02_c.png,0,
11304868,겨울 눈꽃 헤드폰 (30일),11304865 ,230,230,230,150,150,150,11304865_C_CPStudioHeadphone03_A.gltf,11304865_c_cpstudioheadphone03_d.png,11304865_c_cpstudioheadphone03_c.png,0,
11309996,오리할콘 모자,11309996,63,59,51,20,18,15,11300004_C_CPSilverOrihalc.gltf,11300004_c_cpsilverorihalcon_d.png,11300004_c_cpsilverorihalcon_d.png,None,
11309997,블러드 레퀴엠 모자,11309997,63,59,51,20,18,15,11300005_C_CPBloodRequiem_A.gltf,11300005_c_cpbloodrequiem_d.png,11300005_c_cpbloodrequiem_c.png,0,
11309998,피닉스 모자,11309998,63,59,51,20,18,15,11300006_C_CPPhoenixFeather_C.gltf,11300006_c_cpphoenixfeather_d.png,11300006_c_cpphoenixfeather_c.png,8,
11309999,설설이의 철갑 투구,11309999,63,59,51,20,18,15,11300002_C_Viking_D.gltf,11300002_c_viking_d.png,11300002_c_viking_c.png,13,
11310001,(PC방) 하얀 고양이 귀,11300325,63,59,51,20,18,15,11300325_C_WhiteCatEars_A.gltf,11300325_c_whitecatears_d.png,11300325_c_whitecatears_d.png,0,
11320001,팬시 고딕 크라운 (남),11301523,170,47,47,96,19,19,11301523_C_CPGothic02_F.gltf,11301523_c_cpgothic02_d.png,11301523_c_cpgothic02_c.png,0,
11320002,팬시 고딕 크라운 (여),11301524,170,47,47,96,19,19,11301523_C_CPGothic02_F.gltf,11301523_c_cpgothic02_d.png,11301523_c_cpgothic02_c.png,0,
11320003,다크캣 펑키 교복 모자 (남),11301530,63,59,51,20,18,15,11301530_C_CPSchoolLook02_F.gltf,11301530_c_cpschoollook02_d.png,11301530_c_cpschoollook02_c.png,0,
11320004,다크캣 펑키 교복 모자 (여),11301531,63,59,51,20,18,15,11301530_C_CPSchoolLook02_F.gltf,11301530_c_cpschoollook02_d.png,11301530_c_cpschoollook02_c.png,0,
11320007,유니콘 챔피언 혼 (남),11301495,255,168,203,205,86,106,11301495_C_CPUnicorn01_A.gltf,11301495_c_cpunicorn01_d.png,11301495_c_cpunicorn01_c.png,0,
11320008,유니콘 챔피언 혼 (여),11301496,255,168,203,205,86,106,11301495_C_CPUnicorn01_A.gltf,11301495_c_cpunicorn01_d.png,11301495_c_cpunicorn01_c.png,0,
11320009,스노우 테일 햇 (남),11301244,76,105,181,23,40,79,11301244_C_CPFrozen02_A.gltf,11301244_c_cpfrozen02_d.png,11301244_c_cpfrozen02_c.png,0,
11320010,스노우 테일 햇 (여),11301244,76,105,181,23,40,79,11301244_C_CPFrozen02_A.gltf,11301244_c_cpfrozen02_d.png,11301244_c_cpfrozen02_c.png,0,
11320013,메리메리 산타 크라운 (남),11300711,170,47,47,96,19,19,11300711_C_CPChristmas01_F.gltf,11300711_c_cpchristmas01_d.png,11300711_c_cpchristmas01_c.png,0,
11320014,메리메리 산타 크라운 (여),11300712,170,47,47,96,19,19,11300711_C_CPChristmas01_F.gltf,11300711_c_cpchristmas01_d.png,11300711_c_cpchristmas01_c.png,0,
11320017,프로즌 로즈 리프 (남),11300481,63,59,51,20,18,15,11300481_C_CPFrozenRose_A.gltf,11300481_c_cpfrozenrose_d.png,11300481_c_cpfrozenrose_d.png,0,
11320018,프로즌 로즈 리프 (여),11300481,63,59,51,20,18,15,11300481_C_CPFrozenRose_A.gltf,11300481_c_cpfrozenrose_d.png,11300481_c_cpfrozenrose_d.png,0,
11320019,모던 한복 검정갓 (남),11320019,63,59,51,20,18,15,11320019_C_CPHanbok04_C.gltf,11320019_m_cphanbok04_d.png,11320019_m_cphanbok04_c.png,8,
11320020,모던 한복 금비녀 가체 (여),11320020,122,92,77,53,39,29,11320020_C_CPHanbok04_E.gltf,11320020_f_cphanbok04_d.png,11320020_f_cphanbok04_c.png,8,
11320021,은하수 별빛 여우 귀 (남),11304774,76,105,181,23,40,79,11304774_C_CPGalaxyFox_A.gltf,11304774_c_cpgalaxyfox_d.png,11304774_c_cpgalaxyfox_c.png,0,
11320022,은하수 별빛 여우 귀 (여),11304775,76,105,181,23,40,79,11304774_C_CPGalaxyFox_A.gltf,11304774_c_cpgalaxyfox_d.png,11304774_c_cpgalaxyfox_c.png,0,
11320023,발렌타인 팔각 베레모 (남),11320023,63,59,51,20,18,15,11301587_C_CPValentine04_C.gltf,11301587_c_cpvalentine04_d.png,11301587_c_cpvalentine04_c.png,8,
11320024,발렌타인 팔각 베레모 (여),11320024,63,59,51,20,18,15,11301587_C_CPValentine04_C.gltf,11301587_c_cpvalentine04_d.png,11301587_c_cpvalentine04_c.png,8,
11320025,스칼렛 로지 실크햇 (남),11300749,170,47,47,96,19,19,11300749_C_CPValentine01_F.gltf,11300749_c_cpvalentine01_d.png,11300749_c_cpvalentine01_c.png,0,
11320026,스칼렛 로지 헤어핀 (여),11300750,170,47,47,96,19,19,11300750_C_CPValentine01_F.gltf,11300750_c_cpvalentine01_d.png,11300750_c_cpvalentine01_c.png,0,
11320027,코튼 캔디 토끼 수면안대 (남),11320027,255,168,203,205,86,106,11320027_C_CPPajamas02_F.gltf,11320027_c_cppajamas02_d.png,11320027_c_cppajamas02_c.png,0,
11320028,코튼 캔디 토끼 수면안대 (여),11320028,255,168,203,205,86,106,11320027_C_CPPajamas02_F.gltf,11320027_c_cppajamas02_d.png,11320027_c_cppajamas02_c.png,0,
11320029,키튼 메이드 스터드 머리띠 (남),11301071,244,189,88,163,121,39,11301071_C_CPMaid01_A.gltf,11301071_c_cpmaid01_d.png,11301071_c_cpmaid01_c.png,0,
11320030,키튼 메이드 프릴 머리띠 (여),11301072,63,59,51,20,18,15,11301072_C_CPMaid01_A.gltf,11301071_c_cpmaid01_d.png,11301071_c_cpmaid01_c.png,0,
11320031,해피 멜로디 햇 (남),11320031,239,112,145,153,66,82,11320031_C_CPIdol02_F.gltf,11320031_c_cpidol02_d.png,11320031_c_cpidol02_c.png,0,
11320032,해피 멜로디 햇 (여),11320031,239,112,145,153,66,82,11320031_C_CPIdol02_F.gltf,11320031_c_cpidol02_d.png,11320031_c_cpidol02_c.png,0,
11320033,큐트 블러썸 헤어핀 (남),11301104,126,204,247,72,94,168,11301104_C_CPGreenDay01_A.gltf,11301104_c_cpgreenday01_d.png,11301104_c_cpgreenday01_c.png,0,
11320034,큐트 블러썸 헤어핀 (여),11301104,126,204,247,72,94,168,11301104_C_CPGreenDay01_A.gltf,11301104_c_cpgreenday01_d.png,11301104_c_cpgreenday01_c.png,0,
11320035,살랑 나비 머리핀 (남),11301521,244,189,88,163,121,39,11301521_M_CPGentlyButterfly_F.gltf,11301521_c_cpgentlybutterfly_d.png,11301521_c_cpgentlybutterfly_c.png,0,
11320036,살랑 나비 머리핀 (여),11301522,244,189,88,163,121,39,11301522_F_CPGentlyButterfly_F.gltf,11301521_c_cpgentlybutterfly_d.png,11301521_c_cpgentlybutterfly_c.png,0,
11320037,바니 플라워 토끼귀 헤어밴드 (남),11301377,255,168,203,205,86,106,11301377_M_CPFlowerRabbit_A.gltf,11301377_m_cpflowerrabbit_d.png,11301377_c_cpflowerrabbit_c.png,0,
11320038,바니 플라워 토끼귀 헤어밴드 (여),11301378,255,168,203,205,86,106,11301378_F_CPFlowerRabbit_A.gltf,11301378_f_cpflowerrabbit_d.png,11301377_c_cpflowerrabbit_c.png,0,
11320039,레드 후드 모자 (남),11320039,122,92,77,53,39,29,11320039_C_CPFairyTale01_A.gltf,11320039_c_cpfairytale01_d.png,11320039_c_cpfairytale01_c.png,0,
11320040,레드 후드 모자 (여),11320040,170,47,47,96,19,19,11320040_C_CPFairyTale01_D.gltf,11320040_c_cpfairytale01_d.png,11320040_c_cpfairytale01_c.png,13,
11320041,웨딩 리본 햇 (남),11300615,63,59,51,20,18,15,11300615_C_CPWeddingHat_F.gltf,11300615_c_cpweddinghat_d.png,11300615_c_cpweddinghat_c.png,0,
11320042,쁘띠 로즈 리본 (여),11300495,126,204,247,72,94,168,11300495_C_CPPetitRoseRibbon_F.gltf,11300495_c_cppetitroseribbon_d.png,11300495_c_cppetitroseribbon_c.png,0,
11320043,하트 버니 베레모 (남),11320043,63,59,51,20,18,15,11320043_C_CPIdol04_C.gltf,11320043_c_cpidol04_d.png,11320043_c_cpidol04_c.png,8,
11320044,하트 버니 헤어밴드 (여),11320044,63,59,51,20,18,15,11320044_C_CPIdol04_F.gltf,11320044_c_cpidol04_d.png,11320044_c_cpidol04_c.png,0,
11320045,샤인 스타 베레모 (남),11300870,126,204,247,72,94,168,11300870_M_CPIdolBand_F.gltf,11300870_c_cpidolband_d.png,11300870_c_cpidolband_c.png,0,
11320046,샤인 스타 베레모 (여),11300871,126,204,247,72,94,168,11300871_F_CPIdolBand_F.gltf,11300870_c_cpidolband_d.png,11300870_c_cpidolband_c.png,0,
11320047,팡팡 피에로 모자 (남),11320047,133,81,165,53,42,71,11320047_C_CPMagician02_F.gltf,11320047_c_cpmagician02_d.png,11320047_c_cpmagician02_c.png,0,
11320048,팡팡 피에로 모자 (여),11320048,133,81,165,53,42,71,11320048_C_CPMagician02_F.gltf,11320047_c_cpmagician02_d.png,11320047_c_cpmagician02_c.png,0,
11320049,큐티 곰돌이 베레모 (남),11301381,244,189,88,163,121,39,11301381_C_CPChildren01_C.gltf,11301381_c_cpchildren01_d.png,11301381_c_cpchildren01_c.png,8,
11320050,큐티 곰돌이 베레모 (여),11301382,244,189,88,163,121,39,11301381_C_CPChildren01_C.gltf,11301381_c_cpchildren01_d.png,11301381_c_cpchildren01_c.png,8,
11320051,달콤한 딸기 생크림 모자 (남),11320051,230,230,230,150,150,150,11320051_M_CPFood02_A.gltf,11320051_c_cpfood02_d.png,11320051_c_cpfood02_c.png,0,
11320052,달콤한 딸기 생크림 모자 (여),11320051,230,230,230,150,150,150,11320051_F_CPFood02_A.gltf,11320051_c_cpfood02_d.png,11320051_c_cpfood02_c.png,0,
11320053,나비 군주 뿔 장식 (남),11320053,170,47,47,96,19,19,11301491_C_CPBlackButterfly_A.gltf,11301491_c_cpblackbutterfly_d.png,11301491_c_cpblackbutterfly_c.png,0,
11320054,나비 군주 뿔 장식 (여),11320054,170,47,47,96,19,19,11301492_C_CPBlackButterfly_A.gltf,11301491_c_cpblackbutterfly_d.png,11301491_c_cpblackbutterfly_c.png,0,
11320055,갈매기 해적단 모자 (남),11320055,76,105,181,23,40,79,11320055_C_CPMarine03_C.gltf,11320055_c_cpmarine03_d.png,11320055_c_cpmarine03_c.png,8,
11320056,갈매기 해적단 모자 (여),11320055,76,105,181,23,40,79,11320055_C_CPMarine03_C.gltf,11320055_c_cpmarine03_d.png,11320055_c_cpmarine03_c.png,8,
11320057,펑키 카우보이 햇 (남),11304785,158,83,63,68,31,19,11304785_C_CPCowPuncher_F.gltf,11304785_c_cpcowpuncher_d.png,11304785_c_cpcowpuncher_c.png,0,
11320058,펑키 카우보이 햇 (여),11304786,158,83,63,68,31,19,11304785_C_CPCowPuncher_F.gltf,11304785_c_cpcowpuncher_d.png,11304785_c_cpcowpuncher_c.png,0,
11320059,스트리트 래퍼 모자 (남),11320059,126,204,247,72,94,168,11320059_C_CPIdol03_C.gltf,11320059_c_cpidol03_d.png,11320059_c_cpidol03_c.png,8,
11320060,스트리트 래퍼 모자 (여),11320060,126,204,247,72,94,168,11320060_C_CPIdol03_C.gltf,11320060_c_cpidol03_d.png,11320060_c_cpidol03_c.png,8,
11320061,우주비행사 헬멧 (남),11301383,230,230,230,150,150,150,11301383_C_CPSpaceSuit01_E.gltf,11301383_c_cpspacesuit01_d.png,11301383_c_cpspacesuit01_c.png,15,
11320062,우주비행사 헬멧 (여),11301384,230,230,230,150,150,150,11301383_C_CPSpaceSuit01_E.gltf,11301383_c_cpspacesuit01_d.png,11301383_c_cpspacesuit01_c.png,15,
11320063,푸른 바다 소년 모자 (남),11320063,126,204,247,72,94,168,11320063_C_CPMarine04_C.gltf,11320063_c_cpmarine04_d.png,11320063_c_cpmarine04_c.png,8,
11320064,푸른 바다 소녀 모자 (여),11320063,126,204,247,72,94,168,11320063_C_CPMarine04_C.gltf,11320063_c_cpmarine04_d.png,11320063_c_cpmarine04_c.png,8,
11320065,트로피컬 스트로 햇 (남),11301385,76,105,181,23,40,79,11301385_C_CPResortWear_C.gltf,11301385_c_cpresortwear_d.png,11301385_c_cpresortwear_c.png,8,
11320066,트로피컬 스트로 햇 (여),11301386,76,105,181,23,40,79,11301385_C_CPResortWear_C.gltf,11301385_c_cpresortwear_d.png,11301385_c_cpresortwear_c.png,8,
11320067,썸머 모래성 모자 (남),11320067,242,224,191,165,127,96,11320067_C_CPSwim06_F.gltf,11320067_c_cpswim06_d.png,11320067_c_cpswim06_c.png,0,
11320068,썸머 모래성 모자 (여),11320067,242,224,191,165,127,96,11320067_C_CPSwim06_F.gltf,11320067_c_cpswim06_d.png,11320067_c_cpswim06_c.png,0,
11320069,쿨링쿨링 마린 햇 (남),11304783,230,230,230,150,150,150,11304783_C_CPMarine02_F.gltf,11304783_c_cpmarine02_d.png,11304783_c_cpmarine02_c.png,0,
11320070,쿨링쿨링 마린 햇 (여),11304784,230,230,230,150,150,150,11304783_C_CPMarine02_F.gltf,11304783_c_cpmarine02_d.png,11304783_c_cpmarine02_c.png,0,
11320073,이프리트 티아라 (남),11300542,63,59,51,20,18,15,11300542_C_CPIfritTiara_A.gltf,11300542_c_cpifrittiara_d.png,11300542_c_cpifrittiara_d.png,0,
11320074,이프리트 티아라 (여),11300542,63,59,51,20,18,15,11300542_C_CPIfritTiara_A.gltf,11300542_c_cpifrittiara_d.png,11300542_c_cpifrittiara_d.png,0,
11320077,마법학교 수련생 모자 (남),11301373,76,105,181,23,40,79,11301373_C_CPMagicalSchool_C.gltf,11301373_c_cpmagicalschool_d.png,11301373_c_cpmagicalschool_c.png,8,
11320078,마법학교 수련생 모자 (여),11301374,76,105,181,23,40,79,11301373_C_CPMagicalSchool_C.gltf,11301373_c_cpmagicalschool_d.png,11301373_c_cpmagicalschool_c.png,8,
11320081,깃털 장식 모자 (남),11300954,62,73,117,27,26,48,11300954_C_CPRococo01_C.gltf,11300954_c_cprococo01_d.png,11300954_c_cprococo01_c.png,8,
11320082,깃털 장식 헤어핀 (여),11300955,147,226,242,89,153,165,11300955_C_CPRococo01_F.gltf,11300955_c_cprococo01_d.png,11300955_c_cprococo01_c.png,0,
11320083,스위트 컵케이크 모자 (남),11320083,239,112,145,153,66,82,11320083_C_CPFood01_F.gltf,11320083_c_cpfood01_d.png,11320083_c_cpfood01_c.png,0,
11320084,스위트 컵케이크 모자 (여),11320084,239,112,145,153,66,82,11320083_C_CPFood01_F.gltf,11320083_c_cpfood01_d.png,11320083_c_cpfood01_c.png,0,
11320085,트라이아 궁중 셰프 모자 (남),11301497,119,147,68,32,51,30,11301497_C_CPCook02_C.gltf,11301497_c_cpcook02_d.png,11301497_c_cpcook02_c.png,8,
11320086,트라이아 궁중 셰프 모자 (여),11301498,119,147,68,32,51,30,11301497_C_CPCook02_C.gltf,11301497_c_cpcook02_d.png,11301497_c_cpcook02_c.png,8,
11320089,고딕 레이스 햇 (남),11300496,63,59,51,20,18,15,11300496_C_CPGothicLaceHat_F.gltf,11300496_c_cpgothiclacehat_d.png,11300496_c_cpgothiclacehat_c.png,0,
11320090,고딕 레이스 햇 (여),11300496,63,59,51,20,18,15,11300496_C_CPGothicLaceHat_F.gltf,11300496_c_cpgothiclacehat_d.png,11300496_c_cpgothiclacehat_c.png,0,
11320091,펌킨 할로 위치햇 (남),11320091,63,59,51,20,18,15,11320091_C_CPHalloween06_C.gltf,11320091_c_cphalloween06_d.png,11320091_c_cphalloween06_c.png,8,
11320092,펌킨 할로 위치햇 (여),11320091,63,59,51,20,18,15,11320091_C_CPHalloween06_C.gltf,11320091_c_cphalloween06_d.png,11320091_c_cphalloween06_c.png,8,
11320093,블러디 윙 헤어 밴드 (남),11300658,170,47,47,96,19,19,11300658_C_CPDevilWing_A.gltf,11300658_c_cpdevilwing_d.png,11300658_c_cpdevilwing_c.png,0,
11320094,블러디 로즈 머리핀 (여),11300659,170,47,47,96,19,19,11300659_C_CPVampireFlower_F.gltf,11300659_c_cpvampireflower_d.png,11300659_c_cpvampireflower_c.png,0,
11320095,츄츄 고양이 귀 (남),11300565,63,59,51,20,18,15,11300565_C_CPCatLopEar_A.gltf,11300565_c_cpcatlopear_d.png,11300565_c_cpcatlopear_c.png,0,
11320096,츄츄 고양이 귀 (여),11300565,63,59,51,20,18,15,11300565_C_CPCatLopEar_A.gltf,11300565_c_cpcatlopear_d.png,11300565_c_cpcatlopear_c.png,0,
11320097,마시멜로 캔디 머리띠 (남),11304769,255,168,203,205,86,106,11304769_C_CPLollipop_A.gltf,11304769_c_cplollipop_d.png,11304769_c_cplollipop_c.png,0,
11320098,마시멜로 캔디 머리띠 (여),11304769,255,168,203,205,86,106,11304769_C_CPLollipop_A.gltf,11304769_c_cplollipop_d.png,11304769_c_cplollipop_c.png,0,
11320099,오버 윈터 버클 베레모 (남),11301390,63,59,51,20,18,15,11301390_C_CPValentine03_F.gltf,11301390_c_cpvalentine03_d.png,11301390_c_cpvalentine03_c.png,0,
11320100,오버 윈터 버클 베레모 (여),11301390,63,59,51,20,18,15,11301390_C_CPValentine03_F.gltf,11301390_c_cpvalentine03_d.png,11301390_c_cpvalentine03_c.png,0,
11320101,해피 크리스마스 트리 모자 (남),11320101,119,147,68,32,51,30,11301525_C_CPChristmas03_F.gltf,11301525_c_cpchristmas03_d.png,11301525_c_cpchristmas03_c.png,0,
11320102,해피 크리스마스 트리 모자 (여),11320102,119,147,68,32,51,30,11301525_C_CPChristmas03_F.gltf,11301525_c_cpchristmas03_d.png,11301525_c_cpchristmas03_c.png,0,
11320103,앙큼 생쥐 모자 (남),11301528,132,130,120,68,68,65,11301528_C_CPDoll_Mouse01_E.gltf,11301528_c_cpdoll_mouse01_d.png,11301528_c_cpdoll_mouse01_c.png,8,
11320104,앙큼 생쥐 모자 (여),11301529,132,130,120,68,68,65,11301528_C_CPDoll_Mouse01_E.gltf,11301528_c_cpdoll_mouse01_d.png,11301528_c_cpdoll_mouse01_c.png,8,
11320107,닥터 하트 모자 (남),11301532,170,47,47,96,19,19,11301532_C_CPHospital01_A.gltf,11301532_c_cphospital01_d.png,11301532_c_cphospital01_c.png,0,
11320108,닥터 하트 모자 (여),11301533,170,47,47,96,19,19,11301532_C_CPHospital01_A.gltf,11301532_c_cphospital01_d.png,11301532_c_cphospital01_c.png,0,
11320109,코코 퍼피 이어 (남),11301035,126,204,247,72,94,168,11300547_C_CPPuppy01_A.gltf,11300547_c_cppuppy01_d.png,11300547_c_cppuppy01_c.png,0,
11320110,코코 퍼피 이어 (여),11301035,126,204,247,72,94,168,11300547_C_CPPuppy01_A.gltf,11300547_c_cppuppy01_d.png,11300547_c_cppuppy01_c.png,0,
11320111,트윙클 스타 베레모 (남),11300482,255,168,203,205,86,106,11300482_C_CPTwinkleStar_D.gltf,11300482_c_cptwinklestar_d.png,11300482_c_cptwinklestar_c.png,8,
11320112,트윙클 스타 베레모 (여),11300482,255,168,203,205,86,106,11300482_C_CPTwinkleStar_D.gltf,11300482_c_cptwinklestar_d.png,11300482_c_cptwinklestar_c.png,8,
11320113,챠밍 캣 이어 (남),11301405,63,59,51,20,18,15,11301405_F_CPSchoolLook01_A.gltf,11301405_c_cpschoollook01_d.png,11301405_c_cpschoollook01_c.png,0,
11320114,챠밍 캣 이어 (여),11301405,63,59,51,20,18,15,11301405_F_CPSchoolLook01_A.gltf,11301405_c_cpschoollook01_d.png,11301405_c_cpschoollook01_c.png,0,
11320115,트라이아 궁중 화가 모자 (남),11320115,76,105,181,23,40,79,11301540_C_CPArtist01_F.gltf,11301540_c_cpartist01_d.png,11301540_c_cpartist01_c.png,0,
11320116,트라이아 궁중 화가 모자 (여),11320116,76,105,181,23,40,79,11301540_C_CPArtist01_F.gltf,11301540_c_cpartist01_d.png,11301540_c_cpartist01_c.png,0,
11320117,정열의 솜브레로 (남),11301409,62,73,117,27,26,48,11301409_M_CPTraditionalNative02_C.gltf,11301409_m_cptraditionalnative02_d.png,11301409_m_cptraditionalnative02_c.png,8,
11320118,정열의 장미꽃 머리핀 (여),11301410,170,47,47,96,19,19,11301410_F_CPTraditionalNative02_F.gltf,11301410_f_cptraditionalnative02_d.png,11301410_f_cptraditionalnative02_c.png,0,
11320119,통통 바니 머리띠 (남),11300868,255,168,203,205,86,106,11300868_C_CPAmusementPark_A.gltf,11300868_c_cpamusementpark_d.png,11300868_c_cpamusementpark_c.png,0,
11320120,통통 바니 머리띠 (여),11300868,255,168,203,205,86,106,11300868_C_CPAmusementPark_A.gltf,11300868_c_cpamusementpark_d.png,11300868_c_cpamusementpark_c.png,0,
11320123,청개굴 모자 (남),11304768,194,209,96,64,104,54,11304768_C_CPFrog_E.gltf,11304768_c_cpfrog_d.png,11304768_c_cpfrog_c.png,15,
11320124,청개굴 모자 (여),11304768,194,209,96,64,104,54,11304768_C_CPFrog_E.gltf,11304768_c_cpfrog_d.png,11304768_c_cpfrog_c.png,15,
11320125,썬플라워 비치 페도라 (남),11301144,76,105,181,23,40,79,11301144_C_CPPicnic01_F.gltf,11301144_c_cppicnic01_d.png,11301144_c_cppicnic01_c.png,0,
11320126,썬플라워 비치 페도라 (여),11301144,76,105,181,23,40,79,11301144_C_CPPicnic01_F.gltf,11301144_c_cppicnic01_d.png,11301144_c_cppicnic01_c.png,0,
11320127,아쿠아 썸머 해마 머리 장식 (남),11301479,244,189,88,163,121,39,11301479_C_CPSwim.gltf,11301479_c_cpswim05_d.png,11301479_c_cpswim05_c.png,None,
11320128,아쿠아 썸머 해마 머리 장식 (여),11301479,244,189,88,163,121,39,11301479_C_CPSwim.gltf,11301479_c_cpswim05_d.png,11301479_c_cpswim05_c.png,None,
11320133,스트리트 훕 벙거지 (남),11320133,63,59,51,20,18,15,11301526_C_CPSports03_C.gltf,11301526_c_cpsports03_d.png,11301526_c_cpsports03_c.png,8,
11320134,스트리트 훕 벙거지 (여),11320134,63,59,51,20,18,15,11301526_C_CPSports03_C.gltf,11301526_c_cpsports03_d.png,11301526_c_cpsports03_c.png,8,
11320135,메투날드 감자튀김 모자 (남),11301132,170,47,47,96,19,19,11301132_C_CPM2nald_F.gltf,11301132_c_cpm2nald_d.png,11301132_c_cpm2nald_c.png,0,
11320136,메투날드 감자튀김 모자 (여),11301132,170,47,47,96,19,19,11301132_C_CPM2nald_F.gltf,11301132_c_cpm2nald_d.png,11301132_c_cpm2nald_c.png,0,
11320137,견습 파티셰 컵케이크 모자 (남),11301478,239,112,145,153,66,82,11301478_C_CPCook01_F.gltf,11301478_c_cpcook01_d.png,11301478_c_cpcook01_c.png,0,
11320138,견습 파티셰 컵케이크 모자 (여),11301478,239,112,145,153,66,82,11301478_C_CPCook01_F.gltf,11301478_c_cpcook01_d.png,11301478_c_cpcook01_c.png,0,
11320139,메이플 쿼터백 헬멧 (남),11301493,170,47,47,96,19,19,11301493_M_CPAmericanFootball01_D.gltf,11301493_c_cpamericanfootball01_d.png,11301493_c_cpamericanfootball01_c.png,13,
11320140,메이플 쿼터백 헬멧 (여),11301494,170,47,47,96,19,19,11301494_F_CPAmericanFootball01_D.gltf,11301493_c_cpamericanfootball01_d.png,11301493_c_cpamericanfootball01_c.png,13,
11320141,용감한 더키 소방대원 헬멧 (남),11320141,170,47,47,96,19,19,11301536_C_CPFireFighter01_C.gltf,11301536_c_cpfirefighter01_d.png,11301536_c_cpfirefighter01_c.png,8,
11320142,용감한 더키 소방대원 헬멧 (여),11320141,170,47,47,96,19,19,11301536_C_CPFireFighter01_C.gltf,11301536_c_cpfirefighter01_d.png,11301536_c_cpfirefighter01_c.png,8,
11320143,우주비행사 헬멧 (남),11301383,230,230,230,150,150,150,11301383_C_CPSpaceSuit01_E.gltf,11301383_c_cpspacesuit01_d.png,11301383_c_cpspacesuit01_c.png,15,
11320144,우주비행사 헬멧 (여),11301384,230,230,230,150,150,150,11301383_C_CPSpaceSuit01_E.gltf,11301383_c_cpspacesuit01_d.png,11301383_c_cpspacesuit01_c.png,15,
11320145,데빌 혼 (남),11300061,170,47,47,96,19,19,01300020_C_MiniDevilHorn_A.gltf,01300020_c_minidevilhorn_d.png,01300020_c_minidevilhorn_c.png,0,
11320146,챠밍 캣 이어 (남),11301405,63,59,51,20,18,15,11301405_F_CPSchoolLook01_A.gltf,11301405_c_cpschoollook01_d.png,11301405_c_cpschoollook01_c.png,0,
11320147,악마 날개 밴드 (남),11300062,170,47,47,96,19,19,01300021_C_DevilWing_A.gltf,01300021_c_devilwing_d.png,01300021_c_devilwing_c.png,0,
11320148,챠밍 캣 이어 (여),11301405,63,59,51,20,18,15,11301405_F_CPSchoolLook01_A.gltf,11301405_c_cpschoollook01_d.png,11301405_c_cpschoollook01_c.png,0,
11320149,통통 바니 머리띠 (남),11300868,255,168,203,205,86,106,11300868_C_CPAmusementPark_A.gltf,11300868_c_cpamusementpark_d.png,11300868_c_cpamusementpark_c.png,0,
11320150,악마 날개 밴드 (여),11300062,170,47,47,96,19,19,01300021_C_DevilWing_A.gltf,01300021_c_devilwing_d.png,01300021_c_devilwing_c.png,0,
11320151,통통 바니 머리띠 (여),11300868,255,168,203,205,86,106,11300868_C_CPAmusementPark_A.gltf,11300868_c_cpamusementpark_d.png,11300868_c_cpamusementpark_c.png,0,
11320152,데빌 혼 (여),11300061,170,47,47,96,19,19,01300020_C_MiniDevilHorn_A.gltf,01300020_c_minidevilhorn_d.png,01300020_c_minidevilhorn_c.png,0,
11320153,코튼 캔디 토끼 수면안대 (남),11320027,255,168,203,205,86,106,11320027_C_CPPajamas02_F.gltf,11320027_c_cppajamas02_d.png,11320027_c_cppajamas02_c.png,0,
11320154,코튼 캔디 토끼 수면안대 (여),11320028,255,168,203,205,86,106,11320027_C_CPPajamas02_F.gltf,11320027_c_cppajamas02_d.png,11320027_c_cppajamas02_c.png,0,
11320159,큐티 곰돌이 베레모 (남),11301381,244,189,88,163,121,39,11301381_C_CPChildren01_C.gltf,11301381_c_cpchildren01_d.png,11301381_c_cpchildren01_c.png,8,
11320160,큐티 곰돌이 베레모 (여),11301382,244,189,88,163,121,39,11301381_C_CPChildren01_C.gltf,11301381_c_cpchildren01_d.png,11301381_c_cpchildren01_c.png,8,
11320161,여우 귀 (남),11300381,63,59,51,20,18,15,11300381_C_FoxEars_A.gltf,11300381_c_foxears_d.png,11300381_c_foxears_d.png,0,
11320162,여우 귀 (여),11300381,63,59,51,20,18,15,11300381_C_FoxEars_A.gltf,11300381_c_foxears_d.png,11300381_c_foxears_d.png,0,
11320163,앙큼 생쥐 모자 (남),11301528,132,130,120,68,68,65,11301528_C_CPDoll_Mouse01_E.gltf,11301528_c_cpdoll_mouse01_d.png,11301528_c_cpdoll_mouse01_c.png,8,
11320164,앙큼 생쥐 모자 (여),11301529,132,130,120,68,68,65,11301528_C_CPDoll_Mouse01_E.gltf,11301528_c_cpdoll_mouse01_d.png,11301528_c_cpdoll_mouse01_c.png,8,
11320167,양수건 모자 (남),11300067,230,230,230,150,150,150,11350033_C_SheepTowel_C.gltf,11350033_c_sheeptowel_d.png,11350033_c_sheeptowel_c.png,8,
11320168,양수건 모자 (여),11300067,230,230,230,150,150,150,11350033_C_SheepTowel_C.gltf,11350033_c_sheeptowel_d.png,11350033_c_sheeptowel_c.png,8,
11320171,아기 천사 링 (남),11300052,63,59,51,20,18,15,01300008_C_BabyAngel_A.gltf,01300008_c_babyangel.png,01300008_c_babyangel.png,0,
11320172,아기 천사 링 (여),11300052,63,59,51,20,18,15,01300008_C_BabyAngel_A.gltf,01300008_c_babyangel.png,01300008_c_babyangel.png,0,
11320173,반짝 별빛 링 (남),11300370,63,59,51,20,18,15,11300370_C_BlingStarlightRing_A.gltf,01300008_c_babyangel.png,01300008_c_babyangel.png,0,
11320174,반짝 별빛 링 (여),11300370,63,59,51,20,18,15,11300370_C_BlingStarlightRing_A.gltf,01300008_c_babyangel.png,01300008_c_babyangel.png,0,
11320175,다람쥐 귀 (남),11300383,63,59,51,20,18,15,11300383_C_SquirrelEars_A.gltf,11300383_c_squirrelears_d.png,11300383_c_squirrelears_d.png,0,
11320176,다람쥐 귀 (여),11300383,63,59,51,20,18,15,11300383_C_SquirrelEars_A.gltf,11300383_c_squirrelears_d.png,11300383_c_squirrelears_d.png,0,
11320177,츄츄 고양이 귀 (남),11300565,63,59,51,20,18,15,11300565_C_CPCatLopEar_A.gltf,11300565_c_cpcatlopear_d.png,11300565_c_cpcatlopear_c.png,0,
11320178,츄츄 고양이 귀 (여),11300565,63,59,51,20,18,15,11300565_C_CPCatLopEar_A.gltf,11300565_c_cpcatlopear_d.png,11300565_c_cpcatlopear_c.png,0,
11320179,고딕 레이스 햇 (남),11300496,63,59,51,20,18,15,11300496_C_CPGothicLaceHat_F.gltf,11300496_c_cpgothiclacehat_d.png,11300496_c_cpgothiclacehat_c.png,0,
11320180,고딕 레이스 햇 (여),11300496,63,59,51,20,18,15,11300496_C_CPGothicLaceHat_F.gltf,11300496_c_cpgothiclacehat_d.png,11300496_c_cpgothiclacehat_c.png,0,
11320181,너구리 귀 (남),11300382,63,59,51,20,18,15,11300382_C_RacoonEars_A.gltf,11300382_c_racoonears_d.png,11300382_c_racoonears_d.png,0,
11320182,너구리 귀 (여),11300382,63,59,51,20,18,15,11300382_C_RacoonEars_A.gltf,11300382_c_racoonears_d.png,11300382_c_racoonears_d.png,0,
11320183,푸른 바다 소년 모자 (남),11320063,126,204,247,72,94,168,11320063_C_CPMarine04_C.gltf,11320063_c_cpmarine04_d.png,11320063_c_cpmarine04_c.png,8,
11320184,푸른 바다 소녀 모자 (여),11320063,126,204,247,72,94,168,11320063_C_CPMarine04_C.gltf,11320063_c_cpmarine04_d.png,11320063_c_cpmarine04_c.png,8,
11320185,토끼 머리띠 (남),11300049,63,59,51,20,18,15,01300004_C_RabbitEar_A.gltf,01300004_c_rabbitear_d.png,01300004_c_rabbitear_d.png,0,
11320186,토끼 머리띠 (여),11300049,63,59,51,20,18,15,01300004_C_RabbitEar_A.gltf,01300004_c_rabbitear_d.png,01300004_c_rabbitear_d.png,0,
11320189,검정 고양이 귀 (남),11300324,63,59,51,20,18,15,11300324_C_BlackCatEars_A.gltf,11300324_c_blackcatears_d.png,11300324_c_blackcatears_d.png,0,
11320190,검정 고양이 귀 (여),11300324,63,59,51,20,18,15,11300324_C_BlackCatEars_A.gltf,11300324_c_blackcatears_d.png,11300324_c_blackcatears_d.png,0,
11320191,하얀 고양이 귀 (남),11300325,63,59,51,20,18,15,11300325_C_WhiteCatEars_A.gltf,11300325_c_whitecatears_d.png,11300325_c_whitecatears_d.png,0,
11320192,하얀 고양이 귀 (여),11300325,63,59,51,20,18,15,11300325_C_WhiteCatEars_A.gltf,11300325_c_whitecatears_d.png,11300325_c_whitecatears_d.png,0,
11320193,글로시 하트 머리띠 (남),11304771,170,47,47,96,19,19,11304771_C_GlossyHeart_A.gltf,11304771_c_glossyheart_d.png,11304771_c_glossyheart_c.png,0,
11320194,글로시 하트 머리띠 (여),11304771,170,47,47,96,19,19,11304771_C_GlossyHeart_A.gltf,11304771_c_glossyheart_d.png,11304771_c_glossyheart_c.png,0,
11320195,아쿠아 썸머 해마 머리 장식 (남),11301479,244,189,88,163,121,39,11301479_C_CPSwim.gltf,11301479_c_cpswim05_d.png,11301479_c_cpswim05_c.png,None,
11320196,아쿠아 썸머 해마 머리 장식 (여),11301479,244,189,88,163,121,39,11301479_C_CPSwim.gltf,11301479_c_cpswim05_d.png,11301479_c_cpswim05_c.png,None,
11320197,청개굴 모자 (남),11304768,194,209,96,64,104,54,11304768_C_CPFrog_E.gltf,11304768_c_cpfrog_d.png,11304768_c_cpfrog_c.png,15,
11320198,청개굴 모자 (여),11304768,194,209,96,64,104,54,11304768_C_CPFrog_E.gltf,11304768_c_cpfrog_d.png,11304768_c_cpfrog_c.png,15,
11320199,스튜디오 헤드폰 (남),11300047,147,226,242,89,153,165,01300002_C_StudioHeadphone_A.gltf,01300002_c_studioheadphone_d.png,01300002_c_studioheadphone_c.png,0,
11320200,스튜디오 헤드폰 (여),11300047,147,226,242,89,153,165,01300002_C_StudioHeadphone_A.gltf,01300002_c_studioheadphone_d.png,01300002_c_studioheadphone_c.png,0,
11320201,(PC방) 스튜디오 헤드폰,11300047,147,226,242,89,153,165,01300002_C_StudioHeadphone_A.gltf,01300002_c_studioheadphone_d.png,01300002_c_studioheadphone_c.png,0,
11320202,(PC방) 토끼 머리띠,11300049,63,59,51,20,18,15,01300004_C_RabbitEar_A.gltf,01300004_c_rabbitear_d.png,01300004_c_rabbitear_d.png,0,
11320203,앙큼 바니 머리 장식 (남),11300566,239,112,145,153,66,82,11300566_C_CPSlyBunnyE.gltf,11300566_c_cpslybunnyear_d.png,11300566_c_cpslybunnyear_c.png,None,
11320204,앙큼 바니 머리 장식 (여),11300566,239,112,145,153,66,82,11300566_C_CPSlyBunnyE.gltf,11300566_c_cpslybunnyear_d.png,11300566_c_cpslybunnyear_c.png,None,
11320205,하얀 여우 귀 (남),11300435,63,59,51,20,18,15,11300435_C_WhiteFoxEars_A.gltf,11300435_c_whitefoxears_d.png,11300435_c_whitefoxears_d.png,0,
11320206,하얀 여우 귀 (여),11300435,63,59,51,20,18,15,11300435_C_WhiteFoxEars_A.gltf,11300435_c_whitefoxears_d.png,11300435_c_whitefoxears_d.png,0,
11320207,(PC방) 종이 봉투 모자,11300056,63,59,51,20,18,15,01300015_C_PaperBag_D.gltf,01300015_c_paperbag_d.png,01300015_c_paperbag_d.png,13,
11320208,(PC방) 대파 모자,11300206,63,59,51,20,18,15,11300206_C_ScallionHat_E.gltf,11300206_c_scallionhat_d.png,11300206_c_scallionhat_d.png,15,
11320209,발랄한 리본 베레모 (남),11301271,194,209,96,64,104,54,11301271_C_ZigzagRibbon_C.gltf,11301271_c_cpzigzagribbon_d.png,11301271_c_cpzigzagribbon_c.png,8,
11320210,발랄한 리본 베레모 (여),11301271,194,209,96,64,104,54,11301271_C_ZigzagRibbon_C.gltf,11301271_c_cpzigzagribbon_d.png,11301271_c_cpzigzagribbon_c.png,8,
11320211,냥냥 젤리 헤드폰 (남),11300661,255,168,203,205,86,106,11300661_C_PinkJellyHeadphone_A.gltf,11300661_c_pinkjellyheadphone_d.png,11300661_c_pinkjellyheadphone_c.png,0,
11320212,냥냥 젤리 헤드폰 (여),11300661,255,168,203,205,86,106,11300661_C_PinkJellyHeadphone_A.gltf,11300661_c_pinkjellyheadphone_d.png,11300661_c_pinkjellyheadphone_c.png,0,
11320219,엔젤 하트링 (남),11301270,63,59,51,20,18,15,11301270_C_BlingHeartRing_A.gltf,01300008_c_babyangel.png,01300008_c_babyangel.png,0,
11320220,엔젤 하트링 (여),11301270,63,59,51,20,18,15,11301270_C_BlingHeartRing_A.gltf,01300008_c_babyangel.png,01300008_c_babyangel.png,0,
11320221,윌리엄 텔의 사과 모자 (남),11301133,170,47,47,96,19,19,11301133_C_WilliamTellApple_F.gltf,11301133_c_williamtellapple_d.png,11301133_c_williamtellapple_c.png,0,
11320222,윌리엄 텔의 사과 모자 (여),11301133,170,47,47,96,19,19,11301133_C_WilliamTellApple_F.gltf,11301133_c_williamtellapple_d.png,11301133_c_williamtellapple_c.png,0,
11320223,알록달록 화관 (남),11301406,255,168,203,205,86,106,11301406_C_FloralGarland_A.gltf,11301406_c_floralgarland_d.png,11301406_c_floralgarland_c.png,0,
11320224,알록달록 화관 (여),11301406,255,168,203,205,86,106,11301406_C_FloralGarland_A.gltf,11301406_c_floralgarland_d.png,11301406_c_floralgarland_c.png,0,
11320225,자라나라 벚꽃벚꽃 (남),11301407,255,168,203,205,86,106,11301407_C_FlowerBranch_A.gltf,11301407_c_flowerbranch_d.png,11301407_c_flowerbranch_c.png,0,
11320226,자라나라 벚꽃벚꽃 (여),11301407,255,168,203,205,86,106,11301407_C_FlowerBranch_A.gltf,11301407_c_flowerbranch_d.png,11301407_c_flowerbranch_c.png,0,
11320231,발광 더듬이 (남),11300348,244,189,88,163,121,39,11300348_C_LuminousFeelers_A.gltf,11300348_c_luminousfeelers_d.png,11300348_c_luminousfeelers_c.png,0,
11320232,발광 더듬이 (여),11300348,244,189,88,163,121,39,11300348_C_LuminousFeelers_A.gltf,11300348_c_luminousfeelers_d.png,11300348_c_luminousfeelers_c.png,0,
11320233,피둥피둥 메리 (남),11300203,63,59,51,20,18,15,11300203_C_FatMa.gltf,11300203_c_fatmary_d.png,11300203_c_fatmary_d.png,None,
11320234,피둥피둥 메리 (여),11300203,63,59,51,20,18,15,11300203_C_FatMa.gltf,11300203_c_fatmary_d.png,11300203_c_fatmary_d.png,None,
11320235,노란 유치원 모자 (남),11300054,63,59,51,20,18,15,01300011_F_Preschool_C.gltf,01300011_f_preschool_d.png,01300011_f_preschool_c.png,8,
11320236,노란 유치원 모자 (여),11300054,63,59,51,20,18,15,01300011_F_Preschool_C.gltf,01300011_f_preschool_d.png,01300011_f_preschool_c.png,8,
11320237,나른한 삐약이 (남),11300201,63,59,51,20,18,15,11300201_C_YellowBird_E.gltf,11300201_c_yellowbird_d.png,11300201_c_yellowbird_d.png,15,
11320238,나른한 삐약이 (여),11300201,63,59,51,20,18,15,11300201_C_YellowBird_E.gltf,11300201_c_yellowbird_d.png,11300201_c_yellowbird_d.png,15,
11320239,러블리 바니 모자 (남),11300494,255,168,203,205,86,106,11300494_C_CPBannyDoll_E.gltf,11300494_c_cpbannydoll_d.png,11300494_c_cpbannydoll_c.png,15,
11320240,러블리 바니 모자 (여),11300494,255,168,203,205,86,106,11300494_C_CPBannyDoll_E.gltf,11300494_c_cpbannydoll_d.png,11300494_c_cpbannydoll_c.png,15,
11320241,콩콩 캥거루 모자 (남),11304816,63,59,51,20,18,15,11304816_C_Kangaroo_E.gltf,11304816_c_kangaroo_d.png,11304816_c_kangaroo_d.png,15,
11320242,콩콩 캥거루 모자 (여),11304816,63,59,51,20,18,15,11304816_C_Kangaroo_E.gltf,11304816_c_kangaroo_d.png,11304816_c_kangaroo_d.png,15,
11320243,연꽃 개구리 모자 (남),11301414,194,209,96,64,104,54,11301414_C_CPOrdinary.gltf,11301414_c_cpordinary02_d.png,11301414_c_cpordinary02_c.png,None,
11320244,연꽃 개구리 모자 (여),11301414,194,209,96,64,104,54,11301414_C_CPOrdinary.gltf,11301414_c_cpordinary02_d.png,11301414_c_cpordinary02_c.png,None,
11320245,마린 레이스 수영모 (남),11300150,76,105,181,23,40,79,11300150_C_CPLaceCap_D.gltf,11300150_c_cplacecap_d.png,11300150_c_cplacecap_c.png,13,
11320246,마린 레이스 수영모 (여),11300150,76,105,181,23,40,79,11300150_C_CPLaceCap_D.gltf,11300150_c_cplacecap_d.png,11300150_c_cplacecap_c.png,13,
11320247,개굴개굴 수영모 (남),11300151,119,147,68,32,51,30,11300151_C_CPSingingFrog_E.gltf,11300151_c_cpsingingfrog_d.png,11300151_c_cpsingingfrog_c.png,15,
11320248,개굴개굴 수영모 (여),11300151,119,147,68,32,51,30,11300151_C_CPSingingFrog_E.gltf,11300151_c_cpsingingfrog_d.png,11300151_c_cpsingingfrog_c.png,15,
11320249,상어 모자 (남),11300192,126,204,247,72,94,168,11300192_C_Shark_E.gltf,11300192_c_shark_d.png,11300192_c_shark_c.png,15,
11320250,상어 모자 (여),11300192,126,204,247,72,94,168,11300192_C_Shark_E.gltf,11300192_c_shark_d.png,11300192_c_shark_c.png,15,
11320251,에너제틱 스타 매듭 머리끈 (남),11301413,230,230,230,150,150,150,11301413_C_CPEnergeticStar_F.gltf,11301413_c_cpenergeticstar_d.png,11301413_c_cpenergeticstar_c.png,0,
11320252,에너제틱 스타 매듭 머리끈 (여),11301413,230,230,230,150,150,150,11301413_C_CPEnergeticStar_F.gltf,11301413_c_cpenergeticstar_d.png,11301413_c_cpenergeticstar_c.png,0,
11320253,복슬복슬 복숭아 모자 (남),11300189,63,59,51,20,18,15,11300189_C_ShaggyPeach_E.gltf,11300189_c_shaggypeach_d.png,11300189_c_shaggypeach_d.png,12,
11320254,복슬복슬 복숭아 모자 (여),11300189,63,59,51,20,18,15,11300189_C_ShaggyPeach_E.gltf,11300189_c_shaggypeach_d.png,11300189_c_shaggypeach_d.png,12,
11320255,상큼 딸기 모자 (남),11300058,63,59,51,20,18,15,01300017_C_FreshStrawberry_E.gltf,01300017_c_freshstrawberry_d.png,01300017_c_freshstrawberry_d.png,15,
11320256,상큼 딸기 모자 (여),11300058,63,59,51,20,18,15,01300017_C_FreshStrawberry_E.gltf,01300017_c_freshstrawberry_d.png,01300017_c_freshstrawberry_d.png,15,
11320257,사과 모자 (남),11300198,63,59,51,20,18,15,11300198_C_Apple_A.gltf,11300198_c_apple_d.png,11300198_c_apple_d.png,0,
11320258,사과 모자 (여),11300198,63,59,51,20,18,15,11300198_C_Apple_A.gltf,11300198_c_apple_d.png,11300198_c_apple_d.png,0,
11320259,주룩주룩 비구름 (남),11300350,63,59,51,20,18,15,11300350_C_RainCloud_A.gltf,11300350_c_rainclound_d.png,11300350_c_rainclound_d.png,0,
11320260,주룩주룩 비구름 (여),11300350,63,59,51,20,18,15,11300350_C_RainCloud_A.gltf,11300350_c_rainclound_d.png,11300350_c_rainclound_d.png,0,
11320261,비비드 썸머 썬 (남),11300558,63,59,51,20,18,15,11300558_C_CPSunglassS.gltf,11300558_c_cpsunglasssun_d.png,11300558_c_cpsunglasssun_c.png,None,
11320262,비비드 썸머 썬 (여),11300558,63,59,51,20,18,15,11300558_C_CPSunglassS.gltf,11300558_c_cpsunglasssun_d.png,11300558_c_cpsunglasssun_c.png,None,
11320263,출렁 파도 머리핀 (남),11301485,147,226,242,89,153,165,11301485_C_WaveHairPin_F.gltf,11301485_c_wavehairpin_d.png,11301485_c_wavehairpin_c.png,0,
11320264,출렁 파도 머리핀 (여),11301485,147,226,242,89,153,165,11301485_C_WaveHairPin_F.gltf,11301485_c_wavehairpin_d.png,11301485_c_wavehairpin_c.png,0,
11320265,말랑말랑 해파리 모자 (남),11320265,147,226,242,89,153,165,11301482_C_BrightJellyfi.gltf,11301482_c_brightjellyfish_d.png,11301482_c_brightjellyfish_c.png,None,
11320266,말랑말랑 해파리 모자 (여),11320265,147,226,242,89,153,165,11301482_C_BrightJellyfi.gltf,11301482_c_brightjellyfish_d.png,11301482_c_brightjellyfish_c.png,None,
11320269,맛있는 수박 모자 (남),11300055,63,59,51,20,18,15,01300014_C_WaterMelon_A.gltf,01300014_c_watermelon_d.png,01300014_c_watermelon_d.png,0,
11320270,맛있는 수박 모자 (여),11300055,63,59,51,20,18,15,01300014_C_WaterMelon_A.gltf,01300014_c_watermelon_d.png,01300014_c_watermelon_d.png,0,
11320273,알록달록 조개 머리 핀 (남),11301486,255,168,203,205,86,106,11301486_C_ShellPearlPin_F.gltf,11301486_c_shellpearlpin_d.png,11301486_c_shellpearlpin_c.png,0,
11320274,알록달록 조개 머리 핀 (여),11301486,255,168,203,205,86,106,11301486_C_ShellPearlPin_F.gltf,11301486_c_shellpearlpin_d.png,11301486_c_shellpearlpin_c.png,0,
11320285,병아리 튜브 모자 (남),11301134,126,204,247,72,94,168,11301134_C_ChickTu.gltf,11301134_c_chicktube_d.png,11301134_c_chicktube_c.png,None,
11320286,병아리 튜브 모자 (여),11301134,126,204,247,72,94,168,11301134_C_ChickTu.gltf,11301134_c_chicktube_d.png,11301134_c_chicktube_c.png,None,
11320289,검은 고양이 모자 (남),11300493,63,59,51,20,18,15,11300493_C_CPCatDoll_E.gltf,11300493_c_cpcatdoll_d.png,11300493_c_cpcatdoll_d.png,15,
11320290,검은 고양이 모자 (여),11300493,63,59,51,20,18,15,11300493_C_CPCatDoll_E.gltf,11300493_c_cpcatdoll_d.png,11300493_c_cpcatdoll_d.png,15,
11320293,장교 모자 (남),11300308,63,59,51,20,18,15,11300308_C_CPOfficer_C.gltf,11300308_c_cpofficer_d.png,11300308_c_cpofficer_c.png,8,
11320294,장교 모자 (여),11300308,63,59,51,20,18,15,11300308_C_CPOfficer_C.gltf,11300308_c_cpofficer_d.png,11300308_c_cpofficer_c.png,8,
11320295,밀리터리 헬멧 (남),11300314,63,59,51,20,18,15,11300314_C_CPMilitaryHelmet_C.gltf,11300314_c_cpmilitaryhelmet_d.png,11300314_c_cpmilitaryhelmet_d.png,8,
11320296,밀리터리 헬멧 (여),11300314,63,59,51,20,18,15,11300314_C_CPMilitaryHelmet_C.gltf,11300314_c_cpmilitaryhelmet_d.png,11300314_c_cpmilitaryhelmet_d.png,8,
11320303,할로할로 햇 (남),11300388,63,59,51,20,18,15,11300388_C_CPHalloHalloween_C.gltf,11300388_c_cphallohalloween_d.png,11300388_c_cphallohalloween_d.png,8,
11320304,할로할로 햇 (여),11300388,63,59,51,20,18,15,11300388_C_CPHalloHalloween_C.gltf,11300388_c_cphallohalloween_d.png,11300388_c_cphallohalloween_d.png,8,
11320305,엔젤 하트링 (남),11301270,63,59,51,20,18,15,11301270_C_BlingHeartRing_A.gltf,01300008_c_babyangel.png,01300008_c_babyangel.png,0,
11320306,엔젤 하트링 (여),11301270,63,59,51,20,18,15,11301270_C_BlingHeartRing_A.gltf,01300008_c_babyangel.png,01300008_c_babyangel.png,0,
11320307,자라나라 벚꽃벚꽃 (남),11301407,255,168,203,205,86,106,11301407_C_FlowerBranch_A.gltf,11301407_c_flowerbranch_d.png,11301407_c_flowerbranch_c.png,0,
11320308,자라나라 벚꽃벚꽃 (여),11301407,255,168,203,205,86,106,11301407_C_FlowerBranch_A.gltf,11301407_c_flowerbranch_d.png,11301407_c_flowerbranch_c.png,0,
11320309,포근한 손뜨개 모자 (남),11320309,170,47,47,96,19,19,11320309_C_CPOrdinary03_D.gltf,11320309_c_cpordinary03_d.png,11320309_c_cpordinary03_c.png,13,
11320310,포근한 손뜨개 모자 (여),11320310,170,47,47,96,19,19,11320309_C_CPOrdinary03_D.gltf,11320309_c_cpordinary03_d.png,11320309_c_cpordinary03_c.png,13,
11320311,로열 다크니스 헤일로 (남),11304837,244,189,88,163,121,39,11304837_C_CPDarkFantasy_A.gltf,11304837_c_cpdarkfantasy_d.png,11304837_c_cpdarkfantasy_c.png,0,
11320312,로열 다크니스 헤일로 (여),11304838,244,189,88,163,121,39,11304837_C_CPDarkFantasy_A.gltf,11304837_c_cpdarkfantasy_d.png,11304837_c_cpdarkfantasy_c.png,0,
11320313,힙스터 냥이 볼캡 (남),11301544,63,59,51,20,18,15,11301544_C_CatBallCap01_C.gltf,11301544_c_catballcap01_d.png,11301544_c_catballcap01_c.png,8,
11320314,힙스터 냥이 볼캡 (여),11301544,63,59,51,20,18,15,11301544_C_CatBallCap01_C.gltf,11301544_c_catballcap01_d.png,11301544_c_catballcap01_c.png,8,
11320315,순둥이 햄스터 모자 (남),11301551,63,59,51,20,18,15,11301551_C_Hamster.gltf,11301551_c_hamster01_d.png,11301551_c_hamster01_d.png,None,
11320316,순둥이 햄스터 모자 (여),11301551,63,59,51,20,18,15,11301551_C_Hamster.gltf,11301551_c_hamster01_d.png,11301551_c_hamster01_d.png,None,
11320317,로열 윈터 크라운 (남),11301549,62,73,117,27,26,48,11301549_C_MiddleAges01_F.gltf,11301549_c_cpmiddleages01_d.png,11301549_c_cpmiddleages01_c.png,0,
11320318,로열 윈터 크라운 (여),11301550,62,73,117,27,26,48,11301549_C_MiddleAges01_F.gltf,11301549_c_cpmiddleages01_d.png,11301549_c_cpmiddleages01_c.png,0,
11320319,달콤달콤 마카롱 (남),11301566,239,112,145,153,66,82,11301566_C_Macaron01_F.gltf,11301566_c_macaron01_d.png,11301566_c_macaron01_c.png,0,
11320320,달콤달콤 마카롱 (여),11301566,239,112,145,153,66,82,11301566_C_Macaron01_F.gltf,11301566_c_macaron01_d.png,11301566_c_macaron01_c.png,0,
11320321,크림체리 모자 (남),11304845,170,47,47,96,19,19,11304845_C_Cherry01_F.gltf,11304845_c_cherry01_d.png,11304845_c_cherry01_c.png,0,
11320322,크림체리 모자 (여),11304845,170,47,47,96,19,19,11304845_C_Cherry01_F.gltf,11304845_c_cherry01_d.png,11304845_c_cherry01_c.png,0,
11320323,초코가득 소라빵 (남),11301570,63,59,51,20,18,15,11301570_C_Bread01_F.gltf,11301570_c_bread01_d.png,11301570_c_bread01_d.png,0,
11320324,초코가득 소라빵 (여),11301570,63,59,51,20,18,15,11301570_C_Bread01_F.gltf,11301570_c_bread01_d.png,11301570_c_bread01_d.png,0,
11320325,우아한 땡땡이 리본 (남),11320325,239,112,145,153,66,82,11301141_C_Ribbon01_A.gltf,11301141_c_ribbon01_d.png,11301141_c_ribbon01_c.png,0,
11320326,우아한 땡땡이 리본 (여),11320326,239,112,145,153,66,82,11301141_C_Ribbon01_A.gltf,11301141_c_ribbon01_d.png,11301141_c_ribbon01_c.png,0,
11320329,진주조개 모자 (남),11320329,239,112,145,153,66,82,11301561_C_Shellfish01_F.gltf,11301561_c_shellfish01_d.png,11301561_c_shellfish01_c.png,0,
11320330,진주조개 모자 (여),11320329,239,112,145,153,66,82,11301561_C_Shellfish01_F.gltf,11301561_c_shellfish01_d.png,11301561_c_shellfish01_c.png,0,
11320331,수박조각 모자 (남),11320331,63,59,51,20,18,15,11301543_C_WaterMelon02_F.gltf,11301543_c_watermelon02_d.png,11301543_c_watermelon02_d.png,0,
11320332,수박조각 모자 (여),11320331,63,59,51,20,18,15,11301543_C_WaterMelon02_F.gltf,11301543_c_watermelon02_d.png,11301543_c_watermelon02_d.png,0,
11320333,빙글빙글 무지개 바람개비 (남),11320333,63,59,51,20,18,15,11301563_C_Pinwheel.gltf,11301563_c_pinwheel02_d.png,11301563_c_pinwheel02_d.png,None,
11320334,빙글빙글 무지개 바람개비 (여),11320333,63,59,51,20,18,15,11301563_C_Pinwheel.gltf,11301563_c_pinwheel02_d.png,11301563_c_pinwheel02_d.png,None,
11320335,손바닥 머리띠 (남),11301559,244,189,88,163,121,39,11301559_C_Hand.gltf,11301559_c_hand01_d.png,11301559_c_hand01_c.png,None,
11320336,손바닥 머리띠 (여),11301559,244,189,88,163,121,39,11301559_C_Hand.gltf,11301559_c_hand01_d.png,11301559_c_hand01_c.png,None,
11320337,수줍은 만세 선인장 모자 (남),11320337,214,147,100,186,113,50,11301564_C_Flowerpot.gltf,11301564_c_flowerpot01_d.png,11301564_c_flowerpot01_c.png,None,
11320338,수줍은 만세 선인장 모자 (여),11320337,214,147,100,186,113,50,11301564_C_Flowerpot.gltf,11301564_c_flowerpot01_d.png,11301564_c_flowerpot01_c.png,None,
11320343,현자냥이의 개복치 머리핀 (남),11300631,126,204,247,72,94,168,11300631_C_CPSummerEvent01_F.gltf,11300631_c_cpsummerevent01_d.png,11300631_c_cpsummerevent01_c.png,0,
11320344,현자냥이의 개복치 머리핀 (여),11300631,126,204,247,72,94,168,11300631_C_CPSummerEvent01_F.gltf,11300631_c_cpsummerevent01_d.png,11300631_c_cpsummerevent01_c.png,0,
11320347,머리 위 얼룩냥이 (남),11320347,63,59,51,20,18,15,11301553_C_Cat.gltf,11301553_c_cat01_d.png,11301553_c_cat01_d.png,None,
11320348,머리 위 얼룩냥이 (여),11320347,63,59,51,20,18,15,11301553_C_Cat.gltf,11301553_c_cat01_d.png,11301553_c_cat01_d.png,None,
11320349,빛나는 군악대 모자 (남),11320349,76,105,181,23,40,79,11320349_C_CPBand01_C.gltf,11320349_c_cpband01_d.png,11320349_c_cpband01_c.png,8,
11320350,빛나는 군악대 모자 (여),11320350,76,105,181,23,40,79,11320349_C_CPBand01_C.gltf,11320349_c_cpband01_d.png,11320349_c_cpband01_c.png,8,
11320351,메린이 교과서 모자 (남),11320351,76,105,181,23,40,79,11320351_C_CPSchoolLook03_F.gltf,11320351_c_cpschoollook03_d.png,11320351_c_cpschoollook03_c.png,0,
11320352,메린이 교과서 모자 (여),11320352,76,105,181,23,40,79,11320351_C_CPSchoolLook03_F.gltf,11320351_c_cpschoollook03_d.png,11320351_c_cpschoollook03_c.png,0,
11320353,겨울동화 눈꽃 왕관 (남),11301534,76,105,181,23,40,79,11301534_C_CPFrozen03_A.gltf,11301534_c_cpfrozen03_d.png,11301534_c_cpfrozen03_c.png,0,
11320354,겨울동화 눈꽃 왕관 (여),11301535,76,105,181,23,40,79,11301534_C_CPFrozen03_A.gltf,11301534_c_cpfrozen03_d.png,11301534_c_cpfrozen03_c.png,0,
11320355,오드리 튜튜 깃털 장식 (남),11304788,76,105,181,23,40,79,11304788_C_CPBallet01_A.gltf,11304788_c_cpballet01_d.png,11304788_c_cpballet01_c.png,0,
11320356,오드리 튜튜 깃털 장식 (여),11304789,76,105,181,23,40,79,11304788_C_CPBallet01_A.gltf,11304788_c_cpballet01_d.png,11304788_c_cpballet01_c.png,0,
11320357,올림포스 월계관 (남),11301096,242,224,191,165,127,96,11301096_C_CPOlympos01_A.gltf,11301096_c_cpolympos01_d.png,11301096_c_cpolympos01_c.png,0,
11320358,올림포스 월계관 (여),11301096,242,224,191,165,127,96,11301096_C_CPOlympos01_A.gltf,11301096_c_cpolympos01_d.png,11301096_c_cpolympos01_c.png,0,
11320359,로맨틱 웨딩 페도라 (남),11320359,180,165,248,108,96,176,11320359_C_CPWedding03_F.gltf,11320359_c_cpwedding03_d.png,11320359_c_cpwedding03_c.png,0,
11320360,로맨틱 웨딩 티아라 (여),11320360,180,165,248,108,96,176,11320360_C_CPWedding03_A.gltf,11320360_c_cpwedding03_d.png,11320360_c_cpwedding03_c.png,0,
11320361,일루셔니스트 깃털 모자 (남),11304790,170,47,47,96,19,19,11304790_C_CPFairyMagician_F.gltf,11304790_c_cpfairymagician_d.png,11304790_c_cpfairymagician_c.png,0,
11320362,일루셔니스트 깃털 모자 (여),11304791,170,47,47,96,19,19,11304790_C_CPFairyMagician_F.gltf,11304790_c_cpfairymagician_d.png,11304790_c_cpfairymagician_c.png,0,
11320363,초코가득 소라빵 (남),11301570,63,59,51,20,18,15,11301570_C_Bread01_F.gltf,11301570_c_bread01_d.png,11301570_c_bread01_d.png,0,
11320364,초코가득 소라빵 (여),11301570,63,59,51,20,18,15,11301570_C_Bread01_F.gltf,11301570_c_bread01_d.png,11301570_c_bread01_d.png,0,
11320366,스페셜 웨딩 러블리 티아라 (여),11301376,230,230,230,150,150,150,11301376_F_CPWedding02_A.gltf,11301376_c_cpwedding02_d.png,11301376_c_cpwedding02_c.png,0,
11320367,댄싱 그레이스 플라워 헤어핀(남),11320367,133,81,165,53,42,71,11320367_C_CPSports04_A.gltf,11320367_c_cpsports04_d.png,11320367_c_cpsports04_c.png,0,
11320368,댄싱 그레이스 플라워 헤어핀(여),11320368,133,81,165,53,42,71,11320367_C_CPSports04_A.gltf,11320367_c_cpsports04_d.png,11320367_c_cpsports04_c.png,0,
11320369,세이레네스 티아라 (남),11320369,126,204,247,72,94,168,11320369_C_CPSummer02_A.gltf,11320369_c_cpsummer02_d.png,11320369_c_cpsummer02_c.png,0,
11320370,세이레네스 티아라 (여),11320369,126,204,247,72,94,168,11320369_C_CPSummer02_A.gltf,11320369_c_cpsummer02_d.png,11320369_c_cpsummer02_c.png,0,
11320371,개구쟁이 꼬마 악마 뿔 (남),11320371,133,81,165,53,42,71,11320371_C_CPHalloween05_A.gltf,11320371_c_cphalloween05_d.png,11320371_c_cphalloween05_c.png,0,
11320372,개구쟁이 꼬마 악마 뿔 (여),11320372,133,81,165,53,42,71,11320371_C_CPHalloween05_A.gltf,11320371_c_cphalloween05_d.png,11320371_c_cphalloween05_c.png,0,
11320373,커닝시티 역무원 모자 (남),11320373,62,73,117,27,26,48,11320373_C_CPUniform01_C.gltf,11320373_c_cpuniform01_d.png,11320373_c_cpuniform01_c.png,8,
11320374,커닝시티 역무원 모자 (여),11320374,62,73,117,27,26,48,11320373_C_CPUniform01_C.gltf,11320373_c_cpuniform01_d.png,11320373_c_cpuniform01_c.png,8,
11320377,장난꾸러기 요정 모자(남),11320377,133,81,165,53,42,71,11320377_C_CPFairy03_C.gltf,11320377_c_cpfairy03_d.png,11320377_c_cpfairy03_c.png,8,
11320378,장난꾸러기 요정 모자(여),11320377,133,81,165,53,42,71,11320377_C_CPFairy03_C.gltf,11320377_c_cpfairy03_d.png,11320377_c_cpfairy03_c.png,8,
11320379,검은 고양이 모자 (남),11300493,63,59,51,20,18,15,11300493_C_CPCatDoll_E.gltf,11300493_c_cpcatdoll_d.png,11300493_c_cpcatdoll_d.png,15,
11320380,검은 고양이 모자 (여),11300493,63,59,51,20,18,15,11300493_C_CPCatDoll_E.gltf,11300493_c_cpcatdoll_d.png,11300493_c_cpcatdoll_d.png,15,
11320381,숲의 정령 뿔 장식 (남),11320381,119,147,68,32,51,30,11320381_C_CPFairy04_A.gltf,11320381_c_cpfairy04_d.png,11320381_c_cpfairy04_c.png,0,
11320382,숲의 정령 뿔 장식 (여),11320382,119,147,68,32,51,30,11320381_C_CPFairy04_A.gltf,11320381_c_cpfairy04_d.png,11320381_c_cpfairy04_c.png,0,
11320383,러블리 하트 리본,11300743,170,47,47,96,19,19,11300743_C_CPValentine_F.gltf,11300743_c_cpvalentine_d.png,11300743_c_cpvalentine_c.png,0,
11320385,춤추는 꽃,11304804,244,189,88,163,121,39,11304804_C_DancingFlow.gltf,11304804_c_dancingflower_d.png,11304804_c_dancingflower_c.png,None,
11320386,성실한 모험가의 벙거지,11300001,63,59,51,20,18,15,11300001_C_AdventurerCap_C.gltf,11300001_c_adventurercap_d.png,11300001_c_adventurercap_d.png,8,
11320387,글로우 스타 미니햇 (남),11300951,170,47,47,96,19,19,11300951_C_CPChristmas02_F.gltf,11300951_c_cpchristmas02_d.png,11300951_c_cpchristmas02_c.png,0,
11320388,글로우 스타 리본 (여),11300952,170,47,47,96,19,19,11300952_C_CPChristmas02_F.gltf,11300952_c_cpchristmas02_d.png,11300952_c_cpchristmas02_c.png,0,
11320389,발랄한 앨리스 티컵 햇 (남),11320389,126,204,247,72,94,168,11320389_C_CPFairyTale02_F.gltf,11320389_c_cpfairytale02_d.png,11320389_c_cpfairytale02__c.png,0,
11320390,발랄한 앨리스 티컵 햇 (여),11320389,126,204,247,72,94,168,11320389_C_CPFairyTale02_F.gltf,11320389_c_cpfairytale02_d.png,11320389_c_cpfairytale02__c.png,0,
11320391,타락천사 서클릿 (남),11301257,62,73,117,27,26,48,11301257_C_CPLucifer_A.gltf,11301257_c_cplucifer_d.png,11301257_c_cplucifer_c.png,0,
11320392,타락천사 서클릿 (여),11301258,62,73,117,27,26,48,11301257_C_CPLucifer_A.gltf,11301257_c_cplucifer_d.png,11301257_c_cplucifer_c.png,0,
11320393,봄나들이 밀짚 모자 (남),11320393,242,224,191,165,127,96,11320393_C_CPPicnic02_C.gltf,11320393_c_cppicnic02_d.png,11320393_c_cppicnic02_c.png,8,
11320394,봄나들이 밀짚 모자 (여),11320394,242,224,191,165,127,96,11320393_C_CPPicnic02_C.gltf,11320393_c_cppicnic02_d.png,11320393_c_cppicnic02_c.png,8,
11320395,포근한 솜뭉치 곰돌이 모자 (남),11320395,126,204,247,72,94,168,11320395_C_CPWinter01_E.gltf,11320395_c_cpwinter01_d.png,11320395_c_cpwinter01_c.png,15,
11320396,포근한 솜뭉치 곰돌이 모자 (여),11320395,126,204,247,72,94,168,11320395_C_CPWinter01_E.gltf,11320395_c_cpwinter01_d.png,11320395_c_cpwinter01_c.png,15,
11320397,커닝 경찰 모자(남),11320397,62,73,117,27,26,48,11320397_C_CPUniform02_C.gltf,11320397_c_cpuniform02_d.png,11320397_c_cpuniform02_c.png,8,
11320398,커닝 경찰 모자(여),11320398,62,73,117,27,26,48,11320397_C_CPUniform02_C.gltf,11320397_c_cpuniform02_d.png,11320397_c_cpuniform02_c.png,8,
11320399,째깍째깍 태엽 모자 (남),11320399,62,73,117,27,26,48,11320399_C_CPTechwear02_C.gltf,11320399_c_cptechwear02_d.png,11320399_c_cptechwear02_c.png,8,
11320400,째깍째깍 태엽 모자 (여),11320399,62,73,117,27,26,48,11320399_C_CPTechwear02_C.gltf,11320399_c_cptechwear02_d.png,11320399_c_cptechwear02_c.png,8,
11320401,꼬마 도깨비 뿔 (남),11300349,170,47,47,96,19,19,11300349_C_LittleGoblinHorn_A.gltf,11300349_c_littlegoblinhorn_d.png,11300349_c_littlegoblinhorn_c.png,0,
11320402,꼬마 도깨비 뿔 (여),11300349,170,47,47,96,19,19,11300349_C_LittleGoblinHorn_A.gltf,11300349_c_littlegoblinhorn_d.png,11300349_c_littlegoblinhorn_c.png,0,
11320403,힙합 비니 (남),11300057,63,59,51,20,18,15,01300016_C_HiphopBeenie_C.gltf,01300016_c_hiphopbeenie_d.png,01300016_c_hiphopbeenie_d.png,8,
11320404,힙합 비니 (여),11300057,63,59,51,20,18,15,01300016_C_HiphopBeenie_C.gltf,01300016_c_hiphopbeenie_d.png,01300016_c_hiphopbeenie_d.png,8,
11320405,플로럴 비치 햇 (남),11300152,255,168,203,205,86,106,11300152_C_CPFloralBeachHat_C.gltf,11300152_c_cpfloralbeachhat_d.png,11300152_c_cpfloralbeachhat_c.png,8,
11320406,플로럴 비치 햇 (여),11300152,255,168,203,205,86,106,11300152_C_CPFloralBeachHat_C.gltf,11300152_c_cpfloralbeachhat_d.png,11300152_c_cpfloralbeachhat_c.png,8,
11320407,꼬마 도깨비 뿔 (남),11300349,170,47,47,96,19,19,11300349_C_LittleGoblinHorn_A.gltf,11300349_c_littlegoblinhorn_d.png,11300349_c_littlegoblinhorn_c.png,0,
11320408,꼬마 도깨비 뿔 (여),11300349,170,47,47,96,19,19,11300349_C_LittleGoblinHorn_A.gltf,11300349_c_littlegoblinhorn_d.png,11300349_c_littlegoblinhorn_c.png,0,
11320409,힙합 비니 (남),11300057,63,59,51,20,18,15,01300016_C_HiphopBeenie_C.gltf,01300016_c_hiphopbeenie_d.png,01300016_c_hiphopbeenie_d.png,8,
11320410,힙합 비니 (여),11300057,63,59,51,20,18,15,01300016_C_HiphopBeenie_C.gltf,01300016_c_hiphopbeenie_d.png,01300016_c_hiphopbeenie_d.png,8,
11320411,순둥이 햄스터 모자 (남),11301551,63,59,51,20,18,15,11301551_C_Hamster.gltf,11301551_c_hamster01_d.png,11301551_c_hamster01_d.png,None,
11320412,순둥이 햄스터 모자 (여),11301551,63,59,51,20,18,15,11301551_C_Hamster.gltf,11301551_c_hamster01_d.png,11301551_c_hamster01_d.png,None,
11320413,연꽃 개구리 모자 (남),11301414,194,209,96,64,104,54,11301414_C_CPOrdinary.gltf,11301414_c_cpordinary02_d.png,11301414_c_cpordinary02_c.png,None,
11320414,연꽃 개구리 모자 (여),11301414,194,209,96,64,104,54,11301414_C_CPOrdinary.gltf,11301414_c_cpordinary02_d.png,11301414_c_cpordinary02_c.png,None,
11320415,가을 소풍 도토리 모자 (남),11320415,122,92,77,53,39,29,11320415_C_CPAutumn02_F.gltf,11320415_c_cpautumn02_d.png,11320415_c_cpautumn02_c.png,0,
11320416,가을 소풍 도토리 모자 (여),11320415,122,92,77,53,39,29,11320415_C_CPAutumn02_F.gltf,11320415_c_cpautumn02_d.png,11320415_c_cpautumn02_c.png,0,
11320417,프리스타일 보울러 햇 (남),11320417,62,73,117,27,26,48,11320417_C_CPOrdinary04_C.gltf,11320417_c_cpordinary04_d.png,11320417_c_cpordinary04_c.png,8,
11320418,프리스타일 보울러 햇 (여),11320417,62,73,117,27,26,48,11320417_C_CPOrdinary04_C.gltf,11320417_c_cpordinary04_d.png,11320417_c_cpordinary04_c.png,8,
11320419,플로리아 페어리 서클릿 (남) ,11300820,170,47,47,96,19,19,11300820_C_CPFloriaFai.gltf,11300820_c_cpfloriafairy_d.png,11300820_c_cpfloriafairy_c.png,None,
11320420,플로리아 페어리 서클릿 (여) ,11300821,170,47,47,96,19,19,11300820_C_CPFloriaFai.gltf,11300820_c_cpfloriafairy_d.png,11300820_c_cpfloriafairy_c.png,None,
11320421,비비드 썸머 썬 (남),11300558,63,59,51,20,18,15,11300558_C_CPSunglassS.gltf,11300558_c_cpsunglasssun_d.png,11300558_c_cpsunglasssun_c.png,None,
11320422,비비드 썸머 썬 (여),11300558,63,59,51,20,18,15,11300558_C_CPSunglassS.gltf,11300558_c_cpsunglasssun_d.png,11300558_c_cpsunglasssun_c.png,None,
11320423,빛나는 눈꽃 모자(남),11320423,76,105,181,23,40,79,11320423_C_CPWinter02_C.gltf,11320423_c_cpwinter02_d.png,11320423_c_cpwinter02_c.png,8,
11320424,빛나는 눈꽃 모자(여),11320423,76,105,181,23,40,79,11320423_C_CPWinter02_C.gltf,11320423_c_cpwinter02_d.png,11320423_c_cpwinter02_c.png,8,
11320425,알록달록 조개 머리 핀 (남),11301486,255,168,203,205,86,106,11301486_C_ShellPearlPin_F.gltf,11301486_c_shellpearlpin_d.png,11301486_c_shellpearlpin_c.png,0,
11320426,알록달록 조개 머리 핀 (여),11301486,255,168,203,205,86,106,11301486_C_ShellPearlPin_F.gltf,11301486_c_shellpearlpin_d.png,11301486_c_shellpearlpin_c.png,0,
11320427,메이플로드 승마 모자 (남),11320427,63,59,51,20,18,15,11320427_C_CPUniform04_C.gltf,11320427_c_cpuniform04_d.png,11320427_c_cpuniform04_c.png,8,
11320428,메이플로드 승마 모자 (여),11320427,63,59,51,20,18,15,11320427_C_CPUniform04_C.gltf,11320427_c_cpuniform04_d.png,11320427_c_cpuniform04_c.png,8,
11320429,커닝 집배원 모자 (남),11320429,62,73,117,27,26,48,11320429_C_CPUniform03_F.gltf,11320429_c_cpuniform03_d.png,11320429_c_cpuniform03_c.png,0,
11320430,커닝 집배원 모자 (여),11320429,62,73,117,27,26,48,11320429_C_CPUniform03_F.gltf,11320429_c_cpuniform03_d.png,11320429_c_cpuniform03_c.png,0,
11320431,폴 래빗 모자 (남),11320431,132,130,120,68,68,65,11320431_C_CPBunny02_F.gltf,11320431_c_cpbunny02_d.png,11320431_c_cpbunny02_c.png,0,
11320432,폴 래빗 모자 (여),11320431,132,130,120,68,68,65,11320431_C_CPBunny02_F.gltf,11320431_c_cpbunny02_d.png,11320431_c_cpbunny02_c.png,0,
11320433,출렁 파도 머리핀 (남),11301485,147,226,242,89,153,165,11301485_C_WaveHairPin_F.gltf,11301485_c_wavehairpin_d.png,11301485_c_wavehairpin_c.png,0,
11320434,출렁 파도 머리핀 (여),11301485,147,226,242,89,153,165,11301485_C_WaveHairPin_F.gltf,11301485_c_wavehairpin_d.png,11301485_c_wavehairpin_c.png,0,
11320435,(PC방) 개구쟁이 꼬마 악마뿔,11320371,133,81,165,53,42,71,11320371_C_CPHalloween05_A.gltf,11320371_c_cphalloween05_d.png,11320371_c_cphalloween05_c.png,0,
11320436,(PC방) 밀리터리 헬멧,11300314,63,59,51,20,18,15,11300314_C_CPMilitaryHelmet_C.gltf,11300314_c_cpmilitaryhelmet_d.png,11300314_c_cpmilitaryhelmet_d.png,8,
11320437,(PC방) 방랑자 삿갓,11300357,63,59,51,20,18,15,11300119_C_CPWandererBambooHat_C.gltf,11300119_c_cpwandererbamboohat_d.png,11300119_c_cpwandererbamboohat_d.png,8,
11320438,(PC방) 캡틴 모자,11300059,76,105,181,23,40,79,01300018_M_CaptainHat_C.gltf,01300018_m_captainhat_d.png,01300018_m_captainhat_c.png,8,
11320439,(PC방) 승무원 모자,11300060,76,105,181,23,40,79,01300019_F_CrewHat_F.gltf,01300019_f_crewhat_d.png,01300019_f_crewhat_c.png,0,
11320441,스터드 가죽 캡 (남),11300331,62,73,117,27,26,48,11300147_C_CPStuddedHat_C.gltf,11300147_c_cpstuddedhat_d.png,11300147_c_cpstuddedhat_c.png,8,
11320442,스터드 가죽 캡 (여),11300331,62,73,117,27,26,48,11300147_C_CPStuddedHat_C.gltf,11300147_c_cpstuddedhat_d.png,11300147_c_cpstuddedhat_c.png,8,
11320444,손바닥 머리띠 (남),11301559,244,189,88,163,121,39,11301559_C_Hand.gltf,11301559_c_hand01_d.png,11301559_c_hand01_c.png,None,
11320445,손바닥 머리띠 (여),11301559,244,189,88,163,121,39,11301559_C_Hand.gltf,11301559_c_hand01_d.png,11301559_c_hand01_c.png,None,
11320446,미스터리 클럽 모자 (남),11300291,244,189,88,163,121,39,11300291_C_CPSherlock02_F.gltf,11300291_c_cpsherlock02_d.png,11300291_c_cpsherlock02_c.png,0,
11320447,미스터리 클럽 모자 (여),11300291,244,189,88,163,121,39,11300291_C_CPSherlock02_F.gltf,11300291_c_cpsherlock02_d.png,11300291_c_cpsherlock02_c.png,0,
11320448,로맨틱 웨딩 페도라 (남),11320359,180,165,248,108,96,176,11320359_C_CPWedding03_F.gltf,11320359_c_cpwedding03_d.png,11320359_c_cpwedding03_c.png,0,
11320449,펑키 네온 캣 버디핀 (남),11304781,147,226,242,89,153,165,11304781_C_CPFunkyNeonCat_A.gltf,11304781_c_cpfunkyneoncat_d.png,11304781_c_cpfunkyneoncat_c.png,0,
11320450,펑키 네온 캣 버디핀 (여),11304782,147,226,242,89,153,165,11304781_C_CPFunkyNeonCat_A.gltf,11304781_c_cpfunkyneoncat_d.png,11304781_c_cpfunkyneoncat_c.png,0,
11320451,스트리트 래퍼 모자 (남),11320059,126,204,247,72,94,168,11320059_C_CPIdol03_C.gltf,11320059_c_cpidol03_d.png,11320059_c_cpidol03_c.png,8,
11320452,스트리트 래퍼 모자 (여),11320060,126,204,247,72,94,168,11320060_C_CPIdol03_C.gltf,11320060_c_cpidol03_d.png,11320060_c_cpidol03_c.png,8,
11320453,푸른 바다 소년 모자 (남),11320063,126,204,247,72,94,168,11320063_C_CPMarine04_C.gltf,11320063_c_cpmarine04_d.png,11320063_c_cpmarine04_c.png,8,
11320454,푸른 바다 소녀 모자 (여),11320063,126,204,247,72,94,168,11320063_C_CPMarine04_C.gltf,11320063_c_cpmarine04_d.png,11320063_c_cpmarine04_c.png,8,
11320455,로맨틱 웨딩 티아라 (여),11320360,180,165,248,108,96,176,11320360_C_CPWedding03_A.gltf,11320360_c_cpwedding03_d.png,11320360_c_cpwedding03_c.png,0,
11320456,펌킨 할로 위치햇 (남),11320091,63,59,51,20,18,15,11320091_C_CPHalloween06_C.gltf,11320091_c_cphalloween06_d.png,11320091_c_cphalloween06_c.png,8,
11320457,펌킨 할로 위치햇 (여),11320091,63,59,51,20,18,15,11320091_C_CPHalloween06_C.gltf,11320091_c_cphalloween06_d.png,11320091_c_cphalloween06_c.png,8,
11320458,개구쟁이 꼬마 악마 뿔 (남),11320371,133,81,165,53,42,71,11320371_C_CPHalloween05_A.gltf,11320371_c_cphalloween05_d.png,11320371_c_cphalloween05_c.png,0,
11320459,하랑 면류관 (남),11300747,63,59,51,20,18,15,11300747_M_CPTraditionalWedding_C.gltf,11300747_m_cptraditionalwedding_d.png,11300747_m_cptraditionalwedding_c.png,8,
11320460,나예 가체 (여),11300748,63,59,51,20,18,15,11300748_F_CPTraditionalWedding_E.gltf,11300748_f_cptraditionalwedding_d.png,11300748_f_cptraditionalwedding_c.png,8,
11320461,슬라임 색동 도령 모자 (남),11300351,147,226,242,89,153,165,11300351_C_CPSlimeCapManycolor_D.gltf,11300351_c_cpslimecapmanycolor_d.png,11300351_c_cpslimecapmanycolor_c.png,13,
11320462,꽃송이 족두리 (여),11300352,255,168,203,205,86,106,11300352_C_CPFlowerHeadPiece_A.gltf,11300352_c_cpflowerheadpiece_d.png,11300352_c_cpflowerheadpiece_c.png,0,
11320463,옥관자 장식 갓 (남),11300739,62,73,117,27,26,48,11300739_C_CPFeatherGat_C.gltf,11300739_c_cpfeathergat_d.png,11300739_c_cpfeathergat_c.png,8,
11320464,복슬복슬 꽃 조바위 (여),11300740,244,189,88,163,121,39,11300740_C_CPWinterHat_C.gltf,11300740_c_cpwinterhat_d.png,11300740_c_cpwinterhat_c.png,8,
11320465,왠걸의 알로하 모자 (남),11300946,126,204,247,72,94,168,11300946_C_CPSummerEvent02_C.gltf,11300946_c_cpsummerevent02_d.png,11300946_c_cpsummerevent02_c.png,8,
11320466,왠걸의 알로하 모자 (여),11300946,126,204,247,72,94,168,11300946_C_CPSummerEvent02_C.gltf,11300946_c_cpsummerevent02_d.png,11300946_c_cpsummerevent02_c.png,8,
11320467,Nunni의 팬지꽃 머리 장식 (남),11300947,126,204,247,72,94,168,11300947_C_CPSummerEvent02_F.gltf,11300947_c_cpsummerevent02_d.png,11300947_c_cpsummerevent02_c.png,0,
11320468,Nunni의 팬지꽃 머리 장식 (여),11300947,126,204,247,72,94,168,11300947_C_CPSummerEvent02_F.gltf,11300947_c_cpsummerevent02_d.png,11300947_c_cpsummerevent02_c.png,0,
11320469,금사 운룡 옥장식 관 (남),11300890,170,47,47,96,19,19,11300890_C_CPNewYear01_F.gltf,11300890_c_cpnewyear01_d.png,11300890_c_cpnewyear01_c.png,0,
11320470,금사 운룡 모란 예관 (여),11300889,170,47,47,96,19,19,11300889_C_CPNewYear01_F.gltf,11300889_c_cpnewyear01_d.png,11300889_c_cpnewyear01_c.png,0,
11320471,깨어난 더키볼 모자,11320461,63,59,51,20,18,15,11320461_C_CPDoll_Chick02_E.gltf,11320461_c_cpdoll_chick02_d.png,11320461_c_cpdoll_chick02_d.png,15,
11320472,마제스틱 윙 헤어핀 (남),11300875,170,47,47,96,19,19,11300875_C_CPMajesticWi.gltf,11300875_c_cpmajesticwing_d.png,11300875_c_cpmajesticwing_c.png,None,
11320473,마제스틱 윙 헤어핀 (여),11300876,170,47,47,96,19,19,11300875_C_CPMajesticWi.gltf,11300875_c_cpmajesticwing_d.png,11300875_c_cpmajesticwing_c.png,None,
11320474,나비의 꿈 관모 (남),11301098,170,47,47,96,19,19,11300891_C_CPNewYear02_A.gltf,11300891_c_cpnewyear02_d.png,11300891_c_cpnewyear02_c.png,0,
11320475,나비의 꿈 머리 장식 (여),11301099,170,47,47,96,19,19,11300892_C_CPNewYear02_A.gltf,11300892_c_cpnewyear02_d.png,11300892_c_cpnewyear02_c.png,0,
11320476,펌킨 위치 미니 햇 (남),11300942,249,137,77,147,60,20,11300942_C_CPPumkinHat_F.gltf,11300942_c_cppumkinhat_d.png,11300942_c_cppumkinhat_c.png,0,
11320477,펌킨 위치 미니 햇 (여),11300943,249,137,77,147,60,20,11300943_C_CPWitchHat_F.gltf,11300943_c_cpwitchhat_d.png,11300943_c_cpwitchhat_c.png,0,
11320478,오리엔탈 엔젤 크라운 (남),11304772,255,168,203,205,86,106,11390939_C_CPOrientalAngel_A.gltf,11390939_c_cporientalangel_d.png,11390939_c_cporientalangel_c.png,0,
11320479,오리엔탈 엔젤 플라워 (여),11304773,255,168,203,205,86,106,11390940_C_CPOrientalAngel_A.gltf,11390940_c_cporientalangel_d.png,11390940_c_cporientalangel_c.png,0,
11320480,스피릿 원 페더,11300639,126,204,247,72,94,168,11300519_C_CPSoulbinder05_A.gltf,11300519_c_cpsoulbinder05_d.png,11300519_c_cpsoulbinder05_c.png,0,
11320481,펌킨 위치 미니 햇 (남),11300942,249,137,77,147,60,20,11300942_C_CPPumkinHat_F.gltf,11300942_c_cppumkinhat_d.png,11300942_c_cppumkinhat_c.png,0,
11320482,메이플 연합 골든 파워 모자,11301103,63,59,51,20,18,15,11301103_C_CPMapleUnion01_C.gltf,11301103_c_cpmapleunion01_d.png,11301103_c_cpmapleunion01_d.png,8,
11320483,메이플 연합 골든 파워 모자,11301103,63,59,51,20,18,15,11301103_C_CPMapleUnion01_C.gltf,11301103_c_cpmapleunion01_d.png,11301103_c_cpmapleunion01_d.png,8,
11320484,트라이아 근위대 리네아르 모자,11301048,63,59,51,20,18,15,11301048_C_CPTriaRoyalGuard01_D.gltf,11301048_c_cptriaroyalguard01_d.png,11301048_c_cptriaroyalguard01_d.png,13,
11320485,트라이아 근위대 리네아르 모자,11301048,63,59,51,20,18,15,11301048_C_CPTriaRoyalGuard01_D.gltf,11301048_c_cptriaroyalguard01_d.png,11301048_c_cptriaroyalguard01_d.png,13,
11320486,그린후드 자경단 피오레 모자,11301049,63,59,51,20,18,15,11301049_C_CPGreenHood01_A.gltf,11301049_c_cpgreenhood01_d.png,11301049_c_cpgreenhood01_d.png,0,
11320487,펌킨 위치 미니 햇 (여),11300943,249,137,77,147,60,20,11300943_C_CPWitchHat_F.gltf,11300943_c_cpwitchhat_d.png,11300943_c_cpwitchhat_c.png,0,
11320488,루미나이츠 오네스타 모자,11301047,63,59,51,20,18,15,11301047_C_CPLumiKnight01_D.gltf,11301047_c_cplumiknight01_d.png,11301047_c_cplumiknight01_d.png,13,
11320489,개구쟁이 꼬마 악마 뿔 (여),11320371,133,81,165,53,42,71,11320371_C_CPHalloween05_A.gltf,11320371_c_cphalloween05_d.png,11320371_c_cphalloween05_c.png,0,
11320490,다크윈드 아텐토 모자,11301046,63,59,51,20,18,15,11301046_C_CPDarkWind01_E.gltf,11301046_c_cpdarkwind01_d.png,11301046_c_cpdarkwind01_d.png,15,
11320491,그린후드 자경단 피오레 모자,11301049,63,59,51,20,18,15,11301049_C_CPGreenHood01_A.gltf,11301049_c_cpgreenhood01_d.png,11301049_c_cpgreenhood01_d.png,0,
11320492,스위트 드림 모자,11300718,244,189,88,163,121,39,11300718_C_CPSleepingCap01_D.gltf,11300718_c_cpsleepingcap01_d.png,11300718_c_cpsleepingcap01_c.png,13,
11320493,스위트 드림 리본 햇,11300719,244,189,88,163,121,39,11300719_C_CPSleepingCap02_D.gltf,11300719_c_cpsleepingcap02_d.png,11300719_c_cpsleepingcap02_c.png,13,
11320494,눈꽃뭉치 모자 (남),11301146,147,226,242,89,153,165,11301146_C_CPEskimoWear_C.gltf,11301146_c_cpeskimowear_d.png,11301146_c_cpeskimowear_c.png,8,
11320495,눈꽃뭉치 모자 (여),11301146,147,226,242,89,153,165,11301146_C_CPEskimoWear_C.gltf,11301146_c_cpeskimowear_d.png,11301146_c_cpeskimowear_c.png,8,
11320496,승무원 모자 (남),11300060,76,105,181,23,40,79,01300019_F_CrewHat_F.gltf,01300019_f_crewhat_d.png,01300019_f_crewhat_c.png,0,
11320497,승무원 모자 (여),11300060,76,105,181,23,40,79,01300019_F_CrewHat_F.gltf,01300019_f_crewhat_d.png,01300019_f_crewhat_c.png,0,
11320498,루미나리에 크리스탈 머리 장식 (남),11301279,76,105,181,23,40,79,11301279_C_CPLuminous_A.gltf,11301279_c_cpluminous_d.png,11301279_c_cpluminous_c.png,0,
11320499,루미나리에 크리스탈 머리 장식 (여),11301279,76,105,181,23,40,79,11301279_C_CPLuminous_A.gltf,11301279_c_cpluminous_d.png,11301279_c_cpluminous_c.png,0,
11320500,백여우 방울귀 (남),11301100,170,47,47,96,19,19,11300548_C_CPWhiteFox_A.gltf,11300548_c_cpwhitefox_d.png,11300548_c_cpwhitefox_c.png,0,
11320501,백여우 방울귀 (여),11301100,170,47,47,96,19,19,11300548_C_CPWhiteFox_A.gltf,11300548_c_cpwhitefox_d.png,11300548_c_cpwhitefox_c.png,0,
11320502,키튼 메이드 스터드 머리띠 (남),11301071,244,189,88,163,121,39,11301071_C_CPMaid01_A.gltf,11301071_c_cpmaid01_d.png,11301071_c_cpmaid01_c.png,0,
11320503,키튼 메이드 프릴 머리띠 (여),11301072,63,59,51,20,18,15,11301072_C_CPMaid01_A.gltf,11301071_c_cpmaid01_d.png,11301071_c_cpmaid01_c.png,0,
11320504,통통 핑크빈 모자 (남),11300877,63,59,51,20,18,15,11300877_C_CPPinkbean01_E.gltf,11300877_c_cppinkbean01_d.png,11300877_c_cppinkbean01_d.png,15,
11320505,통통 핑크빈 모자 (여),11300877,63,59,51,20,18,15,11300877_C_CPPinkbean01_E.gltf,11300877_c_cppinkbean01_d.png,11300877_c_cppinkbean01_d.png,15,
11320506,통통 핑크빈 모자 (남),11300877,63,59,51,20,18,15,11300877_C_CPPinkbean01_E.gltf,11300877_c_cppinkbean01_d.png,11300877_c_cppinkbean01_d.png,15,
11320507,통통 핑크빈 모자 (여),11300877,63,59,51,20,18,15,11300877_C_CPPinkbean01_E.gltf,11300877_c_cppinkbean01_d.png,11300877_c_cppinkbean01_d.png,15,
11320508,골든 리본 햇 (남),11301102,62,73,117,27,26,48,11301102_C_CPValentine02_F.gltf,11301102_c_cpvalentine02_d.png,11301102_c_cpvalentine02_c.png,0,
11320509,골든 리본 햇 (여),11301135,170,47,47,96,19,19,11301102_C_CPValentine02_F.gltf,11301102_c_cpvalentine02_d.png,11301102_c_cpvalentine02_c.png,0,
11320512,글로우 스타 미니햇 (남),11300951,170,47,47,96,19,19,11300951_C_CPChristmas02_F.gltf,11300951_c_cpchristmas02_d.png,11300951_c_cpchristmas02_c.png,0,
11320513,글로우 스타 리본 (여),11300952,170,47,47,96,19,19,11300952_C_CPChristmas02_F.gltf,11300952_c_cpchristmas02_d.png,11300952_c_cpchristmas02_c.png,0,
11320514,몽실 토끼 귀 (남),11301034,133,81,165,53,42,71,11301034_C_CPStarlightRabbit_A.gltf,11301034_c_cpstarlightrabbit_d.png,11301034_c_cpstarlightrabbit_c.png,0,
11320515,몽실 토끼 귀 (여),11301034,133,81,165,53,42,71,11301034_C_CPStarlightRabbit_A.gltf,11301034_c_cpstarlightrabbit_d.png,11301034_c_cpstarlightrabbit_c.png,0,
11320516,스노우 벨 털모자(남),11300181,255,168,203,205,86,106,11300182_F_CPSnowBell_D.gltf,11300181_c_cpsnowbell_d.png,11300181_c_cpsnowbell_c.png,13,
11320517,스노우 벨 털모자(여),11300181,255,168,203,205,86,106,11300182_F_CPSnowBell_D.gltf,11300181_c_cpsnowbell_d.png,11300181_c_cpsnowbell_c.png,13,
11320518,이프리트 티아라 (남),11300542,63,59,51,20,18,15,11300542_C_CPIfritTiara_A.gltf,11300542_c_cpifrittiara_d.png,11300542_c_cpifrittiara_d.png,0,
11320519,이프리트 티아라 (여),11300542,63,59,51,20,18,15,11300542_C_CPIfritTiara_A.gltf,11300542_c_cpifrittiara_d.png,11300542_c_cpifrittiara_d.png,0,
11320520,통통 블랙빈 모자 (남),11300368,63,59,51,20,18,15,11300368_C_CPBlackbean_E.gltf,11300368_c_cpblackbean_d.png,11300368_c_cpblackbean_d.png,15,
11320521,통통 블랙빈 모자 (여),11300368,63,59,51,20,18,15,11300368_C_CPBlackbean_E.gltf,11300368_c_cpblackbean_d.png,11300368_c_cpblackbean_d.png,15,
11320523,펑키 카우보이 햇 (남),11304785,158,83,63,68,31,19,11304785_C_CPCowPuncher_F.gltf,11304785_c_cpcowpuncher_d.png,11304785_c_cpcowpuncher_c.png,0,
11320524,펑키 카우보이 햇 (여),11304786,158,83,63,68,31,19,11304785_C_CPCowPuncher_F.gltf,11304785_c_cpcowpuncher_d.png,11304785_c_cpcowpuncher_c.png,0,
11320525,닥터 하트 모자 (남),11301532,170,47,47,96,19,19,11301532_C_CPHospital01_A.gltf,11301532_c_cphospital01_d.png,11301532_c_cphospital01_c.png,0,
11320526,닥터 하트 모자 (여),11301533,170,47,47,96,19,19,11301532_C_CPHospital01_A.gltf,11301532_c_cphospital01_d.png,11301532_c_cphospital01_c.png,0,
11320527,메린이 교과서 모자 (남),11320351,76,105,181,23,40,79,11320351_C_CPSchoolLook03_F.gltf,11320351_c_cpschoollook03_d.png,11320351_c_cpschoollook03_c.png,0,
11320528,메린이 교과서 모자 (여),11320352,76,105,181,23,40,79,11320351_C_CPSchoolLook03_F.gltf,11320351_c_cpschoollook03_d.png,11320351_c_cpschoollook03_c.png,0,
11320529,글로시 하트 머리띠 (남),11304771,170,47,47,96,19,19,11304771_C_GlossyHeart_A.gltf,11304771_c_glossyheart_d.png,11304771_c_glossyheart_c.png,0,
11320530,글로시 하트 머리띠 (여),11304771,170,47,47,96,19,19,11304771_C_GlossyHeart_A.gltf,11304771_c_glossyheart_d.png,11304771_c_glossyheart_c.png,0,
11320533,슈퍼스타 핑크빈의 뿔,11300953,63,59,51,20,18,15,11300953_F_Pinkbean_A.gltf,11300953_c_pinkbean_d.png,11300953_c_pinkbean_d.png,0,
11320534,트로피컬 스트로 햇 (남),11301385,76,105,181,23,40,79,11301385_C_CPResortWear_C.gltf,11301385_c_cpresortwear_d.png,11301385_c_cpresortwear_c.png,8,
11320535,트로피컬 스트로 햇 (여),11301386,76,105,181,23,40,79,11301385_C_CPResortWear_C.gltf,11301385_c_cpresortwear_d.png,11301385_c_cpresortwear_c.png,8,
11320536,메탈 헤드폰 (남),11300657,244,189,88,163,121,39,11300657_C_BlackHeadphone_A.gltf,11300657_c_blackheadphone_d.png,11300657_c_blackheadphone_c.png,0,
11320537,메탈 헤드폰 (여),11300657,244,189,88,163,121,39,11300657_C_BlackHeadphone_A.gltf,11300657_c_blackheadphone_d.png,11300657_c_blackheadphone_c.png,0,
11320538,머스커티어 해트,11320538,62,73,117,27,26,48,11301147_C_CPDartagnan_C.gltf,11301147_c_cpdartagnan_d.png,11301147_c_cpdartagnan_c.png,8,
11320539,브래스 스터드 캡,11320539,170,47,47,96,19,19,11301131_C_CPBrassStud_F.gltf,11301131_c_cpbrassstud_d.png,11301131_c_cpbrassstud_c.png,0,
11320540,저항군 지그문트 햇,11320540,63,59,51,20,18,15,11300944_C_CPSigmund_F.gltf,11300944_c_cpsigmund_d.png,11300944_c_cpsigmund_d.png,0,
11320541,저항군 지그문트 미니 햇,11320541,63,59,51,20,18,15,11300945_C_CPSigmund_F.gltf,11300945_c_cpsigmund_d.png,11300945_c_cpsigmund_d.png,0,
11320542,루미나이츠 오네스타 모자,11301047,63,59,51,20,18,15,11301047_C_CPLumiKnight01_D.gltf,11301047_c_cplumiknight01_d.png,11301047_c_cplumiknight01_d.png,13,
11320543,다크윈드 아텐토 모자,11301046,63,59,51,20,18,15,11301046_C_CPDarkWind01_E.gltf,11301046_c_cpdarkwind01_d.png,11301046_c_cpdarkwind01_d.png,15,
11320544,금사 운룡 옥장식 관 (남),11300890,170,47,47,96,19,19,11300890_C_CPNewYear01_F.gltf,11300890_c_cpnewyear01_d.png,11300890_c_cpnewyear01_c.png,0,
11320545,금사 운룡 모란 예관 (여),11300889,170,47,47,96,19,19,11300889_C_CPNewYear01_F.gltf,11300889_c_cpnewyear01_d.png,11300889_c_cpnewyear01_c.png,0,
11320546,스피릿 원 페더,11300639,126,204,247,72,94,168,11300519_C_CPSoulbinder05_A.gltf,11300519_c_cpsoulbinder05_d.png,11300519_c_cpsoulbinder05_c.png,0,
11320547,스위트 드림 모자,11300718,244,189,88,163,121,39,11300718_C_CPSleepingCap01_D.gltf,11300718_c_cpsleepingcap01_d.png,11300718_c_cpsleepingcap01_c.png,13,
11320548,스위트 드림 리본 햇,11300719,244,189,88,163,121,39,11300719_C_CPSleepingCap02_D.gltf,11300719_c_cpsleepingcap02_d.png,11300719_c_cpsleepingcap02_c.png,13,
11320549,스터드 가죽 캡 (남),11300331,62,73,117,27,26,48,11300147_C_CPStuddedHat_C.gltf,11300147_c_cpstuddedhat_d.png,11300147_c_cpstuddedhat_c.png,8,
11320550,스터드 가죽 캡 (여),11300331,62,73,117,27,26,48,11300147_C_CPStuddedHat_C.gltf,11300147_c_cpstuddedhat_d.png,11300147_c_cpstuddedhat_c.png,8,
11320551,메탈 헤드폰 (남),11300657,244,189,88,163,121,39,11300657_C_BlackHeadphone_A.gltf,11300657_c_blackheadphone_d.png,11300657_c_blackheadphone_c.png,0,
11320552,메탈 헤드폰 (여),11300657,244,189,88,163,121,39,11300657_C_BlackHeadphone_A.gltf,11300657_c_blackheadphone_d.png,11300657_c_blackheadphone_c.png,0,
11320553,은하수 별빛 여우 귀 (남),11304774,76,105,181,23,40,79,11304774_C_CPGalaxyFox_A.gltf,11304774_c_cpgalaxyfox_d.png,11304774_c_cpgalaxyfox_c.png,0,
11320554,은하수 별빛 여우 귀 (여),11304775,76,105,181,23,40,79,11304774_C_CPGalaxyFox_A.gltf,11304774_c_cpgalaxyfox_d.png,11304774_c_cpgalaxyfox_c.png,0,
11320555,통통 핑크빈 모자 (남),11300877,63,59,51,20,18,15,11300877_C_CPPinkbean01_E.gltf,11300877_c_cppinkbean01_d.png,11300877_c_cppinkbean01_d.png,15,
11320556,통통 핑크빈 모자 (여),11300877,63,59,51,20,18,15,11300877_C_CPPinkbean01_E.gltf,11300877_c_cppinkbean01_d.png,11300877_c_cppinkbean01_d.png,15,
11320557,해피 크리스마스 트리 모자 (남),11320101,119,147,68,32,51,30,11301525_C_CPChristmas03_F.gltf,11301525_c_cpchristmas03_d.png,11301525_c_cpchristmas03_c.png,0,
11320558,해피 크리스마스 트리 모자 (여),11320102,119,147,68,32,51,30,11301525_C_CPChristmas03_F.gltf,11301525_c_cpchristmas03_d.png,11301525_c_cpchristmas03_c.png,0,
11320559,슈퍼스타 핑크빈의 뿔,11300953,63,59,51,20,18,15,11300953_F_Pinkbean_A.gltf,11300953_c_pinkbean_d.png,11300953_c_pinkbean_d.png,0,
11320561,프로즌 로즈 리프 (남),11300481,63,59,51,20,18,15,11300481_C_CPFrozenRose_A.gltf,11300481_c_cpfrozenrose_d.png,11300481_c_cpfrozenrose_d.png,0,
11320562,프로즌 로즈 리프 (여),11300481,63,59,51,20,18,15,11300481_C_CPFrozenRose_A.gltf,11300481_c_cpfrozenrose_d.png,11300481_c_cpfrozenrose_d.png,0,
11320563,스노우 테일 햇 (남),11301244,76,105,181,23,40,79,11301244_C_CPFrozen02_A.gltf,11301244_c_cpfrozen02_d.png,11301244_c_cpfrozen02_c.png,0,
11320564,스노우 테일 햇 (여),11301244,76,105,181,23,40,79,11301244_C_CPFrozen02_A.gltf,11301244_c_cpfrozen02_d.png,11301244_c_cpfrozen02_c.png,0,
11320565,포근한 손뜨개 모자 (남),11320309,170,47,47,96,19,19,11320309_C_CPOrdinary03_D.gltf,11320309_c_cpordinary03_d.png,11320309_c_cpordinary03_c.png,13,
11320566,포근한 손뜨개 모자 (여),11320310,170,47,47,96,19,19,11320309_C_CPOrdinary03_D.gltf,11320309_c_cpordinary03_d.png,11320309_c_cpordinary03_c.png,13,
11320571,머리 위 얼룩냥이,11320347,63,59,51,20,18,15,11301553_C_Cat.gltf,11301553_c_cat01_d.png,11301553_c_cat01_d.png,None,
11320572,큐티 곰돌이 베레모 (남),11301381,244,189,88,163,121,39,11301381_C_CPChildren01_C.gltf,11301381_c_cpchildren01_d.png,11301381_c_cpchildren01_c.png,8,
11320573,큐티 곰돌이 베레모 (여),11301382,244,189,88,163,121,39,11301381_C_CPChildren01_C.gltf,11301381_c_cpchildren01_d.png,11301381_c_cpchildren01_c.png,8,
11320574,닥터 하트 모자 (남),11301532,170,47,47,96,19,19,11301532_C_CPHospital01_A.gltf,11301532_c_cphospital01_d.png,11301532_c_cphospital01_c.png,0,
11320575,닥터 하트 모자 (여),11301533,170,47,47,96,19,19,11301532_C_CPHospital01_A.gltf,11301532_c_cphospital01_d.png,11301532_c_cphospital01_c.png,0,
11320576,타락천사 서클릿 (남),11301257,62,73,117,27,26,48,11301257_C_CPLucifer_A.gltf,11301257_c_cplucifer_d.png,11301257_c_cplucifer_c.png,0,
11320577,타락천사 서클릿 (여),11301258,62,73,117,27,26,48,11301257_C_CPLucifer_A.gltf,11301257_c_cplucifer_d.png,11301257_c_cplucifer_c.png,0,
11320578,겨울동화 눈꽃 왕관 (남),11301534,76,105,181,23,40,79,11301534_C_CPFrozen03_A.gltf,11301534_c_cpfrozen03_d.png,11301534_c_cpfrozen03_c.png,0,
11320579,겨울동화 눈꽃 왕관 (여),11301535,76,105,181,23,40,79,11301534_C_CPFrozen03_A.gltf,11301534_c_cpfrozen03_d.png,11301534_c_cpfrozen03_c.png,0,
11320580,고딕 레이스 햇 (남),11300496,63,59,51,20,18,15,11300496_C_CPGothicLaceHat_F.gltf,11300496_c_cpgothiclacehat_d.png,11300496_c_cpgothiclacehat_c.png,0,
11320581,고딕 레이스 햇 (여),11300496,63,59,51,20,18,15,11300496_C_CPGothicLaceHat_F.gltf,11300496_c_cpgothiclacehat_d.png,11300496_c_cpgothiclacehat_c.png,0,
11320582,발렌타인 팔각 베레모 (남),11320023,63,59,51,20,18,15,11301587_C_CPValentine04_C.gltf,11301587_c_cpvalentine04_d.png,11301587_c_cpvalentine04_c.png,8,
11320583,발렌타인 팔각 베레모 (여),11320024,63,59,51,20,18,15,11301587_C_CPValentine04_C.gltf,11301587_c_cpvalentine04_d.png,11301587_c_cpvalentine04_c.png,8,
11320584,팬시 고딕 크라운 (남),11301523,170,47,47,96,19,19,11301523_C_CPGothic02_F.gltf,11301523_c_cpgothic02_d.png,11301523_c_cpgothic02_c.png,0,
11320585,팬시 고딕 크라운 (여),11301524,170,47,47,96,19,19,11301523_C_CPGothic02_F.gltf,11301523_c_cpgothic02_d.png,11301523_c_cpgothic02_c.png,0,
11320586,로열 윈터 크라운 (남),11301549,62,73,117,27,26,48,11301549_C_MiddleAges01_F.gltf,11301549_c_cpmiddleages01_d.png,11301549_c_cpmiddleages01_c.png,0,
11320587,로열 윈터 크라운 (여),11301550,62,73,117,27,26,48,11301549_C_MiddleAges01_F.gltf,11301549_c_cpmiddleages01_d.png,11301549_c_cpmiddleages01_c.png,0,
11320588,메린이 교과서 모자 (남),11320351,76,105,181,23,40,79,11320351_C_CPSchoolLook03_F.gltf,11320351_c_cpschoollook03_d.png,11320351_c_cpschoollook03_c.png,0,
11320589,메린이 교과서 모자 (여),11320352,76,105,181,23,40,79,11320351_C_CPSchoolLook03_F.gltf,11320351_c_cpschoollook03_d.png,11320351_c_cpschoollook03_c.png,0,
11320590,챠밍 캣 이어 (남),11301405,63,59,51,20,18,15,11301405_F_CPSchoolLook01_A.gltf,11301405_c_cpschoollook01_d.png,11301405_c_cpschoollook01_c.png,0,
11320591,챠밍 캣 이어 (여),11301405,63,59,51,20,18,15,11301405_F_CPSchoolLook01_A.gltf,11301405_c_cpschoollook01_d.png,11301405_c_cpschoollook01_c.png,0,
11320592,츄츄 고양이 귀 (남),11300565,63,59,51,20,18,15,11300565_C_CPCatLopEar_A.gltf,11300565_c_cpcatlopear_d.png,11300565_c_cpcatlopear_c.png,0,
11320593,츄츄 고양이 귀 (여),11300565,63,59,51,20,18,15,11300565_C_CPCatLopEar_A.gltf,11300565_c_cpcatlopear_d.png,11300565_c_cpcatlopear_c.png,0,
11320594,장교 모자 (남),11300308,63,59,51,20,18,15,11300308_C_CPOfficer_C.gltf,11300308_c_cpofficer_d.png,11300308_c_cpofficer_c.png,8,
11320595,장교 모자 (여),11300308,63,59,51,20,18,15,11300308_C_CPOfficer_C.gltf,11300308_c_cpofficer_d.png,11300308_c_cpofficer_c.png,8,
11320596,러블리 바니 모자 (남),11300494,255,168,203,205,86,106,11300494_C_CPBannyDoll_E.gltf,11300494_c_cpbannydoll_d.png,11300494_c_cpbannydoll_c.png,15,
11320597,러블리 바니 모자 (여),11300494,255,168,203,205,86,106,11300494_C_CPBannyDoll_E.gltf,11300494_c_cpbannydoll_d.png,11300494_c_cpbannydoll_c.png,15,
11320598,샤인 스타 베레모 (남),11300870,126,204,247,72,94,168,11300870_M_CPIdolBand_F.gltf,11300870_c_cpidolband_d.png,11300870_c_cpidolband_c.png,0,
11320599,샤인 스타 베레모 (여),11300871,126,204,247,72,94,168,11300871_F_CPIdolBand_F.gltf,11300870_c_cpidolband_d.png,11300870_c_cpidolband_c.png,0,
11320600,스위트 컵케이크 모자 (남),11320083,239,112,145,153,66,82,11320083_C_CPFood01_F.gltf,11320083_c_cpfood01_d.png,11320083_c_cpfood01_c.png,0,
11320601,스위트 컵케이크 모자 (여),11320084,239,112,145,153,66,82,11320083_C_CPFood01_F.gltf,11320083_c_cpfood01_d.png,11320083_c_cpfood01_c.png,0,
11320602,몽실 토끼 귀 (남),11301034,133,81,165,53,42,71,11301034_C_CPStarlightRabbit_A.gltf,11301034_c_cpstarlightrabbit_d.png,11301034_c_cpstarlightrabbit_c.png,0,
11320603,몽실 토끼 귀 (여),11301034,133,81,165,53,42,71,11301034_C_CPStarlightRabbit_A.gltf,11301034_c_cpstarlightrabbit_d.png,11301034_c_cpstarlightrabbit_c.png,0,
11320604,통통 블랙빈 모자 (남),11300368,63,59,51,20,18,15,11300368_C_CPBlackbean_E.gltf,11300368_c_cpblackbean_d.png,11300368_c_cpblackbean_d.png,15,
11320605,통통 블랙빈 모자 (여),11300368,63,59,51,20,18,15,11300368_C_CPBlackbean_E.gltf,11300368_c_cpblackbean_d.png,11300368_c_cpblackbean_d.png,15,
11320606,코튼 캔디 토끼 수면안대 (남),11320027,255,168,203,205,86,106,11320027_C_CPPajamas02_F.gltf,11320027_c_cppajamas02_d.png,11320027_c_cppajamas02_c.png,0,
11320607,코튼 캔디 토끼 수면안대 (여),11320028,255,168,203,205,86,106,11320027_C_CPPajamas02_F.gltf,11320027_c_cppajamas02_d.png,11320027_c_cppajamas02_c.png,0,
11320608,봄나들이 밀짚 모자 (남),11320393,242,224,191,165,127,96,11320393_C_CPPicnic02_C.gltf,11320393_c_cppicnic02_d.png,11320393_c_cppicnic02_c.png,8,
11320609,봄나들이 밀짚 모자 (여),11320394,242,224,191,165,127,96,11320393_C_CPPicnic02_C.gltf,11320393_c_cppicnic02_d.png,11320393_c_cppicnic02_c.png,8,
11320610,커닝 경찰 모자(남),11320397,62,73,117,27,26,48,11320397_C_CPUniform02_C.gltf,11320397_c_cpuniform02_d.png,11320397_c_cpuniform02_c.png,8,
11320611,커닝 경찰 모자(여),11320398,62,73,117,27,26,48,11320397_C_CPUniform02_C.gltf,11320397_c_cpuniform02_d.png,11320397_c_cpuniform02_c.png,8,
11320612,양수건 모자 (남),11300067,230,230,230,150,150,150,11350033_C_SheepTowel_C.gltf,11350033_c_sheeptowel_d.png,11350033_c_sheeptowel_c.png,8,
11320613,양수건 모자 (여),11300067,230,230,230,150,150,150,11350033_C_SheepTowel_C.gltf,11350033_c_sheeptowel_d.png,11350033_c_sheeptowel_c.png,8,
11320614,오리엔탈 엔젤 크라운 (남),11304772,255,168,203,205,86,106,11390939_C_CPOrientalAngel_A.gltf,11390939_c_cporientalangel_d.png,11390939_c_cporientalangel_c.png,0,
11320615,오리엔탈 엔젤 플라워 (여),11304773,255,168,203,205,86,106,11390940_C_CPOrientalAngel_A.gltf,11390940_c_cporientalangel_d.png,11390940_c_cporientalangel_c.png,0,
11320616,앙큼 바니 머리 장식 (남),11300566,239,112,145,153,66,82,11300566_C_CPSlyBunnyE.gltf,11300566_c_cpslybunnyear_d.png,11300566_c_cpslybunnyear_c.png,None,
11320617,앙큼 바니 머리 장식 (여),11300566,239,112,145,153,66,82,11300566_C_CPSlyBunnyE.gltf,11300566_c_cpslybunnyear_d.png,11300566_c_cpslybunnyear_c.png,None,
11320618,발랄한 리본 베레모 (남),11301271,194,209,96,64,104,54,11301271_C_ZigzagRibbon_C.gltf,11301271_c_cpzigzagribbon_d.png,11301271_c_cpzigzagribbon_c.png,8,
11320619,발랄한 리본 베레모 (여),11301271,194,209,96,64,104,54,11301271_C_ZigzagRibbon_C.gltf,11301271_c_cpzigzagribbon_d.png,11301271_c_cpzigzagribbon_c.png,8,
11320620,힙스터 냥이 볼캡 (남),11301544,63,59,51,20,18,15,11301544_C_CatBallCap01_C.gltf,11301544_c_catballcap01_d.png,11301544_c_catballcap01_c.png,8,
11320621,힙스터 냥이 볼캡 (여),11301544,63,59,51,20,18,15,11301544_C_CatBallCap01_C.gltf,11301544_c_catballcap01_d.png,11301544_c_catballcap01_c.png,8,
11320628,오퍼레이터 고글 (남),11300265,147,226,242,89,153,165,11300265_C_CPTechwear03_A.gltf,11300265_c_cptechwear03_d.png,11300265_c_cptechwear03_c.png,0,
11320629,오퍼레이터 고글 (여),11300265,147,226,242,89,153,165,11300265_C_CPTechwear03_A.gltf,11300265_c_cptechwear03_d.png,11300265_c_cptechwear03_c.png,0,
11320630,해피 멜로디 햇 (남),11320031,239,112,145,153,66,82,11320031_C_CPIdol02_F.gltf,11320031_c_cpidol02_d.png,11320031_c_cpidol02_c.png,0,
11320631,해피 멜로디 햇 (여),11320031,239,112,145,153,66,82,11320031_C_CPIdol02_F.gltf,11320031_c_cpidol02_d.png,11320031_c_cpidol02_c.png,0,
11320632,레드 후드 모자 (남),11320039,122,92,77,53,39,29,11320039_C_CPFairyTale01_A.gltf,11320039_c_cpfairytale01_d.png,11320039_c_cpfairytale01_c.png,0,
11320633,레드 후드 모자 (여),11320040,170,47,47,96,19,19,11320040_C_CPFairyTale01_D.gltf,11320040_c_cpfairytale01_d.png,11320040_c_cpfairytale01_c.png,13,
11320634,트라이아 궁중 화가 모자 (남),11320115,76,105,181,23,40,79,11301540_C_CPArtist01_F.gltf,11301540_c_cpartist01_d.png,11301540_c_cpartist01_c.png,0,
11320635,트라이아 궁중 화가 모자 (여),11320116,76,105,181,23,40,79,11301540_C_CPArtist01_F.gltf,11301540_c_cpartist01_d.png,11301540_c_cpartist01_c.png,0,
11320636,스트리트 훕 벙거지 (남),11320133,63,59,51,20,18,15,11301526_C_CPSports03_C.gltf,11301526_c_cpsports03_d.png,11301526_c_cpsports03_c.png,8,
11320637,스트리트 훕 벙거지 (여),11320134,63,59,51,20,18,15,11301526_C_CPSports03_C.gltf,11301526_c_cpsports03_d.png,11301526_c_cpsports03_c.png,8,
11320638,올림포스 월계관 (남),11301096,242,224,191,165,127,96,11301096_C_CPOlympos01_A.gltf,11301096_c_cpolympos01_d.png,11301096_c_cpolympos01_c.png,0,
11320639,올림포스 월계관 (여),11301096,242,224,191,165,127,96,11301096_C_CPOlympos01_A.gltf,11301096_c_cpolympos01_d.png,11301096_c_cpolympos01_c.png,0,
11320640,상큼 레몬 모자 (남),11320457,180,165,248,108,96,176,11320457_C_CPPicnic03_C.gltf,11320457_c_cppicnic03_d.png,11320457_c_cppicnic03_c.png,8,
11320641,상큼 레몬 모자 (여),11320457,180,165,248,108,96,176,11320457_C_CPPicnic03_C.gltf,11320457_c_cppicnic03_d.png,11320457_c_cppicnic03_c.png,8,
11320642,펑키 네온 캣 버디핀 (남),11304781,147,226,242,89,153,165,11304781_C_CPFunkyNeonCat_A.gltf,11304781_c_cpfunkyneoncat_d.png,11304781_c_cpfunkyneoncat_c.png,0,
11320643,펑키 네온 캣 버디핀 (여),11304782,147,226,242,89,153,165,11304781_C_CPFunkyNeonCat_A.gltf,11304781_c_cpfunkyneoncat_d.png,11304781_c_cpfunkyneoncat_c.png,0,
11320644,올림포스 월계관 (남),11301096,242,224,191,165,127,96,11301096_C_CPOlympos01_A.gltf,11301096_c_cpolympos01_d.png,11301096_c_cpolympos01_c.png,0,
11320645,올림포스 월계관 (여),11301096,242,224,191,165,127,96,11301096_C_CPOlympos01_A.gltf,11301096_c_cpolympos01_d.png,11301096_c_cpolympos01_c.png,0,
11320646,상큼 레몬 모자 (남),11320457,180,165,248,108,96,176,11320457_C_CPPicnic03_C.gltf,11320457_c_cppicnic03_d.png,11320457_c_cppicnic03_c.png,8,
11320647,상큼 레몬 모자 (여),11320457,180,165,248,108,96,176,11320457_C_CPPicnic03_C.gltf,11320457_c_cppicnic03_d.png,11320457_c_cppicnic03_c.png,8,
11320648,6주년 메모리얼 모자,11300209,63,59,51,20,18,15,11300209_C_Number06_A.gltf,11300209_number06_c.png,11300209_number06_c.png,0,
11320649,썸머 모래성 모자 (남),11320067,242,224,191,165,127,96,11320067_C_CPSwim06_F.gltf,11320067_c_cpswim06_d.png,11320067_c_cpswim06_c.png,0,
11320650,썸머 모래성 모자 (여),11320067,242,224,191,165,127,96,11320067_C_CPSwim06_F.gltf,11320067_c_cpswim06_d.png,11320067_c_cpswim06_c.png,0,
11320651,달콤한 딸기 생크림 모자 (남),11320051,230,230,230,150,150,150,11320051_M_CPFood02_A.gltf,11320051_c_cpfood02_d.png,11320051_c_cpfood02_c.png,0,
11320652,달콤한 딸기 생크림 모자 (여),11320051,230,230,230,150,150,150,11320051_F_CPFood02_A.gltf,11320051_c_cpfood02_d.png,11320051_c_cpfood02_c.png,0,
11320653,해변의 낭만 고래 머리핀 (남),11301484,76,105,181,23,40,79,11301484_C_CPSummer01_F.gltf,11301484_c_cpsummer01_d.png,11301484_c_cpsummer01_c.png,0,
11320654,썬플라워 비치 페도라 (남),11301144,76,105,181,23,40,79,11301144_C_CPPicnic01_F.gltf,11301144_c_cppicnic01_d.png,11301144_c_cppicnic01_c.png,0,
11320655,썬플라워 비치 페도라 (여),11301144,76,105,181,23,40,79,11301144_C_CPPicnic01_F.gltf,11301144_c_cppicnic01_d.png,11301144_c_cppicnic01_c.png,0,
11320656,숲의 정령 뿔 장식 (남),11320381,119,147,68,32,51,30,11320381_C_CPFairy04_A.gltf,11320381_c_cpfairy04_d.png,11320381_c_cpfairy04_c.png,0,
11320657,숲의 정령 뿔 장식 (여),11320382,119,147,68,32,51,30,11320381_C_CPFairy04_A.gltf,11320381_c_cpfairy04_d.png,11320381_c_cpfairy04_c.png,0,
11320658,다크캣 펑키 교복 모자 (남),11301530,63,59,51,20,18,15,11301530_C_CPSchoolLook02_F.gltf,11301530_c_cpschoollook02_d.png,11301530_c_cpschoollook02_c.png,0,
11320659,다크캣 펑키 교복 모자 (여),11301531,63,59,51,20,18,15,11301530_C_CPSchoolLook02_F.gltf,11301530_c_cpschoollook02_d.png,11301530_c_cpschoollook02_c.png,0,
11320660,장난꾸러기 요정 모자(남),11320377,133,81,165,53,42,71,11320377_C_CPFairy03_C.gltf,11320377_c_cpfairy03_d.png,11320377_c_cpfairy03_c.png,8,
11320661,장난꾸러기 요정 모자(여),11320377,133,81,165,53,42,71,11320377_C_CPFairy03_C.gltf,11320377_c_cpfairy03_d.png,11320377_c_cpfairy03_c.png,8,
11320662,트윙클 스타 베레모 (남),11300482,255,168,203,205,86,106,11300482_C_CPTwinkleStar_D.gltf,11300482_c_cptwinklestar_d.png,11300482_c_cptwinklestar_c.png,8,
11320663,트윙클 스타 베레모 (여),11300482,255,168,203,205,86,106,11300482_C_CPTwinkleStar_D.gltf,11300482_c_cptwinklestar_d.png,11300482_c_cptwinklestar_c.png,8,
11320664,블러디 윙 헤어 밴드 (남),11300658,170,47,47,96,19,19,11300658_C_CPDevilWing_A.gltf,11300658_c_cpdevilwing_d.png,11300658_c_cpdevilwing_c.png,0,
11320665,블러디 로즈 머리핀 (여),11300659,170,47,47,96,19,19,11300659_C_CPVampireFlower_F.gltf,11300659_c_cpvampireflower_d.png,11300659_c_cpvampireflower_c.png,0,
11320666,프리스타일 보울러 햇 (남),11320417,62,73,117,27,26,48,11320417_C_CPOrdinary04_C.gltf,11320417_c_cpordinary04_d.png,11320417_c_cpordinary04_c.png,8,
11320667,프리스타일 보울러 햇 (여),11320417,62,73,117,27,26,48,11320417_C_CPOrdinary04_C.gltf,11320417_c_cpordinary04_d.png,11320417_c_cpordinary04_c.png,8,
11320668,할로할로 햇 (남),11300388,63,59,51,20,18,15,11300388_C_CPHalloHalloween_C.gltf,11300388_c_cphallohalloween_d.png,11300388_c_cphallohalloween_d.png,8,
11320669,할로할로 햇 (여),11300388,63,59,51,20,18,15,11300388_C_CPHalloHalloween_C.gltf,11300388_c_cphallohalloween_d.png,11300388_c_cphallohalloween_d.png,8,
11320670,개구쟁이 꼬마 악마 뿔 (남),11320371,133,81,165,53,42,71,11320371_C_CPHalloween05_A.gltf,11320371_c_cphalloween05_d.png,11320371_c_cphalloween05_c.png,0,
11320671,개구쟁이 꼬마 악마 뿔 (여),11320371,133,81,165,53,42,71,11320371_C_CPHalloween05_A.gltf,11320371_c_cphalloween05_d.png,11320371_c_cphalloween05_c.png,0,
11320672,로열 다크니스 헤일로 (남),11304837,244,189,88,163,121,39,11304837_C_CPDarkFantasy_A.gltf,11304837_c_cpdarkfantasy_d.png,11304837_c_cpdarkfantasy_c.png,0,
11320673,로열 다크니스 헤일로 (여),11304838,244,189,88,163,121,39,11304837_C_CPDarkFantasy_A.gltf,11304837_c_cpdarkfantasy_d.png,11304837_c_cpdarkfantasy_c.png,0,
11320674,다크문 키튼 모자 (남),11300263,180,165,248,108,96,176,11300263_M_CPMaid02_A.gltf,11300263_c_cpmaid02_d.png,11300263_c_cpmaid02_c.png,0,
11320675,다크문 키튼 모자 (여),11300264,180,165,248,108,96,176,11300263_F_CPMaid02_A.gltf,11300263_c_cpmaid02_d.png,11300263_c_cpmaid02_c.png,0,
11320676,나비 군주 뿔 장식 (남),11320053,170,47,47,96,19,19,11301491_C_CPBlackButterfly_A.gltf,11301491_c_cpblackbutterfly_d.png,11301491_c_cpblackbutterfly_c.png,0,
11320677,나비 군주 뿔 장식 (여),11320054,170,47,47,96,19,19,11301492_C_CPBlackButterfly_A.gltf,11301491_c_cpblackbutterfly_d.png,11301491_c_cpblackbutterfly_c.png,0,
11320678,해변의 낭만 고래 머리핀 (여),11301484,76,105,181,23,40,79,11301484_C_CPSummer01_F.gltf,11301484_c_cpsummer01_d.png,11301484_c_cpsummer01_c.png,0,
11320680,스트리트 래퍼 모자 (남),11320059,126,204,247,72,94,168,11320059_C_CPIdol03_C.gltf,11320059_c_cpidol03_d.png,11320059_c_cpidol03_c.png,8,
11320681,스트리트 래퍼 모자 (여),11320060,126,204,247,72,94,168,11320060_C_CPIdol03_C.gltf,11320060_c_cpidol03_d.png,11320060_c_cpidol03_c.png,8,
11320682,하트 버니 베레모 (남),11320043,63,59,51,20,18,15,11320043_C_CPIdol04_C.gltf,11320043_c_cpidol04_d.png,11320043_c_cpidol04_c.png,8,
11320683,하트 버니 헤어밴드 (여),11320044,63,59,51,20,18,15,11320044_C_CPIdol04_F.gltf,11320044_c_cpidol04_d.png,11320044_c_cpidol04_c.png,0,
11320684,깃털 장식 페리오닉 모자 (남),11301152,147,226,242,89,153,165,11301152_C_CPTraditionalNative01_C.gltf,11301152_c_cptraditionalnative01_d.png,11301152_c_cptraditionalnative01_c.png,8,
11320685,깃털 장식 페리오닉 모자 (여),11301152,147,226,242,89,153,165,11301152_C_CPTraditionalNative01_C.gltf,11301152_c_cptraditionalnative01_d.png,11301152_c_cptraditionalnative01_c.png,8,
11320686,아기 공룡 모자 (남),11301408,194,209,96,64,104,54,11301408_C_CPDoll_Dinosaur01_E.gltf,11301408_c_cpdoll_dinosaur01_d.png,11301408_c_cpdoll_dinosaur01_c.png,15,
11320687,아기 공룡 모자 (여),11301408,194,209,96,64,104,54,11301408_C_CPDoll_Dinosaur01_E.gltf,11301408_c_cpdoll_dinosaur01_d.png,11301408_c_cpdoll_dinosaur01_c.png,15,
11320688,인페르노 혼 (남),11300385,170,47,47,96,19,19,11300385_C_CPInferno_A.gltf,11300385_c_cpinferno_d.png,11300385_c_cpinferno_c.png,0,
11320689,인페르노 혼 (여),11300385,170,47,47,96,19,19,11300385_C_CPInferno_A.gltf,11300385_c_cpinferno_d.png,11300385_c_cpinferno_c.png,0,
11320690,로열 아라비안 페더 (남),11320079,76,105,181,23,40,79,11320079_C_CPFairyTale03_A.gltf,11320079_c_cpfairytale03_d.png,11320079_c_cpfairytale03_c.png,0,
11320691,로열 아라비안 페더 (여),11320080,170,47,47,96,19,19,11320080_C_CPFairyTale03_A.gltf,11320080_c_cpfairytale03_d.png,11320080_c_cpfairytale03_c.png,0,
11320692,은하수 별빛 여우 귀 (남),11304774,76,105,181,23,40,79,11304774_C_CPGalaxyFox_A.gltf,11304774_c_cpgalaxyfox_d.png,11304774_c_cpgalaxyfox_c.png,0,
11320693,은하수 별빛 여우 귀 (여),11304775,76,105,181,23,40,79,11304774_C_CPGalaxyFox_A.gltf,11304774_c_cpgalaxyfox_d.png,11304774_c_cpgalaxyfox_c.png,0,
11320694,살랑 나비 머리핀 (남),11301521,244,189,88,163,121,39,11301521_M_CPGentlyButterfly_F.gltf,11301521_c_cpgentlybutterfly_d.png,11301521_c_cpgentlybutterfly_c.png,0,
11320695,살랑 나비 머리핀 (여),11301522,244,189,88,163,121,39,11301522_F_CPGentlyButterfly_F.gltf,11301521_c_cpgentlybutterfly_d.png,11301521_c_cpgentlybutterfly_c.png,0,
11320696,머스커티어 해트,11301147,62,73,117,27,26,48,11301147_C_CPDartagnan_C.gltf,11301147_c_cpdartagnan_d.png,11301147_c_cpdartagnan_c.png,8,
11320697,브래스 스터드 캡,11301131,170,47,47,96,19,19,11301131_C_CPBrassStud_F.gltf,11301131_c_cpbrassstud_d.png,11301131_c_cpbrassstud_c.png,0,
11320698,저항군 지그문트 햇,11300944,63,59,51,20,18,15,11300944_C_CPSigmund_F.gltf,11300944_c_cpsigmund_d.png,11300944_c_cpsigmund_d.png,0,
11320699,저항군 지그문트 미니 햇,11300945,63,59,51,20,18,15,11300945_C_CPSigmund_F.gltf,11300945_c_cpsigmund_d.png,11300945_c_cpsigmund_d.png,0,
11320700,메투날드 감자튀김 모자,11301132,170,47,47,96,19,19,11301132_C_CPM2nald_F.gltf,11301132_c_cpm2nald_d.png,11301132_c_cpm2nald_c.png,0,
11320701,메이플 쿼터백 헬멧 (남),11301493,170,47,47,96,19,19,11301493_M_CPAmericanFootball01_D.gltf,11301493_c_cpamericanfootball01_d.png,11301493_c_cpamericanfootball01_c.png,13,
11320702,메이플 쿼터백 헬멧 (여),11301494,170,47,47,96,19,19,11301494_F_CPAmericanFootball01_D.gltf,11301493_c_cpamericanfootball01_d.png,11301493_c_cpamericanfootball01_c.png,13,
11320703,베이스볼 세이프 헬멧,11300637,170,47,47,96,19,19,11300637_C_CPBaseball01_D.gltf,11300637_c_cpbaseball01_d.png,11300637_c_cpbaseball01_c.png,13,
11320704,트라이아 궁중 셰프 모자 (남),11301497,119,147,68,32,51,30,11301497_C_CPCook02_C.gltf,11301497_c_cpcook02_d.png,11301497_c_cpcook02_c.png,8,
11320705,트라이아 궁중 셰프 모자 (여),11301498,119,147,68,32,51,30,11301497_C_CPCook02_C.gltf,11301497_c_cpcook02_d.png,11301497_c_cpcook02_c.png,8,
11320706,마시멜로 캔디 머리띠,11304769,255,168,203,205,86,106,11304769_C_CPLollipop_A.gltf,11304769_c_cplollipop_d.png,11304769_c_cplollipop_c.png,0,
11320707,통통 바니 머리띠,11300868,255,168,203,205,86,106,11300868_C_CPAmusementPark_A.gltf,11300868_c_cpamusementpark_d.png,11300868_c_cpamusementpark_c.png,0,
11320708,코코 퍼피 이어,11301035,126,204,247,72,94,168,11300547_C_CPPuppy01_A.gltf,11300547_c_cppuppy01_d.png,11300547_c_cppuppy01_c.png,0,
11320709,러블리 빅 베레모,11300484,230,230,230,150,150,150,11300484_C_CPDailyBeret_D.gltf,11300484_c_cpdailyberet_d.png,11300484_c_cpdailyberet_c.png,13,
11320710,퓨어 리본 헤어 밴드,11300483,239,112,145,153,66,82,11300483_C_CPCharmingHairband_F.gltf,11300483_c_cpcharminghairband_d.png,11300483_c_cpcharminghairband_c.png,0,
11320711,펑키 카우보이 햇 (남),11304785,158,83,63,68,31,19,11304785_C_CPCowPuncher_F.gltf,11304785_c_cpcowpuncher_d.png,11304785_c_cpcowpuncher_c.png,0,
11320712,펑키 카우보이 햇 (여),11304786,158,83,63,68,31,19,11304785_C_CPCowPuncher_F.gltf,11304785_c_cpcowpuncher_d.png,11304785_c_cpcowpuncher_c.png,0,
11320713,정열의 솜브레로 (남),11301409,62,73,117,27,26,48,11301409_M_CPTraditionalNative02_C.gltf,11301409_m_cptraditionalnative02_d.png,11301409_m_cptraditionalnative02_c.png,8,
11320714,정열의 장미꽃 머리핀 (여),11301410,170,47,47,96,19,19,11301410_F_CPTraditionalNative02_F.gltf,11301410_f_cptraditionalnative02_d.png,11301410_f_cptraditionalnative02_c.png,0,
11320715,에너제틱 스타 매듭 머리끈,11301413,230,230,230,150,150,150,11301413_C_CPEnergeticStar_F.gltf,11301413_c_cpenergeticstar_d.png,11301413_c_cpenergeticstar_c.png,0,
11320716,청개굴 모자,11304768,194,209,96,64,104,54,11304768_C_CPFrog_E.gltf,11304768_c_cpfrog_d.png,11304768_c_cpfrog_c.png,15,
11320717,플로럴 비치 햇,11300152,255,168,203,205,86,106,11300152_C_CPFloralBeachHat_C.gltf,11300152_c_cpfloralbeachhat_d.png,11300152_c_cpfloralbeachhat_c.png,8,
11320718,썬플라워 비치 페도라,11301144,76,105,181,23,40,79,11301144_C_CPPicnic01_F.gltf,11301144_c_cppicnic01_d.png,11301144_c_cppicnic01_c.png,0,
11320719,7주년 메모리얼 모자,11300213,63,59,51,20,18,15,11300213_C_Number07_A.gltf,11300213_number07_c.png,11300213_number07_c.png,0,
11320720,5주년 메모리얼 모자,11300214,244,189,88,163,121,39,11300214_C_Number05_A.gltf,11300214_number05_c.png,11300214_number05_c.png,0,
11320721,로열 다크니스 헤일로 (남),11304837,244,189,88,163,121,39,11304837_C_CPDarkFantasy_A.gltf,11304837_c_cpdarkfantasy_d.png,11304837_c_cpdarkfantasy_c.png,0,
11320722,로열 다크니스 헤일로 (여),11304838,244,189,88,163,121,39,11304837_C_CPDarkFantasy_A.gltf,11304837_c_cpdarkfantasy_d.png,11304837_c_cpdarkfantasy_c.png,0,
11320723,다크문 키튼 모자 (남),11300263,180,165,248,108,96,176,11300263_M_CPMaid02_A.gltf,11300263_c_cpmaid02_d.png,11300263_c_cpmaid02_c.png,0,
11320724,다크문 키튼 모자 (여),11300264,180,165,248,108,96,176,11300263_F_CPMaid02_A.gltf,11300263_c_cpmaid02_d.png,11300263_c_cpmaid02_c.png,0,
11320725,할로할로 햇 (남),11300388,63,59,51,20,18,15,11300388_C_CPHalloHalloween_C.gltf,11300388_c_cphallohalloween_d.png,11300388_c_cphallohalloween_d.png,8,
11320726,할로할로 햇 (여),11300388,63,59,51,20,18,15,11300388_C_CPHalloHalloween_C.gltf,11300388_c_cphallohalloween_d.png,11300388_c_cphallohalloween_d.png,8,
11320727,스트리트 래퍼 모자 (남),11320059,126,204,247,72,94,168,11320059_C_CPIdol03_C.gltf,11320059_c_cpidol03_d.png,11320059_c_cpidol03_c.png,8,
11320728,스트리트 래퍼 모자 (여),11320060,126,204,247,72,94,168,11320060_C_CPIdol03_C.gltf,11320060_c_cpidol03_d.png,11320060_c_cpidol03_c.png,8,
11320729,하트 버니 베레모 (남),11320043,63,59,51,20,18,15,11320043_C_CPIdol04_C.gltf,11320043_c_cpidol04_d.png,11320043_c_cpidol04_c.png,8,
11320730,하트 버니 헤어밴드 (여),11320044,63,59,51,20,18,15,11320044_C_CPIdol04_F.gltf,11320044_c_cpidol04_d.png,11320044_c_cpidol04_c.png,0,
11320731,아기 공룡 모자 (남),11301408,194,209,96,64,104,54,11301408_C_CPDoll_Dinosaur01_E.gltf,11301408_c_cpdoll_dinosaur01_d.png,11301408_c_cpdoll_dinosaur01_c.png,15,
11320732,아기 공룡 모자 (여),11301408,194,209,96,64,104,54,11301408_C_CPDoll_Dinosaur01_E.gltf,11301408_c_cpdoll_dinosaur01_d.png,11301408_c_cpdoll_dinosaur01_c.png,15,
11320733,인페르노 혼 (남),11300385,170,47,47,96,19,19,11300385_C_CPInferno_A.gltf,11300385_c_cpinferno_d.png,11300385_c_cpinferno_c.png,0,
11320734,인페르노 혼 (여),11300385,170,47,47,96,19,19,11300385_C_CPInferno_A.gltf,11300385_c_cpinferno_d.png,11300385_c_cpinferno_c.png,0,
11320735,레드 후드 모자 (남),11320039,122,92,77,53,39,29,11320039_C_CPFairyTale01_A.gltf,11320039_c_cpfairytale01_d.png,11320039_c_cpfairytale01_c.png,0,
11320736,레드 후드 모자 (여),11320040,170,47,47,96,19,19,11320040_C_CPFairyTale01_D.gltf,11320040_c_cpfairytale01_d.png,11320040_c_cpfairytale01_c.png,13,
11320737,프리스타일 보울러 햇 (남),11320417,62,73,117,27,26,48,11320417_C_CPOrdinary04_C.gltf,11320417_c_cpordinary04_d.png,11320417_c_cpordinary04_c.png,8,
11320738,프리스타일 보울러 햇 (여),11320417,62,73,117,27,26,48,11320417_C_CPOrdinary04_C.gltf,11320417_c_cpordinary04_d.png,11320417_c_cpordinary04_c.png,8,
11320739,저항군 지그문트 햇,11300944,63,59,51,20,18,15,11300944_C_CPSigmund_F.gltf,11300944_c_cpsigmund_d.png,11300944_c_cpsigmund_d.png,0,
11320740,저항군 지그문트 미니 햇,11300945,63,59,51,20,18,15,11300945_C_CPSigmund_F.gltf,11300945_c_cpsigmund_d.png,11300945_c_cpsigmund_d.png,0,
11320741,트라이아 궁중 화가 모자 (남),11320115,76,105,181,23,40,79,11301540_C_CPArtist01_F.gltf,11301540_c_cpartist01_d.png,11301540_c_cpartist01_c.png,0,
11320742,트라이아 궁중 화가 모자 (여),11320116,76,105,181,23,40,79,11301540_C_CPArtist01_F.gltf,11301540_c_cpartist01_d.png,11301540_c_cpartist01_c.png,0,
11320743,나비 군주 뿔 장식 (남),11320053,170,47,47,96,19,19,11301491_C_CPBlackButterfly_A.gltf,11301491_c_cpblackbutterfly_d.png,11301491_c_cpblackbutterfly_c.png,0,
11320744,나비 군주 뿔 장식 (여),11320054,170,47,47,96,19,19,11301492_C_CPBlackButterfly_A.gltf,11301491_c_cpblackbutterfly_d.png,11301491_c_cpblackbutterfly_c.png,0,
11320745,살랑 나비 머리핀 (남),11301521,244,189,88,163,121,39,11301521_M_CPGentlyButterfly_F.gltf,11301521_c_cpgentlybutterfly_d.png,11301521_c_cpgentlybutterfly_c.png,0,
11320746,살랑 나비 머리핀 (여),11301522,244,189,88,163,121,39,11301522_F_CPGentlyButterfly_F.gltf,11301521_c_cpgentlybutterfly_d.png,11301521_c_cpgentlybutterfly_c.png,0,
11320747,트윙클 스타 베레모 (남),11300482,255,168,203,205,86,106,11300482_C_CPTwinkleStar_D.gltf,11300482_c_cptwinklestar_d.png,11300482_c_cptwinklestar_c.png,8,
11320748,트윙클 스타 베레모 (여),11300482,255,168,203,205,86,106,11300482_C_CPTwinkleStar_D.gltf,11300482_c_cptwinklestar_d.png,11300482_c_cptwinklestar_c.png,8,
11330073,다크 스위프트 버글러,11300073,63,59,51,20,18,15,11300059_C_CPDarkSwiftBurglar_D.gltf,11300059_c_cpdarkswiftburglar_d.png,11300059_c_cpdarkswiftburglar_c.png,13,
11330077,샤이닝 위자드리 햇,11300077,63,59,51,20,18,15,11300073_C_CPShiningWizardryStarCap_C.gltf,11300073_c_cpshiningwizardrystarcap_d.png,11300073_c_cpshiningwizardrystarcap_c.png,8,
11330082,사지타리우스 플럼 햇,11300082,63,59,51,20,18,15,11300081_C_CPSagittariusPlumeHat_C.gltf,11300081_c_cpsagittariusplumehat_d.png,11300081_c_cpsagittariusplumehat_c.png,8,
11330083,프로스토 데우스 마이터,11300083,63,59,51,20,18,15,11300083_C_CPProstoDeusMiter_C.gltf,11300083_c_cpprostodeusmiter_d.png,11300083_c_cpprostodeusmiter_c.png,8,
11330084,쉐도우 스파이크 비니,11300084,63,59,51,20,18,15,11300084_C_shadowSpike_D.gltf,11300084_c_shadowspike_d.png,11300084_c_shadowspike_c.png,13,
11330085,디멘티드 헬름,11300085,63,59,51,20,18,15,11300085_C_CPDementedHelm_D.gltf,11300085_c_cpdementedhelm_d.png,11300085_c_cpdementedhelm_c.png,13,
11330135,스켈레톤 헬름,11300135,63,59,51,20,18,15,11300135_C_CPSkeletonHelm_D.gltf,11300135_c_cpskeletonhelm_d.png,11300135_c_cpskeletonhelm_c.png,13,
11330136,파일럿 헬멧,11300136,63,59,51,20,18,15,11300136_C_CPPilotMeowHelm.gltf,11300136_c_cppilotmeowhelmet_d.png,11300136_c_cppilotmeowhelmet_c.png,None,
11330137,블러디 더스크 헬름,11300137,63,59,51,20,18,15,11300137_C_CPBloodyDuskHe.gltf,11300137_c_cpbloodyduskhelm_d.png,11300137_c_cpbloodyduskhelm_c.png,None,
11330143,님블 비트 버글러,11300143,63,59,51,20,18,15,11300143_C_CPNimbleBitBurglar_D.gltf,11300143_c_cpnimblebitburglar_d.png,11300143_c_cpnimblebitburglar_c.png,13,
11330144,팬텀 비니,11300144,63,59,51,20,18,15,11300144_C_CPPhantomBeanie_D.gltf,11300144_c_cpphantombeanie_d.png,11300144_c_cpphantombeanie_c.png,13,
11330146,감시자 모자,11300146,63,59,51,20,18,15,11300146_C_CPGuardianHat_C.gltf,11300146_c_cpguardianhat_d.png,11300146_c_cpguardianhat_c.png,8,
11330148,에네스 캡,11300148,63,59,51,20,18,15,11300148_C_CPEnesCap_D.gltf,11300148_c_cpenescap_d.png,11300148_c_cpenescap_c.png,13,
11330332,흉포한 전사 모자,11300076,63,59,51,20,18,15,11300076_C_CPGoldenCrusadesHelmet_D.gltf,11300076_c_cpgoldencrusadeshelmet_d.png,11300076_c_cpgoldencrusadeshelmet_c.png,13,
11330333,흉포한 마법사 모자,11300026,63,59,51,20,18,15,11300025_C_CPStarlightHat_C.gltf,11300025_c_cpstarlighthat_d.png,11300025_c_cpstarlighthat_c.png,8,
11330334,흉포한 궁수 모자,11300035,63,59,51,20,18,15,11300038_C_GoldMusket_C.gltf,11300038_c_goldmusket_c_d.png,11300038_c_goldmusket_c_c.png,8,
11330335,흉포한 도적 모자,11300017,63,59,51,20,18,15,11300048_C_CPCrossPirate_C.gltf,11300048_c_cpcrosspirate_d.png,11300048_c_cpcrosspirate_c.png,8,
11330336,탐식의 추적자 모자,11300145,63,59,51,20,18,15,11300145_C_CPChaserHat_C.gltf,11300145_c_cpchaserhat_d.png,11300145_c_cpchaserhat_c.png,8,
11330337,탐식의 스터드 선장모자,11300147,63,59,51,20,18,15,11300147_C_CPStuddedHat_C.gltf,11300147_c_cpstuddedhat_d.png,11300147_c_cpstuddedhat_c.png,8,
11330338,탐식의 플라이트 헬멧,11300149,63,59,51,20,18,15,11300149_C_CPFlightHelmet_D.gltf,11300149_c_cpflighthelmet_d.png,11300149_c_cpflighthelmet_c.png,13,
11330339,탐식의 시피르 마이터,11300162,63,59,51,20,18,15,11300162_C_CPSurfireMiter_C.gltf,11300162_c_cpsurfiremiter_d.png,11300162_c_cpsurfiremiter_c.png,8,
11330340,탐식의 금룡모,11300163,63,59,51,20,18,15,11300163_C_CPGoldDragonHat_C.gltf,11300163_c_cpgolddragonhat_d.png,11300163_c_cpgolddragonhat_c.png,8,
11330341,탐식의 아쿠아 햇,11300164,63,59,51,20,18,15,11300164_C_CPAquaHat_C.gltf,11300164_c_cpaquahat_d.png,11300164_c_cpaquahat_c.png,8,
11330342,탐식의 가디언 헬름,11300165,63,59,51,20,18,15,11300165_C_CPGuardianHelm_D.gltf,11300165_c_cpguardianhelm_d.png,11300165_c_cpguardianhelm_c.png,13,
11330343,탐식의 프렌지 헬름,11300166,63,59,51,20,18,15,11300166_C_CPFrenzyHelm_D.gltf,11300166_c_cpfrenzyhelm_d.png,11300166_c_cpfrenzyhelm_c.png,13,
11330431,탐식의 트리밍 플럼,11300419,63,59,51,20,18,15,11300419_C_CPRuneBlader03_A.gltf,11300419_c_cpruneblader03_d.png,11300419_c_cpruneblader03_c.png,0,
11330432,새벽의 보이드 혼,11300420,63,59,51,20,18,15,11300420_C_CPRuneBlader04_A.gltf,11300420_c_cpruneblader04_d.png,11300420_c_cpruneblader04_c.png,0,
11330594,흉포한 격투가 모자,11300550,63,59,51,20,18,15,11300550_C_CPFighter06_A.gltf,11300550_c_cpfighter06_d.png,11300550_c_cpfighter06_c.png,0,
11330595,탐식의 격투가 모자,11300553,63,59,51,20,18,15,11300553_C_CPFighter09_A.gltf,11300553_c_cpfighter09_d.png,11300553_c_cpfighter09_c.png,0,
11330596,새벽의 격투 모자,11300509,63,59,51,20,18,15,11300509_C_CPStriker01_F.gltf,11300509_c_cpstriker01_d.png,11300509_c_cpstriker01_c.png,0,
11330642,탐식의 기공사 카필라,11300553,63,59,51,20,18,15,11300553_C_CPFighter09_A.gltf,11300553_c_cpfighter09_d.png,11300553_c_cpfighter09_c.png,0,
11330643,새벽의 기공 카필라,11300515,63,59,51,20,18,15,11300515_C_CPSoulbinder01_A.gltf,11300515_c_cpsoulbinder01_d.png,11300515_c_cpsoulbinder01_c.png,0,
11340332,빛나는 흉포의 전사 모자,11300076,63,59,51,20,18,15,11300076_C_CPGoldenCrusadesHelmet_D.gltf,11300076_c_cpgoldencrusadeshelmet_d.png,11300076_c_cpgoldencrusadeshelmet_c.png,13,
11340333,빛나는 흉포의 마법사 모자,11300026,63,59,51,20,18,15,11300025_C_CPStarlightHat_C.gltf,11300025_c_cpstarlighthat_d.png,11300025_c_cpstarlighthat_c.png,8,
11340334,빛나는 흉포의 궁수 모자,11300035,63,59,51,20,18,15,11300038_C_GoldMusket_C.gltf,11300038_c_goldmusket_c_d.png,11300038_c_goldmusket_c_c.png,8,
11340335,빛나는 흉포의 도적 모자,11300017,63,59,51,20,18,15,11300048_C_CPCrossPirate_C.gltf,11300048_c_cpcrosspirate_d.png,11300048_c_cpcrosspirate_c.png,8,
11340336,빛나는 탐식의 추적자 모자,11300145,63,59,51,20,18,15,11300145_C_CPChaserHat_C.gltf,11300145_c_cpchaserhat_d.png,11300145_c_cpchaserhat_c.png,8,
11340337,빛나는 탐식의 스터드 선장모자,11300147,63,59,51,20,18,15,11300147_C_CPStuddedHat_C.gltf,11300147_c_cpstuddedhat_d.png,11300147_c_cpstuddedhat_c.png,8,
11340338,빛나는 탐식의 플라이트 헬멧,11300149,63,59,51,20,18,15,11300149_C_CPFlightHelmet_D.gltf,11300149_c_cpflighthelmet_d.png,11300149_c_cpflighthelmet_c.png,13,
11340339,빛나는 탐식의 시피르 마이터,11300162,63,59,51,20,18,15,11300162_C_CPSurfireMiter_C.gltf,11300162_c_cpsurfiremiter_d.png,11300162_c_cpsurfiremiter_c.png,8,
11340340,빛나는 탐식의 금룡모,11300163,63,59,51,20,18,15,11300163_C_CPGoldDragonHat_C.gltf,11300163_c_cpgolddragonhat_d.png,11300163_c_cpgolddragonhat_c.png,8,
11340341,빛나는 탐식의 아쿠아 햇,11300164,63,59,51,20,18,15,11300164_C_CPAquaHat_C.gltf,11300164_c_cpaquahat_d.png,11300164_c_cpaquahat_c.png,8,
11340342,빛나는 탐식의 가디언 헬름,11300165,63,59,51,20,18,15,11300165_C_CPGuardianHelm_D.gltf,11300165_c_cpguardianhelm_d.png,11300165_c_cpguardianhelm_c.png,13,
11340343,빛나는 탐식의 프렌지 헬름,11300166,63,59,51,20,18,15,11300166_C_CPFrenzyHelm_D.gltf,11300166_c_cpfrenzyhelm_d.png,11300166_c_cpfrenzyhelm_c.png,13,
11340431,빛나는 탐식의 트리밍 플럼,11300419,63,59,51,20,18,15,11300419_C_CPRuneBlader03_A.gltf,11300419_c_cpruneblader03_d.png,11300419_c_cpruneblader03_c.png,0,
11340451,룬의 전투 모자,11300390,63,59,51,20,18,15,11300390_C_CPDragonScalesHelmet_D.gltf,11300390_c_cpdragonscaleshelmet_d.png,11300390_c_cpdragonscaleshelmet_c.png,13,
11340452,룬의 광란 모자,11300390,63,59,51,20,18,15,11300390_C_CPDragonScalesHelmet_D.gltf,11300390_c_cpdragonscaleshelmet_d.png,11300390_c_cpdragonscaleshelmet_c.png,13,
11340453,룬의 마법 모자,11300393,63,59,51,20,18,15,11300393_C_CPAngelicTelaCirclet_A.gltf,11300393_c_cpangelictelacirclet_d.png,11300393_c_cpangelictelacirclet_d.png,0,
11340454,룬의 신성 모자,11300393,63,59,51,20,18,15,11300393_C_CPAngelicTelaCirclet_A.gltf,11300393_c_cpangelictelacirclet_d.png,11300393_c_cpangelictelacirclet_d.png,0,
11340455,룬의 집중 모자,11300394,63,59,51,20,18,15,11300394_C_CPPadlockCueroHuntingCap_C.gltf,11300394_c_cppadlockcuerohuntingcap_d.png,11300394_c_cppadlockcuerohuntingcap_c.png,8,
11340456,룬의 포격 모자,11300394,63,59,51,20,18,15,11300394_C_CPPadlockCueroHuntingCap_C.gltf,11300394_c_cppadlockcuerohuntingcap_d.png,11300394_c_cppadlockcuerohuntingcap_c.png,8,
11340457,룬의 혼란 모자,11300395,63,59,51,20,18,15,11300395_C_CPBuckledStrapHat_D.gltf,11300395_c_cpbuckledstraphat_d.png,11300395_c_cpbuckledstraphat_c.png,13,
11340458,룬의 암살 모자,11300395,63,59,51,20,18,15,11300395_C_CPBuckledStrapHat_D.gltf,11300395_c_cpbuckledstraphat_d.png,11300395_c_cpbuckledstraphat_c.png,13,
11340459,룬의 주술 아펙스,11300390,63,59,51,20,18,15,11300390_C_CPDragonScalesHelmet_D.gltf,11300390_c_cpdragonscaleshelmet_d.png,11300390_c_cpdragonscaleshelmet_c.png,13,
11340594,빛나는 흉포의 격투가 모자,11300550,63,59,51,20,18,15,11300550_C_CPFighter06_A.gltf,11300550_c_cpfighter06_d.png,11300550_c_cpfighter06_c.png,0,
11340595,빛나는 탐식의 격투가 모자,11300553,63,59,51,20,18,15,11300553_C_CPFighter09_A.gltf,11300553_c_cpfighter09_d.png,11300553_c_cpfighter09_c.png,0,
11340607,룬의 난투 모자,11300514,63,59,51,20,18,15,11300514_C_CPStriker06_F.gltf,11300514_c_cpstriker06_d.png,11300514_c_cpstriker06_c.png,0,
11340642,빛나는 탐식의 기공사 카필라,11300553,63,59,51,20,18,15,11300553_C_CPFighter09_A.gltf,11300553_c_cpfighter09_d.png,11300553_c_cpfighter09_c.png,0,
11340650,룬의 의식 카필라,11300520,63,59,51,20,18,15,11300520_C_CPSoulbinder06_A.gltf,11300520_c_cpsoulbinder06_d.png,11300520_c_cpsoulbinder06_c.png,0,
11340662,정교한 전투 모자,11300489,63,59,51,20,18,15,11300489_C_CPWarriorClassSetCap01_D.gltf,11300489_c_cpwarriorclasssetcap01_d.png,11300489_c_cpwarriorclasssetcap01_c.png,13,
11340663,정교한 광란 모자,11300489,63,59,51,20,18,15,11300489_C_CPWarriorClassSetCap01_D.gltf,11300489_c_cpwarriorclasssetcap01_d.png,11300489_c_cpwarriorclasssetcap01_c.png,13,
11340664,정교한 마법 모자,11300490,63,59,51,20,18,15,11300490_C_CPMageClassSetCap01_C.gltf,11300490_c_cpmageclasssetcap01_d.png,11300490_c_cpmageclasssetcap01_c.png,8,
11340665,정교한 신성 모자,11300490,63,59,51,20,18,15,11300490_C_CPMageClassSetCap01_C.gltf,11300490_c_cpmageclasssetcap01_d.png,11300490_c_cpmageclasssetcap01_c.png,8,
11340666,정교한 집중 모자,11300491,63,59,51,20,18,15,11300491_C_CPHunterClassSetCap01_C.gltf,11300491_c_cphunterclasssetcap01_d.png,11300491_c_cphunterclasssetcap01_c.png,8,
11340667,정교한 포격 모자,11300491,63,59,51,20,18,15,11300491_C_CPHunterClassSetCap01_C.gltf,11300491_c_cphunterclasssetcap01_d.png,11300491_c_cphunterclasssetcap01_c.png,8,
11340668,정교한 혼란 모자,11300492,63,59,51,20,18,15,11300492_C_CPBrigandClassSetCap01_A.gltf,11300492_c_cpbrigandclasssetcap01_d.png,11300492_c_cpbrigandclasssetcap01_c.png,0,
11340669,정교한 암살 모자,11300492,63,59,51,20,18,15,11300492_C_CPBrigandClassSetCap01_A.gltf,11300492_c_cpbrigandclasssetcap01_d.png,11300492_c_cpbrigandclasssetcap01_c.png,0,
11340670,정교한 주술 아펙스,11300489,63,59,51,20,18,15,11300489_C_CPWarriorClassSetCap01_D.gltf,11300489_c_cpwarriorclasssetcap01_d.png,11300489_c_cpwarriorclasssetcap01_c.png,13,
11340671,정교한 난투 모자,11300634,63,59,51,20,18,15,11300634_C_CPFighter10_A.gltf,11300634_c_cpfighter10_d.png,11300634_c_cpfighter10_c.png,0,
11340672,정교한 의식 카필라,11300634,63,59,51,20,18,15,11300634_C_CPFighter10_A.gltf,11300634_c_cpfighter10_d.png,11300634_c_cpfighter10_c.png,0,
11350332,빛나는 흉포의 전사 모자,11300076,63,59,51,20,18,15,11300076_C_CPGoldenCrusadesHelmet_D.gltf,11300076_c_cpgoldencrusadeshelmet_d.png,11300076_c_cpgoldencrusadeshelmet_c.png,13,
11350333,빛나는 흉포의 마법사 모자,11300026,63,59,51,20,18,15,11300025_C_CPStarlightHat_C.gltf,11300025_c_cpstarlighthat_d.png,11300025_c_cpstarlighthat_c.png,8,
11350334,빛나는 흉포의 궁수 모자,11300035,63,59,51,20,18,15,11300038_C_GoldMusket_C.gltf,11300038_c_goldmusket_c_d.png,11300038_c_goldmusket_c_c.png,8,
11350335,빛나는 흉포의 도적 모자,11300017,63,59,51,20,18,15,11300048_C_CPCrossPirate_C.gltf,11300048_c_cpcrosspirate_d.png,11300048_c_cpcrosspirate_c.png,8,
11350451,룬의 전투 모자,11300390,63,59,51,20,18,15,11300390_C_CPDragonScalesHelmet_D.gltf,11300390_c_cpdragonscaleshelmet_d.png,11300390_c_cpdragonscaleshelmet_c.png,13,
11350452,룬의 광란 모자,11300390,63,59,51,20,18,15,11300390_C_CPDragonScalesHelmet_D.gltf,11300390_c_cpdragonscaleshelmet_d.png,11300390_c_cpdragonscaleshelmet_c.png,13,
11350453,룬의 마법 모자,11300393,63,59,51,20,18,15,11300393_C_CPAngelicTelaCirclet_A.gltf,11300393_c_cpangelictelacirclet_d.png,11300393_c_cpangelictelacirclet_d.png,0,
11350454,룬의 신성 모자,11300393,63,59,51,20,18,15,11300393_C_CPAngelicTelaCirclet_A.gltf,11300393_c_cpangelictelacirclet_d.png,11300393_c_cpangelictelacirclet_d.png,0,
11350455,룬의 집중 모자,11300394,63,59,51,20,18,15,11300394_C_CPPadlockCueroHuntingCap_C.gltf,11300394_c_cppadlockcuerohuntingcap_d.png,11300394_c_cppadlockcuerohuntingcap_c.png,8,
11350456,룬의 포격 모자,11300394,63,59,51,20,18,15,11300394_C_CPPadlockCueroHuntingCap_C.gltf,11300394_c_cppadlockcuerohuntingcap_d.png,11300394_c_cppadlockcuerohuntingcap_c.png,8,
11350457,룬의 혼란 모자,11300395,63,59,51,20,18,15,11300395_C_CPBuckledStrapHat_D.gltf,11300395_c_cpbuckledstraphat_d.png,11300395_c_cpbuckledstraphat_c.png,13,
11350458,룬의 암살 모자,11300395,63,59,51,20,18,15,11300395_C_CPBuckledStrapHat_D.gltf,11300395_c_cpbuckledstraphat_d.png,11300395_c_cpbuckledstraphat_c.png,13,
11350459,룬의 주술 아펙스,11300390,63,59,51,20,18,15,11300390_C_CPDragonScalesHelmet_D.gltf,11300390_c_cpdragonscaleshelmet_d.png,11300390_c_cpdragonscaleshelmet_c.png,13,
11350460,광포한 전투 모자,11301039,63,59,51,20,18,15,11301039_C_CPFury_C.gltf,11301039_c_cpfury_d.png,11301039_c_cpfury_c.png,8,
11350461,광포한 광란 모자,11301039,63,59,51,20,18,15,11301039_C_CPFury_C.gltf,11301039_c_cpfury_d.png,11301039_c_cpfury_c.png,8,
11350462,광포한 마법 모자,11301039,63,59,51,20,18,15,11301039_C_CPFury_C.gltf,11301039_c_cpfury_d.png,11301039_c_cpfury_c.png,8,
11350463,광포한 신성 모자,11301039,63,59,51,20,18,15,11301039_C_CPFury_C.gltf,11301039_c_cpfury_d.png,11301039_c_cpfury_c.png,8,
11350464,광포한 집중 모자,11301039,63,59,51,20,18,15,11301039_C_CPFury_C.gltf,11301039_c_cpfury_d.png,11301039_c_cpfury_c.png,8,
11350465,광포한 포격 모자,11301039,63,59,51,20,18,15,11301039_C_CPFury_C.gltf,11301039_c_cpfury_d.png,11301039_c_cpfury_c.png,8,
11350466,광포한 혼란 모자,11301039,63,59,51,20,18,15,11301039_C_CPFury_C.gltf,11301039_c_cpfury_d.png,11301039_c_cpfury_c.png,8,
11350467,광포한 암살 모자,11301039,63,59,51,20,18,15,11301039_C_CPFury_C.gltf,11301039_c_cpfury_d.png,11301039_c_cpfury_c.png,8,
11350468,광포한 주술 아펙스,11301039,63,59,51,20,18,15,11301039_C_CPFury_C.gltf,11301039_c_cpfury_d.png,11301039_c_cpfury_c.png,8,
11350594,빛나는 흉포의 격투가 모자,11300550,63,59,51,20,18,15,11300550_C_CPFighter06_A.gltf,11300550_c_cpfighter06_d.png,11300550_c_cpfighter06_c.png,0,
11350603,광포한 난투 모자,11301039,63,59,51,20,18,15,11301039_C_CPFury_C.gltf,11301039_c_cpfury_d.png,11301039_c_cpfury_c.png,8,
11350646,광포한 의식 카필라,11301039,63,59,51,20,18,15,11301039_C_CPFury_C.gltf,11301039_c_cpfury_d.png,11301039_c_cpfury_c.png,8,
11350650,룬의 의식 카필라,11300520,63,59,51,20,18,15,11300520_C_CPSoulbinder06_A.gltf,11300520_c_cpsoulbinder06_d.png,11300520_c_cpsoulbinder06_c.png,0,
11351090,불안정한 힘의 전사 모자,11309996,63,59,51,20,18,15,11300004_C_CPSilverOrihalc.gltf,11300004_c_cpsilverorihalcon_d.png,11300004_c_cpsilverorihalcon_d.png,None,
11351091,불안정한 힘의 마법사 모자,11300087,63,59,51,20,18,15,11300003_F_CPConeHat_C.gltf,11300003_f_cpconehat_d.png,11300003_f_cpconehat_c.png,8,
11351092,불안정한 힘의 궁수 모자,11300120,63,59,51,20,18,15,11300120_C_CPMilitiaHat_C.gltf,11300120_c_cpmilitiahat_d.png,11300120_c_cpmilitiahat_c.png,8,
11351093,불안정한 힘의 도적 모자,11300065,63,59,51,20,18,15,01300027_C_HotDumplingDish_A.gltf,01300027_c_hotdumplingdish_d.png,01300027_c_hotdumplingdish_d.png,0,
11351094,불안정한 힘의 격투가 모자,11300551,63,59,51,20,18,15,11300551_C_CPFighter07_A.gltf,11300551_c_cpfighter07_d.png,11300551_c_cpfighter07_c.png,0,
11351095,불안정한 힘의 기공사 모자,11300551,63,59,51,20,18,15,11300551_C_CPFighter07_A.gltf,11300551_c_cpfighter07_d.png,11300551_c_cpfighter07_c.png,0,
11351106,브라이트 스타의 전투 모자,11300696,63,59,51,20,18,15,11300696_C_CPBrightStar_F.gltf,11300696_c_cpbrightstar_d.png,11300696_c_cpbrightstar_c.png,0,
11351107,브라이트 스타의 광란 모자,11300696,63,59,51,20,18,15,11300696_C_CPBrightStar_F.gltf,11300696_c_cpbrightstar_d.png,11300696_c_cpbrightstar_c.png,0,
11351108,브라이트 스타의 마법 모자,11300696,63,59,51,20,18,15,11300696_C_CPBrightStar_F.gltf,11300696_c_cpbrightstar_d.png,11300696_c_cpbrightstar_c.png,0,
11351109,브라이트 스타의 신성 모자,11300696,63,59,51,20,18,15,11300696_C_CPBrightStar_F.gltf,11300696_c_cpbrightstar_d.png,11300696_c_cpbrightstar_c.png,0,
11351110,브라이트 스타의 집중 모자,11300696,63,59,51,20,18,15,11300696_C_CPBrightStar_F.gltf,11300696_c_cpbrightstar_d.png,11300696_c_cpbrightstar_c.png,0,
11351111,브라이트 스타의 포격 모자,11300696,63,59,51,20,18,15,11300696_C_CPBrightStar_F.gltf,11300696_c_cpbrightstar_d.png,11300696_c_cpbrightstar_c.png,0,
11351112,브라이트 스타의 혼란 모자,11300696,63,59,51,20,18,15,11300696_C_CPBrightStar_F.gltf,11300696_c_cpbrightstar_d.png,11300696_c_cpbrightstar_c.png,0,
11351113,브라이트 스타의 암살 모자,11300696,63,59,51,20,18,15,11300696_C_CPBrightStar_F.gltf,11300696_c_cpbrightstar_d.png,11300696_c_cpbrightstar_c.png,0,
11351114,브라이트 스타의 주술 모자,11300696,63,59,51,20,18,15,11300696_C_CPBrightStar_F.gltf,11300696_c_cpbrightstar_d.png,11300696_c_cpbrightstar_c.png,0,
11351115,브라이트 스타의 난투 모자,11300696,63,59,51,20,18,15,11300696_C_CPBrightStar_F.gltf,11300696_c_cpbrightstar_d.png,11300696_c_cpbrightstar_c.png,0,
11351116,브라이트 스타의 의식 모자,11300696,63,59,51,20,18,15,11300696_C_CPBrightStar_F.gltf,11300696_c_cpbrightstar_d.png,11300696_c_cpbrightstar_c.png,0,
11351117,크림슨 발록의 전투 모자,11301045,63,59,51,20,18,15,11301045_C_CPBalrogB01_D.gltf,11301045_c_cpbalrogb01_d.png,11301045_c_cpbalrogb01_c.png,13,
11351118,크림슨 발록의 광란 모자,11301045,63,59,51,20,18,15,11301045_C_CPBalrogB01_D.gltf,11301045_c_cpbalrogb01_d.png,11301045_c_cpbalrogb01_c.png,13,
11351119,크림슨 발록의 마법 모자,11301045,63,59,51,20,18,15,11301045_C_CPBalrogB01_D.gltf,11301045_c_cpbalrogb01_d.png,11301045_c_cpbalrogb01_c.png,13,
11351120,크림슨 발록의 신성 모자,11301045,63,59,51,20,18,15,11301045_C_CPBalrogB01_D.gltf,11301045_c_cpbalrogb01_d.png,11301045_c_cpbalrogb01_c.png,13,
11351121,크림슨 발록의 집중 모자,11301045,63,59,51,20,18,15,11301045_C_CPBalrogB01_D.gltf,11301045_c_cpbalrogb01_d.png,11301045_c_cpbalrogb01_c.png,13,
11351122,크림슨 발록의 포격 모자,11301045,63,59,51,20,18,15,11301045_C_CPBalrogB01_D.gltf,11301045_c_cpbalrogb01_d.png,11301045_c_cpbalrogb01_c.png,13,
11351123,크림슨 발록의 혼란 모자,11301045,63,59,51,20,18,15,11301045_C_CPBalrogB01_D.gltf,11301045_c_cpbalrogb01_d.png,11301045_c_cpbalrogb01_c.png,13,
11351124,크림슨 발록의 암살 모자,11301045,63,59,51,20,18,15,11301045_C_CPBalrogB01_D.gltf,11301045_c_cpbalrogb01_d.png,11301045_c_cpbalrogb01_c.png,13,
11351125,크림슨 발록의 주술 모자,11301045,63,59,51,20,18,15,11301045_C_CPBalrogB01_D.gltf,11301045_c_cpbalrogb01_d.png,11301045_c_cpbalrogb01_c.png,13,
11351127,크림슨 발록의 의식 모자,11301045,63,59,51,20,18,15,11301045_C_CPBalrogB01_D.gltf,11301045_c_cpbalrogb01_d.png,11301045_c_cpbalrogb01_c.png,13,
11360135,불멸의 스켈레톤 헬름,11300135,63,59,51,20,18,15,11300135_C_CPSkeletonHelm_D.gltf,11300135_c_cpskeletonhelm_d.png,11300135_c_cpskeletonhelm_c.png,13,
11360136,불멸의 파일럿 헬멧,11300136,63,59,51,20,18,15,11300136_C_CPPilotMeowHelm.gltf,11300136_c_cppilotmeowhelmet_d.png,11300136_c_cppilotmeowhelmet_c.png,None,
11360137,불멸의 블러디 더스크 헬름,11300137,63,59,51,20,18,15,11300137_C_CPBloodyDuskHe.gltf,11300137_c_cpbloodyduskhelm_d.png,11300137_c_cpbloodyduskhelm_c.png,None,
11360138,불멸의 세비어즈 헬름,11300138,63,59,51,20,18,15,11300138_C_CPSaviorsHelm_D.gltf,11300138_c_cpsaviorshelm_d.png,11300138_c_cpsaviorshelm_c.png,13,
11360143,불멸의 님블 비트 버글러,11300143,63,59,51,20,18,15,11300143_C_CPNimbleBitBurglar_D.gltf,11300143_c_cpnimblebitburglar_d.png,11300143_c_cpnimblebitburglar_c.png,13,
11360144,불멸의 팬텀 비니,11300144,63,59,51,20,18,15,11300144_C_CPPhantomBeanie_D.gltf,11300144_c_cpphantombeanie_d.png,11300144_c_cpphantombeanie_c.png,13,
11360146,불멸의 감시자 모자,11300146,63,59,51,20,18,15,11300146_C_CPGuardianHat_C.gltf,11300146_c_cpguardianhat_d.png,11300146_c_cpguardianhat_c.png,8,
11360148,불멸의 에네스 캡,11300148,63,59,51,20,18,15,11300148_C_CPEnesCap_D.gltf,11300148_c_cpenescap_d.png,11300148_c_cpenescap_c.png,13,
11360432,불멸의 보이드 혼,11300420,63,59,51,20,18,15,11300420_C_CPRuneBlader04_A.gltf,11300420_c_cpruneblader04_d.png,11300420_c_cpruneblader04_c.png,0,
11360594,복제된 흉포의 격투가 모자,11300550,63,59,51,20,18,15,11300550_C_CPFighter06_A.gltf,11300550_c_cpfighter06_d.png,11300550_c_cpfighter06_c.png,0,
11360596,불멸의 격투 모자,11300509,63,59,51,20,18,15,11300509_C_CPStriker01_F.gltf,11300509_c_cpstriker01_d.png,11300509_c_cpstriker01_c.png,0,
11360643,불멸의 기공 카필라,11300515,63,59,51,20,18,15,11300515_C_CPSoulbinder01_A.gltf,11300515_c_cpsoulbinder01_d.png,11300515_c_cpsoulbinder01_c.png,0,
11360917,리버스 나이트 윙 크라운,11300891,63,59,51,20,18,15,11300891_C_CPReverseRaidA01.gltf,11300891_c_cpreverseraida01_d.png,11300891_c_cpreverseraida01_c.png,None,
11360918,리버스 버서커 윙 크라운,11300891,63,59,51,20,18,15,11300891_C_CPReverseRaidA01.gltf,11300891_c_cpreverseraida01_d.png,11300891_c_cpreverseraida01_c.png,None,
11360919,리버스 위자드 윙 크라운,11300891,63,59,51,20,18,15,11300891_C_CPReverseRaidA01.gltf,11300891_c_cpreverseraida01_d.png,11300891_c_cpreverseraida01_c.png,None,
11360920,리버스 프리스트 윙 크라운,11300891,63,59,51,20,18,15,11300891_C_CPReverseRaidA01.gltf,11300891_c_cpreverseraida01_d.png,11300891_c_cpreverseraida01_c.png,None,
11360921,리버스 레인저 윙 크라운,11300891,63,59,51,20,18,15,11300891_C_CPReverseRaidA01.gltf,11300891_c_cpreverseraida01_d.png,11300891_c_cpreverseraida01_c.png,None,
11360922,리버스 헤비거너 윙 크라운,11300891,63,59,51,20,18,15,11300891_C_CPReverseRaidA01.gltf,11300891_c_cpreverseraida01_d.png,11300891_c_cpreverseraida01_c.png,None,
11360923,리버스 시프 윙 크라운,11300891,63,59,51,20,18,15,11300891_C_CPReverseRaidA01.gltf,11300891_c_cpreverseraida01_d.png,11300891_c_cpreverseraida01_c.png,None,
11360924,리버스 어쌔신 윙 크라운,11300891,63,59,51,20,18,15,11300891_C_CPReverseRaidA01.gltf,11300891_c_cpreverseraida01_d.png,11300891_c_cpreverseraida01_c.png,None,
11360925,리버스 블레이더 윙 크라운,11300891,63,59,51,20,18,15,11300891_C_CPReverseRaidA01.gltf,11300891_c_cpreverseraida01_d.png,11300891_c_cpreverseraida01_c.png,None,
11360926,리버스 스트라이커 윙 크라운,11300891,63,59,51,20,18,15,11300891_C_CPReverseRaidA01.gltf,11300891_c_cpreverseraida01_d.png,11300891_c_cpreverseraida01_c.png,None,
11360927,리버스 소울바인더 윙 크라운,11300891,63,59,51,20,18,15,11300891_C_CPReverseRaidA01.gltf,11300891_c_cpreverseraida01_d.png,11300891_c_cpreverseraida01_c.png,None,
11361154,타이드 캡틴 파이러츠햇 (나이트),11300741,63,59,51,20,18,15,11300634_C_CPPirate_C.gltf,11300634_c_cppirate_d.png,11300634_c_cppirate_c.png,8,
11361155,타이드 캡틴 파이러츠햇 (버서커),11300741,63,59,51,20,18,15,11300634_C_CPPirate_C.gltf,11300634_c_cppirate_d.png,11300634_c_cppirate_c.png,8,
11361156,타이드 캡틴 파이러츠햇 (위자드),11300741,63,59,51,20,18,15,11300634_C_CPPirate_C.gltf,11300634_c_cppirate_d.png,11300634_c_cppirate_c.png,8,
11361157,타이드 캡틴 파이러츠햇 (프리스트),11300741,63,59,51,20,18,15,11300634_C_CPPirate_C.gltf,11300634_c_cppirate_d.png,11300634_c_cppirate_c.png,8,
11361158,타이드 캡틴 파이러츠햇 (레인저),11300741,63,59,51,20,18,15,11300634_C_CPPirate_C.gltf,11300634_c_cppirate_d.png,11300634_c_cppirate_c.png,8,
11361159,타이드 캡틴 파이러츠햇 (헤비거너),11300741,63,59,51,20,18,15,11300634_C_CPPirate_C.gltf,11300634_c_cppirate_d.png,11300634_c_cppirate_c.png,8,
11361160,타이드 캡틴 파이러츠햇 (시프),11300741,63,59,51,20,18,15,11300634_C_CPPirate_C.gltf,11300634_c_cppirate_d.png,11300634_c_cppirate_c.png,8,
11361161,타이드 캡틴 파이러츠햇 (어쌔신),11300741,63,59,51,20,18,15,11300634_C_CPPirate_C.gltf,11300634_c_cppirate_d.png,11300634_c_cppirate_c.png,8,
11361162,타이드 캡틴 파이러츠햇 (룬블레이더),11300741,63,59,51,20,18,15,11300634_C_CPPirate_C.gltf,11300634_c_cppirate_d.png,11300634_c_cppirate_c.png,8,
11361163,타이드 캡틴 파이러츠햇 (스트라이커),11300741,63,59,51,20,18,15,11300634_C_CPPirate_C.gltf,11300634_c_cppirate_d.png,11300634_c_cppirate_c.png,8,
11361164,타이드 캡틴 파이러츠햇 (소울바인더),11300741,63,59,51,20,18,15,11300634_C_CPPirate_C.gltf,11300634_c_cppirate_d.png,11300634_c_cppirate_c.png,8,
11361165,프론티어 베렛 (나이트),11300701,63,59,51,20,18,15,11300701_C_CPEmerald_C.gltf,11300701_c_cpemerald_d.png,11300701_c_cpemerald_c.png,8,
11361166,프론티어 베렛 (버서커),11300701,63,59,51,20,18,15,11300701_C_CPEmerald_C.gltf,11300701_c_cpemerald_d.png,11300701_c_cpemerald_c.png,8,
11361167,프론티어 베렛 (위자드),11300701,63,59,51,20,18,15,11300701_C_CPEmerald_C.gltf,11300701_c_cpemerald_d.png,11300701_c_cpemerald_c.png,8,
11361168,프론티어 베렛 (프리스트),11300701,63,59,51,20,18,15,11300701_C_CPEmerald_C.gltf,11300701_c_cpemerald_d.png,11300701_c_cpemerald_c.png,8,
11361169,프론티어 베렛 (레인저),11300701,63,59,51,20,18,15,11300701_C_CPEmerald_C.gltf,11300701_c_cpemerald_d.png,11300701_c_cpemerald_c.png,8,
11361170,프론티어 베렛 (헤비거너),11300701,63,59,51,20,18,15,11300701_C_CPEmerald_C.gltf,11300701_c_cpemerald_d.png,11300701_c_cpemerald_c.png,8,
11361171,프론티어 베렛 (시프),11300701,63,59,51,20,18,15,11300701_C_CPEmerald_C.gltf,11300701_c_cpemerald_d.png,11300701_c_cpemerald_c.png,8,
11361172,프론티어 베렛 (어쌔신),11300701,63,59,51,20,18,15,11300701_C_CPEmerald_C.gltf,11300701_c_cpemerald_d.png,11300701_c_cpemerald_c.png,8,
11361173,프론티어 베렛 (룬블레이더),11300701,63,59,51,20,18,15,11300701_C_CPEmerald_C.gltf,11300701_c_cpemerald_d.png,11300701_c_cpemerald_c.png,8,
11361174,프론티어 베렛 (스트라이커),11300701,63,59,51,20,18,15,11300701_C_CPEmerald_C.gltf,11300701_c_cpemerald_d.png,11300701_c_cpemerald_c.png,8,
11361175,프론티어 베렛 (소울바인더),11300701,63,59,51,20,18,15,11300701_C_CPEmerald_C.gltf,11300701_c_cpemerald_d.png,11300701_c_cpemerald_c.png,8,
11361176,윙드 데몬 써클릿 (나이트),11300695,63,59,51,20,18,15,11300695_C_CPDragon_A.gltf,11300695_c_cpdragon_d.png,11300695_c_cpdragon_c.png,0,
11361177,윙드 데몬 써클릿 (버서커),11300695,63,59,51,20,18,15,11300695_C_CPDragon_A.gltf,11300695_c_cpdragon_d.png,11300695_c_cpdragon_c.png,0,
11361178,윙드 데몬 써클릿 (위자드),11300695,63,59,51,20,18,15,11300695_C_CPDragon_A.gltf,11300695_c_cpdragon_d.png,11300695_c_cpdragon_c.png,0,
11361179,윙드 데몬 써클릿 (프리스트),11300695,63,59,51,20,18,15,11300695_C_CPDragon_A.gltf,11300695_c_cpdragon_d.png,11300695_c_cpdragon_c.png,0,
11361180,윙드 데몬 써클릿 (레인저),11300695,63,59,51,20,18,15,11300695_C_CPDragon_A.gltf,11300695_c_cpdragon_d.png,11300695_c_cpdragon_c.png,0,
11361181,윙드 데몬 써클릿 (헤비거너),11300695,63,59,51,20,18,15,11300695_C_CPDragon_A.gltf,11300695_c_cpdragon_d.png,11300695_c_cpdragon_c.png,0,
11361182,윙드 데몬 써클릿 (시프),11300695,63,59,51,20,18,15,11300695_C_CPDragon_A.gltf,11300695_c_cpdragon_d.png,11300695_c_cpdragon_c.png,0,
11361183,윙드 데몬 써클릿 (어쌔신),11300695,63,59,51,20,18,15,11300695_C_CPDragon_A.gltf,11300695_c_cpdragon_d.png,11300695_c_cpdragon_c.png,0,
11361184,윙드 데몬 써클릿 (룬블레이더),11300695,63,59,51,20,18,15,11300695_C_CPDragon_A.gltf,11300695_c_cpdragon_d.png,11300695_c_cpdragon_c.png,0,
11361185,윙드 데몬 써클릿 (스트라이커),11300695,63,59,51,20,18,15,11300695_C_CPDragon_A.gltf,11300695_c_cpdragon_d.png,11300695_c_cpdragon_c.png,0,
11361186,윙드 데몬 써클릿 (소울바인더),11300695,63,59,51,20,18,15,11300695_C_CPDragon_A.gltf,11300695_c_cpdragon_d.png,11300695_c_cpdragon_c.png,0,
11361187,베히모스 혼드 헬멧 (나이트),11301040,63,59,51,20,18,15,11301040_C_CPVehement_A.gltf,11301040_c_cpvehement_d.png,11301040_c_cpvehement_c.png,0,
11361188,베히모스 혼드 헬멧 (버서커),11301040,63,59,51,20,18,15,11301040_C_CPVehement_A.gltf,11301040_c_cpvehement_d.png,11301040_c_cpvehement_c.png,0,
11361189,베히모스 혼드 헬멧 (위자드),11301040,63,59,51,20,18,15,11301040_C_CPVehement_A.gltf,11301040_c_cpvehement_d.png,11301040_c_cpvehement_c.png,0,
11361190,베히모스 혼드 헬멧 (프리스트),11301040,63,59,51,20,18,15,11301040_C_CPVehement_A.gltf,11301040_c_cpvehement_d.png,11301040_c_cpvehement_c.png,0,
11361191,베히모스 혼드 헬멧 (레인저),11301040,63,59,51,20,18,15,11301040_C_CPVehement_A.gltf,11301040_c_cpvehement_d.png,11301040_c_cpvehement_c.png,0,
11361192,베히모스 혼드 헬멧 (헤비거너),11301040,63,59,51,20,18,15,11301040_C_CPVehement_A.gltf,11301040_c_cpvehement_d.png,11301040_c_cpvehement_c.png,0,
11361193,베히모스 혼드 헬멧 (시프),11301040,63,59,51,20,18,15,11301040_C_CPVehement_A.gltf,11301040_c_cpvehement_d.png,11301040_c_cpvehement_c.png,0,
11361194,베히모스 혼드 헬멧 (어쌔신),11301040,63,59,51,20,18,15,11301040_C_CPVehement_A.gltf,11301040_c_cpvehement_d.png,11301040_c_cpvehement_c.png,0,
11361195,베히모스 혼드 헬멧 (룬블레이더),11301040,63,59,51,20,18,15,11301040_C_CPVehement_A.gltf,11301040_c_cpvehement_d.png,11301040_c_cpvehement_c.png,0,
11361196,베히모스 혼드 헬멧 (스트라이커),11301040,63,59,51,20,18,15,11301040_C_CPVehement_A.gltf,11301040_c_cpvehement_d.png,11301040_c_cpvehement_c.png,0,
11361197,베히모스 혼드 헬멧 (소울바인더),11301040,63,59,51,20,18,15,11301040_C_CPVehement_A.gltf,11301040_c_cpvehement_d.png,11301040_c_cpvehement_c.png,0,
11361198,에일리온 쥬얼 헤드 (나이트),11300902,63,59,51,20,18,15,11300902_C_CPReverseRaidA02.gltf,11300902_c_cpreverseraida02_d.png,11300902_c_cpreverseraida02_c.png,None,
11361199,에일리온 쥬얼 헤드 (버서커),11300902,63,59,51,20,18,15,11300902_C_CPReverseRaidA02.gltf,11300902_c_cpreverseraida02_d.png,11300902_c_cpreverseraida02_c.png,None,
11361200,에일리온 쥬얼 헤드 (위자드),11300902,63,59,51,20,18,15,11300902_C_CPReverseRaidA02.gltf,11300902_c_cpreverseraida02_d.png,11300902_c_cpreverseraida02_c.png,None,
11361201,에일리온 쥬얼 헤드 (프리스트),11300902,63,59,51,20,18,15,11300902_C_CPReverseRaidA02.gltf,11300902_c_cpreverseraida02_d.png,11300902_c_cpreverseraida02_c.png,None,
11361202,에일리온 쥬얼 헤드 (레인저),11300902,63,59,51,20,18,15,11300902_C_CPReverseRaidA02.gltf,11300902_c_cpreverseraida02_d.png,11300902_c_cpreverseraida02_c.png,None,
11361203,에일리온 쥬얼 헤드 (헤비거너),11300902,63,59,51,20,18,15,11300902_C_CPReverseRaidA02.gltf,11300902_c_cpreverseraida02_d.png,11300902_c_cpreverseraida02_c.png,None,
11361204,에일리온 쥬얼 헤드 (시프),11300902,63,59,51,20,18,15,11300902_C_CPReverseRaidA02.gltf,11300902_c_cpreverseraida02_d.png,11300902_c_cpreverseraida02_c.png,None,
11361205,에일리온 쥬얼 헤드 (어쌔신),11300902,63,59,51,20,18,15,11300902_C_CPReverseRaidA02.gltf,11300902_c_cpreverseraida02_d.png,11300902_c_cpreverseraida02_c.png,None,
11361206,에일리온 쥬얼 헤드 (룬블레이더),11300902,63,59,51,20,18,15,11300902_C_CPReverseRaidA02.gltf,11300902_c_cpreverseraida02_d.png,11300902_c_cpreverseraida02_c.png,None,
11361207,에일리온 쥬얼 헤드 (스트라이커),11300902,63,59,51,20,18,15,11300902_C_CPReverseRaidA02.gltf,11300902_c_cpreverseraida02_d.png,11300902_c_cpreverseraida02_c.png,None,
11361208,에일리온 쥬얼 헤드 (소울바인더),11300902,63,59,51,20,18,15,11300902_C_CPReverseRaidA02.gltf,11300902_c_cpreverseraida02_d.png,11300902_c_cpreverseraida02_c.png,None,
11361209,블랙 뱅가드 워 기어 (나이트),11300705,63,59,51,20,18,15,11300705_C_CPDarkSteelWarrior_D.gltf,11300705_c_cpdarksteelwarrior_d.png,11300705_c_cpdarksteelwarrior_c.png,13,
11361210,블랙 뱅가드 워 기어 (버서커),11300705,63,59,51,20,18,15,11300705_C_CPDarkSteelWarrior_D.gltf,11300705_c_cpdarksteelwarrior_d.png,11300705_c_cpdarksteelwarrior_c.png,13,
11361211,블랙 뱅가드 워 기어 (위자드),11300640,63,59,51,20,18,15,11300640_C_CPDarkSteel_F.gltf,11300640_c_cpdarksteelmage_d.png,11300640_c_cpdarksteelmage_c.png,0,
11361212,블랙 뱅가드 워 기어 (프리스트),11300640,63,59,51,20,18,15,11300640_C_CPDarkSteel_F.gltf,11300640_c_cpdarksteelmage_d.png,11300640_c_cpdarksteelmage_c.png,0,
11361213,블랙 뱅가드 워 기어 (레인저),11300706,63,59,51,20,18,15,11300706_C_CPDarkSteelRanger_C.gltf,11300706_c_cpdarksteelranger_d.png,11300706_c_cpdarksteelranger_c.png,8,
11361214,블랙 뱅가드 워 기어 (헤비거너),11300706,63,59,51,20,18,15,11300706_C_CPDarkSteelRanger_C.gltf,11300706_c_cpdarksteelranger_d.png,11300706_c_cpdarksteelranger_c.png,8,
11361215,블랙 뱅가드 워 기어 (시프),11300707,63,59,51,20,18,15,11300707_C_CPDarkSteelThief_A.gltf,11300707_c_cpdarksteelthief_d.png,11300707_c_cpdarksteelthief_c.png,0,
11361216,블랙 뱅가드 워 기어 (어쌔신),11300707,63,59,51,20,18,15,11300707_C_CPDarkSteelThief_A.gltf,11300707_c_cpdarksteelthief_d.png,11300707_c_cpdarksteelthief_c.png,0,
11361217,블랙 뱅가드 워 기어 (룬블레이더),11300705,63,59,51,20,18,15,11300705_C_CPDarkSteelWarrior_D.gltf,11300705_c_cpdarksteelwarrior_d.png,11300705_c_cpdarksteelwarrior_c.png,13,
11361218,블랙 뱅가드 워 기어 (스트라이커),11300708,63,59,51,20,18,15,11300708_C_CPDarkSteelFighter_A.gltf,11300708_c_cpdarksteelfighter_d.png,11300708_c_cpdarksteelfighter_c.png,0,
11361219,블랙 뱅가드 워 기어 (소울바인더),11300708,63,59,51,20,18,15,11300708_C_CPDarkSteelFighter_A.gltf,11300708_c_cpdarksteelfighter_d.png,11300708_c_cpdarksteelfighter_c.png,0,
11361220,블랙퓨리티 루나틱 페더 (나이트),11301148,63,59,51,20,18,15,11301148_C_CPDarkTutor_A.gltf,11301148_c_cpdarktutor_d.png,11301148_c_cpdarktutor_c.png,0,
11361221,블랙퓨리티 루나틱 페더 (버서커),11301148,63,59,51,20,18,15,11301148_C_CPDarkTutor_A.gltf,11301148_c_cpdarktutor_d.png,11301148_c_cpdarktutor_c.png,0,
11361222,블랙퓨리티 루나틱 페더 (위자드),11301148,63,59,51,20,18,15,11301148_C_CPDarkTutor_A.gltf,11301148_c_cpdarktutor_d.png,11301148_c_cpdarktutor_c.png,0,
11361223,블랙퓨리티 루나틱 페더 (프리스트),11301148,63,59,51,20,18,15,11301148_C_CPDarkTutor_A.gltf,11301148_c_cpdarktutor_d.png,11301148_c_cpdarktutor_c.png,0,
11361224,블랙퓨리티 루나틱 페더 (레인저),11301148,63,59,51,20,18,15,11301148_C_CPDarkTutor_A.gltf,11301148_c_cpdarktutor_d.png,11301148_c_cpdarktutor_c.png,0,
11361225,블랙퓨리티 루나틱 페더 (헤비거너),11301148,63,59,51,20,18,15,11301148_C_CPDarkTutor_A.gltf,11301148_c_cpdarktutor_d.png,11301148_c_cpdarktutor_c.png,0,
11361226,블랙퓨리티 루나틱 페더 (시프),11301148,63,59,51,20,18,15,11301148_C_CPDarkTutor_A.gltf,11301148_c_cpdarktutor_d.png,11301148_c_cpdarktutor_c.png,0,
11361227,블랙퓨리티 루나틱 페더 (어쌔신),11301148,63,59,51,20,18,15,11301148_C_CPDarkTutor_A.gltf,11301148_c_cpdarktutor_d.png,11301148_c_cpdarktutor_c.png,0,
11361228,블랙퓨리티 루나틱 페더 (룬블레이더),11301148,63,59,51,20,18,15,11301148_C_CPDarkTutor_A.gltf,11301148_c_cpdarktutor_d.png,11301148_c_cpdarktutor_c.png,0,
11361229,블랙퓨리티 루나틱 페더 (스트라이커),11301148,63,59,51,20,18,15,11301148_C_CPDarkTutor_A.gltf,11301148_c_cpdarktutor_d.png,11301148_c_cpdarktutor_c.png,0,
11361230,블랙퓨리티 루나틱 페더 (소울바인더),11301148,63,59,51,20,18,15,11301148_C_CPDarkTutor_A.gltf,11301148_c_cpdarktutor_d.png,11301148_c_cpdarktutor_c.png,0,
11361319,강화된 품위의 전투 모자,11300745,63,59,51,20,18,15,11300745_C_CPArenaA01_A.gltf,11300745_c_cparenaa01_d.png,11300745_c_cparenaa01_c.png,0,
11361320,강화된 품위의 광란 모자,11300745,63,59,51,20,18,15,11300745_C_CPArenaA01_A.gltf,11300745_c_cparenaa01_d.png,11300745_c_cparenaa01_c.png,0,
11361321,강화된 품위의 마법 모자,11300745,63,59,51,20,18,15,11300745_C_CPArenaA01_A.gltf,11300745_c_cparenaa01_d.png,11300745_c_cparenaa01_c.png,0,
11361322,강화된 품위의 신성 모자,11300745,63,59,51,20,18,15,11300745_C_CPArenaA01_A.gltf,11300745_c_cparenaa01_d.png,11300745_c_cparenaa01_c.png,0,
11361323,강화된 품위의 집중 모자,11300745,63,59,51,20,18,15,11300745_C_CPArenaA01_A.gltf,11300745_c_cparenaa01_d.png,11300745_c_cparenaa01_c.png,0,
11361324,강화된 품위의 포격 모자,11300745,63,59,51,20,18,15,11300745_C_CPArenaA01_A.gltf,11300745_c_cparenaa01_d.png,11300745_c_cparenaa01_c.png,0,
11361325,강화된 품위의 혼란 모자,11300745,63,59,51,20,18,15,11300745_C_CPArenaA01_A.gltf,11300745_c_cparenaa01_d.png,11300745_c_cparenaa01_c.png,0,
11361326,강화된 품위의 암살 모자,11300745,63,59,51,20,18,15,11300745_C_CPArenaA01_A.gltf,11300745_c_cparenaa01_d.png,11300745_c_cparenaa01_c.png,0,
11361327,강화된 품위의 주술 모자,11300745,63,59,51,20,18,15,11300745_C_CPArenaA01_A.gltf,11300745_c_cparenaa01_d.png,11300745_c_cparenaa01_c.png,0,
11361328,강화된 품위의 난투 모자,11300745,63,59,51,20,18,15,11300745_C_CPArenaA01_A.gltf,11300745_c_cparenaa01_d.png,11300745_c_cparenaa01_c.png,0,
11361329,강화된 품위의 의식 모자,11300745,63,59,51,20,18,15,11300745_C_CPArenaA01_A.gltf,11300745_c_cparenaa01_d.png,11300745_c_cparenaa01_c.png,0,
11370073,다크 스위프트 버글러,11300073,63,59,51,20,18,15,11300059_C_CPDarkSwiftBurglar_D.gltf,11300059_c_cpdarkswiftburglar_d.png,11300059_c_cpdarkswiftburglar_c.png,13,
11370077,샤이닝 위자드리 햇,11300077,63,59,51,20,18,15,11300073_C_CPShiningWizardryStarCap_C.gltf,11300073_c_cpshiningwizardrystarcap_d.png,11300073_c_cpshiningwizardrystarcap_c.png,8,
11370082,사지타리우스 플럼 햇,11300082,63,59,51,20,18,15,11300081_C_CPSagittariusPlumeHat_C.gltf,11300081_c_cpsagittariusplumehat_d.png,11300081_c_cpsagittariusplumehat_c.png,8,
11370083,프로스토 데우스 마이터,11300083,63,59,51,20,18,15,11300083_C_CPProstoDeusMiter_C.gltf,11300083_c_cpprostodeusmiter_d.png,11300083_c_cpprostodeusmiter_c.png,8,
11370084,쉐도우 스파이크 비니,11300084,63,59,51,20,18,15,11300084_C_shadowSpike_D.gltf,11300084_c_shadowspike_d.png,11300084_c_shadowspike_c.png,13,
11370085,디멘티드 헬름,11300085,63,59,51,20,18,15,11300085_C_CPDementedHelm_D.gltf,11300085_c_cpdementedhelm_d.png,11300085_c_cpdementedhelm_c.png,13,
11370135,스켈레톤 헬름,11300135,63,59,51,20,18,15,11300135_C_CPSkeletonHelm_D.gltf,11300135_c_cpskeletonhelm_d.png,11300135_c_cpskeletonhelm_c.png,13,
11370136,파일럿 헬멧,11300136,63,59,51,20,18,15,11300136_C_CPPilotMeowHelm.gltf,11300136_c_cppilotmeowhelmet_d.png,11300136_c_cppilotmeowhelmet_c.png,None,
11370137,블러디 더스크 헬름,11300137,63,59,51,20,18,15,11300137_C_CPBloodyDuskHe.gltf,11300137_c_cpbloodyduskhelm_d.png,11300137_c_cpbloodyduskhelm_c.png,None,
11370143,님블 비트 버글러,11300143,63,59,51,20,18,15,11300143_C_CPNimbleBitBurglar_D.gltf,11300143_c_cpnimblebitburglar_d.png,11300143_c_cpnimblebitburglar_c.png,13,
11370144,팬텀 비니,11300144,63,59,51,20,18,15,11300144_C_CPPhantomBeanie_D.gltf,11300144_c_cpphantombeanie_d.png,11300144_c_cpphantombeanie_c.png,13,
11370146,감시자 모자,11300146,63,59,51,20,18,15,11300146_C_CPGuardianHat_C.gltf,11300146_c_cpguardianhat_d.png,11300146_c_cpguardianhat_c.png,8,
11370148,에네스 캡,11300148,63,59,51,20,18,15,11300148_C_CPEnesCap_D.gltf,11300148_c_cpenescap_d.png,11300148_c_cpenescap_c.png,13,
11370332,희미하게 흉포한 전사 모자,11300076,63,59,51,20,18,15,11300076_C_CPGoldenCrusadesHelmet_D.gltf,11300076_c_cpgoldencrusadeshelmet_d.png,11300076_c_cpgoldencrusadeshelmet_c.png,13,
11370333,희미하게 흉포한 마법사 모자,11300026,63,59,51,20,18,15,11300025_C_CPStarlightHat_C.gltf,11300025_c_cpstarlighthat_d.png,11300025_c_cpstarlighthat_c.png,8,
11370334,희미하게 흉포한 궁수 모자,11300035,63,59,51,20,18,15,11300038_C_GoldMusket_C.gltf,11300038_c_goldmusket_c_d.png,11300038_c_goldmusket_c_c.png,8,
11370335,희미하게 흉포한 도적 모자,11300017,63,59,51,20,18,15,11300048_C_CPCrossPirate_C.gltf,11300048_c_cpcrosspirate_d.png,11300048_c_cpcrosspirate_c.png,8,
11370432,새벽의 보이드 혼,11300420,63,59,51,20,18,15,11300420_C_CPRuneBlader04_A.gltf,11300420_c_cpruneblader04_d.png,11300420_c_cpruneblader04_c.png,0,
11370433,검은 불꽃의 데크 혼,11300421,63,59,51,20,18,15,11300421_C_CPRuneBlader05_A.gltf,11300421_c_cpruneblader05_d.png,11300421_c_cpruneblader05_c.png,0,
11370594,희미하게 흉포한 격투가 모자,11300550,63,59,51,20,18,15,11300550_C_CPFighter06_A.gltf,11300550_c_cpfighter06_d.png,11300550_c_cpfighter06_c.png,0,
11370596,새벽의 격투 모자,11300509,63,59,51,20,18,15,11300509_C_CPStriker01_F.gltf,11300509_c_cpstriker01_d.png,11300509_c_cpstriker01_c.png,0,
11370597,검은 불꽃의 격투 모자,11300512,63,59,51,20,18,15,11300512_C_CPStriker04_F.gltf,11300512_c_cpstriker04_d.png,11300512_c_cpstriker04_c.png,0,
11370643,새벽의 기공 카필라,11300515,63,59,51,20,18,15,11300515_C_CPSoulbinder01_A.gltf,11300515_c_cpsoulbinder01_d.png,11300515_c_cpsoulbinder01_c.png,0,
11370644,검은 불꽃의 기공 카필라,11300518,63,59,51,20,18,15,11300518_C_CPSoulbinder04_A.gltf,11300518_c_cpsoulbinder04_d.png,11300518_c_cpsoulbinder04_c.png,0,
11371090,불안정한 힘의 전사 모자,11309996,63,59,51,20,18,15,11300004_C_CPSilverOrihalc.gltf,11300004_c_cpsilverorihalcon_d.png,11300004_c_cpsilverorihalcon_d.png,None,
11371091,불안정한 힘의 마법사 모자,11300087,63,59,51,20,18,15,11300003_F_CPConeHat_C.gltf,11300003_f_cpconehat_d.png,11300003_f_cpconehat_c.png,8,
11371092,불안정한 힘의 궁수 모자,11300120,63,59,51,20,18,15,11300120_C_CPMilitiaHat_C.gltf,11300120_c_cpmilitiahat_d.png,11300120_c_cpmilitiahat_c.png,8,
11371093,불안정한 힘의 도적 모자,11300065,63,59,51,20,18,15,01300027_C_HotDumplingDish_A.gltf,01300027_c_hotdumplingdish_d.png,01300027_c_hotdumplingdish_d.png,0,
11371094,불안정한 힘의 격투가 모자,11300551,63,59,51,20,18,15,11300551_C_CPFighter07_A.gltf,11300551_c_cpfighter07_d.png,11300551_c_cpfighter07_c.png,0,
11371095,불안정한 힘의 기공사 모자,11300551,63,59,51,20,18,15,11300551_C_CPFighter07_A.gltf,11300551_c_cpfighter07_d.png,11300551_c_cpfighter07_c.png,0,
11380135,불멸의 스켈레톤 헬름,11300135,63,59,51,20,18,15,11300135_C_CPSkeletonHelm_D.gltf,11300135_c_cpskeletonhelm_d.png,11300135_c_cpskeletonhelm_c.png,13,
11380136,불멸의 파일럿 헬멧,11300136,63,59,51,20,18,15,11300136_C_CPPilotMeowHelm.gltf,11300136_c_cppilotmeowhelmet_d.png,11300136_c_cppilotmeowhelmet_c.png,None,
11380137,불멸의 블러디 더스크 헬름,11300137,63,59,51,20,18,15,11300137_C_CPBloodyDuskHe.gltf,11300137_c_cpbloodyduskhelm_d.png,11300137_c_cpbloodyduskhelm_c.png,None,
11380138,불멸의 세비어즈 헬름,11300138,63,59,51,20,18,15,11300138_C_CPSaviorsHelm_D.gltf,11300138_c_cpsaviorshelm_d.png,11300138_c_cpsaviorshelm_c.png,13,
11380143,불멸의 님블 비트 버글러,11300143,63,59,51,20,18,15,11300143_C_CPNimbleBitBurglar_D.gltf,11300143_c_cpnimblebitburglar_d.png,11300143_c_cpnimblebitburglar_c.png,13,
11380144,불멸의 팬텀 비니,11300144,63,59,51,20,18,15,11300144_C_CPPhantomBeanie_D.gltf,11300144_c_cpphantombeanie_d.png,11300144_c_cpphantombeanie_c.png,13,
11380146,불멸의 감시자 모자,11300146,63,59,51,20,18,15,11300146_C_CPGuardianHat_C.gltf,11300146_c_cpguardianhat_d.png,11300146_c_cpguardianhat_c.png,8,
11380148,불멸의 에네스 캡,11300148,63,59,51,20,18,15,11300148_C_CPEnesCap_D.gltf,11300148_c_cpenescap_d.png,11300148_c_cpenescap_c.png,13,
11380332,흉포의 전사 모자,11300076,63,59,51,20,18,15,11300076_C_CPGoldenCrusadesHelmet_D.gltf,11300076_c_cpgoldencrusadeshelmet_d.png,11300076_c_cpgoldencrusadeshelmet_c.png,13,
11380333,흉포의 마법사 모자,11300026,63,59,51,20,18,15,11300025_C_CPStarlightHat_C.gltf,11300025_c_cpstarlighthat_d.png,11300025_c_cpstarlighthat_c.png,8,
11380334,흉포의 궁수 모자,11300035,63,59,51,20,18,15,11300038_C_GoldMusket_C.gltf,11300038_c_goldmusket_c_d.png,11300038_c_goldmusket_c_c.png,8,
11380335,흉포의 도적 모자,11300017,63,59,51,20,18,15,11300048_C_CPCrossPirate_C.gltf,11300048_c_cpcrosspirate_d.png,11300048_c_cpcrosspirate_c.png,8,
11380336,탐식의 추적자 모자,11300145,63,59,51,20,18,15,11300145_C_CPChaserHat_C.gltf,11300145_c_cpchaserhat_d.png,11300145_c_cpchaserhat_c.png,8,
11380337,탐식의 스터드 선장모자,11300147,63,59,51,20,18,15,11300147_C_CPStuddedHat_C.gltf,11300147_c_cpstuddedhat_d.png,11300147_c_cpstuddedhat_c.png,8,
11380338,탐식의 플라이트 헬멧,11300149,63,59,51,20,18,15,11300149_C_CPFlightHelmet_D.gltf,11300149_c_cpflighthelmet_d.png,11300149_c_cpflighthelmet_c.png,13,
11380339,탐식의 시피르 마이터,11300162,63,59,51,20,18,15,11300162_C_CPSurfireMiter_C.gltf,11300162_c_cpsurfiremiter_d.png,11300162_c_cpsurfiremiter_c.png,8,
11380340,탐식의 금룡모,11300163,63,59,51,20,18,15,11300163_C_CPGoldDragonHat_C.gltf,11300163_c_cpgolddragonhat_d.png,11300163_c_cpgolddragonhat_c.png,8,
11380341,탐식의 아쿠아 햇,11300164,63,59,51,20,18,15,11300164_C_CPAquaHat_C.gltf,11300164_c_cpaquahat_d.png,11300164_c_cpaquahat_c.png,8,
11380342,탐식의 가디언 헬름,11300165,63,59,51,20,18,15,11300165_C_CPGuardianHelm_D.gltf,11300165_c_cpguardianhelm_d.png,11300165_c_cpguardianhelm_c.png,13,
11380343,탐식의 프렌지 헬름,11300166,63,59,51,20,18,15,11300166_C_CPFrenzyHelm_D.gltf,11300166_c_cpfrenzyhelm_d.png,11300166_c_cpfrenzyhelm_c.png,13,
11380431,탐식의 트리밍 플럼,11300419,63,59,51,20,18,15,11300419_C_CPRuneBlader03_A.gltf,11300419_c_cpruneblader03_d.png,11300419_c_cpruneblader03_c.png,0,
11380432,불멸의 보이드 혼,11300420,63,59,51,20,18,15,11300420_C_CPRuneBlader04_A.gltf,11300420_c_cpruneblader04_d.png,11300420_c_cpruneblader04_c.png,0,
11380594,흉포의 격투가 모자,11300550,63,59,51,20,18,15,11300550_C_CPFighter06_A.gltf,11300550_c_cpfighter06_d.png,11300550_c_cpfighter06_c.png,0,
11380595,탐식의 격투가 모자,11300553,63,59,51,20,18,15,11300553_C_CPFighter09_A.gltf,11300553_c_cpfighter09_d.png,11300553_c_cpfighter09_c.png,0,
11380596,불멸의 격투 모자,11300509,63,59,51,20,18,15,11300509_C_CPStriker01_F.gltf,11300509_c_cpstriker01_d.png,11300509_c_cpstriker01_c.png,0,
11380642,탐식의 기공사 카필라,11300553,63,59,51,20,18,15,11300553_C_CPFighter09_A.gltf,11300553_c_cpfighter09_d.png,11300553_c_cpfighter09_c.png,0,
11380643,불멸의 기공 카필라,11300515,63,59,51,20,18,15,11300515_C_CPSoulbinder01_A.gltf,11300515_c_cpsoulbinder01_d.png,11300515_c_cpsoulbinder01_c.png,0,
11380917,리버스 윙 크라운,11300891,63,59,51,20,18,15,11300891_C_CPReverseRaidA01.gltf,11300891_c_cpreverseraida01_d.png,11300891_c_cpreverseraida01_c.png,None,
11381150,엘리트 어드벤쳐 배틀 헬맷 (나이트),11309996,63,59,51,20,18,15,11300004_C_CPSilverOrihalc.gltf,11300004_c_cpsilverorihalcon_d.png,11300004_c_cpsilverorihalcon_d.png,None,
11381151,엘리트 어드벤쳐 배틀 헬맷 (버서커),11309996,63,59,51,20,18,15,11300004_C_CPSilverOrihalc.gltf,11300004_c_cpsilverorihalcon_d.png,11300004_c_cpsilverorihalcon_d.png,None,
11381152,엘리트 어드벤쳐 매직 햇 (위자드),11300087,63,59,51,20,18,15,11300003_F_CPConeHat_C.gltf,11300003_f_cpconehat_d.png,11300003_f_cpconehat_c.png,8,
11381153,엘리트 어드벤쳐 매직 햇 (프리스트),11300087,63,59,51,20,18,15,11300003_F_CPConeHat_C.gltf,11300003_f_cpconehat_d.png,11300003_f_cpconehat_c.png,8,
11381154,엘리트 어드벤쳐 스카우트 햇 (레인저),11300120,63,59,51,20,18,15,11300120_C_CPMilitiaHat_C.gltf,11300120_c_cpmilitiahat_d.png,11300120_c_cpmilitiahat_c.png,8,
11381155,엘리트 어드벤쳐 스카우트 햇 (헤비거너),11300120,63,59,51,20,18,15,11300120_C_CPMilitiaHat_C.gltf,11300120_c_cpmilitiahat_d.png,11300120_c_cpmilitiahat_c.png,8,
11381156,엘리트 어드벤쳐 스니킹 오브젝트 (시프),11300065,63,59,51,20,18,15,01300027_C_HotDumplingDish_A.gltf,01300027_c_hotdumplingdish_d.png,01300027_c_hotdumplingdish_d.png,0,
11381157,엘리트 어드벤쳐 스니킹 오브젝트 (어쌔신),11300065,63,59,51,20,18,15,01300027_C_HotDumplingDish_A.gltf,01300027_c_hotdumplingdish_d.png,01300027_c_hotdumplingdish_d.png,0,
11381158,엘리트 어드벤쳐 배틀 헬맷 (룬블레이더),11309996,63,59,51,20,18,15,11300004_C_CPSilverOrihalc.gltf,11300004_c_cpsilverorihalcon_d.png,11300004_c_cpsilverorihalcon_d.png,None,
11381159,엘리트 어드벤쳐 마샬 써클릿 (스트라이커),11300551,63,59,51,20,18,15,11300551_C_CPFighter07_A.gltf,11300551_c_cpfighter07_d.png,11300551_c_cpfighter07_c.png,0,
11381160,엘리트 어드벤쳐 마샬 써클릿 (소울바인더),11300551,63,59,51,20,18,15,11300551_C_CPFighter07_A.gltf,11300551_c_cpfighter07_d.png,11300551_c_cpfighter07_c.png,0,
11381349,타이렌 로열 써클릿,11301274,63,59,51,20,18,15,11301274_C_CPLappenshad01_A.gltf,11301274_c_cplappenshad01_d.png,11301274_c_cplappenshad01_c.png,0,
11390038,늑대가죽 위장 모자,11300038,63,59,51,20,18,15,11300059_C_WolfCap_C.gltf,11300059_c_wolfcap_d.png,11300059_c_wolfcap_d.png,8,
11390065,따끈따끈 만두접시,11300065,63,59,51,20,18,15,01300027_C_HotDumplingDish_A.gltf,01300027_c_hotdumplingdish_d.png,01300027_c_hotdumplingdish_d.png,0,
11390073,다크 스위프트 버글러,11300073,63,59,51,20,18,15,11300059_C_CPDarkSwiftBurglar_D.gltf,11300059_c_cpdarkswiftburglar_d.png,11300059_c_cpdarkswiftburglar_c.png,13,
11390077,샤이닝 위자드리 햇,11300077,63,59,51,20,18,15,11300073_C_CPShiningWizardryStarCap_C.gltf,11300073_c_cpshiningwizardrystarcap_d.png,11300073_c_cpshiningwizardrystarcap_c.png,8,
11390078,나이티지 버거넷,11300078,63,59,51,20,18,15,11300078_C_CPKnightageBurgonet_D.gltf,11300078_c_cpknightageburgonet_d.png,11300078_c_cpknightageburgonet_c.png,13,
11390082,사지타리우스 플럼 햇,11300082,63,59,51,20,18,15,11300081_C_CPSagittariusPlumeHat_C.gltf,11300081_c_cpsagittariusplumehat_d.png,11300081_c_cpsagittariusplumehat_c.png,8,
11390083,프로스토 데우스 마이터,11300083,63,59,51,20,18,15,11300083_C_CPProstoDeusMiter_C.gltf,11300083_c_cpprostodeusmiter_d.png,11300083_c_cpprostodeusmiter_c.png,8,
11390084,쉐도우 스파이크 비니,11300084,63,59,51,20,18,15,11300084_C_shadowSpike_D.gltf,11300084_c_shadowspike_d.png,11300084_c_shadowspike_c.png,13,
11390085,디멘티드 헬름,11300085,63,59,51,20,18,15,11300085_C_CPDementedHelm_D.gltf,11300085_c_cpdementedhelm_d.png,11300085_c_cpdementedhelm_c.png,13,
11390086,펑키드 버글러,11300086,63,59,51,20,18,15,11300086_C_CPPunkKidBurglar_D.gltf,11300086_c_cppunkkidburglar_d.png,11300086_c_cppunkkidburglar_c.png,13,
11390087,에스더 햇,11300087,63,59,51,20,18,15,11300003_F_CPConeHat_C.gltf,11300003_f_cpconehat_d.png,11300003_f_cpconehat_c.png,8,
11390089,분노의 뿔,11300089,63,59,51,20,18,15,11300089_C_CPFuryHorn_A.gltf,11300089_c_cpfuryhorn_d.png,11300089_c_cpfuryhorn_d.png,0,
11390090,혼돈의 뿔,11300090,63,59,51,20,18,15,11300091_C_CPColdBloodedHorn_A.gltf,11300091_c_cpcoldbloodedhorn_d.png,11300091_c_cpcoldbloodedhorn_d.png,0,
11390091,냉혈의 뿔,11300091,63,59,51,20,18,15,11300090_C_CPChaosHorn_A.gltf,11300090_c_cpchaoshorn_d.png,11300090_c_cpchaoshorn_d.png,0,
11390092,전사의 뿔,11300092,63,59,51,20,18,15,11300092_C_WarriorHorn_A.gltf,11300092_c_warriorhorn_d.png,11300092_c_warriorhorn_d.png,0,
11390093,군단장의 뿔,11300093,63,59,51,20,18,15,11300093_C_ChiefHorn_A.gltf,11300093_c_chiefhorn_d.png,11300093_c_chiefhorn_d.png,0,
11390094,데보라크의 뿔,11300094,63,59,51,20,18,15,11300094_C_ShamanHorn_A.gltf,11300094_c_shamanhorn_d.png,11300094_c_shamanhorn_d.png,0,
11390119,갈색 삿갓,11300119,63,59,51,20,18,15,11300119_C_CPWandererBambooHat_C.gltf,11300119_c_cpwandererbamboohat_d.png,11300119_c_cpwandererbamboohat_d.png,8,
11390120,밀리샤 햇,11300120,63,59,51,20,18,15,11300120_C_CPMilitiaHat_C.gltf,11300120_c_cpmilitiahat_d.png,11300120_c_cpmilitiahat_c.png,8,
11390128,라바 모자,11300128,63,59,51,20,18,15,11300055_C_CurseEye_E.gltf,11300055_c_curseeye_e_d.png,11300055_c_curseeye_e_d.png,12,
11390129,그리폰 헬름,11300129,63,59,51,20,18,15,11300130_C_CPGrifinaHelm_D.gltf,11300130_c_cpgrifinahelm_d.png,11300130_c_cpgrifinahelm_d.png,13,
11390130,그리피나 헬름,11300130,63,59,51,20,18,15,11300129_C_CPGriffinHelm_D.gltf,11300129_c_cpgriffinhelm_d.png,11300129_c_cpgriffinhelm_d.png,13,
11390131,호루스 헬름,11300131,63,59,51,20,18,15,11300131_C_CPHorusHelm_D.gltf,11300131_c_cphorushelm_d.png,11300131_c_cphorushelm_d.png,13,
11390132,수문장 투구,11300132,63,59,51,20,18,15,11300132_C_CPGatekeeperHelmet_D.gltf,11300132_c_cpgatekeeperhelmet_d.png,11300132_c_cpgatekeeperhelmet_d.png,13,
11390133,최후의 투구,11300133,63,59,51,20,18,15,11300134_C_CPForgottenHelmet_D.gltf,11300134_c_cpforgottenhelmet_d.png,11300134_c_cpforgottenhelmet_d.png,13,
11390134,잊혀진 투구,11300134,63,59,51,20,18,15,11300133_C_CPLastHelmet_D.gltf,11300133_c_cplasthelmet_d.png,11300133_c_cplasthelmet_d.png,13,
11390135,스켈레톤 헬름,11300135,63,59,51,20,18,15,11300135_C_CPSkeletonHelm_D.gltf,11300135_c_cpskeletonhelm_d.png,11300135_c_cpskeletonhelm_c.png,13,
11390136,파일럿 헬멧,11300136,63,59,51,20,18,15,11300136_C_CPPilotMeowHelm.gltf,11300136_c_cppilotmeowhelmet_d.png,11300136_c_cppilotmeowhelmet_c.png,None,
11390137,블러디 더스크 헬름,11300137,63,59,51,20,18,15,11300137_C_CPBloodyDuskHe.gltf,11300137_c_cpbloodyduskhelm_d.png,11300137_c_cpbloodyduskhelm_c.png,None,
11390138,세비어즈 헬름,11300138,63,59,51,20,18,15,11300138_C_CPSaviorsHelm_D.gltf,11300138_c_cpsaviorshelm_d.png,11300138_c_cpsaviorshelm_c.png,13,
11390140,발록의 뿔,11300140,63,59,51,20,18,15,11300140_C_CPBalrogsHorn_A.gltf,11300140_c_cpbalrogshorn_d.png,11300140_c_cpbalrogshorn_d.png,0,
11390141,버섯 모자,11300141,63,59,51,20,18,15,11300141_C_CPMushroomHat_C.gltf,11300141_c_cpmushroomhat_d.png,11300141_c_cpmushroomhat_d.png,8,
11390142,부적 버섯 모자,11300142,63,59,51,20,18,15,11300142_C_CPTalismanMushroomHat_C.gltf,11300142_c_cptalismanmushroomhat_d.png,11300142_c_cptalismanmushroomhat_d.png,8,
11390143,님블 비트 버글러,11300143,63,59,51,20,18,15,11300143_C_CPNimbleBitBurglar_D.gltf,11300143_c_cpnimblebitburglar_d.png,11300143_c_cpnimblebitburglar_c.png,13,
11390144,팬텀 비니,11300144,63,59,51,20,18,15,11300144_C_CPPhantomBeanie_D.gltf,11300144_c_cpphantombeanie_d.png,11300144_c_cpphantombeanie_c.png,13,
11390146,감시자 모자,11300146,63,59,51,20,18,15,11300146_C_CPGuardianHat_C.gltf,11300146_c_cpguardianhat_d.png,11300146_c_cpguardianhat_c.png,8,
11390148,에네스 캡,11300148,63,59,51,20,18,15,11300148_C_CPEnesCap_D.gltf,11300148_c_cpenescap_d.png,11300148_c_cpenescap_c.png,13,
11390160,네펜투스의 투구,11300160,63,59,51,20,18,15,11300160_C_CPNepentoothHelmet_E.gltf,11300160_c_cpnepentoothhelmet_d.png,11300160_c_cpnepentoothhelmet_d.png,12,
11390161,네펜데스의 투구,11300161,63,59,51,20,18,15,11300161_C_CPNependeathHelmet_E.gltf,11300161_c_cpnependeathhelmet_d.png,11300161_c_cpnependeathhelmet_d.png,12,
11390183,마크52 오메가의 투구,11300183,63,59,51,20,18,15,11300183_C_CPOmegaHelm_D.gltf,11300183_c_cpomegahelm_d.png,11300183_c_cpomegahelm_d.png,13,
11390185,슈슈와 부부스의 모자,11300185,63,59,51,20,18,15,11300185_C_CPSnowGiantHat_E.gltf,11300185_c_cpsnowgianthat_d.png,11300185_c_cpsnowgianthat_d.png,12,
11390186,토토와 구구스의 모자,11300186,63,59,51,20,18,15,11300186_C_CPWildGiantHat_E.gltf,11300186_c_cpwildgianthat_d.png,11300186_c_cpwildgianthat_d.png,12,
11390187,로로와 무무스의 모자,11300187,63,59,51,20,18,15,11300187_C_CPWoodGiantHat_E.gltf,11300187_c_cpwoodgianthat_d.png,11300187_c_cpwoodgianthat_d.png,12,
11390188,자쿰의 투구,11300188,63,59,51,20,18,15,11300188_C_CPZakumHelm_D.gltf,11300188_c_cpzakumhelm_d.png,11300188_c_cpzakumhelm_d.png,13,
11390289,둔둔의 모자,11300083,63,59,51,20,18,15,11300083_C_CPProstoDeusMiter_C.gltf,11300083_c_cpprostodeusmiter_d.png,11300083_c_cpprostodeusmiter_c.png,8,
11390332,흉포한 전사 모자,11300076,63,59,51,20,18,15,11300076_C_CPGoldenCrusadesHelmet_D.gltf,11300076_c_cpgoldencrusadeshelmet_d.png,11300076_c_cpgoldencrusadeshelmet_c.png,13,
11390333,흉포한 마법사 모자,11300026,63,59,51,20,18,15,11300025_C_CPStarlightHat_C.gltf,11300025_c_cpstarlighthat_d.png,11300025_c_cpstarlighthat_c.png,8,
11390334,흉포한 궁수 모자,11300035,63,59,51,20,18,15,11300038_C_GoldMusket_C.gltf,11300038_c_goldmusket_c_d.png,11300038_c_goldmusket_c_c.png,8,
11390335,흉포한 도적 모자,11300017,63,59,51,20,18,15,11300048_C_CPCrossPirate_C.gltf,11300048_c_cpcrosspirate_d.png,11300048_c_cpcrosspirate_c.png,8,
11390371,난폭한 빛의 모자,11301037,63,59,51,20,18,15,11301037_C_CPViolent_F.gltf,11301037_c_cpviolent_d.png,11301037_c_cpviolent_c.png,0,
11390372,난폭한 영혼의 모자,11301037,63,59,51,20,18,15,11301037_C_CPViolent_F.gltf,11301037_c_cpviolent_d.png,11301037_c_cpviolent_c.png,0,
11390373,난폭한 독성의 모자,11301037,63,59,51,20,18,15,11301037_C_CPViolent_F.gltf,11301037_c_cpviolent_d.png,11301037_c_cpviolent_c.png,0,
11390374,난폭한 낙뢰의 모자,11301037,63,59,51,20,18,15,11301037_C_CPViolent_F.gltf,11301037_c_cpviolent_d.png,11301037_c_cpviolent_c.png,0,
11390375,난폭한 얼음의 모자,11301037,63,59,51,20,18,15,11301037_C_CPViolent_F.gltf,11301037_c_cpviolent_d.png,11301037_c_cpviolent_c.png,0,
11390376,난폭한 어둠의 모자,11301037,63,59,51,20,18,15,11301037_C_CPViolent_F.gltf,11301037_c_cpviolent_d.png,11301037_c_cpviolent_c.png,0,
11390377,난폭한 불길의 모자,11301037,63,59,51,20,18,15,11301037_C_CPViolent_F.gltf,11301037_c_cpviolent_d.png,11301037_c_cpviolent_c.png,0,
11390378,난폭한 빙하의 모자,11301037,63,59,51,20,18,15,11301037_C_CPViolent_F.gltf,11301037_c_cpviolent_d.png,11301037_c_cpviolent_c.png,0,
11390386,그림자술사의 뿔,11300094,63,59,51,20,18,15,11300094_C_ShamanHorn_A.gltf,11300094_c_shamanhorn_d.png,11300094_c_shamanhorn_d.png,0,
11390416,카트반의 뿔,11300416,63,59,51,20,18,15,11300416_F_CPKatvanHorn_A.gltf,11300416_c_cpkatvanhorn_d.png,11300416_c_cpkatvanhorn_d.png,0,
11390429,난폭한 파멸의 아펙스,11301037,63,59,51,20,18,15,11301037_C_CPViolent_F.gltf,11301037_c_cpviolent_d.png,11301037_c_cpviolent_c.png,0,
11390432,새벽의 보이드 혼,11300420,63,59,51,20,18,15,11300420_C_CPRuneBlader04_A.gltf,11300420_c_cpruneblader04_d.png,11300420_c_cpruneblader04_c.png,0,
11390433,검은 불꽃의 데크 혼,11300421,63,59,51,20,18,15,11300421_C_CPRuneBlader05_A.gltf,11300421_c_cpruneblader05_d.png,11300421_c_cpruneblader05_c.png,0,
11390434,바르칸트의 뿔,11300434,63,59,51,20,18,15,11300434_C_CPBarkhantHorn_A.gltf,11300434_barkhanthorn_d.png,11300434_barkhanthorn_d.png,0,
11390451,루미 드 코르 헬멧,11300390,63,59,51,20,18,15,11300390_C_CPDragonScalesHelmet_D.gltf,11300390_c_cpdragonscaleshelmet_d.png,11300390_c_cpdragonscaleshelmet_c.png,13,
11390452,루미 드 라비에르 헬멧,11300390,63,59,51,20,18,15,11300390_C_CPDragonScalesHelmet_D.gltf,11300390_c_cpdragonscaleshelmet_d.png,11300390_c_cpdragonscaleshelmet_c.png,13,
11390453,루미 드 마기아 서클릿,11300393,63,59,51,20,18,15,11300393_C_CPAngelicTelaCirclet_A.gltf,11300393_c_cpangelictelacirclet_d.png,11300393_c_cpangelictelacirclet_d.png,0,
11390454,루미 드 데우스 서클릿,11300393,63,59,51,20,18,15,11300393_C_CPAngelicTelaCirclet_A.gltf,11300393_c_cpangelictelacirclet_d.png,11300393_c_cpangelictelacirclet_d.png,0,
11390455,루미 드 테로 헌팅캡,11300394,63,59,51,20,18,15,11300394_C_CPPadlockCueroHuntingCap_C.gltf,11300394_c_cppadlockcuerohuntingcap_d.png,11300394_c_cppadlockcuerohuntingcap_c.png,8,
11390456,루미 드 리브라토 헌팅캡,11300394,63,59,51,20,18,15,11300394_C_CPPadlockCueroHuntingCap_C.gltf,11300394_c_cppadlockcuerohuntingcap_d.png,11300394_c_cppadlockcuerohuntingcap_c.png,8,
11390457,루미 드 에레보스 햇,11300395,63,59,51,20,18,15,11300395_C_CPBuckledStrapHat_D.gltf,11300395_c_cpbuckledstraphat_d.png,11300395_c_cpbuckledstraphat_c.png,13,
11390458,루미 드 시카 햇,11300395,63,59,51,20,18,15,11300395_C_CPBuckledStrapHat_D.gltf,11300395_c_cpbuckledstraphat_d.png,11300395_c_cpbuckledstraphat_c.png,13,
11390459,루미 드 폴루스 헬멧,11300390,63,59,51,20,18,15,11300390_C_CPDragonScalesHelmet_D.gltf,11300390_c_cpdragonscaleshelmet_d.png,11300390_c_cpdragonscaleshelmet_c.png,13,
11390460,광포한 전투 모자,11301039,63,59,51,20,18,15,11301039_C_CPFury_C.gltf,11301039_c_cpfury_d.png,11301039_c_cpfury_c.png,8,
11390461,광포한 광란 모자,11301039,63,59,51,20,18,15,11301039_C_CPFury_C.gltf,11301039_c_cpfury_d.png,11301039_c_cpfury_c.png,8,
11390462,광포한 마법 모자,11301039,63,59,51,20,18,15,11301039_C_CPFury_C.gltf,11301039_c_cpfury_d.png,11301039_c_cpfury_c.png,8,
11390463,광포한 신성 모자,11301039,63,59,51,20,18,15,11301039_C_CPFury_C.gltf,11301039_c_cpfury_d.png,11301039_c_cpfury_c.png,8,
11390464,광포한 집중 모자,11301039,63,59,51,20,18,15,11301039_C_CPFury_C.gltf,11301039_c_cpfury_d.png,11301039_c_cpfury_c.png,8,
11390465,광포한 포격 모자,11301039,63,59,51,20,18,15,11301039_C_CPFury_C.gltf,11301039_c_cpfury_d.png,11301039_c_cpfury_c.png,8,
11390466,광포한 혼란 모자,11301039,63,59,51,20,18,15,11301039_C_CPFury_C.gltf,11301039_c_cpfury_d.png,11301039_c_cpfury_c.png,8,
11390467,광포한 암살 모자,11301039,63,59,51,20,18,15,11301039_C_CPFury_C.gltf,11301039_c_cpfury_d.png,11301039_c_cpfury_c.png,8,
11390468,광포한 주술 아펙스,11301039,63,59,51,20,18,15,11301039_C_CPFury_C.gltf,11301039_c_cpfury_d.png,11301039_c_cpfury_c.png,8,
11390594,흉포한 격투가 모자,11300550,63,59,51,20,18,15,11300550_C_CPFighter06_A.gltf,11300550_c_cpfighter06_d.png,11300550_c_cpfighter06_c.png,0,
11390596,새벽의 격투 모자,11300509,63,59,51,20,18,15,11300509_C_CPStriker01_F.gltf,11300509_c_cpstriker01_d.png,11300509_c_cpstriker01_c.png,0,
11390597,검은 불꽃의 격투 모자,11300512,63,59,51,20,18,15,11300512_C_CPStriker04_F.gltf,11300512_c_cpstriker04_d.png,11300512_c_cpstriker04_c.png,0,
11390601,난폭한 절멸의 모자,11301037,63,59,51,20,18,15,11301037_C_CPViolent_F.gltf,11301037_c_cpviolent_d.png,11301037_c_cpviolent_c.png,0,
11390603,광포한 난투 모자,11301039,63,59,51,20,18,15,11301039_C_CPFury_C.gltf,11301039_c_cpfury_d.png,11301039_c_cpfury_c.png,8,
11390607,루미 드 마누스 모자,11300514,63,59,51,20,18,15,11300514_C_CPStriker06_F.gltf,11300514_c_cpstriker06_d.png,11300514_c_cpstriker06_c.png,0,
11390643,새벽의 기공 카필라,11300515,63,59,51,20,18,15,11300515_C_CPSoulbinder01_A.gltf,11300515_c_cpsoulbinder01_d.png,11300515_c_cpsoulbinder01_c.png,0,
11390644,검은 불꽃의 기공 카필라,11300518,63,59,51,20,18,15,11300518_C_CPSoulbinder04_A.gltf,11300518_c_cpsoulbinder04_d.png,11300518_c_cpsoulbinder04_c.png,0,
11390645,난폭한 공세의 카필라,11301037,63,59,51,20,18,15,11301037_C_CPViolent_F.gltf,11301037_c_cpviolent_d.png,11301037_c_cpviolent_c.png,0,
11390646,광포한 의식 카필라,11301039,63,59,51,20,18,15,11301039_C_CPFury_C.gltf,11301039_c_cpfury_d.png,11301039_c_cpfury_c.png,8,
11390650,루미 드 애니마르 카필라,11300520,63,59,51,20,18,15,11300520_C_CPSoulbinder06_A.gltf,11300520_c_cpsoulbinder06_d.png,11300520_c_cpsoulbinder06_c.png,0,
11390662,나르바샨의 전투 모자,11300489,63,59,51,20,18,15,11300489_C_CPWarriorClassSetCap01_D.gltf,11300489_c_cpwarriorclasssetcap01_d.png,11300489_c_cpwarriorclasssetcap01_c.png,13,
11390663,나르바샨의 광란 모자,11300489,63,59,51,20,18,15,11300489_C_CPWarriorClassSetCap01_D.gltf,11300489_c_cpwarriorclasssetcap01_d.png,11300489_c_cpwarriorclasssetcap01_c.png,13,
11390664,나르바샨의 마법 모자,11300490,63,59,51,20,18,15,11300490_C_CPMageClassSetCap01_C.gltf,11300490_c_cpmageclasssetcap01_d.png,11300490_c_cpmageclasssetcap01_c.png,8,
11390665,나르바샨의 신성 모자,11300490,63,59,51,20,18,15,11300490_C_CPMageClassSetCap01_C.gltf,11300490_c_cpmageclasssetcap01_d.png,11300490_c_cpmageclasssetcap01_c.png,8,
11390666,나르바샨의 집중 모자,11300491,63,59,51,20,18,15,11300491_C_CPHunterClassSetCap01_C.gltf,11300491_c_cphunterclasssetcap01_d.png,11300491_c_cphunterclasssetcap01_c.png,8,
11390667,나르바샨의 포격 모자,11300491,63,59,51,20,18,15,11300491_C_CPHunterClassSetCap01_C.gltf,11300491_c_cphunterclasssetcap01_d.png,11300491_c_cphunterclasssetcap01_c.png,8,
11390668,나르바샨의 혼란 모자,11300492,63,59,51,20,18,15,11300492_C_CPBrigandClassSetCap01_A.gltf,11300492_c_cpbrigandclasssetcap01_d.png,11300492_c_cpbrigandclasssetcap01_c.png,0,
11390669,나르바샨의 암살 모자,11300492,63,59,51,20,18,15,11300492_C_CPBrigandClassSetCap01_A.gltf,11300492_c_cpbrigandclasssetcap01_d.png,11300492_c_cpbrigandclasssetcap01_c.png,0,
11390670,나르바샨의 주술 아펙스,11300489,63,59,51,20,18,15,11300489_C_CPWarriorClassSetCap01_D.gltf,11300489_c_cpwarriorclasssetcap01_d.png,11300489_c_cpwarriorclasssetcap01_c.png,13,
11390671,나르바샨의 난투 모자,11300634,63,59,51,20,18,15,11300634_C_CPFighter10_A.gltf,11300634_c_cpfighter10_d.png,11300634_c_cpfighter10_c.png,0,
11390672,나르바샨의 의식 카필라,11300634,63,59,51,20,18,15,11300634_C_CPFighter10_A.gltf,11300634_c_cpfighter10_d.png,11300634_c_cpfighter10_c.png,0,
11390684,극한의 전투 모자,11301038,63,59,51,20,18,15,11301038_C_CPLimit_A.gltf,11301038_c_cplimit_d.png,11301038_c_cplimit_c.png,0,
11390685,극한의 광란 모자,11301038,63,59,51,20,18,15,11301038_C_CPLimit_A.gltf,11301038_c_cplimit_d.png,11301038_c_cplimit_c.png,0,
11390686,극한의 마법 모자,11301038,63,59,51,20,18,15,11301038_C_CPLimit_A.gltf,11301038_c_cplimit_d.png,11301038_c_cplimit_c.png,0,
11390687,극한의 신성 모자,11301038,63,59,51,20,18,15,11301038_C_CPLimit_A.gltf,11301038_c_cplimit_d.png,11301038_c_cplimit_c.png,0,
11390688,극한의 집중 모자,11301038,63,59,51,20,18,15,11301038_C_CPLimit_A.gltf,11301038_c_cplimit_d.png,11301038_c_cplimit_c.png,0,
11390689,극한의 포격 모자,11301038,63,59,51,20,18,15,11301038_C_CPLimit_A.gltf,11301038_c_cplimit_d.png,11301038_c_cplimit_c.png,0,
11390690,극한의 혼란 모자,11301038,63,59,51,20,18,15,11301038_C_CPLimit_A.gltf,11301038_c_cplimit_d.png,11301038_c_cplimit_c.png,0,
11390691,극한의 암살 모자,11301038,63,59,51,20,18,15,11301038_C_CPLimit_A.gltf,11301038_c_cplimit_d.png,11301038_c_cplimit_c.png,0,
11390692,극한의 주술 아펙스,11301038,63,59,51,20,18,15,11301038_C_CPLimit_A.gltf,11301038_c_cplimit_d.png,11301038_c_cplimit_c.png,0,
11390693,극한의 난투 모자,11301038,63,59,51,20,18,15,11301038_C_CPLimit_A.gltf,11301038_c_cplimit_d.png,11301038_c_cplimit_c.png,0,
11390694,극한의 의식 카필라,11301038,63,59,51,20,18,15,11301038_C_CPLimit_A.gltf,11301038_c_cplimit_d.png,11301038_c_cplimit_c.png,0,
11390695,난폭한 전투 모자,11301037,63,59,51,20,18,15,11301037_C_CPViolent_F.gltf,11301037_c_cpviolent_d.png,11301037_c_cpviolent_c.png,0,
11390696,난폭한 광란 모자,11301037,63,59,51,20,18,15,11301037_C_CPViolent_F.gltf,11301037_c_cpviolent_d.png,11301037_c_cpviolent_c.png,0,
11390697,난폭한 마법 모자,11301037,63,59,51,20,18,15,11301037_C_CPViolent_F.gltf,11301037_c_cpviolent_d.png,11301037_c_cpviolent_c.png,0,
11390698,난폭한 신성 모자,11301037,63,59,51,20,18,15,11301037_C_CPViolent_F.gltf,11301037_c_cpviolent_d.png,11301037_c_cpviolent_c.png,0,
11390699,난폭한 집중 모자,11301037,63,59,51,20,18,15,11301037_C_CPViolent_F.gltf,11301037_c_cpviolent_d.png,11301037_c_cpviolent_c.png,0,
11390700,난폭한 포격 모자,11301037,63,59,51,20,18,15,11301037_C_CPViolent_F.gltf,11301037_c_cpviolent_d.png,11301037_c_cpviolent_c.png,0,
11390701,난폭한 혼란 모자,11301037,63,59,51,20,18,15,11301037_C_CPViolent_F.gltf,11301037_c_cpviolent_d.png,11301037_c_cpviolent_c.png,0,
11390702,난폭한 암살 모자,11301037,63,59,51,20,18,15,11301037_C_CPViolent_F.gltf,11301037_c_cpviolent_d.png,11301037_c_cpviolent_c.png,0,
11390703,난폭한 주술 아펙스,11301037,63,59,51,20,18,15,11301037_C_CPViolent_F.gltf,11301037_c_cpviolent_d.png,11301037_c_cpviolent_c.png,0,
11390704,난폭한 난투 모자,11301037,63,59,51,20,18,15,11301037_C_CPViolent_F.gltf,11301037_c_cpviolent_d.png,11301037_c_cpviolent_c.png,0,
11390705,난폭한 의식 카필라,11301037,63,59,51,20,18,15,11301037_C_CPViolent_F.gltf,11301037_c_cpviolent_d.png,11301037_c_cpviolent_c.png,0,
11390706,탐식의 가디언 헬름,11300165,63,59,51,20,18,15,11300165_C_CPGuardianHelm_D.gltf,11300165_c_cpguardianhelm_d.png,11300165_c_cpguardianhelm_c.png,13,
11390707,탐식의 프렌지 헬름,11300166,63,59,51,20,18,15,11300166_C_CPFrenzyHelm_D.gltf,11300166_c_cpfrenzyhelm_d.png,11300166_c_cpfrenzyhelm_c.png,13,
11390708,탐식의 아쿠아 햇,11300164,63,59,51,20,18,15,11300164_C_CPAquaHat_C.gltf,11300164_c_cpaquahat_d.png,11300164_c_cpaquahat_c.png,8,
11390709,탐식의 시피르 마이터,11300162,63,59,51,20,18,15,11300162_C_CPSurfireMiter_C.gltf,11300162_c_cpsurfiremiter_d.png,11300162_c_cpsurfiremiter_c.png,8,
11390710,탐식의 추적자 모자,11300145,63,59,51,20,18,15,11300145_C_CPChaserHat_C.gltf,11300145_c_cpchaserhat_d.png,11300145_c_cpchaserhat_c.png,8,
11390711,탐식의 플라이트 헬멧,11300149,63,59,51,20,18,15,11300149_C_CPFlightHelmet_D.gltf,11300149_c_cpflighthelmet_d.png,11300149_c_cpflighthelmet_c.png,13,
11390712,탐식의 스터드 선장모자,11300147,63,59,51,20,18,15,11300147_C_CPStuddedHat_C.gltf,11300147_c_cpstuddedhat_d.png,11300147_c_cpstuddedhat_c.png,8,
11390713,탐식의 금룡모,11300163,63,59,51,20,18,15,11300163_C_CPGoldDragonHat_C.gltf,11300163_c_cpgolddragonhat_d.png,11300163_c_cpgolddragonhat_c.png,8,
11390714,탐식의 트리밍 플럼,11300419,63,59,51,20,18,15,11300419_C_CPRuneBlader03_A.gltf,11300419_c_cpruneblader03_d.png,11300419_c_cpruneblader03_c.png,0,
11390715,탐식의 격투가 모자,11300553,63,59,51,20,18,15,11300553_C_CPFighter09_A.gltf,11300553_c_cpfighter09_d.png,11300553_c_cpfighter09_c.png,0,
11390716,탐식의 기공사 카필라,11300553,63,59,51,20,18,15,11300553_C_CPFighter09_A.gltf,11300553_c_cpfighter09_d.png,11300553_c_cpfighter09_c.png,0,
11390717,룬의 전투 모자,11300390,63,59,51,20,18,15,11300390_C_CPDragonScalesHelmet_D.gltf,11300390_c_cpdragonscaleshelmet_d.png,11300390_c_cpdragonscaleshelmet_c.png,13,
11390718,룬의 광란 모자,11300390,63,59,51,20,18,15,11300390_C_CPDragonScalesHelmet_D.gltf,11300390_c_cpdragonscaleshelmet_d.png,11300390_c_cpdragonscaleshelmet_c.png,13,
11390719,룬의 마법 모자,11300393,63,59,51,20,18,15,11300393_C_CPAngelicTelaCirclet_A.gltf,11300393_c_cpangelictelacirclet_d.png,11300393_c_cpangelictelacirclet_d.png,0,
11390720,룬의 신성 모자,11300393,63,59,51,20,18,15,11300393_C_CPAngelicTelaCirclet_A.gltf,11300393_c_cpangelictelacirclet_d.png,11300393_c_cpangelictelacirclet_d.png,0,
11390721,룬의 집중 모자,11300394,63,59,51,20,18,15,11300394_C_CPPadlockCueroHuntingCap_C.gltf,11300394_c_cppadlockcuerohuntingcap_d.png,11300394_c_cppadlockcuerohuntingcap_c.png,8,
11390722,룬의 포격 모자,11300394,63,59,51,20,18,15,11300394_C_CPPadlockCueroHuntingCap_C.gltf,11300394_c_cppadlockcuerohuntingcap_d.png,11300394_c_cppadlockcuerohuntingcap_c.png,8,
11390723,룬의 혼란 모자,11300395,63,59,51,20,18,15,11300395_C_CPBuckledStrapHat_D.gltf,11300395_c_cpbuckledstraphat_d.png,11300395_c_cpbuckledstraphat_c.png,13,
11390724,룬의 암살 모자,11300395,63,59,51,20,18,15,11300395_C_CPBuckledStrapHat_D.gltf,11300395_c_cpbuckledstraphat_d.png,11300395_c_cpbuckledstraphat_c.png,13,
11390725,룬의 주술 아펙스,11300390,63,59,51,20,18,15,11300390_C_CPDragonScalesHelmet_D.gltf,11300390_c_cpdragonscaleshelmet_d.png,11300390_c_cpdragonscaleshelmet_c.png,13,
11390726,룬의 난투 모자,11300514,63,59,51,20,18,15,11300514_C_CPStriker06_F.gltf,11300514_c_cpstriker06_d.png,11300514_c_cpstriker06_c.png,0,
11390727,룬의 의식 카필라,11300520,63,59,51,20,18,15,11300520_C_CPSoulbinder06_A.gltf,11300520_c_cpsoulbinder06_d.png,11300520_c_cpsoulbinder06_c.png,0,
11390728,정교한 광란 모자,11300489,63,59,51,20,18,15,11300489_C_CPWarriorClassSetCap01_D.gltf,11300489_c_cpwarriorclasssetcap01_d.png,11300489_c_cpwarriorclasssetcap01_c.png,13,
11390729,정교한 난투 모자,11300634,63,59,51,20,18,15,11300634_C_CPFighter10_A.gltf,11300634_c_cpfighter10_d.png,11300634_c_cpfighter10_c.png,0,
11390730,정교한 마법 모자,11300490,63,59,51,20,18,15,11300490_C_CPMageClassSetCap01_C.gltf,11300490_c_cpmageclasssetcap01_d.png,11300490_c_cpmageclasssetcap01_c.png,8,
11390731,정교한 신성 모자,11300490,63,59,51,20,18,15,11300490_C_CPMageClassSetCap01_C.gltf,11300490_c_cpmageclasssetcap01_d.png,11300490_c_cpmageclasssetcap01_c.png,8,
11390732,정교한 암살 모자,11300492,63,59,51,20,18,15,11300492_C_CPBrigandClassSetCap01_A.gltf,11300492_c_cpbrigandclasssetcap01_d.png,11300492_c_cpbrigandclasssetcap01_c.png,0,
11390733,정교한 의식 카필라,11300634,63,59,51,20,18,15,11300634_C_CPFighter10_A.gltf,11300634_c_cpfighter10_d.png,11300634_c_cpfighter10_c.png,0,
11390734,정교한 전투 모자,11300489,63,59,51,20,18,15,11300489_C_CPWarriorClassSetCap01_D.gltf,11300489_c_cpwarriorclasssetcap01_d.png,11300489_c_cpwarriorclasssetcap01_c.png,13,
11390735,정교한 주술 아펙스,11300489,63,59,51,20,18,15,11300489_C_CPWarriorClassSetCap01_D.gltf,11300489_c_cpwarriorclasssetcap01_d.png,11300489_c_cpwarriorclasssetcap01_c.png,13,
11390736,정교한 집중 모자,11300491,63,59,51,20,18,15,11300491_C_CPHunterClassSetCap01_C.gltf,11300491_c_cphunterclasssetcap01_d.png,11300491_c_cphunterclasssetcap01_c.png,8,
11390737,정교한 포격 모자,11300491,63,59,51,20,18,15,11300491_C_CPHunterClassSetCap01_C.gltf,11300491_c_cphunterclasssetcap01_d.png,11300491_c_cphunterclasssetcap01_c.png,8,
11390738,정교한 혼란 모자,11300492,63,59,51,20,18,15,11300492_C_CPBrigandClassSetCap01_A.gltf,11300492_c_cpbrigandclasssetcap01_d.png,11300492_c_cpbrigandclasssetcap01_c.png,0,
11390739,잊혀진 투구,11300134,63,59,51,20,18,15,11300133_C_CPLastHelmet_D.gltf,11300133_c_cplasthelmet_d.png,11300133_c_cplasthelmet_d.png,13,
11390740,발록의 뿔,11300140,63,59,51,20,18,15,11300140_C_CPBalrogsHorn_A.gltf,11300140_c_cpbalrogshorn_d.png,11300140_c_cpbalrogshorn_d.png,0,
11390741,마크52 오메가의 투구,11300183,63,59,51,20,18,15,11300183_C_CPOmegaHelm_D.gltf,11300183_c_cpomegahelm_d.png,11300183_c_cpomegahelm_d.png,13,
11390742,슈슈와 부부스의 모자,11300185,63,59,51,20,18,15,11300185_C_CPSnowGiantHat_E.gltf,11300185_c_cpsnowgianthat_d.png,11300185_c_cpsnowgianthat_d.png,12,
11390743,카트반의 뿔,11300416,63,59,51,20,18,15,11300416_F_CPKatvanHorn_A.gltf,11300416_c_cpkatvanhorn_d.png,11300416_c_cpkatvanhorn_d.png,0,
11390744,바르칸트의 뿔,11300434,63,59,51,20,18,15,11300434_C_CPBarkhantHorn_A.gltf,11300434_barkhanthorn_d.png,11300434_barkhanthorn_d.png,0,
11390773,루미에라곤 전투 모자,11300705,63,59,51,20,18,15,11300705_C_CPDarkSteelWarrior_D.gltf,11300705_c_cpdarksteelwarrior_d.png,11300705_c_cpdarksteelwarrior_c.png,13,
11390774,루미에라곤 광란 모자,11300705,63,59,51,20,18,15,11300705_C_CPDarkSteelWarrior_D.gltf,11300705_c_cpdarksteelwarrior_d.png,11300705_c_cpdarksteelwarrior_c.png,13,
11390775,루미에라곤 마법 모자,11300640,63,59,51,20,18,15,11300640_C_CPDarkSteel_F.gltf,11300640_c_cpdarksteelmage_d.png,11300640_c_cpdarksteelmage_c.png,0,
11390776,루미에라곤 신성 모자,11300640,63,59,51,20,18,15,11300640_C_CPDarkSteel_F.gltf,11300640_c_cpdarksteelmage_d.png,11300640_c_cpdarksteelmage_c.png,0,
11390777,루미에라곤 집중 모자,11300706,63,59,51,20,18,15,11300706_C_CPDarkSteelRanger_C.gltf,11300706_c_cpdarksteelranger_d.png,11300706_c_cpdarksteelranger_c.png,8,
11390778,루미에라곤 포격 모자,11300706,63,59,51,20,18,15,11300706_C_CPDarkSteelRanger_C.gltf,11300706_c_cpdarksteelranger_d.png,11300706_c_cpdarksteelranger_c.png,8,
11390779,루미에라곤 혼란 모자,11300707,63,59,51,20,18,15,11300707_C_CPDarkSteelThief_A.gltf,11300707_c_cpdarksteelthief_d.png,11300707_c_cpdarksteelthief_c.png,0,
11390780,루미에라곤 암살 모자,11300707,63,59,51,20,18,15,11300707_C_CPDarkSteelThief_A.gltf,11300707_c_cpdarksteelthief_d.png,11300707_c_cpdarksteelthief_c.png,0,
11390781,루미에라곤 주술 모자,11300705,63,59,51,20,18,15,11300705_C_CPDarkSteelWarrior_D.gltf,11300705_c_cpdarksteelwarrior_d.png,11300705_c_cpdarksteelwarrior_c.png,13,
11390782,루미에라곤 난투 모자,11300708,63,59,51,20,18,15,11300708_C_CPDarkSteelFighter_A.gltf,11300708_c_cpdarksteelfighter_d.png,11300708_c_cpdarksteelfighter_c.png,0,
11390783,루미에라곤 의식 모자,11300708,63,59,51,20,18,15,11300708_C_CPDarkSteelFighter_A.gltf,11300708_c_cpdarksteelfighter_d.png,11300708_c_cpdarksteelfighter_c.png,0,
11390806,알바노스의 예지,11300806,63,59,51,20,18,15,11300806_F_Albanos_A.gltf,11300806_c_albanos_d.png,11300806_c_albanos_d.png,0,
11390807,파이렌시아 : 파도마녀의 암초관,11300807,63,59,51,20,18,15,11300807_C_Firis_A.gltf,11300807_c_firis_d.png,11300807_c_firis_d.png,0,
11390808,세이렌시아 : 바다소녀의 티아라,11300808,63,59,51,20,18,15,11300808_C_Celin_A.gltf,11300808_c_celin_d.png,11300808_c_celin_d.png,0,
11390917,리버스 나이트 컴뱃캡 (LV50),11300696,63,59,51,20,18,15,11300696_C_CPBrightStar_F.gltf,11300696_c_cpbrightstar_d.png,11300696_c_cpbrightstar_c.png,0,
11390918,리버스 버서커 컴뱃캡 (LV50),11300696,63,59,51,20,18,15,11300696_C_CPBrightStar_F.gltf,11300696_c_cpbrightstar_d.png,11300696_c_cpbrightstar_c.png,0,
11390919,리버스 위자드 컴뱃캡 (LV50),11300696,63,59,51,20,18,15,11300696_C_CPBrightStar_F.gltf,11300696_c_cpbrightstar_d.png,11300696_c_cpbrightstar_c.png,0,
11390920,리버스 프리스트 컴뱃캡 (LV50),11300696,63,59,51,20,18,15,11300696_C_CPBrightStar_F.gltf,11300696_c_cpbrightstar_d.png,11300696_c_cpbrightstar_c.png,0,
11390921,리버스 레인저 컴뱃캡 (LV50),11300696,63,59,51,20,18,15,11300696_C_CPBrightStar_F.gltf,11300696_c_cpbrightstar_d.png,11300696_c_cpbrightstar_c.png,0,
11390922,리버스 헤비거너 컴뱃캡 (LV50),11300696,63,59,51,20,18,15,11300696_C_CPBrightStar_F.gltf,11300696_c_cpbrightstar_d.png,11300696_c_cpbrightstar_c.png,0,
11390923,리버스 시프 컴뱃캡 (LV50),11300696,63,59,51,20,18,15,11300696_C_CPBrightStar_F.gltf,11300696_c_cpbrightstar_d.png,11300696_c_cpbrightstar_c.png,0,
11390924,리버스 어쌔신 컴뱃캡 (LV50),11300696,63,59,51,20,18,15,11300696_C_CPBrightStar_F.gltf,11300696_c_cpbrightstar_d.png,11300696_c_cpbrightstar_c.png,0,
11390925,리버스 룬 블레이더 컴뱃캡 (LV50),11300696,63,59,51,20,18,15,11300696_C_CPBrightStar_F.gltf,11300696_c_cpbrightstar_d.png,11300696_c_cpbrightstar_c.png,0,
11390926,리버스 스트라이커 컴뱃캡 (LV50),11300696,63,59,51,20,18,15,11300696_C_CPBrightStar_F.gltf,11300696_c_cpbrightstar_d.png,11300696_c_cpbrightstar_c.png,0,
11390927,리버스 소울바인더 컴뱃캡 (LV50),11300696,63,59,51,20,18,15,11300696_C_CPBrightStar_F.gltf,11300696_c_cpbrightstar_d.png,11300696_c_cpbrightstar_c.png,0,
11390928,리버스 나이트 컴뱃캡 (LV56),11300696,63,59,51,20,18,15,11300696_C_CPBrightStar_F.gltf,11300696_c_cpbrightstar_d.png,11300696_c_cpbrightstar_c.png,0,
11390929,리버스 버서커 컴뱃캡 (LV56),11300696,63,59,51,20,18,15,11300696_C_CPBrightStar_F.gltf,11300696_c_cpbrightstar_d.png,11300696_c_cpbrightstar_c.png,0,
11390930,리버스 위자드 컴뱃캡 (LV56),11300696,63,59,51,20,18,15,11300696_C_CPBrightStar_F.gltf,11300696_c_cpbrightstar_d.png,11300696_c_cpbrightstar_c.png,0,
11390931,리버스 프리스트 컴뱃캡 (LV56),11300696,63,59,51,20,18,15,11300696_C_CPBrightStar_F.gltf,11300696_c_cpbrightstar_d.png,11300696_c_cpbrightstar_c.png,0,
11390932,리버스 레인저 컴뱃캡 (LV56),11300696,63,59,51,20,18,15,11300696_C_CPBrightStar_F.gltf,11300696_c_cpbrightstar_d.png,11300696_c_cpbrightstar_c.png,0,
11390933,리버스 헤비거너 컴뱃캡 (LV56),11300696,63,59,51,20,18,15,11300696_C_CPBrightStar_F.gltf,11300696_c_cpbrightstar_d.png,11300696_c_cpbrightstar_c.png,0,
11390934,리버스 시프 컴뱃캡 (LV56),11300696,63,59,51,20,18,15,11300696_C_CPBrightStar_F.gltf,11300696_c_cpbrightstar_d.png,11300696_c_cpbrightstar_c.png,0,
11390935,리버스 어쌔신 컴뱃캡 (LV56),11300696,63,59,51,20,18,15,11300696_C_CPBrightStar_F.gltf,11300696_c_cpbrightstar_d.png,11300696_c_cpbrightstar_c.png,0,
11390936,리버스 룬 블레이더 컴뱃캡 (LV56),11300696,63,59,51,20,18,15,11300696_C_CPBrightStar_F.gltf,11300696_c_cpbrightstar_d.png,11300696_c_cpbrightstar_c.png,0,
11390937,리버스 스트라이커 컴뱃캡 (LV56),11300696,63,59,51,20,18,15,11300696_C_CPBrightStar_F.gltf,11300696_c_cpbrightstar_d.png,11300696_c_cpbrightstar_c.png,0,
11390938,리버스 소울바인더 컴뱃캡 (LV56),11300696,63,59,51,20,18,15,11300696_C_CPBrightStar_F.gltf,11300696_c_cpbrightstar_d.png,11300696_c_cpbrightstar_c.png,0,
11390941,천계의 선인 비녀장식 (남),11390941,63,59,51,20,18,15,11390941_C_CPOrientalFairy_A.gltf,11390941_c_cporientalfairy_d.png,11390941_c_cporientalfairy_c.png,0,
11390942,천계의 선녀 꽃장식 (여),11390942,170,47,47,96,19,19,11390942_C_CPOrientalFairy_F.gltf,11390942_c_cporientalfairy_d.png,11390942_c_cporientalfairy_c.png,0,
11390943,안티크 에라곤 써클릿,11301052,63,59,51,20,18,15,11301052_C_CPDarkStream_A.gltf,11301052_c_cpdarkstream_d.png,11301052_c_cpdarkstream_d.png,0,
11390944,타이렌 컴뱃 써클릿,11301043,63,59,51,20,18,15,11301043_C_CPGiganTikaA01_A.gltf,11301043_c_cpgigantikaa01_d.png,11301043_c_cpgigantikaa01_c.png,0,
11390945,타이렌 커맨더 컴뱃 써클릿,11301044,63,59,51,20,18,15,11301044_C_CPGiganTikaA02_A.gltf,11301044_c_cpgigantikaa02_d.png,11301044_c_cpgigantikaa02_c.png,0,
11390946,안티크 인페누크 헬멧,11301087,63,59,51,20,18,15,11301087_C_CPBalrogB02_D.gltf,11301087_c_cpbalrogb02_d.png,11301087_c_cpbalrogb02_c.png,13,
11390947,떡국 모자,11300450,63,59,51,20,18,15,11300450_C_NewYearHat01_F.gltf,11300450_c_newyearhat01_d.png,11300450_c_newyearhat01_d.png,0,
11390948,천계의 선인 비녀장식 (남),11390941,63,59,51,20,18,15,11390941_C_CPOrientalFairy_A.gltf,11390941_c_cporientalfairy_d.png,11390941_c_cporientalfairy_c.png,0,
11390949,천계의 선녀 꽃장식 (여),11390942,170,47,47,96,19,19,11390942_C_CPOrientalFairy_F.gltf,11390942_c_cporientalfairy_d.png,11390942_c_cporientalfairy_c.png,0,
11391090,완성된 힘의 전사 모자,11309996,63,59,51,20,18,15,11300004_C_CPSilverOrihalc.gltf,11300004_c_cpsilverorihalcon_d.png,11300004_c_cpsilverorihalcon_d.png,None,
11391091,완성된 힘의 마법사 모자,11300087,63,59,51,20,18,15,11300003_F_CPConeHat_C.gltf,11300003_f_cpconehat_d.png,11300003_f_cpconehat_c.png,8,
11391092,완성된 힘의 궁수 모자,11300120,63,59,51,20,18,15,11300120_C_CPMilitiaHat_C.gltf,11300120_c_cpmilitiahat_d.png,11300120_c_cpmilitiahat_c.png,8,
11391093,완성된 힘의 도적 모자,11300065,63,59,51,20,18,15,01300027_C_HotDumplingDish_A.gltf,01300027_c_hotdumplingdish_d.png,01300027_c_hotdumplingdish_d.png,0,
11391094,완성된 힘의 격투가 모자,11300551,63,59,51,20,18,15,11300551_C_CPFighter07_A.gltf,11300551_c_cpfighter07_d.png,11300551_c_cpfighter07_c.png,0,
11391095,완성된 힘의 기공사 모자,11300551,63,59,51,20,18,15,11300551_C_CPFighter07_A.gltf,11300551_c_cpfighter07_d.png,11300551_c_cpfighter07_c.png,0,
11391106,브라이트 스타의 모자,11300696,63,59,51,20,18,15,11300696_C_CPBrightStar_F.gltf,11300696_c_cpbrightstar_d.png,11300696_c_cpbrightstar_c.png,0,
11391117,크림슨 발록의 모자,11301045,63,59,51,20,18,15,11301045_C_CPBalrogB01_D.gltf,11301045_c_cpbalrogb01_d.png,11301045_c_cpbalrogb01_c.png,13,
11391242,타이드 캡틴 파이러츠햇 (나이트),11300741,63,59,51,20,18,15,11300634_C_CPPirate_C.gltf,11300634_c_cppirate_d.png,11300634_c_cppirate_c.png,8,
11391243,타이드 캡틴 파이러츠햇 (버서커),11300741,63,59,51,20,18,15,11300634_C_CPPirate_C.gltf,11300634_c_cppirate_d.png,11300634_c_cppirate_c.png,8,
11391244,타이드 캡틴 파이러츠햇 (위자드),11300741,63,59,51,20,18,15,11300634_C_CPPirate_C.gltf,11300634_c_cppirate_d.png,11300634_c_cppirate_c.png,8,
11391245,타이드 캡틴 파이러츠햇 (프리스트),11300741,63,59,51,20,18,15,11300634_C_CPPirate_C.gltf,11300634_c_cppirate_d.png,11300634_c_cppirate_c.png,8,
11391246,타이드 캡틴 파이러츠햇 (레인저),11300741,63,59,51,20,18,15,11300634_C_CPPirate_C.gltf,11300634_c_cppirate_d.png,11300634_c_cppirate_c.png,8,
11391247,타이드 캡틴 파이러츠햇 (헤비거너),11300741,63,59,51,20,18,15,11300634_C_CPPirate_C.gltf,11300634_c_cppirate_d.png,11300634_c_cppirate_c.png,8,
11391248,타이드 캡틴 파이러츠햇 (시프),11300741,63,59,51,20,18,15,11300634_C_CPPirate_C.gltf,11300634_c_cppirate_d.png,11300634_c_cppirate_c.png,8,
11391249,타이드 캡틴 파이러츠햇 (어쌔신),11300741,63,59,51,20,18,15,11300634_C_CPPirate_C.gltf,11300634_c_cppirate_d.png,11300634_c_cppirate_c.png,8,
11391250,타이드 캡틴 파이러츠햇 (룬블레이더),11300741,63,59,51,20,18,15,11300634_C_CPPirate_C.gltf,11300634_c_cppirate_d.png,11300634_c_cppirate_c.png,8,
11391251,타이드 캡틴 파이러츠햇 (스트라이커),11300741,63,59,51,20,18,15,11300634_C_CPPirate_C.gltf,11300634_c_cppirate_d.png,11300634_c_cppirate_c.png,8,
11391252,타이드 캡틴 파이러츠햇 (소울바인더),11300741,63,59,51,20,18,15,11300634_C_CPPirate_C.gltf,11300634_c_cppirate_d.png,11300634_c_cppirate_c.png,8,
11391253,프론티어 베렛 (나이트),11300701,63,59,51,20,18,15,11300701_C_CPEmerald_C.gltf,11300701_c_cpemerald_d.png,11300701_c_cpemerald_c.png,8,
11391254,프론티어 베렛 (버서커),11300701,63,59,51,20,18,15,11300701_C_CPEmerald_C.gltf,11300701_c_cpemerald_d.png,11300701_c_cpemerald_c.png,8,
11391255,프론티어 베렛 (위자드),11300701,63,59,51,20,18,15,11300701_C_CPEmerald_C.gltf,11300701_c_cpemerald_d.png,11300701_c_cpemerald_c.png,8,
11391256,프론티어 베렛 (프리스트),11300701,63,59,51,20,18,15,11300701_C_CPEmerald_C.gltf,11300701_c_cpemerald_d.png,11300701_c_cpemerald_c.png,8,
11391257,프론티어 베렛 (레인저),11300701,63,59,51,20,18,15,11300701_C_CPEmerald_C.gltf,11300701_c_cpemerald_d.png,11300701_c_cpemerald_c.png,8,
11391258,프론티어 베렛 (헤비거너),11300701,63,59,51,20,18,15,11300701_C_CPEmerald_C.gltf,11300701_c_cpemerald_d.png,11300701_c_cpemerald_c.png,8,
11391259,프론티어 베렛 (시프),11300701,63,59,51,20,18,15,11300701_C_CPEmerald_C.gltf,11300701_c_cpemerald_d.png,11300701_c_cpemerald_c.png,8,
11391260,프론티어 베렛 (어쌔신),11300701,63,59,51,20,18,15,11300701_C_CPEmerald_C.gltf,11300701_c_cpemerald_d.png,11300701_c_cpemerald_c.png,8,
11391261,프론티어 베렛 (룬블레이더),11300701,63,59,51,20,18,15,11300701_C_CPEmerald_C.gltf,11300701_c_cpemerald_d.png,11300701_c_cpemerald_c.png,8,
11391262,프론티어 베렛 (스트라이커),11300701,63,59,51,20,18,15,11300701_C_CPEmerald_C.gltf,11300701_c_cpemerald_d.png,11300701_c_cpemerald_c.png,8,
11391263,프론티어 베렛 (소울바인더),11300701,63,59,51,20,18,15,11300701_C_CPEmerald_C.gltf,11300701_c_cpemerald_d.png,11300701_c_cpemerald_c.png,8,
11391264,윙드 데몬 써클릿 (나이트),11300695,63,59,51,20,18,15,11300695_C_CPDragon_A.gltf,11300695_c_cpdragon_d.png,11300695_c_cpdragon_c.png,0,
11391265,윙드 데몬 써클릿 (버서커),11300695,63,59,51,20,18,15,11300695_C_CPDragon_A.gltf,11300695_c_cpdragon_d.png,11300695_c_cpdragon_c.png,0,
11391266,윙드 데몬 써클릿 (위자드),11300695,63,59,51,20,18,15,11300695_C_CPDragon_A.gltf,11300695_c_cpdragon_d.png,11300695_c_cpdragon_c.png,0,
11391267,윙드 데몬 써클릿 (프리스트),11300695,63,59,51,20,18,15,11300695_C_CPDragon_A.gltf,11300695_c_cpdragon_d.png,11300695_c_cpdragon_c.png,0,
11391268,윙드 데몬 써클릿 (레인저),11300695,63,59,51,20,18,15,11300695_C_CPDragon_A.gltf,11300695_c_cpdragon_d.png,11300695_c_cpdragon_c.png,0,
11391269,윙드 데몬 써클릿 (헤비거너),11300695,63,59,51,20,18,15,11300695_C_CPDragon_A.gltf,11300695_c_cpdragon_d.png,11300695_c_cpdragon_c.png,0,
11391270,윙드 데몬 써클릿 (시프),11300695,63,59,51,20,18,15,11300695_C_CPDragon_A.gltf,11300695_c_cpdragon_d.png,11300695_c_cpdragon_c.png,0,
11391271,윙드 데몬 써클릿 (어쌔신),11300695,63,59,51,20,18,15,11300695_C_CPDragon_A.gltf,11300695_c_cpdragon_d.png,11300695_c_cpdragon_c.png,0,
11391272,윙드 데몬 써클릿 (룬블레이더),11300695,63,59,51,20,18,15,11300695_C_CPDragon_A.gltf,11300695_c_cpdragon_d.png,11300695_c_cpdragon_c.png,0,
11391273,윙드 데몬 써클릿 (스트라이커),11300695,63,59,51,20,18,15,11300695_C_CPDragon_A.gltf,11300695_c_cpdragon_d.png,11300695_c_cpdragon_c.png,0,
11391274,윙드 데몬 써클릿 (소울바인더),11300695,63,59,51,20,18,15,11300695_C_CPDragon_A.gltf,11300695_c_cpdragon_d.png,11300695_c_cpdragon_c.png,0,
11391275,베히모스 혼드 헬멧 (나이트),11301040,63,59,51,20,18,15,11301040_C_CPVehement_A.gltf,11301040_c_cpvehement_d.png,11301040_c_cpvehement_c.png,0,
11391276,베히모스 혼드 헬멧 (버서커),11301040,63,59,51,20,18,15,11301040_C_CPVehement_A.gltf,11301040_c_cpvehement_d.png,11301040_c_cpvehement_c.png,0,
11391277,베히모스 혼드 헬멧 (위자드),11301040,63,59,51,20,18,15,11301040_C_CPVehement_A.gltf,11301040_c_cpvehement_d.png,11301040_c_cpvehement_c.png,0,
11391278,베히모스 혼드 헬멧 (프리스트),11301040,63,59,51,20,18,15,11301040_C_CPVehement_A.gltf,11301040_c_cpvehement_d.png,11301040_c_cpvehement_c.png,0,
11391279,베히모스 혼드 헬멧 (레인저),11301040,63,59,51,20,18,15,11301040_C_CPVehement_A.gltf,11301040_c_cpvehement_d.png,11301040_c_cpvehement_c.png,0,
11391280,베히모스 혼드 헬멧 (헤비거너),11301040,63,59,51,20,18,15,11301040_C_CPVehement_A.gltf,11301040_c_cpvehement_d.png,11301040_c_cpvehement_c.png,0,
11391281,베히모스 혼드 헬멧 (시프),11301040,63,59,51,20,18,15,11301040_C_CPVehement_A.gltf,11301040_c_cpvehement_d.png,11301040_c_cpvehement_c.png,0,
11391282,베히모스 혼드 헬멧 (어쌔신),11301040,63,59,51,20,18,15,11301040_C_CPVehement_A.gltf,11301040_c_cpvehement_d.png,11301040_c_cpvehement_c.png,0,
11391283,베히모스 혼드 헬멧 (룬블레이더),11301040,63,59,51,20,18,15,11301040_C_CPVehement_A.gltf,11301040_c_cpvehement_d.png,11301040_c_cpvehement_c.png,0,
11391284,베히모스 혼드 헬멧 (스트라이커),11301040,63,59,51,20,18,15,11301040_C_CPVehement_A.gltf,11301040_c_cpvehement_d.png,11301040_c_cpvehement_c.png,0,
11391285,베히모스 혼드 헬멧 (소울바인더),11301040,63,59,51,20,18,15,11301040_C_CPVehement_A.gltf,11301040_c_cpvehement_d.png,11301040_c_cpvehement_c.png,0,
11391286,에일리온 쥬얼 헤드 (나이트),11300902,63,59,51,20,18,15,11300902_C_CPReverseRaidA02.gltf,11300902_c_cpreverseraida02_d.png,11300902_c_cpreverseraida02_c.png,None,
11391287,에일리온 쥬얼 헤드 (버서커),11300902,63,59,51,20,18,15,11300902_C_CPReverseRaidA02.gltf,11300902_c_cpreverseraida02_d.png,11300902_c_cpreverseraida02_c.png,None,
11391288,에일리온 쥬얼 헤드 (위자드),11300902,63,59,51,20,18,15,11300902_C_CPReverseRaidA02.gltf,11300902_c_cpreverseraida02_d.png,11300902_c_cpreverseraida02_c.png,None,
11391289,에일리온 쥬얼 헤드 (프리스트),11300902,63,59,51,20,18,15,11300902_C_CPReverseRaidA02.gltf,11300902_c_cpreverseraida02_d.png,11300902_c_cpreverseraida02_c.png,None,
11391290,에일리온 쥬얼 헤드 (레인저),11300902,63,59,51,20,18,15,11300902_C_CPReverseRaidA02.gltf,11300902_c_cpreverseraida02_d.png,11300902_c_cpreverseraida02_c.png,None,
11391291,에일리온 쥬얼 헤드 (헤비거너),11300902,63,59,51,20,18,15,11300902_C_CPReverseRaidA02.gltf,11300902_c_cpreverseraida02_d.png,11300902_c_cpreverseraida02_c.png,None,
11391292,에일리온 쥬얼 헤드 (시프),11300902,63,59,51,20,18,15,11300902_C_CPReverseRaidA02.gltf,11300902_c_cpreverseraida02_d.png,11300902_c_cpreverseraida02_c.png,None,
11391293,에일리온 쥬얼 헤드 (어쌔신),11300902,63,59,51,20,18,15,11300902_C_CPReverseRaidA02.gltf,11300902_c_cpreverseraida02_d.png,11300902_c_cpreverseraida02_c.png,None,
11391294,에일리온 쥬얼 헤드 (룬블레이더),11300902,63,59,51,20,18,15,11300902_C_CPReverseRaidA02.gltf,11300902_c_cpreverseraida02_d.png,11300902_c_cpreverseraida02_c.png,None,
11391295,에일리온 쥬얼 헤드 (스트라이커),11300902,63,59,51,20,18,15,11300902_C_CPReverseRaidA02.gltf,11300902_c_cpreverseraida02_d.png,11300902_c_cpreverseraida02_c.png,None,
11391296,에일리온 쥬얼 헤드 (소울바인더),11300902,63,59,51,20,18,15,11300902_C_CPReverseRaidA02.gltf,11300902_c_cpreverseraida02_d.png,11300902_c_cpreverseraida02_c.png,None,
11391297,블랙 뱅가드 워 기어 (나이트),11300705,63,59,51,20,18,15,11300705_C_CPDarkSteelWarrior_D.gltf,11300705_c_cpdarksteelwarrior_d.png,11300705_c_cpdarksteelwarrior_c.png,13,
11391298,블랙 뱅가드 워 기어 (버서커),11300705,63,59,51,20,18,15,11300705_C_CPDarkSteelWarrior_D.gltf,11300705_c_cpdarksteelwarrior_d.png,11300705_c_cpdarksteelwarrior_c.png,13,
11391299,블랙 뱅가드 워 기어 (위자드),11300640,63,59,51,20,18,15,11300640_C_CPDarkSteel_F.gltf,11300640_c_cpdarksteelmage_d.png,11300640_c_cpdarksteelmage_c.png,0,
11391300,블랙 뱅가드 워 기어 (프리스트),11300640,63,59,51,20,18,15,11300640_C_CPDarkSteel_F.gltf,11300640_c_cpdarksteelmage_d.png,11300640_c_cpdarksteelmage_c.png,0,
11391301,블랙 뱅가드 워 기어 (레인저),11300706,63,59,51,20,18,15,11300706_C_CPDarkSteelRanger_C.gltf,11300706_c_cpdarksteelranger_d.png,11300706_c_cpdarksteelranger_c.png,8,
11391302,블랙 뱅가드 워 기어 (헤비거너),11300706,63,59,51,20,18,15,11300706_C_CPDarkSteelRanger_C.gltf,11300706_c_cpdarksteelranger_d.png,11300706_c_cpdarksteelranger_c.png,8,
11391303,블랙 뱅가드 워 기어 (시프),11300707,63,59,51,20,18,15,11300707_C_CPDarkSteelThief_A.gltf,11300707_c_cpdarksteelthief_d.png,11300707_c_cpdarksteelthief_c.png,0,
11391304,블랙 뱅가드 워 기어 (어쌔신),11300707,63,59,51,20,18,15,11300707_C_CPDarkSteelThief_A.gltf,11300707_c_cpdarksteelthief_d.png,11300707_c_cpdarksteelthief_c.png,0,
11391305,블랙 뱅가드 워 기어 (룬블레이더),11300705,63,59,51,20,18,15,11300705_C_CPDarkSteelWarrior_D.gltf,11300705_c_cpdarksteelwarrior_d.png,11300705_c_cpdarksteelwarrior_c.png,13,
11391306,블랙 뱅가드 워 기어 (스트라이커),11300708,63,59,51,20,18,15,11300708_C_CPDarkSteelFighter_A.gltf,11300708_c_cpdarksteelfighter_d.png,11300708_c_cpdarksteelfighter_c.png,0,
11391307,블랙 뱅가드 워 기어 (소울바인더),11300708,63,59,51,20,18,15,11300708_C_CPDarkSteelFighter_A.gltf,11300708_c_cpdarksteelfighter_d.png,11300708_c_cpdarksteelfighter_c.png,0,
11391308,블랙퓨리티 루나틱 페더 (나이트),11301148,63,59,51,20,18,15,11301148_C_CPDarkTutor_A.gltf,11301148_c_cpdarktutor_d.png,11301148_c_cpdarktutor_c.png,0,
11391309,블랙퓨리티 루나틱 페더 (버서커),11301148,63,59,51,20,18,15,11301148_C_CPDarkTutor_A.gltf,11301148_c_cpdarktutor_d.png,11301148_c_cpdarktutor_c.png,0,
11391310,블랙퓨리티 루나틱 페더 (위자드),11301148,63,59,51,20,18,15,11301148_C_CPDarkTutor_A.gltf,11301148_c_cpdarktutor_d.png,11301148_c_cpdarktutor_c.png,0,
11391311,블랙퓨리티 루나틱 페더 (프리스트),11301148,63,59,51,20,18,15,11301148_C_CPDarkTutor_A.gltf,11301148_c_cpdarktutor_d.png,11301148_c_cpdarktutor_c.png,0,
11391312,블랙퓨리티 루나틱 페더 (레인저),11301148,63,59,51,20,18,15,11301148_C_CPDarkTutor_A.gltf,11301148_c_cpdarktutor_d.png,11301148_c_cpdarktutor_c.png,0,
11391313,블랙퓨리티 루나틱 페더 (헤비거너),11301148,63,59,51,20,18,15,11301148_C_CPDarkTutor_A.gltf,11301148_c_cpdarktutor_d.png,11301148_c_cpdarktutor_c.png,0,
11391314,블랙퓨리티 루나틱 페더 (시프),11301148,63,59,51,20,18,15,11301148_C_CPDarkTutor_A.gltf,11301148_c_cpdarktutor_d.png,11301148_c_cpdarktutor_c.png,0,
11391315,블랙퓨리티 루나틱 페더 (어쌔신),11301148,63,59,51,20,18,15,11301148_C_CPDarkTutor_A.gltf,11301148_c_cpdarktutor_d.png,11301148_c_cpdarktutor_c.png,0,
11391316,블랙퓨리티 루나틱 페더 (룬블레이더),11301148,63,59,51,20,18,15,11301148_C_CPDarkTutor_A.gltf,11301148_c_cpdarktutor_d.png,11301148_c_cpdarktutor_c.png,0,
11391317,블랙퓨리티 루나틱 페더 (스트라이커),11301148,63,59,51,20,18,15,11301148_C_CPDarkTutor_A.gltf,11301148_c_cpdarktutor_d.png,11301148_c_cpdarktutor_c.png,0,
11391318,블랙퓨리티 루나틱 페더 (소울바인더),11301148,63,59,51,20,18,15,11301148_C_CPDarkTutor_A.gltf,11301148_c_cpdarktutor_d.png,11301148_c_cpdarktutor_c.png,0,
11391319,강화된 품위의 전투 모자,11300745,63,59,51,20,18,15,11300745_C_CPArenaA01_A.gltf,11300745_c_cparenaa01_d.png,11300745_c_cparenaa01_c.png,0,
11391320,강화된 품위의 광란 모자,11300745,63,59,51,20,18,15,11300745_C_CPArenaA01_A.gltf,11300745_c_cparenaa01_d.png,11300745_c_cparenaa01_c.png,0,
11391321,강화된 품위의 마법 모자,11300745,63,59,51,20,18,15,11300745_C_CPArenaA01_A.gltf,11300745_c_cparenaa01_d.png,11300745_c_cparenaa01_c.png,0,
11391322,강화된 품위의 신성 모자,11300745,63,59,51,20,18,15,11300745_C_CPArenaA01_A.gltf,11300745_c_cparenaa01_d.png,11300745_c_cparenaa01_c.png,0,
11391323,강화된 품위의 집중 모자,11300745,63,59,51,20,18,15,11300745_C_CPArenaA01_A.gltf,11300745_c_cparenaa01_d.png,11300745_c_cparenaa01_c.png,0,
11391324,강화된 품위의 포격 모자,11300745,63,59,51,20,18,15,11300745_C_CPArenaA01_A.gltf,11300745_c_cparenaa01_d.png,11300745_c_cparenaa01_c.png,0,
11391325,강화된 품위의 혼란 모자,11300745,63,59,51,20,18,15,11300745_C_CPArenaA01_A.gltf,11300745_c_cparenaa01_d.png,11300745_c_cparenaa01_c.png,0,
11391326,강화된 품위의 암살 모자,11300745,63,59,51,20,18,15,11300745_C_CPArenaA01_A.gltf,11300745_c_cparenaa01_d.png,11300745_c_cparenaa01_c.png,0,
11391327,강화된 품위의 주술 모자,11300745,63,59,51,20,18,15,11300745_C_CPArenaA01_A.gltf,11300745_c_cparenaa01_d.png,11300745_c_cparenaa01_c.png,0,
11391328,강화된 품위의 난투 모자,11300745,63,59,51,20,18,15,11300745_C_CPArenaA01_A.gltf,11300745_c_cparenaa01_d.png,11300745_c_cparenaa01_c.png,0,
11391329,강화된 품위의 의식 모자,11300745,63,59,51,20,18,15,11300745_C_CPArenaA01_A.gltf,11300745_c_cparenaa01_d.png,11300745_c_cparenaa01_c.png,0,
11399996,오리할콘 모자,11309996,63,59,51,20,18,15,11300004_C_CPSilverOrihalc.gltf,11300004_c_cpsilverorihalcon_d.png,11300004_c_cpsilverorihalcon_d.png,None,
11399997,블러드 레퀴엠 모자,11309997,63,59,51,20,18,15,11300005_C_CPBloodRequiem_A.gltf,11300005_c_cpbloodrequiem_d.png,11300005_c_cpbloodrequiem_c.png,0,