#id,name,icon,r1,g1,b1,r2,g2,b2,gltf,ddsd,ddsc,haircutting,
-1,없음,-1,0,0,0,0,0,0,
11600001,가죽 손 보호구,11600001,63,59,51,20,18,15,11600009_F_WornVernon.gltf,11600009_c_wornvernon_d.png,11600009_c_wornvernon_c.png,0,
11600002,포인트 가죽 손 보호구,11600002,63,59,51,20,18,15,11600009_F_WornVernon.gltf,11600009_c_wornvernon_d.png,11600009_c_wornvernon_c.png,0,
11600003,스파이크 가죽 손 보호구,11600003,63,59,51,20,18,15,11600002_F_RollingThunderSpike.gltf,11600002_c_rollingthunderspike_d.png,11600002_c_rollingthunderspike_c.png,0,
11600004,투박한 바이킹 건틀렛,11600004,63,59,51,20,18,15,11600003_F_LittleBoneGauntlet.gltf,11600003_c_littlebonegauntlet_d.png,11600003_c_littlebonegauntlet_c.png,0,
11600006,크란츠 건틀렛,11600006,63,59,51,20,18,15,11600003_F_LittleBoneGauntlet.gltf,11600003_c_littlebonegauntlet_d.png,11600003_c_littlebonegauntlet_c.png,0,
11600007,좀도둑 장갑,11600007,63,59,51,20,18,15,11600038_F_BlackEyeGoldline.gltf,11600038_m_blackeyegoldline_d.png,11600038_m_blackeyegoldline_c.png,0,
11600008,가죽 좀도둑 장갑,11600008,63,59,51,20,18,15,11600038_F_BlackEyeGoldline.gltf,11600038_m_blackeyegoldline_d.png,11600038_m_blackeyegoldline_c.png,0,
11600009,세련된 좀도둑 장갑,11600009,63,59,51,20,18,15,11600038_F_BlackEyeGoldline.gltf,11600038_m_blackeyegoldline_d.png,11600038_m_blackeyegoldline_c.png,0,
11600010,닌자 장갑,11600010,63,59,51,20,18,15,11600039_F_Redline.gltf,11600039_m_redline_d.png,11600039_m_redline_c.png,0,
11600011,도망자의 장갑,11600011,63,59,51,20,18,15,11600039_F_Redline.gltf,11600039_m_redline_d.png,11600039_m_redline_c.png,0,
11600012,자객 장갑,11600012,63,59,51,20,18,15,11600039_F_Redline.gltf,11600039_m_redline_d.png,11600039_m_redline_c.png,0,
11600013,해적 손 보호구,11600013,63,59,51,20,18,15,11600042_F_GLPirateHandGuard.gltf,11600042_c_glpiratehandguard_d.png,11600042_c_glpiratehandguard_c.png,0,
11600014,숙련 자객 손 보호구,11600014,63,59,51,20,18,15,11600039_F_Redline.gltf,11600039_m_redline_d.png,11600039_m_redline_c.png,0,
11600015,십자 해적 손 보호구,11600015,63,59,51,20,18,15,11600044_F_GLCrossPirate.gltf,11600044_c_glcrosspirate_d.png,11600044_c_glcrosspirate_c.png,0,
11600016,초보 마법사 장갑,11600016,63,59,51,20,18,15,11600015_F_ThinLemona.gltf,11600015_c_thinlemona_d.png,11600015_c_thinlemona_c.png,0,
11600017,여행자 장갑,11600017,63,59,51,20,18,15,11600015_F_ThinLemona.gltf,11600015_c_thinlemona_d.png,11600015_c_thinlemona_c.png,0,
11600018,달빛 여행자 장갑,11600018,63,59,51,20,18,15,11600016_F_AnnMoonlight.gltf,11600016_c_annmoonlight_d.png,11600016_c_annmoonlight_c.png,0,
11600019,견습 학자 팔목 장갑,11600019,63,59,51,20,18,15,11600017_F_Golden.gltf,11600017_c_golden_d.png,11600017_c_golden_c.png,0,
11600021,매지션 팔목 장갑,11600021,63,59,51,20,18,15,11600017_F_Golden.gltf,11600017_c_golden_d.png,11600017_c_golden_c.png,0,
11600022,마법사 손 보호대,11600022,63,59,51,20,18,15,11600020_F_GLMageHand.gltf,11600020_c_glmagehand_d.png,11600020_c_glmagehand_c.png,0,
11600023,브론즈 매지션 손 보호대,11600023,63,59,51,20,18,15,11600017_F_Golden.gltf,11600017_c_golden_d.png,11600017_c_golden_c.png,0,
11600024,별빛 마법사 손 보호대,11600024,63,59,51,20,18,15,11600022_F_GLStarlightHandGuard.gltf,11600022_c_glstarlighthandguard_d.png,11600022_c_glstarlighthandguard_c.png,0,
11600025,숲지기 장갑,11600025,63,59,51,20,18,15,11600026_F_BasicMarker.gltf,11600028_c_helenaeagleeye_d.png,11600028_c_helenaeagleeye_c.png,0,
11600026,금빛 숲지기 장갑,11600026,63,59,51,20,18,15,11600026_F_BasicMarker.gltf,11600028_c_helenaeagleeye_d.png,11600028_c_helenaeagleeye_c.png,0,
11600027,로빈훗 장갑,11600027,63,59,51,20,18,15,11600028_F_HelenaEagleEye.gltf,11600028_c_helenaeagleeye_d.png,11600028_c_helenaeagleeye_c.png,0,
11600028,사냥꾼 가죽 장갑,11600028,63,59,51,20,18,15,11600029_F_Shooting.gltf,11600029_c_shooting_d.png,11600029_c_shooting_c.png,0,
11600030,헌팅 가죽 장갑,11600030,63,59,51,20,18,15,11600029_F_Shooting.gltf,11600029_c_shooting_d.png,11600029_c_shooting_c.png,0,
11600031,군악대 장갑,11600031,63,59,51,20,18,15,11600032_F_LeatherScaler.gltf,11600032_c_leatherscaler_d.png,11600032_c_leatherscaler_c.png,0,
11600032,미들 헌팅 장갑,11600032,63,59,51,20,18,15,11600029_F_Shooting.gltf,11600029_c_shooting_d.png,11600029_c_shooting_c.png,0,
11600033,명사수 장갑,11600033,63,59,51,20,18,15,11600034_F_BattleScaler.gltf,11600034_c_battlescaler_d.png,11600034_c_battlescaler_c.png,0,
11600034,디자인 손모아 장갑 (남),11600034,63,59,51,20,18,15,01600001_M_UGC01.gltf,01600001_m_ugc01_d.png,01600001_m_ugc01_d.png,0,
11600035,디자인 손모아 장갑 (여),11600035,63,59,51,20,18,15,01600002_F_UGC01.gltf,01600002_f_ugc01_d.png,01600002_f_ugc01_d.png,0,
11600040,다크 스위프트 핸드가드,11600040,63,59,51,20,18,15,11600049_F_GLDarkSwiftHandguard.gltf,11600049_c_gldarkswifthandgaurd_d.png,11600049_c_gldarkswifthandgaurd_d.png,0,
11600041,십자군 완갑,11600041,63,59,51,20,18,15,11600041_F_GLCrusadesVambrace.gltf,11600042_c_glblackcrusadesvambrace_d.png,11600042_c_glblackcrusadesvambrace_d.png,0,
11600042,은빛 크란츠 완갑,11600042,63,59,51,20,18,15,11600003_F_LittleBoneGauntlet.gltf,11600003_c_littlebonegauntlet_d.png,11600003_c_littlebonegauntlet_c.png,0,
11600044,샤이닝 위자드리 암슬리브,11600044,63,59,51,20,18,15,11600041_F_GLShiningWizardryArmSleeve.gltf,11600041_c_glshiningwizardryarmsleeve_d.png,11600041_c_glshiningwizardryarmsleeve_c.png,0,
11600045,나이티지 리스트 가드,11600045,63,59,51,20,18,15,11600045_F_GLKnightageWristGuard.gltf,11600045_c_glknightagewristguard_d.png,11600045_c_glknightagewristguard_c.png,0,
11600047,사지타리우스 카프 글러브,11600047,63,59,51,20,18,15,11600047_F_GLSagittariusCarpglove.gltf,11600047_c_glsagittariuscarpglove_d.png,11600047_c_glsagittariuscarpglove_c.png,0,
11600048,프로스토 데우스 글러브,11600048,63,59,51,20,18,15,11600048_F_GLProstoDeusGlove.gltf,11600048_c_glprostodeusglove_d.png,11600048_c_glprostodeusglove_c.png,0,
11600049,쉐도우 스파이크 너클,11600049,63,59,51,20,18,15,11600049_F_shadowSpike.gltf,11600049_c_shadowspike_d.png,11600049_c_shadowspike_c.png,0,
11600050,디멘티드 글러브,11600050,63,59,51,20,18,15,11600050_F_GLDementedGlove.gltf,11600050_c_gldementedglove_d.png,11600050_c_gldementedglove_c.png,0,
11600051,펑키드 글러브,11600051,63,59,51,20,18,15,11600051_F_CLPunkKidGlove.gltf,11600051_c_glpunkkidglove_d.png,11600051_c_glpunkkidglove_c.png,0,
11600052,에스더 워머,11600052,63,59,51,20,18,15,11600007_F_GLSilkWarmer.gltf,11600007_c_glsilkwarmer_d.png,11600007_c_glsilkwarmer_c.png,0,
11600053,고급 피혁 장갑,11600053,63,59,51,20,18,15,11600009_F_WornVernon.gltf,11600009_c_wornvernon_d.png,11600009_c_wornvernon_c.png,0,
11600054,포인트 고급 피혁 장갑,11600054,63,59,51,20,18,15,11600009_F_WornVernon.gltf,11600009_c_wornvernon_d.png,11600009_c_wornvernon_c.png,0,
11600055,스파이크 고급 피혁 장갑,11600055,63,59,51,20,18,15,11600002_F_RollingThunderSpike.gltf,11600002_c_rollingthunderspike_d.png,11600002_c_rollingthunderspike_c.png,0,
11600056,투박한 캐리비안 글러브,11600056,63,59,51,20,18,15,11600003_F_LittleBoneGauntlet.gltf,11600003_c_littlebonegauntlet_d.png,11600003_c_littlebonegauntlet_c.png,0,
11600058,나이트 글러브,11600058,63,59,51,20,18,15,11600041_F_GLCrusadesVambrace.gltf,11600042_c_glblackcrusadesvambrace_d.png,11600042_c_glblackcrusadesvambrace_d.png,0,
11600059,슬럼가의 장갑,11600059,63,59,51,20,18,15,11600038_F_BlackEyeGoldline.gltf,11600038_m_blackeyegoldline_d.png,11600038_m_blackeyegoldline_c.png,0,
11600060,슬럼 스타일 레더 글러브,11600060,63,59,51,20,18,15,11600038_F_BlackEyeGoldline.gltf,11600038_m_blackeyegoldline_d.png,11600038_m_blackeyegoldline_c.png,0,
11600061,슬럼 스타일 글러브,11600061,63,59,51,20,18,15,11600038_F_BlackEyeGoldline.gltf,11600038_m_blackeyegoldline_d.png,11600038_m_blackeyegoldline_c.png,0,
11600062,암살 특화 장갑,11600062,63,59,51,20,18,15,11600039_F_Redline.gltf,11600039_m_redline_d.png,11600039_m_redline_c.png,0,
11600064,밴디트 장갑,11600064,63,59,51,20,18,15,11600042_F_GLPirateHandGuard.gltf,11600042_c_glpiratehandguard_d.png,11600042_c_glpiratehandguard_c.png,0,
11600065,바다 모험가 장갑,11600065,63,59,51,20,18,15,11600042_F_GLPirateHandGuard.gltf,11600042_c_glpiratehandguard_d.png,11600042_c_glpiratehandguard_c.png,0,
11600066,견습 법사 장갑,11600066,63,59,51,20,18,15,11600015_F_ThinLemona.gltf,11600015_c_thinlemona_d.png,11600015_c_thinlemona_c.png,0,
11600067,낭만법사 장갑,11600067,63,59,51,20,18,15,11600015_F_ThinLemona.gltf,11600015_c_thinlemona_d.png,11600015_c_thinlemona_c.png,0,
11600068,달빛 낭만법사 장갑,11600068,63,59,51,20,18,15,11600016_F_AnnMoonlight.gltf,11600016_c_annmoonlight_d.png,11600016_c_annmoonlight_c.png,0,
11600069,하급 마법의 장갑,11600069,63,59,51,20,18,15,11600017_F_Golden.gltf,11600017_c_golden_d.png,11600017_c_golden_c.png,0,
11600071,소서러 장갑,11600071,63,59,51,20,18,15,11600020_F_GLMageHand.gltf,11600020_c_glmagehand_d.png,11600020_c_glmagehand_c.png,0,
11600072,성월의 법사 장갑,11600072,63,59,51,20,18,15,11600020_F_GLMageHand.gltf,11600020_c_glmagehand_d.png,11600020_c_glmagehand_c.png,0,
11600073,우드랜드 글러브,11600073,63,59,51,20,18,15,11600026_F_BasicMarker.gltf,11600028_c_helenaeagleeye_d.png,11600028_c_helenaeagleeye_c.png,0,
11600074,골든 우드랜드 글러브,11600074,63,59,51,20,18,15,11600026_F_BasicMarker.gltf,11600028_c_helenaeagleeye_d.png,11600028_c_helenaeagleeye_c.png,0,
11600075,명사수의 장갑,11600075,63,59,51,20,18,15,11600028_F_HelenaEagleEye.gltf,11600028_c_helenaeagleeye_d.png,11600028_c_helenaeagleeye_c.png,0,
11600076,사수의 장갑,11600076,63,59,51,20,18,15,11600029_F_Shooting.gltf,11600029_c_shooting_d.png,11600029_c_shooting_c.png,0,
11600077,명사수 오스칼의 장갑,11600077,63,59,51,20,18,15,11600029_F_Shooting.gltf,11600029_c_shooting_d.png,11600029_c_shooting_c.png,0,
11600078,의장대 글러브,11600078,63,59,51,20,18,15,11600032_F_LeatherScaler.gltf,11600032_c_leatherscaler_d.png,11600032_c_leatherscaler_c.png,0,
11600079,전문 군악대 장갑,11600079,63,59,51,20,18,15,11600032_F_LeatherScaler.gltf,11600032_c_leatherscaler_d.png,11600032_c_leatherscaler_c.png,0,
11600080,기사단 장갑,11600080,63,59,51,20,18,15,11600041_F_GLCrusadesVambrace.gltf,11600042_c_glblackcrusadesvambrace_d.png,11600042_c_glblackcrusadesvambrace_d.png,0,
11600081,차이나 글러브,11600081,63,59,51,20,18,15,11600081_F_GLChineseGlove.gltf,11600081_c_glchineseglove_d.png,11600081_c_glchineseglove_c.png,0,
11600082,방랑자 장갑,11600082,63,59,51,20,18,15,11600082_F_GLWandererGlove.gltf,11600082_c_glwandererglove_d.png,11600082_c_glwandererglove_d.png,0,
11600083,밀리샤 글러브,11600083,63,59,51,20,18,15,11600083_F_GLMilitiaGlove.gltf,11600083_c_glmilitiaglove_d.png,11600083_c_glmilitiaglove_d.png,0,
11600084,스켈레톤 글러브,11600084,63,59,51,20,18,15,11600084_F_GLSkeletonGlove.gltf,11600084_c_glskeletonglove_d.png,11600084_c_glskeletonglove_c.png,0,
11600085,파일럿 글러브,11600085,63,59,51,20,18,15,11600085_F_GLPilotGlove.gltf,11600085_c_glpilotglove_d.png,11600085_c_glpilotglove_c.png,0,
11600086,블러디 더스크 건틀렛,11600086,63,59,51,20,18,15,11600086_F_GLBloodyDuskGauntlet.gltf,11600086_c_glbloodyduskgauntlet_d.png,11600086_c_glbloodyduskgauntlet_c.png,0,
11600087,세비어즈 글러브,11600087,63,59,51,20,18,15,11600087_F_GLSaviorsGlove.gltf,11600087_c_glsaviorsglove_d.png,11600087_c_glsaviorsglove_c.png,0,
11600089,팬텀 글러브,11600089,63,59,51,20,18,15,11600089_F_GLPhantomGlove.gltf,11600089_c_glphantomglove_d.png,11600089_c_glphantomglove_c.png,0,
11600090,추적자 글러브,11600090,63,59,51,20,18,15,11600090_F_GLChaserGlove.gltf,11600090_c_glchaserglove_d.png,11600090_c_glchaserglove_c.png,0,
11600092,스터드 글러브,11600092,63,59,51,20,18,15,11600092_F_GLStuddedGlove.gltf,11600092_c_glstuddedglove_d.png,11600092_c_glstuddedglove_c.png,0,
11600093,에네스 글러브,11600093,63,59,51,20,18,15,11600093_F_GLEnesGlove.gltf,11600093_c_glenesglove_d.png,11600093_c_glenesglove_c.png,0,
11600094,플라이트 글러브,11600094,63,59,51,20,18,15,11600094_F_GLFlightGlove.gltf,11600094_c_glflightglove_d.png,11600094_c_glflightglove_c.png,0,
11600095,시피르 글러브,11600095,63,59,51,20,18,15,11600095_F_GLSurfireGlove.gltf,11600095_c_glsurfireglove_d.png,11600095_c_glsurfireglove_c.png,0,
11600096,금룡갑,11600096,63,59,51,20,18,15,11600096_F_GLGoldDragonGlove.gltf,11600096_c_glgolddragonglove_d.png,11600096_c_glgolddragonglove_c.png,0,
11600097,아쿠아 글러브,11600097,63,59,51,20,18,15,11600097_F_GLAquaGlove.gltf,11600097_c_glaquaglove_d.png,11600097_c_glaquaglove_c.png,0,
11600098,가디언 건틀렛,11600098,63,59,51,20,18,15,11600098_F_GLGuardianGauntlet.gltf,11600098_c_glguardiangauntlet_d.png,11600098_c_glguardiangauntlet_c.png,0,
11600099,프렌지 글러브,11600099,63,59,51,20,18,15,11600099_F_GLFrenzyGlove.gltf,11600099_c_glfrenzyglove_d.png,11600099_c_glfrenzyglove_c.png,0,
11600100,검은 크란츠 건틀렛,11600100,63,59,51,20,18,15,11600005_F_RollingThunderBlackbone.gltf,11600005_c_rollingthunderblackbone_d.png,11600005_c_rollingthunderblackbone_c.png,0,
11600101,실버 매지션 글러브,11600101,63,59,51,20,18,15,11600019_F_AnnStarlight.gltf,11600019_c_annstarlight_d.png,11600019_c_annstarlight_c.png,0,
11600102,아크 헌팅 글러브,11600102,63,59,51,20,18,15,11600031_F_HelenaHawkEye.gltf,11600031_c_helenahawkeye_d.png,11600031_c_helenahawkeye_c.png,0,
11600103,강한 자객 장갑,11600103,63,59,51,20,18,15,11600041_F_SteelStealline.gltf,11600041_m_steelstealline_d.png,11600041_m_steelstealline_c.png,0,
11600104,블랙 나이트 건틀렛,11600104,63,59,51,20,18,15,11600042_F_GLBlackCrusadesVambrace.gltf,11600042_c_glblackcrusadesvambrace_d.png,11600042_c_glblackcrusadesvambrace_d.png,0,
11600105,미드 소서러 글러브,11600105,63,59,51,20,18,15,11600020_F_GLMageHand.gltf,11600020_c_glmagehand_d.png,11600020_c_glmagehand_c.png,0,
11600106,중급 의장대 글러브,11600106,63,59,51,20,18,15,11600032_F_LeatherScaler.gltf,11600032_c_leatherscaler_d.png,11600032_c_leatherscaler_c.png,0,
11600107,어퍼 밴디트 장갑,11600107,63,59,51,20,18,15,11600042_F_GLPirateHandGuard.gltf,11600042_c_glpiratehandguard_d.png,11600042_c_glpiratehandguard_c.png,0,
11600109,하이 소서러 글러브,11600109,63,59,51,20,18,15,11600022_F_GLStarlightHandGuard.gltf,11600022_c_glstarlighthandguard_d.png,11600022_c_glstarlighthandguard_c.png,0,
11600110,최상급 의장대 장갑,11600110,63,59,51,20,18,15,11600034_F_BattleScaler.gltf,11600034_c_battlescaler_d.png,11600034_c_battlescaler_c.png,0,
11600111,모스트 밴디트 글러브,11600111,63,59,51,20,18,15,11600044_F_GLCrossPirate.gltf,11600044_c_glcrosspirate_d.png,11600044_c_glcrosspirate_c.png,0,
11600112,호루스 건틀릿,11600112,63,59,51,20,18,15,11600112_F_GLHorusGauntlet.gltf,11600112_c_glhorusgauntlet_d.png,11600112_c_glhorusgauntlet_d.png,0,
11600113,그리피나 건틀릿,11600113,63,59,51,20,18,15,11600113_F_GLGriffinaGauntlet.gltf,11600113_c_glgriffinagauntlet_d.png,11600113_c_glgriffinagauntlet_d.png,0,
11600114,도톰한 니트 장갑 (남),11600114,239,112,145,153,66,82,11600114_M_GLKnitGloves.gltf,11600114_c_glknitgloves_d.png,11600114_c_glknitgloves_c.png,0,
11600115,도톰한 니트 장갑 (여),11600115,249,137,77,147,60,20,11600115_F_GLKnitGloves.gltf,11600114_c_glknitgloves_d.png,11600114_c_glknitgloves_c.png,0,
11600116,데보라크의 장갑,11600116,63,59,51,20,18,15,11600116_F_GLDevoracGlove.gltf,11600116_c_gldevoracglove_d.png,11600116_c_gldevoracglove_d.png,0,
11600117,크러스트 장갑,11600100,63,59,51,20,18,15,11600005_F_RollingThunderBlackbone.gltf,11600005_c_rollingthunderblackbone_d.png,11600005_c_rollingthunderblackbone_c.png,0,
11600118,디비전 장갑,11600058,63,59,51,20,18,15,11600041_F_GLCrusadesVambrace.gltf,11600042_c_glblackcrusadesvambrace_d.png,11600042_c_glblackcrusadesvambrace_d.png,0,
11600119,블랙 크러스트 장갑,11600104,63,59,51,20,18,15,11600042_F_GLBlackCrusadesVambrace.gltf,11600042_c_glblackcrusadesvambrace_d.png,11600042_c_glblackcrusadesvambrace_d.png,0,
11600121,브루탈 장갑,11600080,63,59,51,20,18,15,11600041_F_GLCrusadesVambrace.gltf,11600042_c_glblackcrusadesvambrace_d.png,11600042_c_glblackcrusadesvambrace_d.png,0,
11600122,디바인 장갑,11600101,63,59,51,20,18,15,11600019_F_AnnStarlight.gltf,11600019_c_annstarlight_d.png,11600019_c_annstarlight_c.png,0,
11600123,멀리건 장갑,11600071,63,59,51,20,18,15,11600020_F_GLMageHand.gltf,11600020_c_glmagehand_d.png,11600020_c_glmagehand_c.png,0,
11600124,실버 디바인 장갑,11600105,63,59,51,20,18,15,11600020_F_GLMageHand.gltf,11600020_c_glmagehand_d.png,11600020_c_glmagehand_c.png,0,
11600125,아케인 장갑,11600109,63,59,51,20,18,15,11600022_F_GLStarlightHandGuard.gltf,11600022_c_glstarlighthandguard_d.png,11600022_c_glstarlighthandguard_c.png,0,
11600126,디세인 장갑,11600072,63,59,51,20,18,15,11600020_F_GLMageHand.gltf,11600020_c_glmagehand_d.png,11600020_c_glmagehand_c.png,0,
11600127,포치 장갑,11600102,63,59,51,20,18,15,11600031_F_HelenaHawkEye.gltf,11600031_c_helenahawkeye_d.png,11600031_c_helenahawkeye_c.png,0,
11600128,알터 장갑,11600078,63,59,51,20,18,15,11600032_F_LeatherScaler.gltf,11600032_c_leatherscaler_d.png,11600032_c_leatherscaler_c.png,0,
11600129,스트롱 포치 장갑,11600106,63,59,51,20,18,15,11600032_F_LeatherScaler.gltf,11600032_c_leatherscaler_d.png,11600032_c_leatherscaler_c.png,0,
11600130,커버넌트 장갑,11600110,63,59,51,20,18,15,11600034_F_BattleScaler.gltf,11600034_c_battlescaler_d.png,11600034_c_battlescaler_c.png,0,
11600131,밴드 장갑,11600079,63,59,51,20,18,15,11600032_F_LeatherScaler.gltf,11600032_c_leatherscaler_d.png,11600032_c_leatherscaler_c.png,0,
11600132,스키퍼 장갑,11600103,63,59,51,20,18,15,11600041_F_SteelStealline.gltf,11600041_m_steelstealline_d.png,11600041_m_steelstealline_c.png,0,
11600133,머깅 장갑,11600064,63,59,51,20,18,15,11600042_F_GLPirateHandGuard.gltf,11600042_c_glpiratehandguard_d.png,11600042_c_glpiratehandguard_c.png,0,
11600134,트루 스키퍼 장갑,11600107,63,59,51,20,18,15,11600042_F_GLPirateHandGuard.gltf,11600042_c_glpiratehandguard_d.png,11600042_c_glpiratehandguard_c.png,0,
11600135,마스트 장갑,11600111,63,59,51,20,18,15,11600044_F_GLCrossPirate.gltf,11600044_c_glcrosspirate_d.png,11600044_c_glcrosspirate_c.png,0,
11600136,크루 장갑,11600065,63,59,51,20,18,15,11600042_F_GLPirateHandGuard.gltf,11600042_c_glpiratehandguard_d.png,11600042_c_glpiratehandguard_c.png,0,
11600137,근위대장 장갑,11600003,63,59,51,20,18,15,11600002_F_RollingThunderSpike.gltf,11600002_c_rollingthunderspike_d.png,11600002_c_rollingthunderspike_c.png,0,
11600138,인부의 목장갑,11600004,63,59,51,20,18,15,11600003_F_LittleBoneGauntlet.gltf,11600003_c_littlebonegauntlet_d.png,11600003_c_littlebonegauntlet_c.png,0,
11600139,흑성회 가죽 장갑,11600007,63,59,51,20,18,15,11600038_F_BlackEyeGoldline.gltf,11600038_m_blackeyegoldline_d.png,11600038_m_blackeyegoldline_c.png,0,
11600140,수호군 건틀릿,11600100,63,59,51,20,18,15,11600005_F_RollingThunderBlackbone.gltf,11600005_c_rollingthunderblackbone_d.png,11600005_c_rollingthunderblackbone_c.png,0,
11600141,화공학자 특수장갑,11600021,63,59,51,20,18,15,11600017_F_Golden.gltf,11600017_c_golden_d.png,11600017_c_golden_c.png,0,
11600142,이블가죽장갑,11600027,63,59,51,20,18,15,11600028_F_HelenaEagleEye.gltf,11600028_c_helenaeagleeye_d.png,11600028_c_helenaeagleeye_c.png,0,
11600143,모야의 마법장갑,11600101,63,59,51,20,18,15,11600019_F_AnnStarlight.gltf,11600019_c_annstarlight_d.png,11600019_c_annstarlight_c.png,0,
11600144,리버스 레더 글로브,11600109,63,59,51,20,18,15,11600022_F_GLStarlightHandGuard.gltf,11600022_c_glstarlighthandguard_d.png,11600022_c_glstarlighthandguard_c.png,0,
11600145,험플스 가죽장갑,11600104,63,59,51,20,18,15,11600042_F_GLBlackCrusadesVambrace.gltf,11600042_c_glblackcrusadesvambrace_d.png,11600042_c_glblackcrusadesvambrace_d.png,0,
11600146,타임 키퍼스 글로브,11600110,63,59,51,20,18,15,11600034_F_BattleScaler.gltf,11600034_c_battlescaler_d.png,11600034_c_battlescaler_c.png,0,
11600147,거대 전사의 글러브,11600001,63,59,51,20,18,15,11600009_F_WornVernon.gltf,11600009_c_wornvernon_d.png,11600009_c_wornvernon_c.png,0,
11600148,강력한 전사의 글러브,11600002,63,59,51,20,18,15,11600009_F_WornVernon.gltf,11600009_c_wornvernon_d.png,11600009_c_wornvernon_c.png,0,
11600149,거대 도적의 글러브,11600007,63,59,51,20,18,15,11600038_F_BlackEyeGoldline.gltf,11600038_m_blackeyegoldline_d.png,11600038_m_blackeyegoldline_c.png,0,
11600150,강력한 도적의 글러브,11600008,63,59,51,20,18,15,11600038_F_BlackEyeGoldline.gltf,11600038_m_blackeyegoldline_d.png,11600038_m_blackeyegoldline_c.png,0,
11600151,거대 마법사의 글러브,11600016,63,59,51,20,18,15,11600015_F_ThinLemona.gltf,11600015_c_thinlemona_d.png,11600015_c_thinlemona_c.png,0,
11600152,강력한 마법사의 글러브,11600017,63,59,51,20,18,15,11600015_F_ThinLemona.gltf,11600015_c_thinlemona_d.png,11600015_c_thinlemona_c.png,0,
11600153,거대 궁수의 글러브,11600025,63,59,51,20,18,15,11600026_F_BasicMarker.gltf,11600028_c_helenaeagleeye_d.png,11600028_c_helenaeagleeye_c.png,0,
11600154,강력한 궁수의 글러브,11600026,63,59,51,20,18,15,11600026_F_BasicMarker.gltf,11600028_c_helenaeagleeye_d.png,11600028_c_helenaeagleeye_c.png,0,
11600155,블러드 카르텔 글러브,11600155,63,59,51,20,18,15,11600155_F_GLBloodCartel.gltf,11600155_c_glbloodcartel_d.png,11600155_c_glbloodcartel_d.png,0,
11600156,명예로운 용사의 전투글러브,11609995,63,59,51,20,18,15,11600005_F_GLSavagery.gltf,11600005_c_glsavagery_d.png,11600005_c_glsavagery_c.png,0,
11600157,명예로운 용사의 마법글러브,11609997,63,59,51,20,18,15,11600003_F_GLBloodRequiem.gltf,11600003_c_glbloodrequiem_d.png,11600003_c_glbloodrequiem_c.png,0,
11600159,명예로운 용사의 혼란글러브,11600036,63,59,51,20,18,15,01600004_F_FunkRaderGloves.gltf,01600003_c_funkradergloves_d.png,01600003_c_funkradergloves_d.png,0,
11600160,파이널 테스트 장갑,11600160,63,59,51,20,18,15,11600160_F_FinalTestGloves.gltf,11600160_c_finaltestgloves_d.png,11600160_c_finaltestgloves_d.png,0,
11600161,검은 고양이 손 (남),11600161,63,59,51,20,18,15,11600161_M_BlackCatHand.gltf,11600161_c_blackcathand_d.png,11600161_c_blackcathand_d.png,0,
11600162,검은 고양이 손 (여),11600162,63,59,51,20,18,15,11600162_F_BlackCatHand.gltf,11600161_c_blackcathand_d.png,11600161_c_blackcathand_d.png,0,
11600163,노란 고양이 손 (남),11600163,63,59,51,20,18,15,11600163_M_YellowCatHand.gltf,11600163_c_yellowcathand_d.png,11600163_c_yellowcathand_d.png,0,
11600164,노란 고양이 손 (여),11600164,63,59,51,20,18,15,11600164_F_YellowCatHand.gltf,11600163_c_yellowcathand_d.png,11600163_c_yellowcathand_d.png,0,
11600165,고무 장갑 (남),11600165,63,59,51,20,18,15,11600165_M_RubberGloves.gltf,11600165_c_rubbergloves_d.png,11600165_c_rubbergloves_d.png,0,
11600166,고무 장갑 (여),11600166,63,59,51,20,18,15,11600166_F_RubberGloves.gltf,11600165_c_rubbergloves_d.png,11600165_c_rubbergloves_d.png,0,
11600167,광선의 전사 장갑,11600004,63,59,51,20,18,15,11600003_F_LittleBoneGauntlet.gltf,11600003_c_littlebonegauntlet_d.png,11600003_c_littlebonegauntlet_c.png,0,
11600168,광선의 마법사 장갑,11600019,63,59,51,20,18,15,11600017_F_Golden.gltf,11600017_c_golden_d.png,11600017_c_golden_c.png,0,
11600169,광선의 궁수 장갑,11600028,63,59,51,20,18,15,11600029_F_Shooting.gltf,11600029_c_shooting_d.png,11600029_c_shooting_c.png,0,
11600170,광선의 도적 장갑,11600010,63,59,51,20,18,15,11600039_F_Redline.gltf,11600039_m_redline_d.png,11600039_m_redline_c.png,0,
11600171,경량의 전사 장갑,11600100,63,59,51,20,18,15,11600005_F_RollingThunderBlackbone.gltf,11600005_c_rollingthunderblackbone_d.png,11600005_c_rollingthunderblackbone_c.png,0,
11600172,경량의 마법사 장갑,11600101,63,59,51,20,18,15,11600019_F_AnnStarlight.gltf,11600019_c_annstarlight_d.png,11600019_c_annstarlight_c.png,0,
11600173,경량의 궁수 장갑,11600102,63,59,51,20,18,15,11600031_F_HelenaHawkEye.gltf,11600031_c_helenahawkeye_d.png,11600031_c_helenahawkeye_c.png,0,
11600174,경량의 도적 장갑,11600103,63,59,51,20,18,15,11600041_F_SteelStealline.gltf,11600041_m_steelstealline_d.png,11600041_m_steelstealline_c.png,0,
11600175,견고한 전사 장갑,11600041,63,59,51,20,18,15,11600041_F_GLCrusadesVambrace.gltf,11600042_c_glblackcrusadesvambrace_d.png,11600042_c_glblackcrusadesvambrace_d.png,0,
11600176,견고한 마법사 장갑,11600022,63,59,51,20,18,15,11600020_F_GLMageHand.gltf,11600020_c_glmagehand_d.png,11600020_c_glmagehand_c.png,0,
11600177,견고한 궁수 장갑,11600031,63,59,51,20,18,15,11600032_F_LeatherScaler.gltf,11600032_c_leatherscaler_d.png,11600032_c_leatherscaler_c.png,0,
11600178,견고한 도적 장갑,11600013,63,59,51,20,18,15,11600042_F_GLPirateHandGuard.gltf,11600042_c_glpiratehandguard_d.png,11600042_c_glpiratehandguard_c.png,0,
11600179,야수의 전사 장갑,11600004,63,59,51,20,18,15,11600003_F_LittleBoneGauntlet.gltf,11600003_c_littlebonegauntlet_d.png,11600003_c_littlebonegauntlet_c.png,0,
11600180,야수의 마법사 장갑,11600019,63,59,51,20,18,15,11600017_F_Golden.gltf,11600017_c_golden_d.png,11600017_c_golden_c.png,0,
11600181,야수의 궁수 장갑,11600028,63,59,51,20,18,15,11600029_F_Shooting.gltf,11600029_c_shooting_d.png,11600029_c_shooting_c.png,0,
11600182,야수의 도적 장갑,11600010,63,59,51,20,18,15,11600039_F_Redline.gltf,11600039_m_redline_d.png,11600039_m_redline_c.png,0,
11600183,거구의 전사 장갑,11600100,63,59,51,20,18,15,11600005_F_RollingThunderBlackbone.gltf,11600005_c_rollingthunderblackbone_d.png,11600005_c_rollingthunderblackbone_c.png,0,
11600184,거구의 마법사 장갑,11600101,63,59,51,20,18,15,11600019_F_AnnStarlight.gltf,11600019_c_annstarlight_d.png,11600019_c_annstarlight_c.png,0,
11600185,거구의 궁수 장갑,11600102,63,59,51,20,18,15,11600031_F_HelenaHawkEye.gltf,11600031_c_helenahawkeye_d.png,11600031_c_helenahawkeye_c.png,0,
11600186,거구의 도적 장갑,11600103,63,59,51,20,18,15,11600041_F_SteelStealline.gltf,11600041_m_steelstealline_d.png,11600041_m_steelstealline_c.png,0,
11600187,짐승의 전사 장갑,11600041,63,59,51,20,18,15,11600041_F_GLCrusadesVambrace.gltf,11600042_c_glblackcrusadesvambrace_d.png,11600042_c_glblackcrusadesvambrace_d.png,0,
11600188,짐승의 마법사 장갑,11600022,63,59,51,20,18,15,11600020_F_GLMageHand.gltf,11600020_c_glmagehand_d.png,11600020_c_glmagehand_c.png,0,
11600189,짐승의 궁수 장갑,11600031,63,59,51,20,18,15,11600032_F_LeatherScaler.gltf,11600032_c_leatherscaler_d.png,11600032_c_leatherscaler_c.png,0,
11600190,짐승의 도적 장갑,11600013,63,59,51,20,18,15,11600042_F_GLPirateHandGuard.gltf,11600042_c_glpiratehandguard_d.png,11600042_c_glpiratehandguard_c.png,0,
11600191,야생의 전사 장갑,11600104,63,59,51,20,18,15,11600042_F_GLBlackCrusadesVambrace.gltf,11600042_c_glblackcrusadesvambrace_d.png,11600042_c_glblackcrusadesvambrace_d.png,0,
11600192,야생의 마법사 장갑,11600022,63,59,51,20,18,15,11600020_F_GLMageHand.gltf,11600020_c_glmagehand_d.png,11600020_c_glmagehand_c.png,0,
11600193,야생의 궁수 장갑,11600031,63,59,51,20,18,15,11600032_F_LeatherScaler.gltf,11600032_c_leatherscaler_d.png,11600032_c_leatherscaler_c.png,0,
11600194,야생의 도적 장갑,11600013,63,59,51,20,18,15,11600042_F_GLPirateHandGuard.gltf,11600042_c_glpiratehandguard_d.png,11600042_c_glpiratehandguard_c.png,0,
11600195,오픈 가죽 장갑 (남),11600195,63,59,51,20,18,15,11600195_M_OpenLeatherGloves.gltf,11600195_c_openleathergloves_d.png,11600195_c_openleathergloves_d.png,0,
11600196,오픈 가죽 장갑 (여),11600196,63,59,51,20,18,15,11600196_F_OpenLeatherGloves.gltf,11600195_c_openleathergloves_d.png,11600195_c_openleathergloves_d.png,0,
11600197,가죽 장갑 (남),11600197,63,59,51,20,18,15,11600197_M_LeatherGloves.gltf,11600197_c_leathergloves_d.png,11600197_c_leathergloves_d.png,0,
11600198,가죽 장갑 (여),11600198,63,59,51,20,18,15,11600198_F_LeatherGloves.gltf,11600197_c_leathergloves_d.png,11600197_c_leathergloves_d.png,0,
11600199,포인트 가죽 장갑 (남),11600199,63,59,51,20,18,15,11600199_M_PointLeatherGloves.gltf,11600199_c_pointleathergloves_d.png,11600199_c_pointleathergloves_d.png,0,
11600200,포인트 가죽 장갑 (여),11600200,63,59,51,20,18,15,11600200_F_PointLeatherGloves.gltf,11600199_c_pointleathergloves_d.png,11600199_c_pointleathergloves_d.png,0,
11600201,손가락 걸이 가죽 장갑 (남),11600201,63,59,51,20,18,15,11600201_M_FingerHangedGloves.gltf,11600201_c_fingerhangedgloves_d.png,11600201_c_fingerhangedgloves_d.png,0,
11600202,손가락 걸이 가죽 장갑 (여),11600202,63,59,51,20,18,15,11600202_F_FingerHangedGloves.gltf,11600201_c_fingerhangedgloves_d.png,11600201_c_fingerhangedgloves_d.png,0,
11600203,로우 가죽 장갑 (남),11600203,63,59,51,20,18,15,11600203_M_LowLeatherGloves.gltf,11600203_c_lowleathergloves_d.png,11600203_c_lowleathergloves_d.png,0,
11600204,로우 가죽 장갑 (여),11600204,63,59,51,20,18,15,11600204_F_LowLeatherGloves.gltf,11600203_c_lowleathergloves_d.png,11600203_c_lowleathergloves_d.png,0,
11600205,스터드 오픈 가죽 장갑 (남),11600205,63,59,51,20,18,15,11600205_M_StudOpenLeatherGloves.gltf,11600205_c_studopenleathergloves_d.png,11600205_c_studopenleathergloves_d.png,0,
11600206,스터드 오픈 가죽 장갑 (여),11600206,63,59,51,20,18,15,11600206_F_StudOpenLeatherGloves.gltf,11600205_c_studopenleathergloves_d.png,11600205_c_studopenleathergloves_d.png,0,
11600207,오픈 장갑 (남),11600207,230,230,230,150,150,150,11600207_M_OpenGloves.gltf,11600209_c_gloves_d.png,11600209_c_gloves_c.png,0,
11600208,오픈 장갑 (여),11600208,230,230,230,150,150,150,11600207_M_OpenGloves.gltf,11600209_c_gloves_d.png,11600209_c_gloves_c.png,0,
11600209,심플 장갑 (남),11600209,230,230,230,150,150,150,11600209_M_Gloves.gltf,11600209_c_gloves_d.png,11600209_c_gloves_c.png,0,
11600210,심플 장갑 (여),11600210,230,230,230,150,150,150,11600210_F_Gloves.gltf,11600209_c_gloves_d.png,11600209_c_gloves_c.png,0,
11600211,포인트 장갑 (남),11600211,230,230,230,150,150,150,11600211_M_PointGloves.gltf,11600209_c_gloves_d.png,11600209_c_gloves_c.png,0,
11600212,포인트 장갑 (여),11600212,230,230,230,150,150,150,11600212_F_PointGloves.gltf,11600209_c_gloves_d.png,11600209_c_gloves_c.png,0,
11600213,손가락 걸이 장갑 (남),11600213,230,230,230,150,150,150,11600213_M_FingerHangedGloves.gltf,11600209_c_gloves_d.png,11600209_c_gloves_c.png,0,
11600214,손가락 걸이 장갑 (여),11600214,230,230,230,150,150,150,11600214_F_FingerHangedGloves.gltf,11600209_c_gloves_d.png,11600209_c_gloves_c.png,0,
11600215,로우 장갑 (남),11600215,230,230,230,150,150,150,11600215_M_LowGloves.gltf,11600209_c_gloves_d.png,11600209_c_gloves_c.png,0,
11600216,로우 장갑 (여),11600216,230,230,230,150,150,150,11600216_F_LowGloves.gltf,11600209_c_gloves_d.png,11600209_c_gloves_c.png,0,
11600217,권투 글러브 (남),11600217,170,47,47,96,19,19,11600217_M_BoxingGloves.gltf,11600217_c_boxinggloves_d.png,11600217_c_boxinggloves_c.png,0,
11600218,권투 글러브 (여),11600218,170,47,47,96,19,19,11600218_F_BoxingGloves.gltf,11600217_c_boxinggloves_d.png,11600217_c_boxinggloves_c.png,0,
11600219,희미한 전사 장갑,11600005,63,59,51,20,18,15,11600003_F_LittleBoneGauntlet.gltf,11600003_c_littlebonegauntlet_d.png,11600003_c_littlebonegauntlet_c.png,0,
11600220,희미한 마법사 장갑,11600020,63,59,51,20,18,15,11600017_F_Golden.gltf,11600017_c_golden_d.png,11600017_c_golden_c.png,0,
11600221,희미한 궁수 장갑,11600029,63,59,51,20,18,15,11600029_F_Shooting.gltf,11600029_c_shooting_d.png,11600029_c_shooting_c.png,0,
11600222,희미한 도적 장갑,11600011,63,59,51,20,18,15,11600039_F_Redline.gltf,11600039_m_redline_d.png,11600039_m_redline_c.png,0,
11600223,혼탁한 전사 장갑,11600005,63,59,51,20,18,15,11600003_F_LittleBoneGauntlet.gltf,11600003_c_littlebonegauntlet_d.png,11600003_c_littlebonegauntlet_c.png,0,
11600224,혼탁한 마법사 장갑,11600020,63,59,51,20,18,15,11600017_F_Golden.gltf,11600017_c_golden_d.png,11600017_c_golden_c.png,0,
11600225,혼탁한 궁수 장갑,11600029,63,59,51,20,18,15,11600029_F_Shooting.gltf,11600029_c_shooting_d.png,11600029_c_shooting_c.png,0,
11600226,혼탁한 도적 장갑,11600011,63,59,51,20,18,15,11600039_F_Redline.gltf,11600039_m_redline_d.png,11600039_m_redline_c.png,0,
11600227,수집된 전사 장갑,11600041,63,59,51,20,18,15,11600041_F_GLCrusadesVambrace.gltf,11600042_c_glblackcrusadesvambrace_d.png,11600042_c_glblackcrusadesvambrace_d.png,0,
11600228,수집된 마법사 장갑,11600022,63,59,51,20,18,15,11600020_F_GLMageHand.gltf,11600020_c_glmagehand_d.png,11600020_c_glmagehand_c.png,0,
11600229,수집된 궁수 장갑,11600031,63,59,51,20,18,15,11600032_F_LeatherScaler.gltf,11600032_c_leatherscaler_d.png,11600032_c_leatherscaler_c.png,0,
11600230,수집된 도적 장갑,11600013,63,59,51,20,18,15,11600042_F_GLPirateHandGuard.gltf,11600042_c_glpiratehandguard_d.png,11600042_c_glpiratehandguard_c.png,0,
11600231,가치있는 전사 장갑,11600084,63,59,51,20,18,15,11600084_F_GLSkeletonGlove.gltf,11600084_c_glskeletonglove_d.png,11600084_c_glskeletonglove_c.png,0,
11600232,가치있는 마법사 장갑,11600093,63,59,51,20,18,15,11600093_F_GLEnesGlove.gltf,11600093_c_glenesglove_d.png,11600093_c_glenesglove_c.png,0,
11600233,가치있는 궁수 장갑,11600090,63,59,51,20,18,15,11600090_F_GLChaserGlove.gltf,11600090_c_glchaserglove_d.png,11600090_c_glchaserglove_c.png,0,
11600235,고무 장갑 (남),11600165,63,59,51,20,18,15,11600165_M_RubberGloves.gltf,11600165_c_rubbergloves_d.png,11600165_c_rubbergloves_d.png,0,
11600236,고무 장갑 (여),11600166,63,59,51,20,18,15,11600166_F_RubberGloves.gltf,11600165_c_rubbergloves_d.png,11600165_c_rubbergloves_d.png,0,
11600237,노란 고양이 손 (남),11600163,63,59,51,20,18,15,11600163_M_YellowCatHand.gltf,11600163_c_yellowcathand_d.png,11600163_c_yellowcathand_d.png,0,
11600238,노란 고양이 손 (여),11600164,63,59,51,20,18,15,11600164_F_YellowCatHand.gltf,11600163_c_yellowcathand_d.png,11600163_c_yellowcathand_d.png,0,
11600239,금박 손 보호대 (남),11600239,63,59,51,20,18,15,11600239_M_GLGoldLine.gltf,11600239_c_glgoldline_d.png,11600239_c_glgoldline_c.png,0,
11600240,나비 반지 (여),11600240,170,47,47,96,19,19,11600240_F_GLButterFlyRing.gltf,11600240_c_glbutterflyring_d.png,11600240_c_glbutterflyring_c.png,0,
11600241,밀리터리 글러브 (남),11600241,63,59,51,20,18,15,11600241_M_GLMilitary.gltf,11600241_c_glmilitary_d.png,11600241_c_glmilitary_d.png,0,
11600242,밀리터리 글러브 (여),11600242,63,59,51,20,18,15,11600242_F_GLMilitary.gltf,11600241_c_glmilitary_d.png,11600241_c_glmilitary_d.png,0,
11600245,스파이크 가죽 장갑 (남),11600245,63,59,51,20,18,15,11600219_M_SpikeLeatherGloves.gltf,11600219_c_spikeleathergloves_d.png,11600219_c_spikeleathergloves_d.png,0,
11600247,물 뿜는 고래 장갑 (남),11600247,76,105,181,23,40,79,11600221_M_WhaleGloves.gltf,11600221_c_whalegloves_d.png,11600221_c_whalegloves_c.png,0,
11600248,물 뿜는 고래 장갑 (여),11600248,76,105,181,23,40,79,11600221_M_WhaleGloves.gltf,11600221_c_whalegloves_d.png,11600221_c_whalegloves_c.png,0,
11600249,블루밍 쥬얼 팔찌 (남),11600249,170,47,47,96,19,19,11600223_M_BloomingJewelBracelet.gltf,11600223_c_bloomingjewelbracelet_d.png,11600223_c_bloomingjewelbracelet_c.png,0,
11600250,블루밍 쥬얼 팔찌 (여),11600250,170,47,47,96,19,19,11600224_F_BloomingJewelBracelet.gltf,11600223_c_bloomingjewelbracelet_d.png,11600223_c_bloomingjewelbracelet_c.png,0,
11600251,보석 사탕 반지 (남),11600251,147,226,242,89,153,165,11600225_M_JewelCandy.gltf,11600225_c_jewelcandy_d.png,11600225_c_jewelcandy_c.png,0,
11600252,보석 사탕 반지 (여),11600252,147,226,242,89,153,165,11600226_F_JewelCandy.gltf,11600225_c_jewelcandy_d.png,11600225_c_jewelcandy_c.png,0,
11600253,사우나 열쇠 (남),11600253,62,73,117,27,26,48,11600253_M_GLSaunaKey.gltf,11600253_c_glsaunakey_d.png,11600253_c_glsaunakey_c.png,0,
11600255,오리할콘 장갑 (남),11600255,63,59,51,20,18,15,11600002_M_GLSilverOrihalcon.gltf,11600002_c_glsilverorihalcon_d.png,11600002_c_glsilverorihalcon_d.png,0,
11600256,오리할콘 장갑 (여),11600256,63,59,51,20,18,15,11600002_F_GLSilverOrihalcon.gltf,11600002_c_glsilverorihalcon_d.png,11600002_c_glsilverorihalcon_d.png,0,
11600257,블러드 레퀴엠 장갑 (남),11600257,170,47,47,96,19,19,11600003_M_GLBloodRequiem.gltf,11600003_c_glbloodrequiem_d.png,11600003_c_glbloodrequiem_c.png,0,
11600258,블러드 레퀴엠 장갑 (여),11600258,170,47,47,96,19,19,11600003_F_GLBloodRequiem.gltf,11600003_c_glbloodrequiem_d.png,11600003_c_glbloodrequiem_c.png,0,
11600259,밀리샤 글러브 (남),11600259,63,59,51,20,18,15,11600083_M_GLMilitiaGlove.gltf,11600083_c_glmilitiaglove_d.png,11600083_c_glmilitiaglove_d.png,0,
11600260,밀리샤 글러브 (여),11600260,63,59,51,20,18,15,11600083_F_GLMilitiaGlove.gltf,11600083_c_glmilitiaglove_d.png,11600083_c_glmilitiaglove_d.png,0,
11600261,차이나 글러브 (남),11600261,249,137,77,147,60,20,11600081_M_GLChineseGlove.gltf,11600081_c_glchineseglove_d.png,11600081_c_glchineseglove_c.png,0,
11600262,차이나 글러브 (여),11600262,249,137,77,147,60,20,11600081_F_GLChineseGlove.gltf,11600081_c_glchineseglove_d.png,11600081_c_glchineseglove_c.png,0,
11600263,진열된 전사 장갑,11600004,63,59,51,20,18,15,11600003_F_LittleBoneGauntlet.gltf,11600003_c_littlebonegauntlet_d.png,11600003_c_littlebonegauntlet_c.png,0,
11600264,진열된 마법사 장갑,11600019,63,59,51,20,18,15,11600017_F_Golden.gltf,11600017_c_golden_d.png,11600017_c_golden_c.png,0,
11600265,진열된 궁수 장갑,11600028,63,59,51,20,18,15,11600029_F_Shooting.gltf,11600029_c_shooting_d.png,11600029_c_shooting_c.png,0,
11600266,진열된 도적 장갑,11600010,63,59,51,20,18,15,11600039_F_Redline.gltf,11600039_m_redline_d.png,11600039_m_redline_c.png,0,
11600267,귀중한 전사 장갑,11600100,63,59,51,20,18,15,11600005_F_RollingThunderBlackbone.gltf,11600005_c_rollingthunderblackbone_d.png,11600005_c_rollingthunderblackbone_c.png,0,
11600268,귀중한 마법사 장갑,11600101,63,59,51,20,18,15,11600019_F_AnnStarlight.gltf,11600019_c_annstarlight_d.png,11600019_c_annstarlight_c.png,0,
11600269,귀중한 궁수 장갑,11600102,63,59,51,20,18,15,11600031_F_HelenaHawkEye.gltf,11600031_c_helenahawkeye_d.png,11600031_c_helenahawkeye_c.png,0,
11600270,귀중한 도적 장갑,11600103,63,59,51,20,18,15,11600041_F_SteelStealline.gltf,11600041_m_steelstealline_d.png,11600041_m_steelstealline_c.png,0,
11600271,미들 컬러 네일 (남),11600271,63,59,51,20,18,15,11600271_M_MiddleColor.gltf,11600272_c_middlecolor_d.png,11600272_c_middlecolor_c.png,0,
11600272,미들 컬러 네일 (여),11600272,170,47,47,96,19,19,11600272_F_MiddleColor.gltf,11600272_c_middlecolor_d.png,11600272_c_middlecolor_c.png,0,
11600273,롱 컬러 네일 (남),11600273,63,59,51,20,18,15,11600273_M_LongColor.gltf,11600273_c_longcolor_d.png,11600273_c_longcolor_c.png,0,
11600274,롱 컬러 네일 (여),11600274,255,168,203,205,86,106,11600274_F_LongColor.gltf,11600273_c_longcolor_d.png,11600273_c_longcolor_c.png,0,
11600275,스포츠 시계 (남),11600275,147,226,242,89,153,165,11600275_M_GLSportsWatch.gltf,11600275_c_glsportswatch_d.png,11600275_c_glsportswatch_c.png,0,
11600276,스포츠 시계 (여),11600276,170,47,47,96,19,19,11600276_F_GLSportsWatch.gltf,11600275_c_glsportswatch_d.png,11600275_c_glsportswatch_c.png,0,
11600277,프렌지 글러브 (남),11600277,170,47,47,96,19,19,11600099_M_GLFrenzyGlove.gltf,11600099_c_glfrenzyglove_d.png,11600099_c_glfrenzyglove_c.png,0,
11600278,프렌지 글러브 (여),11600278,170,47,47,96,19,19,11600099_F_GLFrenzyGlove.gltf,11600099_c_glfrenzyglove_d.png,11600099_c_glfrenzyglove_c.png,0,
11600279,아쿠아 글러브 (남),11600279,126,204,247,72,94,168,11600097_M_GLAquaGlove.gltf,11600097_c_glaquaglove_d.png,11600097_c_glaquaglove_c.png,0,
11600280,아쿠아 글러브 (여),11600280,126,204,247,72,94,168,11600097_F_GLAquaGlove.gltf,11600097_c_glaquaglove_d.png,11600097_c_glaquaglove_c.png,0,
11600281,플라이트 글러브 (남),11600281,194,209,96,64,104,54,11600094_M_GLFlightGlove.gltf,11600094_c_glflightglove_d.png,11600094_c_glflightglove_c.png,0,
11600282,플라이트 글러브 (여),11600282,194,209,96,64,104,54,11600094_F_GLFlightGlove.gltf,11600094_c_glflightglove_d.png,11600094_c_glflightglove_c.png,0,
11600283,스터드 글러브 (남),11600283,62,73,117,27,26,48,11600092_M_GLStuddedGlove.gltf,11600092_c_glstuddedglove_d.png,11600092_c_glstuddedglove_c.png,0,
11600284,스터드 글러브 (여),11600284,62,73,117,27,26,48,11600092_F_GLStuddedGlove.gltf,11600092_c_glstuddedglove_d.png,11600092_c_glstuddedglove_c.png,0,
11600286,흉포한 마법사 장갑,11600024,63,59,51,20,18,15,11600022_F_GLStarlightHandGuard.gltf,11600022_c_glstarlighthandguard_d.png,11600022_c_glstarlighthandguard_c.png,0,
11600287,흉포한 궁수 장갑,11600033,63,59,51,20,18,15,11600034_F_BattleScaler.gltf,11600034_c_battlescaler_d.png,11600034_c_battlescaler_c.png,0,
11600288,흉포한 도적 장갑,11600015,63,59,51,20,18,15,11600044_F_GLCrossPirate.gltf,11600044_c_glcrosspirate_d.png,11600044_c_glcrosspirate_c.png,0,
11600289,탐식의 추적자 글러브,11600090,63,59,51,20,18,15,11600090_F_GLChaserGlove.gltf,11600090_c_glchaserglove_d.png,11600090_c_glchaserglove_c.png,0,
11600290,탐식의 스터드 글러브,11600092,63,59,51,20,18,15,11600092_F_GLStuddedGlove.gltf,11600092_c_glstuddedglove_d.png,11600092_c_glstuddedglove_c.png,0,
11600291,탐식의 플라이트 글러브,11600094,63,59,51,20,18,15,11600094_F_GLFlightGlove.gltf,11600094_c_glflightglove_d.png,11600094_c_glflightglove_c.png,0,
11600292,탐식의 시피르 글러브,11600095,63,59,51,20,18,15,11600095_F_GLSurfireGlove.gltf,11600095_c_glsurfireglove_d.png,11600095_c_glsurfireglove_c.png,0,
11600293,탐식의 금룡갑,11600096,63,59,51,20,18,15,11600096_F_GLGoldDragonGlove.gltf,11600096_c_glgolddragonglove_d.png,11600096_c_glgolddragonglove_c.png,0,
11600294,탐식의 아쿠아 글러브,11600097,63,59,51,20,18,15,11600097_F_GLAquaGlove.gltf,11600097_c_glaquaglove_d.png,11600097_c_glaquaglove_c.png,0,
11600295,탐식의 가디언 건틀렛,11600098,63,59,51,20,18,15,11600098_F_GLGuardianGauntlet.gltf,11600098_c_glguardiangauntlet_d.png,11600098_c_glguardiangauntlet_c.png,0,
11600296,탐식의 프렌지 글러브,11600099,63,59,51,20,18,15,11600099_F_GLFrenzyGlove.gltf,11600099_c_glfrenzyglove_d.png,11600099_c_glfrenzyglove_c.png,0,
11600297,어둠의 전사 장갑,11600100,63,59,51,20,18,15,11600005_F_RollingThunderBlackbone.gltf,11600005_c_rollingthunderblackbone_d.png,11600005_c_rollingthunderblackbone_c.png,0,
11600298,어둠의 마법사 장갑,11600101,63,59,51,20,18,15,11600019_F_AnnStarlight.gltf,11600019_c_annstarlight_d.png,11600019_c_annstarlight_c.png,0,
11600299,어둠의 궁수 장갑,11600102,63,59,51,20,18,15,11600031_F_HelenaHawkEye.gltf,11600031_c_helenahawkeye_d.png,11600031_c_helenahawkeye_c.png,0,
11600300,어둠의 도적 장갑,11600103,63,59,51,20,18,15,11600041_F_SteelStealline.gltf,11600041_m_steelstealline_d.png,11600041_m_steelstealline_c.png,0,
11600301,피로스 파드의 장갑,11600096,63,59,51,20,18,15,11600096_F_GLGoldDragonGlove.gltf,11600096_c_glgolddragonglove_d.png,11600096_c_glgolddragonglove_c.png,0,
11600302,마크52 오메가의 장갑,11600098,63,59,51,20,18,15,11600098_F_GLGuardianGauntlet.gltf,11600098_c_glguardiangauntlet_d.png,11600098_c_glguardiangauntlet_c.png,0,
11600303,레이어드 링 (남),11600303,63,59,51,20,18,15,11600303_M_LayeredRing.gltf,11600303_c_layeredring_d.png,11600303_c_layeredring_c.png,0,
11600304,레이어드 링 (여),11600304,63,59,51,20,18,15,11600304_F_LayeredRing.gltf,11600303_c_layeredring_d.png,11600303_c_layeredring_c.png,0,
11600305,옥 반지 (남),11600305,147,226,242,89,153,165,11600305_M_GLJadeRing.gltf,11600305_c_gljadering_d.png,11600305_c_gljadering_c.png,0,
11600306,꽃송이 옥 반지 (여),11600306,255,168,203,205,86,106,11600306_F_GLJadeRing.gltf,11600306_c_gljadering_d.png,11600306_c_gljadering_c.png,0,
11600307,나이티지 리스트 가드 (남),11600307,62,73,117,27,26,48,11600045_M_GLKnightageWristGuard.gltf,11600045_c_glknightagewristguard_d.png,11600045_c_glknightagewristguard_c.png,0,
11600308,나이티지 리스트 가드 (여),11600308,62,73,117,27,26,48,11600045_F_GLKnightageWristGuard.gltf,11600045_c_glknightagewristguard_d.png,11600045_c_glknightagewristguard_c.png,0,
11600309,프로스토 데우스 글러브 (남),11600309,126,204,247,72,94,168,11600048_M_GLProstoDeusGlove.gltf,11600048_c_glprostodeusglove_d.png,11600048_c_glprostodeusglove_c.png,0,
11600310,프로스토 데우스 글러브 (여),11600310,126,204,247,72,94,168,11600048_F_GLProstoDeusGlove.gltf,11600048_c_glprostodeusglove_d.png,11600048_c_glprostodeusglove_c.png,0,
11600311,사지타리우스 카프 글러브 (남),11600311,62,73,117,27,26,48,11600047_M_GLSagittariusCarpglove.gltf,11600047_c_glsagittariuscarpglove_d.png,11600047_c_glsagittariuscarpglove_c.png,0,
11600312,사지타리우스 카프 글러브 (여),11600312,62,73,117,27,26,48,11600047_F_GLSagittariusCarpglove.gltf,11600047_c_glsagittariuscarpglove_d.png,11600047_c_glsagittariuscarpglove_c.png,0,
11600313,다크 스위프트 핸드가드 (남),11600313,63,59,51,20,18,15,11600049_M_GLDarkSwiftHandguard.gltf,11600049_c_gldarkswifthandgaurd_d.png,11600049_c_gldarkswifthandgaurd_d.png,0,
11600314,다크 스위프트 핸드가드 (여),11600314,63,59,51,20,18,15,11600049_F_GLDarkSwiftHandguard.gltf,11600049_c_gldarkswifthandgaurd_d.png,11600049_c_gldarkswifthandgaurd_d.png,0,
11600315,방랑자 장갑 (남),11600315,63,59,51,20,18,15,11600082_M_GLWandererGlove.gltf,11600082_c_glwandererglove_d.png,11600082_c_glwandererglove_d.png,0,
11600316,방랑자 장갑 (여),11600316,63,59,51,20,18,15,11600082_F_GLWandererGlove.gltf,11600082_c_glwandererglove_d.png,11600082_c_glwandererglove_d.png,0,
11600317,포효하는 용사의 전투글러브,11609995,63,59,51,20,18,15,11600005_F_GLSavagery.gltf,11600005_c_glsavagery_d.png,11600005_c_glsavagery_c.png,0,
11600318,포효하는 용사의 마법글러브,11609997,63,59,51,20,18,15,11600003_F_GLBloodRequiem.gltf,11600003_c_glbloodrequiem_d.png,11600003_c_glbloodrequiem_c.png,0,
11600320,포효하는 용사의 혼란글러브,11600036,63,59,51,20,18,15,01600004_F_FunkRaderGloves.gltf,01600003_c_funkradergloves_d.png,01600003_c_funkradergloves_d.png,0,
11600321,소리치는 전사의 장갑,11600004,63,59,51,20,18,15,11600003_F_LittleBoneGauntlet.gltf,11600003_c_littlebonegauntlet_d.png,11600003_c_littlebonegauntlet_c.png,0,
11600322,소리치는 마법사의 장갑,11600019,63,59,51,20,18,15,11600017_F_Golden.gltf,11600017_c_golden_d.png,11600017_c_golden_c.png,0,
11600323,소리치는 궁수의 장갑,11600028,63,59,51,20,18,15,11600029_F_Shooting.gltf,11600029_c_shooting_d.png,11600029_c_shooting_c.png,0,
11600324,소리치는 도적의 장갑,11600010,63,59,51,20,18,15,11600039_F_Redline.gltf,11600039_m_redline_d.png,11600039_m_redline_c.png,0,
11600325,옥 반지 (여),11600325,255,168,203,205,86,106,11600325_F_GLJadeRing.gltf,11600305_c_gljadering_d.png,11600305_c_gljadering_c.png,0,
11600326,꽃송이 옥 반지 (남),11600326,147,226,242,89,153,165,11600326_M_GLJadeRing.gltf,11600306_c_gljadering_d.png,11600306_c_gljadering_c.png,0,
11600327,금박 손 보호대 (여),11600327,63,59,51,20,18,15,11600327_F_GLGoldLine.gltf,11600239_c_glgoldline_d.png,11600239_c_glgoldline_c.png,0,
11600328,나비 반지 (남),11600328,170,47,47,96,19,19,11600328_M_GLButterFlyRing.gltf,11600240_c_glbutterflyring_d.png,11600240_c_glbutterflyring_c.png,0,
11600329,포효하는 용사의 광란글러브,11609995,63,59,51,20,18,15,11600005_F_GLSavagery.gltf,11600005_c_glsavagery_d.png,11600005_c_glsavagery_c.png,0,
11600330,포효하는 용사의 신성글러브,11609997,63,59,51,20,18,15,11600003_F_GLBloodRequiem.gltf,11600003_c_glbloodrequiem_d.png,11600003_c_glbloodrequiem_c.png,0,
11600332,포효하는 용사의 암살글러브,11600036,63,59,51,20,18,15,01600004_F_FunkRaderGloves.gltf,01600003_c_funkradergloves_d.png,01600003_c_funkradergloves_d.png,0,
11600341,홀리 세라핌 완갑 (남),11600341,63,59,51,20,18,15,11600341_M_GLAngelGloves.gltf,11600341_c_glangelgloves_d.png,11600341_c_glangelgloves_d.png,0,
11600342,홀리 세라핌 완갑 (여),11600342,63,59,51,20,18,15,11600342_F_GLAngelGloves.gltf,11600341_c_glangelgloves_d.png,11600341_c_glangelgloves_d.png,0,
11600343,인페르노 완갑 (남),11600343,170,47,47,96,19,19,11600343_M_GLInfernoGloves.gltf,11600343_c_glinfernogloves_d.png,11600343_c_glinfernogloves_c.png,0,
11600344,인페르노 완갑 (여),11600344,170,47,47,96,19,19,11600344_F_GLInfernoGloves.gltf,11600343_c_glinfernogloves_d.png,11600343_c_glinfernogloves_c.png,0,
11600345,그림자술사의 장갑,11600116,63,59,51,20,18,15,11600116_F_GLDevoracGlove.gltf,11600116_c_gldevoracglove_d.png,11600116_c_gldevoracglove_d.png,0,
11600346,매지컬 할로윈 장갑 (남),11600346,63,59,51,20,18,15,11600346_M_GLMagicalHalloween.gltf,11600346_c_glmagicalhalloween_d.png,11600346_c_glmagicalhalloween_d.png,0,
11600347,매지컬 할로윈 장갑 (여),11600347,63,59,51,20,18,15,11600347_F_GLMagicalHalloween.gltf,11600346_c_glmagicalhalloween_d.png,11600346_c_glmagicalhalloween_d.png,0,
11600348,베리언트 워리어즈 글러브,11600348,63,59,51,20,18,15,11600348_F_GLValiant.gltf,11600348_c_glvaliant_d.png,11600348_c_glvaliant_d.png,0,
11600349,플라이트 글러브 (남),11600281,194,209,96,64,104,54,11600094_M_GLFlightGlove.gltf,11600094_c_glflightglove_d.png,11600094_c_glflightglove_c.png,0,
11600350,플라이트 글러브 (여),11600281,194,209,96,64,104,54,11600094_F_GLFlightGlove.gltf,11600094_c_glflightglove_d.png,11600094_c_glflightglove_c.png,0,
11600354,흥정된 마법사 장갑,11600024,63,59,51,20,18,15,11600022_F_GLStarlightHandGuard.gltf,11600022_c_glstarlighthandguard_d.png,11600022_c_glstarlighthandguard_c.png,0,
11600355,흥정된 궁수 장갑,11600033,63,59,51,20,18,15,11600034_F_BattleScaler.gltf,11600034_c_battlescaler_d.png,11600034_c_battlescaler_c.png,0,
11600356,흥정된 도적 장갑,11600015,63,59,51,20,18,15,11600044_F_GLCrossPirate.gltf,11600044_c_glcrosspirate_d.png,11600044_c_glcrosspirate_c.png,0,
11600357,교역된 집중 장갑,11600090,63,59,51,20,18,15,11600090_F_GLChaserGlove.gltf,11600090_c_glchaserglove_d.png,11600090_c_glchaserglove_c.png,0,
11600358,교역된 혼란 장갑,11600092,63,59,51,20,18,15,11600092_F_GLStuddedGlove.gltf,11600092_c_glstuddedglove_d.png,11600092_c_glstuddedglove_c.png,0,
11600359,교역된 포격 장갑,11600094,63,59,51,20,18,15,11600094_F_GLFlightGlove.gltf,11600094_c_glflightglove_d.png,11600094_c_glflightglove_c.png,0,
11600360,교역된 신성 장갑,11600095,63,59,51,20,18,15,11600095_F_GLSurfireGlove.gltf,11600095_c_glsurfireglove_d.png,11600095_c_glsurfireglove_c.png,0,
11600361,교역된 암살 장갑,11600096,63,59,51,20,18,15,11600096_F_GLGoldDragonGlove.gltf,11600096_c_glgolddragonglove_d.png,11600096_c_glgolddragonglove_c.png,0,
11600362,교역된 마법 장갑,11600097,63,59,51,20,18,15,11600097_F_GLAquaGlove.gltf,11600097_c_glaquaglove_d.png,11600097_c_glaquaglove_c.png,0,
11600363,교역된 전투 장갑,11600098,63,59,51,20,18,15,11600098_F_GLGuardianGauntlet.gltf,11600098_c_glguardiangauntlet_d.png,11600098_c_glguardiangauntlet_c.png,0,
11600364,교역된 광란 장갑,11600099,63,59,51,20,18,15,11600099_F_GLFrenzyGlove.gltf,11600099_c_glfrenzyglove_d.png,11600099_c_glfrenzyglove_c.png,0,
11600365,번영의 광란 장갑,11600084,63,59,51,20,18,15,11600084_F_GLSkeletonGlove.gltf,11600084_c_glskeletonglove_d.png,11600084_c_glskeletonglove_c.png,0,
11600366,번영의 포격 장갑,11600085,63,59,51,20,18,15,11600085_F_GLPilotGlove.gltf,11600085_c_glpilotglove_d.png,11600085_c_glpilotglove_c.png,0,
11600367,번영의 전투 장갑,11600086,63,59,51,20,18,15,11600086_F_GLBloodyDuskGauntlet.gltf,11600086_c_glbloodyduskgauntlet_d.png,11600086_c_glbloodyduskgauntlet_c.png,0,
11600368,번영의 신성 장갑,11600087,63,59,51,20,18,15,11600087_F_GLSaviorsGlove.gltf,11600087_c_glsaviorsglove_d.png,11600087_c_glsaviorsglove_c.png,0,
11600370,번영의 암살 장갑,11600089,63,59,51,20,18,15,11600089_F_GLPhantomGlove.gltf,11600089_c_glphantomglove_d.png,11600089_c_glphantomglove_c.png,0,
11600372,번영의 마법 장갑,11600093,63,59,51,20,18,15,11600093_F_GLEnesGlove.gltf,11600093_c_glenesglove_d.png,11600093_c_glenesglove_c.png,0,
11600373,테룬칼리브 보급형 장갑,11600373,63,59,51,20,18,15,11600373_F_GLRuneBlader01.gltf,11600373_c_glruneblader01_d.png,11600373_c_glruneblader01_c.png,0,
11600374,칼리브 명인의 장갑,11600374,63,59,51,20,18,15,11600374_F_GLRuneBlader02.gltf,11600374_c_glruneblader02_d.png,11600375_c_glruneblader03_c.png,0,
11600375,커머스 장갑,11600375,63,59,51,20,18,15,11600375_F_GLRuneBlader03.gltf,11600375_c_glruneblader03_d.png,11600375_c_glruneblader03_c.png,0,
11600376,펠기아 장갑,11600376,63,59,51,20,18,15,11600376_F_GLRuneBlader04.gltf,11600376_c_glruneblader04_d.png,11600376_c_glruneblader04_c.png,0,
11600377,테룬칼리브 고급형 장갑,11600377,63,59,51,20,18,15,11600377_F_GLRuneBlader05.gltf,11600377_c_glruneblader05_d.png,11600377_c_glruneblader05_c.png,0,
11600378,바즈의 장갑,11600378,63,59,51,20,18,15,11600378_F_GLRuneBlader06.gltf,11600378_c_glruneblader06_d.png,11600378_c_glruneblader06_c.png,0,
11600380,어둠에 묻힌 마법사 장갑,11600024,63,59,51,20,18,15,11600022_F_GLStarlightHandGuard.gltf,11600022_c_glstarlighthandguard_d.png,11600022_c_glstarlighthandguard_c.png,0,
11600381,어둠에 묻힌 궁수 장갑,11600033,63,59,51,20,18,15,11600034_F_BattleScaler.gltf,11600034_c_battlescaler_d.png,11600034_c_battlescaler_c.png,0,
11600382,어둠에 묻힌 도적 장갑,11600015,63,59,51,20,18,15,11600044_F_GLCrossPirate.gltf,11600044_c_glcrosspirate_d.png,11600044_c_glcrosspirate_c.png,0,
11600383,어둠에 젖은 전사 장갑,11600004,63,59,51,20,18,15,11600003_F_LittleBoneGauntlet.gltf,11600003_c_littlebonegauntlet_d.png,11600003_c_littlebonegauntlet_c.png,0,
11600384,어둠에 젖은 마법사 장갑,11600019,63,59,51,20,18,15,11600017_F_Golden.gltf,11600017_c_golden_d.png,11600017_c_golden_c.png,0,
11600385,어둠에 젖은 궁수 장갑,11600028,63,59,51,20,18,15,11600029_F_Shooting.gltf,11600029_c_shooting_d.png,11600029_c_shooting_c.png,0,
11600386,어둠에 젖은 도적 장갑,11600010,63,59,51,20,18,15,11600039_F_Redline.gltf,11600039_m_redline_d.png,11600039_m_redline_c.png,0,
11600388,단련된 더블 글러브,11600374,63,59,51,20,18,15,11600374_F_GLRuneBlader02.gltf,11600374_c_glruneblader02_d.png,11600375_c_glruneblader03_c.png,0,
11600389,탐식의 트리밍 글러브,11600375,63,59,51,20,18,15,11600375_F_GLRuneBlader03.gltf,11600375_c_glruneblader03_d.png,11600375_c_glruneblader03_c.png,0,
11600390,새벽의 보이드 글러브,11600376,63,59,51,20,18,15,11600376_F_GLRuneBlader04.gltf,11600376_c_glruneblader04_d.png,11600376_c_glruneblader04_c.png,0,
11600391,검은 불꽃의 데크 글러브,11600377,63,59,51,20,18,15,11600377_F_GLRuneBlader05.gltf,11600377_c_glruneblader05_d.png,11600377_c_glruneblader05_c.png,0,
11600392,루미 드 코르 건틀렛,11600349,63,59,51,20,18,15,11600349_F_GLDragonScalesGauntlet.gltf,11600349_c_gldragonscalesgauntlet_d.png,11600349_c_gldragonscalesgauntlet_c.png,0,
11600393,루미 드 라비에르 건틀렛,11600349,63,59,51,20,18,15,11600349_F_GLDragonScalesGauntlet.gltf,11600349_c_gldragonscalesgauntlet_d.png,11600349_c_gldragonscalesgauntlet_c.png,0,
11600394,루미 드 마기아 아대,11600350,63,59,51,20,18,15,11600350_F_GLAngelicTelaWristGuard.gltf,11600350_c_glangelictelawristguard_d.png,11600350_c_glangelictelawristguard_c.png,0,
11600395,루미 드 데우스 아대,11600350,63,59,51,20,18,15,11600350_F_GLAngelicTelaWristGuard.gltf,11600350_c_glangelictelawristguard_d.png,11600350_c_glangelictelawristguard_c.png,0,
11600396,루미 드 테로 글러브,11600351,63,59,51,20,18,15,11600351_F_GLPadlockCueroGlove.gltf,11600351_c_glpadlockcueroglove_d.png,11600351_c_glpadlockcueroglove_d.png,0,
11600397,루미 드 리브라토 글러브,11600351,63,59,51,20,18,15,11600351_F_GLPadlockCueroGlove.gltf,11600351_c_glpadlockcueroglove_d.png,11600351_c_glpadlockcueroglove_d.png,0,
11600398,루미 드 에레보스 글러브,11600352,63,59,51,20,18,15,11600352_F_GLBuckledStrapGlove.gltf,11600352_c_glbuckledstrapglove_d.png,11600352_c_glbuckledstrapglove_c.png,0,
11600399,루미 드 시카 글러브,11600352,63,59,51,20,18,15,11600352_F_GLBuckledStrapGlove.gltf,11600352_c_glbuckledstrapglove_d.png,11600352_c_glbuckledstrapglove_c.png,0,
11600400,루미 드 폴루스 건틀렛,11600349,63,59,51,20,18,15,11600349_F_GLDragonScalesGauntlet.gltf,11600349_c_gldragonscalesgauntlet_d.png,11600349_c_gldragonscalesgauntlet_c.png,0,
11600401,광포한 전투 장갑,11600962,63,59,51,20,18,15,11600962_F_GLFury.gltf,11600962_c_glfury_d.png,11600962_c_glfury_c.png,0,
11600402,광포한 광란 장갑,11600962,63,59,51,20,18,15,11600962_F_GLFury.gltf,11600962_c_glfury_d.png,11600962_c_glfury_c.png,0,
11600403,광포한 마법 장갑,11600962,63,59,51,20,18,15,11600962_F_GLFury.gltf,11600962_c_glfury_d.png,11600962_c_glfury_c.png,0,
11600404,광포한 신성 장갑,11600962,63,59,51,20,18,15,11600962_F_GLFury.gltf,11600962_c_glfury_d.png,11600962_c_glfury_c.png,0,
11600405,광포한 집중 장갑,11600962,63,59,51,20,18,15,11600962_F_GLFury.gltf,11600962_c_glfury_d.png,11600962_c_glfury_c.png,0,
11600406,광포한 포격 장갑,11600962,63,59,51,20,18,15,11600962_F_GLFury.gltf,11600962_c_glfury_d.png,11600962_c_glfury_c.png,0,
11600407,광포한 혼란 장갑,11600962,63,59,51,20,18,15,11600962_F_GLFury.gltf,11600962_c_glfury_d.png,11600962_c_glfury_c.png,0,
11600408,광포한 암살 장갑,11600962,63,59,51,20,18,15,11600962_F_GLFury.gltf,11600962_c_glfury_d.png,11600962_c_glfury_c.png,0,
11600409,광포한 주술 장갑,11600962,63,59,51,20,18,15,11600962_F_GLFury.gltf,11600962_c_glfury_d.png,11600962_c_glfury_c.png,0,
11600410,극한의 전투 장갑,11600961,63,59,51,20,18,15,11600961_F_GLLimit.gltf,11600961_c_gllimit_d.png,11600961_c_gllimit_c.png,0,
11600411,극한의 광란 장갑,11600961,63,59,51,20,18,15,11600961_F_GLLimit.gltf,11600961_c_gllimit_d.png,11600961_c_gllimit_c.png,0,
11600412,극한의 마법 장갑,11600961,63,59,51,20,18,15,11600961_F_GLLimit.gltf,11600961_c_gllimit_d.png,11600961_c_gllimit_c.png,0,
11600413,극한의 신성 장갑,11600961,63,59,51,20,18,15,11600961_F_GLLimit.gltf,11600961_c_gllimit_d.png,11600961_c_gllimit_c.png,0,
11600414,극한의 집중 장갑,11600961,63,59,51,20,18,15,11600961_F_GLLimit.gltf,11600961_c_gllimit_d.png,11600961_c_gllimit_c.png,0,
11600415,극한의 포격 장갑,11600961,63,59,51,20,18,15,11600961_F_GLLimit.gltf,11600961_c_gllimit_d.png,11600961_c_gllimit_c.png,0,
11600416,극한의 혼란 장갑,11600961,63,59,51,20,18,15,11600961_F_GLLimit.gltf,11600961_c_gllimit_d.png,11600961_c_gllimit_c.png,0,
11600417,극한의 암살 장갑,11600961,63,59,51,20,18,15,11600961_F_GLLimit.gltf,11600961_c_gllimit_d.png,11600961_c_gllimit_c.png,0,
11600418,극한의 주술 장갑,11600961,63,59,51,20,18,15,11600961_F_GLLimit.gltf,11600961_c_gllimit_d.png,11600961_c_gllimit_c.png,0,
11600419,헌티스 크리스파,11600071,63,59,51,20,18,15,11600020_F_GLMageHand.gltf,11600020_c_glmagehand_d.png,11600020_c_glmagehand_c.png,0,
11600420,엠파이어 나이트 완갑,11600420,249,137,77,147,60,20,11600420_F_GLEmpireKnight.gltf,11600420_c_glempireknight_d.png,11600420_c_glempireknight_c.png,0,
11600421,디아볼루스 슬레이어 완갑,11600421,63,59,51,20,18,15,11600421_F_GLDiabolusSlayer.gltf,11600421_c_gldiabolusslayer_d.png,11600421_c_gldiabolusslayer_c.png,0,
11600422,프로즌 이터널 로즈 (남),11600422,63,59,51,20,18,15,11600422_M_GLFrozenEternalRose.gltf,11600422_c_glfrozeneternalrose_d.png,11600422_c_glfrozeneternalrose_d.png,0,
11600423,프로즌 이터널 로즈 (여),11600423,63,59,51,20,18,15,11600423_F_GLFrozenEternalRose.gltf,11600422_c_glfrozeneternalrose_d.png,11600422_c_glfrozeneternalrose_d.png,0,
11600424,롱 스트랩 시계 (남),11600424,62,73,117,27,26,48,11600424_M_GLLongStrap.gltf,11600424_c_gllongstrap_d.png,11600424_c_gllongstrap_c.png,0,
11600425,롱 스트랩 시계 (여),11600425,239,112,145,153,66,82,11600425_F_GLLongStrap.gltf,11600424_c_gllongstrap_d.png,11600424_c_gllongstrap_c.png,0,
11600426,심플 프릴 밴드 (남),11600426,62,73,117,27,26,48,11600426_M_GLFrillBand.gltf,11600427_c_glfrillband_d.png,11600427_c_glfrillband_c.png,0,
11600427,심플 프릴 밴드 (여),11600427,239,112,145,153,66,82,11600427_F_GLFrillBand.gltf,11600427_c_glfrillband_d.png,11600427_c_glfrillband_c.png,0,
11600428,튼튼 전사 장갑,11600001,63,59,51,20,18,15,11600009_F_WornVernon.gltf,11600009_c_wornvernon_d.png,11600009_c_wornvernon_c.png,0,
11600429,튼튼 마법사 장갑,11600016,63,59,51,20,18,15,11600015_F_ThinLemona.gltf,11600015_c_thinlemona_d.png,11600015_c_thinlemona_c.png,0,
11600430,튼튼 궁수 장갑,11600025,63,59,51,20,18,15,11600026_F_BasicMarker.gltf,11600028_c_helenaeagleeye_d.png,11600028_c_helenaeagleeye_c.png,0,
11600431,튼튼 도적 장갑,11600007,63,59,51,20,18,15,11600038_F_BlackEyeGoldline.gltf,11600038_m_blackeyegoldline_d.png,11600038_m_blackeyegoldline_c.png,0,
11600436,러블리 바니 장갑 (남),11600436,255,168,203,205,86,106,11600436_M_GLBannyDoll.gltf,11600436_c_glbannydoll_d.png,11600436_c_glbannydoll_c.png,0,
11600437,러블리 바니 장갑 (여),11600437,255,168,203,205,86,106,11600437_F_GLBannyDoll.gltf,11600436_c_glbannydoll_d.png,11600436_c_glbannydoll_c.png,0,
11600438,이터널 다이아 링 (남),11600438,126,204,247,72,94,168,11600438_M_GLEternalDiamondRing.gltf,11600438_c_gleternaldiamondring_d.png,11600438_c_gleternaldiamondring_c.png,0,
11600439,이터널 다이아 링 (여),11600439,126,204,247,72,94,168,11600439_F_GLEternalDiamondRing.gltf,11600438_c_gleternaldiamondring_d.png,11600438_c_gleternaldiamondring_c.png,0,
11600440,아크 엔젤 크리스탈 링 (남),11600440,63,59,51,20,18,15,11600440_M_GLArkAngelRing.gltf,11600440_c_glarkangelring_d.png,11600440_c_glarkangelring_c.png,0,
11600441,아크 엔젤 크리스탈 링 (여),11600441,63,59,51,20,18,15,11600441_F_GLArkAngelRing.gltf,11600440_c_glarkangelring_d.png,11600440_c_glarkangelring_c.png,0,
11600442,크래비 집게,11600442,63,59,51,20,18,15,11600442_F_GLCrabHand.gltf,11600442_c_glcrabhand_d.png,11600442_c_glcrabhand_d.png,0,
11600443,크래비 집게,11600442,63,59,51,20,18,15,11600442_F_GLCrabHand.gltf,11600442_c_glcrabhand_d.png,11600442_c_glcrabhand_d.png,0,
11600444,크래비 집게,11600442,63,59,51,20,18,15,11600442_F_GLCrabHand.gltf,11600442_c_glcrabhand_d.png,11600442_c_glcrabhand_d.png,0,
11600457,이끌림의 고급 장갑,11600031,63,59,51,20,18,15,11600032_F_LeatherScaler.gltf,11600032_c_leatherscaler_d.png,11600032_c_leatherscaler_c.png,0,
11600458,고요한 전투 장갑,11609995,63,59,51,20,18,15,11600005_F_GLSavagery.gltf,11600005_c_glsavagery_d.png,11600005_c_glsavagery_c.png,0,
11600459,고요한 광란 장갑,11609995,63,59,51,20,18,15,11600005_F_GLSavagery.gltf,11600005_c_glsavagery_d.png,11600005_c_glsavagery_c.png,0,
11600460,고요한 마법 장갑,11609997,63,59,51,20,18,15,11600003_F_GLBloodRequiem.gltf,11600003_c_glbloodrequiem_d.png,11600003_c_glbloodrequiem_c.png,0,
11600461,고요한 신성 장갑,11609997,63,59,51,20,18,15,11600003_F_GLBloodRequiem.gltf,11600003_c_glbloodrequiem_d.png,11600003_c_glbloodrequiem_c.png,0,
11600464,고요한 혼란 장갑,11600036,63,59,51,20,18,15,01600004_F_FunkRaderGloves.gltf,01600003_c_funkradergloves_d.png,01600003_c_funkradergloves_d.png,0,
11600465,고요한 암살 장갑,11600036,63,59,51,20,18,15,01600004_F_FunkRaderGloves.gltf,01600003_c_funkradergloves_d.png,01600003_c_funkradergloves_d.png,0,
11600466,고요한 주술 장갑,11609995,63,59,51,20,18,15,11600005_F_GLSavagery.gltf,11600005_c_glsavagery_d.png,11600005_c_glsavagery_c.png,0,
11600467,적막한 전투 장갑,11600420,63,59,51,20,18,15,11600420_F_GLEmpireKnight.gltf,11600420_c_glempireknight_d.png,11600420_c_glempireknight_c.png,0,
11600468,적막한 광란 장갑,11600420,63,59,51,20,18,15,11600420_F_GLEmpireKnight.gltf,11600420_c_glempireknight_d.png,11600420_c_glempireknight_c.png,0,
11600469,적막한 마법 장갑,11600420,63,59,51,20,18,15,11600420_F_GLEmpireKnight.gltf,11600420_c_glempireknight_d.png,11600420_c_glempireknight_c.png,0,
11600470,적막한 신성 장갑,11600420,63,59,51,20,18,15,11600420_F_GLEmpireKnight.gltf,11600420_c_glempireknight_d.png,11600420_c_glempireknight_c.png,0,
11600471,적막한 집중 장갑,11600420,63,59,51,20,18,15,11600420_F_GLEmpireKnight.gltf,11600420_c_glempireknight_d.png,11600420_c_glempireknight_c.png,0,
11600472,적막한 포격 장갑,11600420,63,59,51,20,18,15,11600420_F_GLEmpireKnight.gltf,11600420_c_glempireknight_d.png,11600420_c_glempireknight_c.png,0,
11600473,적막한 혼란 장갑,11600420,63,59,51,20,18,15,11600420_F_GLEmpireKnight.gltf,11600420_c_glempireknight_d.png,11600420_c_glempireknight_c.png,0,
11600474,적막한 암살 장갑,11600420,63,59,51,20,18,15,11600420_F_GLEmpireKnight.gltf,11600420_c_glempireknight_d.png,11600420_c_glempireknight_c.png,0,
11600475,적막한 주술 장갑,11600420,63,59,51,20,18,15,11600420_F_GLEmpireKnight.gltf,11600420_c_glempireknight_d.png,11600420_c_glempireknight_c.png,0,
11600476,이프리트 크리스탈 링 (남),11600476,63,59,51,20,18,15,11600476_M_GLIfritCrystal.gltf,11600477_f_glifritcrystal_d.png,11600477_f_glifritcrystal_d.png,0,
11600477,이프리트 크리스탈 링 (여),11600477,63,59,51,20,18,15,11600477_F_GLIfritCrystal.gltf,11600477_f_glifritcrystal_d.png,11600477_f_glifritcrystal_d.png,0,
11600479,어둠을 헤친 마법사 장갑,11600024,63,59,51,20,18,15,11600022_F_GLStarlightHandGuard.gltf,11600022_c_glstarlighthandguard_d.png,11600022_c_glstarlighthandguard_c.png,0,
11600480,어둠을 헤친 궁수 장갑,11600033,63,59,51,20,18,15,11600034_F_BattleScaler.gltf,11600034_c_battlescaler_d.png,11600034_c_battlescaler_c.png,0,
11600481,어둠을 헤친 도적 장갑,11600015,63,59,51,20,18,15,11600044_F_GLCrossPirate.gltf,11600044_c_glcrosspirate_d.png,11600044_c_glcrosspirate_c.png,0,
11600482,해피 슬라임 반지,11600482,126,204,247,72,94,168,11600482_F_GLSlimeRing.gltf,11600482_c_glslimering_d.png,11600482_c_glslimering_c.png,0,
11600493,아련한 그리움의 마법사 장갑,11600024,63,59,51,20,18,15,11600022_F_GLStarlightHandGuard.gltf,11600022_c_glstarlighthandguard_d.png,11600022_c_glstarlighthandguard_c.png,0,
11600494,아련한 그리움의 궁수 장갑,11600033,63,59,51,20,18,15,11600034_F_BattleScaler.gltf,11600034_c_battlescaler_d.png,11600034_c_battlescaler_c.png,0,
11600495,아련한 그리움의 도적 장갑,11600015,63,59,51,20,18,15,11600044_F_GLCrossPirate.gltf,11600044_c_glcrosspirate_d.png,11600044_c_glcrosspirate_c.png,0,
11600497,창파오 팔찌 (남),11600497,170,47,47,96,19,19,11600497_M_GLChinaUserEvent01.gltf,11600496_c_glchinauserevent01_d.png,11600496_c_glchinauserevent01_c.png,0,
11600498,츄츄 방울 리본 (남),11600498,63,59,51,20,18,15,11600498_M_GLRibbonBellRing.gltf,11600498_c_glribbonbellring_d.png,11600498_c_glribbonbellring_c.png,0,
11600499,츄츄 방울 리본 (여),11600499,239,112,145,153,66,82,11600499_F_GLRibbonBellRing.gltf,11600498_c_glribbonbellring_d.png,11600498_c_glribbonbellring_c.png,0,
11600500,앙큼 바니 밴드 (남),11600500,63,59,51,20,18,15,11600500_M_GLSlyBunnyStrap.gltf,11600500_c_glslybunnystrap_d.png,11600500_c_glslybunnystrap_c.png,0,
11600501,앙큼 바니 밴드 (여),11600501,239,112,145,153,66,82,11600501_F_GLSlyBunnyStrap.gltf,11600500_c_glslybunnystrap_d.png,11600500_c_glslybunnystrap_c.png,0,
11600502,무딘 격투 장갑,11600483,63,59,51,20,18,15,11600483_F_GLFighter01.gltf,11600483_c_glfighter01_d.png,11600485_c_glfighter03_c.png,0,
11600503,기초 격투 장갑,11600483,63,59,51,20,18,15,11600483_F_GLFighter01.gltf,11600483_c_glfighter01_d.png,11600485_c_glfighter03_c.png,0,
11600504,기초 무투 장갑,11600484,63,59,51,20,18,15,11600484_F_GLFighter02.gltf,11600484_c_glfighter02_d.png,11600485_c_glfighter03_c.png,0,
11600505,기초 사투 장갑,11600485,63,59,51,20,18,15,11600485_F_GLFighter03.gltf,11600485_c_glfighter03_d.png,11600485_c_glfighter03_c.png,0,
11600506,초급 격투 장갑,11600486,63,59,51,20,18,15,11600486_F_GLFighter04.gltf,11600486_c_glfighter04_d.png,11600486_c_glfighter04_c.png,0,
11600507,초급 무투 장갑,11600487,63,59,51,20,18,15,11600487_F_GLFighter05.gltf,11600487_c_glfighter05_d.png,11600487_c_glfighter05_c.png,0,
11600508,초급 사투 장갑,11600488,63,59,51,20,18,15,11600488_F_GLFighter06.gltf,11600488_c_glfighter06_d.png,11600488_c_glfighter06_c.png,0,
11600509,중급 격투 장갑,11600489,63,59,51,20,18,15,11600489_F_GLFighter07.gltf,11600489_c_glfighter07_d.png,11600489_c_glfighter07_c.png,0,
11600510,중급 무투 장갑,11600490,63,59,51,20,18,15,11600490_F_GLFighter08.gltf,11600490_c_glfighter08_d.png,11600490_c_glfighter08_c.png,0,
11600511,중급 사투 장갑,11600491,63,59,51,20,18,15,11600491_F_GLFighter09.gltf,11600491_c_glfighter09_d.png,11600491_c_glfighter09_c.png,0,
11600512,숙련 격투 장갑,11600484,63,59,51,20,18,15,11600484_F_GLFighter02.gltf,11600484_c_glfighter02_d.png,11600485_c_glfighter03_c.png,0,
11600513,숙련 무투 장갑,11600485,63,59,51,20,18,15,11600485_F_GLFighter03.gltf,11600485_c_glfighter03_d.png,11600485_c_glfighter03_c.png,0,
11600514,숙련 사투 장갑,11600487,63,59,51,20,18,15,11600487_F_GLFighter05.gltf,11600487_c_glfighter05_d.png,11600487_c_glfighter05_c.png,0,
11600515,상급 격투 장갑,11600488,63,59,51,20,18,15,11600488_F_GLFighter06.gltf,11600488_c_glfighter06_d.png,11600488_c_glfighter06_c.png,0,
11600516,상급 무투 장갑,11600489,63,59,51,20,18,15,11600489_F_GLFighter07.gltf,11600489_c_glfighter07_d.png,11600489_c_glfighter07_c.png,0,
11600517,상급 사투 장갑,11600490,63,59,51,20,18,15,11600490_F_GLFighter08.gltf,11600490_c_glfighter08_d.png,11600490_c_glfighter08_c.png,0,
11600518,고급 격투 장갑,11600491,63,59,51,20,18,15,11600491_F_GLFighter09.gltf,11600491_c_glfighter09_d.png,11600491_c_glfighter09_c.png,0,
11600525,거대 격투가 장갑,11600483,63,59,51,20,18,15,11600483_F_GLFighter01.gltf,11600483_c_glfighter01_d.png,11600485_c_glfighter03_c.png,0,
11600526,강력한 격투가 장갑,11600484,63,59,51,20,18,15,11600484_F_GLFighter02.gltf,11600484_c_glfighter02_d.png,11600485_c_glfighter03_c.png,0,
11600527,광선의 격투가 장갑,11600485,63,59,51,20,18,15,11600485_F_GLFighter03.gltf,11600485_c_glfighter03_d.png,11600485_c_glfighter03_c.png,0,
11600528,경량의 격투가 장갑,11600486,63,59,51,20,18,15,11600486_F_GLFighter04.gltf,11600486_c_glfighter04_d.png,11600486_c_glfighter04_c.png,0,
11600529,견고한 격투가 장갑,11600487,63,59,51,20,18,15,11600487_F_GLFighter05.gltf,11600487_c_glfighter05_d.png,11600487_c_glfighter05_c.png,0,
11600530,야수의 격투가 장갑,11600488,63,59,51,20,18,15,11600488_F_GLFighter06.gltf,11600488_c_glfighter06_d.png,11600488_c_glfighter06_c.png,0,
11600531,광석의 격투가 장갑,11600489,63,59,51,20,18,15,11600489_F_GLFighter07.gltf,11600489_c_glfighter07_d.png,11600489_c_glfighter07_c.png,0,
11600532,거구의 격투가 장갑,11600490,63,59,51,20,18,15,11600490_F_GLFighter08.gltf,11600490_c_glfighter08_d.png,11600490_c_glfighter08_c.png,0,
11600533,짐승의 격투가 장갑,11600490,63,59,51,20,18,15,11600490_F_GLFighter08.gltf,11600490_c_glfighter08_d.png,11600490_c_glfighter08_c.png,0,
11600534,야생의 격투가 장갑,11600491,63,59,51,20,18,15,11600491_F_GLFighter09.gltf,11600491_c_glfighter09_d.png,11600491_c_glfighter09_c.png,0,
11600535,단련된 격투가 장갑,11600491,63,59,51,20,18,15,11600491_F_GLFighter09.gltf,11600491_c_glfighter09_d.png,11600491_c_glfighter09_c.png,0,
11600536,흉포한 격투가 장갑,11600488,63,59,51,20,18,15,11600488_F_GLFighter06.gltf,11600488_c_glfighter06_d.png,11600488_c_glfighter06_c.png,0,
11600537,탐식의 격투가 장갑,11600491,63,59,51,20,18,15,11600491_F_GLFighter09.gltf,11600491_c_glfighter09_d.png,11600491_c_glfighter09_c.png,0,
11600538,새벽의 격투 장갑,11600445,63,59,51,20,18,15,11600445_F_GLStriker01.gltf,11600445_c_glstriker01_d.png,11600445_c_glstriker01_c.png,0,
11600539,검은 불꽃의 격투 장갑,11600448,63,59,51,20,18,15,11600448_F_GLStriker04.gltf,11600448_c_glstriker04_d.png,11600448_c_glstriker04_c.png,0,
11600540,아련한 그리움의 격투 장갑,11600485,63,59,51,20,18,15,11600485_F_GLFighter03.gltf,11600485_c_glfighter03_d.png,11600485_c_glfighter03_c.png,0,
11600541,어둠의 격투 장갑,11600485,63,59,51,20,18,15,11600485_F_GLFighter03.gltf,11600485_c_glfighter03_d.png,11600485_c_glfighter03_c.png,0,
11600542,흥정된 격투 장갑,11600485,63,59,51,20,18,15,11600485_F_GLFighter03.gltf,11600485_c_glfighter03_d.png,11600485_c_glfighter03_c.png,0,
11600544,튼튼 격투 장갑,11600483,63,59,51,20,18,15,11600483_F_GLFighter01.gltf,11600483_c_glfighter01_d.png,11600485_c_glfighter03_c.png,0,
11600545,광포한 난투 장갑,11600962,63,59,51,20,18,15,11600962_F_GLFury.gltf,11600962_c_glfury_d.png,11600962_c_glfury_c.png,0,
11600546,극한의 난투 장갑,11600961,63,59,51,20,18,15,11600961_F_GLLimit.gltf,11600961_c_gllimit_d.png,11600961_c_gllimit_c.png,0,
11600547,고요한 난투 장갑,11600485,63,59,51,20,18,15,11600485_F_GLFighter03.gltf,11600485_c_glfighter03_d.png,11600485_c_glfighter03_c.png,0,
11600548,적막한 난투 장갑,11600420,63,59,51,20,18,15,11600420_F_GLEmpireKnight.gltf,11600420_c_glempireknight_d.png,11600420_c_glempireknight_c.png,0,
11600549,어둠에 묻힌 격투가 장갑,11600488,63,59,51,20,18,15,11600488_F_GLFighter06.gltf,11600488_c_glfighter06_d.png,11600488_c_glfighter06_c.png,0,
11600550,어둠을 헤친 격투가 장갑,11600488,63,59,51,20,18,15,11600488_F_GLFighter06.gltf,11600488_c_glfighter06_d.png,11600488_c_glfighter06_c.png,0,
11600551,어둠에 젖은 격투가 장갑,11600491,63,59,51,20,18,15,11600491_F_GLFighter09.gltf,11600491_c_glfighter09_d.png,11600491_c_glfighter09_c.png,0,
11600552,루미 드 마누스 장갑,11600450,63,59,51,20,18,15,11600450_F_GLStriker06.gltf,11600450_c_glstriker06_d.png,11600450_c_glstriker06_c.png,0,
11600553,한 주먹 장갑,11600484,63,59,51,20,18,15,11600484_F_GLFighter02.gltf,11600484_c_glfighter02_d.png,11600485_c_glfighter03_c.png,0,
11600554,검은 별 가죽 장갑,11600485,63,59,51,20,18,15,11600485_F_GLFighter03.gltf,11600485_c_glfighter03_d.png,11600485_c_glfighter03_c.png,0,
11600555,뒷골목 형제의 장갑,11600486,63,59,51,20,18,15,11600486_F_GLFighter04.gltf,11600486_c_glfighter04_d.png,11600486_c_glfighter04_c.png,0,
11600556,블랙 스톤 장식 장갑,11600487,63,59,51,20,18,15,11600487_F_GLFighter05.gltf,11600487_c_glfighter05_d.png,11600487_c_glfighter05_c.png,0,
11600557,잿빛 격투 장갑,11600488,63,59,51,20,18,15,11600488_F_GLFighter06.gltf,11600488_c_glfighter06_d.png,11600488_c_glfighter06_c.png,0,
11600558,(이벤트) 이끌림의 고급 장갑,11600031,63,59,51,20,18,15,11600032_F_LeatherScaler.gltf,11600032_c_leatherscaler_d.png,11600032_c_leatherscaler_c.png,0,
11600576,푸에르 프릴 장갑 (남),11600576,170,47,47,96,19,19,11600576_M_GLKnotGloves.gltf,11600576_c_glknotgloves_d.png,11600576_c_glknotgloves_c.png,0,
11600577,푸엘라 프릴 장갑 (여),11600577,170,47,47,96,19,19,11600577_F_GLKnotGloves.gltf,11600576_c_glknotgloves_d.png,11600576_c_glknotgloves_c.png,0,
11600579,단련된 기공사 장갑,11600491,63,59,51,20,18,15,11600491_F_GLFighter09.gltf,11600491_c_glfighter09_d.png,11600491_c_glfighter09_c.png,0,
11600580,탐식의 기공사 장갑,11600491,63,59,51,20,18,15,11600491_F_GLFighter09.gltf,11600491_c_glfighter09_d.png,11600491_c_glfighter09_c.png,0,
11600581,새벽의 기공 장갑,11600451,63,59,51,20,18,15,11600451_F_GLSoulbinder01.gltf,11600451_c_glsoulbinder01_d.png,11600451_c_glsoulbinder01_c.png,0,
11600582,검은 불꽃의 기공 장갑,11600454,63,59,51,20,18,15,11600454_F_GLSoulbinder04.gltf,11600454_c_glsoulbinder04_d.png,11600454_c_glsoulbinder04_c.png,0,
11600584,광포한 의식 장갑,11600962,63,59,51,20,18,15,11600962_F_GLFury.gltf,11600962_c_glfury_d.png,11600962_c_glfury_c.png,0,
11600585,극한의 의식 장갑,11600961,63,59,51,20,18,15,11600961_F_GLLimit.gltf,11600961_c_gllimit_d.png,11600961_c_gllimit_c.png,0,
11600586,고요한 의식 장갑,11600485,63,59,51,20,18,15,11600485_F_GLFighter03.gltf,11600485_c_glfighter03_d.png,11600485_c_glfighter03_c.png,0,
11600587,적막한 의식 장갑,11600420,63,59,51,20,18,15,11600420_F_GLEmpireKnight.gltf,11600420_c_glempireknight_d.png,11600420_c_glempireknight_c.png,0,
11600588,루미 드 애니마르 장갑,11600456,63,59,51,20,18,15,11600456_F_GLSoulbinder06.gltf,11600456_c_glsoulbinder06_d.png,11600456_c_glsoulbinder06_c.png,0,
11600589,수련자의 장갑,11600484,63,59,51,20,18,15,11600484_F_GLFighter02.gltf,11600484_c_glfighter02_d.png,11600485_c_glfighter03_c.png,0,
11600590,수행자의 장갑,11600485,63,59,51,20,18,15,11600485_F_GLFighter03.gltf,11600485_c_glfighter03_d.png,11600485_c_glfighter03_c.png,0,
11600591,너울빛 장갑,11600486,63,59,51,20,18,15,11600486_F_GLFighter04.gltf,11600486_c_glfighter04_d.png,11600486_c_glfighter04_c.png,0,
11600592,어스름 달빛 장갑,11600487,63,59,51,20,18,15,11600487_F_GLFighter05.gltf,11600487_c_glfighter05_d.png,11600487_c_glfighter05_c.png,0,
11600593,고요한 새벽의 장갑,11600488,63,59,51,20,18,15,11600488_F_GLFighter06.gltf,11600488_c_glfighter06_d.png,11600488_c_glfighter06_c.png,0,
11600594,헬 크로스 밴드 (남),11600594,170,47,47,96,19,19,11600594_M_GLVampire.gltf,11600594_m_glvampire_d.png,11600594_m_glvampire_c.png,0,
11600595,헬 크로스 밴드 (여),11600595,170,47,47,96,19,19,11600595_F_GLVampire.gltf,11600595_f_glvampire_d.png,11600595_f_glvampire_c.png,0,
11600596,나르바샨의 전투 장갑,11600432,63,59,51,20,18,15,11600432_F_GLWarriorClassSetGloves01.gltf,11600432_c_glwarriorclasssetgloves01_d.png,11600432_c_glwarriorclasssetgloves01_c.png,0,
11600597,나르바샨의 광란 장갑,11600432,63,59,51,20,18,15,11600432_F_GLWarriorClassSetGloves01.gltf,11600432_c_glwarriorclasssetgloves01_d.png,11600432_c_glwarriorclasssetgloves01_c.png,0,
11600598,나르바샨의 마법 장갑,11600433,63,59,51,20,18,15,11600433_F_GLMageClassSetGloves01.gltf,11600433_c_glmageclasssetgloves01_d.png,11600433_c_glmageclasssetgloves01_c.png,0,
11600599,나르바샨의 신성 장갑,11600433,63,59,51,20,18,15,11600433_F_GLMageClassSetGloves01.gltf,11600433_c_glmageclasssetgloves01_d.png,11600433_c_glmageclasssetgloves01_c.png,0,
11600600,나르바샨의 집중 장갑,11600434,63,59,51,20,18,15,11600434_F_GLHunterClassSetGloves01.gltf,11600434_c_glhunterclasssetgloves01_d.png,11600434_c_glhunterclasssetgloves01_c.png,0,
11600601,나르바샨의 포격 장갑,11600434,63,59,51,20,18,15,11600434_F_GLHunterClassSetGloves01.gltf,11600434_c_glhunterclasssetgloves01_d.png,11600434_c_glhunterclasssetgloves01_c.png,0,
11600602,나르바샨의 혼란 장갑,11600435,63,59,51,20,18,15,11600435_F_GLBrigandClassSetGloves01.gltf,11600435_c_glbrigandclasssetgloves01_d.png,11600435_c_glbrigandclasssetgloves01_c.png,0,
11600603,나르바샨의 암살 장갑,11600435,63,59,51,20,18,15,11600435_F_GLBrigandClassSetGloves01.gltf,11600435_c_glbrigandclasssetgloves01_d.png,11600435_c_glbrigandclasssetgloves01_c.png,0,
11600604,나르바샨의 주술 장갑,11600432,63,59,51,20,18,15,11600432_F_GLWarriorClassSetGloves01.gltf,11600432_c_glwarriorclasssetgloves01_d.png,11600432_c_glwarriorclasssetgloves01_c.png,0,
11600605,나르바샨의 난투 장갑,11600575,63,59,51,20,18,15,11600575_F_GLFighter10.gltf,11600575_c_glfighter10_d.png,11600575_c_glfighter10_c.png,0,
11600606,나르바샨의 의식 장갑,11600575,63,59,51,20,18,15,11600575_F_GLFighter10.gltf,11600575_c_glfighter10_d.png,11600575_c_glfighter10_c.png,0,
11600607,맹렬한 전투 장갑,11600086,63,59,51,20,18,15,11600086_F_GLBloodyDuskGauntlet.gltf,11600086_c_glbloodyduskgauntlet_d.png,11600086_c_glbloodyduskgauntlet_c.png,0,
11600608,맹렬한 광란 장갑,11600050,63,59,51,20,18,15,11600050_F_GLDementedGlove.gltf,11600050_c_gldementedglove_d.png,11600050_c_gldementedglove_c.png,0,
11600609,맹렬한 마법 장갑,11600097,63,59,51,20,18,15,11600097_F_GLAquaGlove.gltf,11600097_c_glaquaglove_d.png,11600097_c_glaquaglove_c.png,0,
11600610,맹렬한 신성 장갑,11600095,63,59,51,20,18,15,11600095_F_GLSurfireGlove.gltf,11600095_c_glsurfireglove_d.png,11600095_c_glsurfireglove_c.png,0,
11600611,맹렬한 집중 장갑,11600090,63,59,51,20,18,15,11600090_F_GLChaserGlove.gltf,11600090_c_glchaserglove_d.png,11600090_c_glchaserglove_c.png,0,
11600612,맹렬한 포격 장갑,11600094,63,59,51,20,18,15,11600094_F_GLFlightGlove.gltf,11600094_c_glflightglove_d.png,11600094_c_glflightglove_c.png,0,
11600613,맹렬한 혼란 장갑,11600092,63,59,51,20,18,15,11600092_F_GLStuddedGlove.gltf,11600092_c_glstuddedglove_d.png,11600092_c_glstuddedglove_c.png,0,
11600614,맹렬한 암살 장갑,11600089,63,59,51,20,18,15,11600089_F_GLPhantomGlove.gltf,11600089_c_glphantomglove_d.png,11600089_c_glphantomglove_c.png,0,
11600615,맹렬한 주술 장갑,11600375,63,59,51,20,18,15,11600375_F_GLRuneBlader03.gltf,11600375_c_glruneblader03_d.png,11600375_c_glruneblader03_c.png,0,
11600616,맹렬한 난투 장갑,11600447,63,59,51,20,18,15,11600447_F_GLStriker03.gltf,11600447_c_glstriker03_d.png,11600447_c_glstriker03_c.png,0,
11600617,맹렬한 의식 장갑,11600453,63,59,51,20,18,15,11600453_F_GLSoulbinder03.gltf,11600453_c_glsoulbinder03_d.png,11600453_c_glsoulbinder03_c.png,0,
11600618,침묵하는 전투 장갑,11600421,63,59,51,20,18,15,11600421_F_GLDiabolusSlayer.gltf,11600421_c_gldiabolusslayer_d.png,11600421_c_gldiabolusslayer_c.png,0,
11600619,침묵하는 광란 장갑,11600421,63,59,51,20,18,15,11600421_F_GLDiabolusSlayer.gltf,11600421_c_gldiabolusslayer_d.png,11600421_c_gldiabolusslayer_c.png,0,
11600620,침묵하는 마법 장갑,11600421,63,59,51,20,18,15,11600421_F_GLDiabolusSlayer.gltf,11600421_c_gldiabolusslayer_d.png,11600421_c_gldiabolusslayer_c.png,0,
11600621,침묵하는 신성 장갑,11600421,63,59,51,20,18,15,11600421_F_GLDiabolusSlayer.gltf,11600421_c_gldiabolusslayer_d.png,11600421_c_gldiabolusslayer_c.png,0,
11600622,침묵하는 집중 장갑,11600421,63,59,51,20,18,15,11600421_F_GLDiabolusSlayer.gltf,11600421_c_gldiabolusslayer_d.png,11600421_c_gldiabolusslayer_c.png,0,
11600623,침묵하는 포격 장갑,11600421,63,59,51,20,18,15,11600421_F_GLDiabolusSlayer.gltf,11600421_c_gldiabolusslayer_d.png,11600421_c_gldiabolusslayer_c.png,0,
11600624,침묵하는 혼란 장갑,11600421,63,59,51,20,18,15,11600421_F_GLDiabolusSlayer.gltf,11600421_c_gldiabolusslayer_d.png,11600421_c_gldiabolusslayer_c.png,0,
11600625,침묵하는 암살 장갑,11600421,63,59,51,20,18,15,11600421_F_GLDiabolusSlayer.gltf,11600421_c_gldiabolusslayer_d.png,11600421_c_gldiabolusslayer_c.png,0,
11600626,침묵하는 주술 장갑,11600421,63,59,51,20,18,15,11600421_F_GLDiabolusSlayer.gltf,11600421_c_gldiabolusslayer_d.png,11600421_c_gldiabolusslayer_c.png,0,
11600627,침묵하는 난투 장갑,11600421,63,59,51,20,18,15,11600421_F_GLDiabolusSlayer.gltf,11600421_c_gldiabolusslayer_d.png,11600421_c_gldiabolusslayer_c.png,0,
11600628,침묵하는 의식 장갑,11600421,63,59,51,20,18,15,11600421_F_GLDiabolusSlayer.gltf,11600421_c_gldiabolusslayer_d.png,11600421_c_gldiabolusslayer_c.png,0,
11600631,시크 스타츠 시계 (남),11600631,63,59,51,20,18,15,11600631_M_GLStartz.gltf,11600631_m_glstartz_d.png,11600631_m_glstartz_c.png,0,
11600632,섹시 오필리아 장갑 (여),11600632,62,73,117,27,26,48,11600632_F_GLOphelia.gltf,11600632_f_glophelia_d.png,11600632_f_glophelia_c.png,0,
11600633,시크 스타츠 시계 (남),11600631,63,59,51,20,18,15,11600631_M_GLStartz.gltf,11600631_m_glstartz_d.png,11600631_m_glstartz_c.png,0,
11600634,메리메리 스노우 맨 링 (남),11600634,170,47,47,96,19,19,11600634_M_GLChristmas01.gltf,11600634_m_glchristmas01_d.png,11600634_m_glchristmas01_c.png,0,
11600635,메리메리 스노우 맨 글러브 (여),11600635,170,47,47,96,19,19,11600635_F_GLChristmas01.gltf,11600635_f_glchristmas01_d.png,11600635_f_glchristmas01_c.png,0,
11600636,금빛 정복자 장갑,11600636,76,105,181,23,40,79,11600636_F_GLChaosRaid01.gltf,11600636_c_glchaosraid01_d.png,11600636_c_glchaosraid01_c.png,0,
11600637,탐험 전문가 장갑,11600637,214,147,100,186,113,50,11600637_F_GLMapGoal.gltf,11600637_c_glmapgoal_d.png,11600637_c_glmapgoal_c.png,0,
11600638,냥냥 줄무늬 고양이 손,11600638,63,59,51,20,18,15,11600638_F_GLGrayStripedCat.gltf,11600639_c_glgraystripedcat_d.png,11600639_c_glgraystripedcat_d.png,0,
11600639,섹시 오필리아 장갑 (여),11600632,62,73,117,27,26,48,11600632_F_GLOphelia.gltf,11600632_f_glophelia_d.png,11600632_f_glophelia_c.png,0,
11600640,냥냥 점박이 고양이 손,11600640,63,59,51,20,18,15,11600640_F_GL3ColorsCat.gltf,11600641_c_gl3colorscat_d.png,11600641_c_gl3colorscat_d.png,0,
11600642,냥냥 얼룩 고양이 손,11600642,63,59,51,20,18,15,11600642_F_GLLeopardCat.gltf,11600643_c_glleopardcat_d.png,11600643_c_glleopardcat_d.png,0,
11600644,폼폼 냥이 반지 (남),11600644,244,189,88,163,121,39,11600644_M_GLPajamas01.gltf,11600644_c_glpajamas01_d.png,11600644_c_glpajamas01_c.png,0,
11600645,폼폼 냥이 반지 (여),11600645,244,189,88,163,121,39,11600645_F_GLPajamas01.gltf,11600644_c_glpajamas01_d.png,11600644_c_glpajamas01_c.png,0,
11600646,행복한 루돌프 장갑,11600646,63,59,51,20,18,15,11600646_F_GLRudolph01.gltf,11600646_c_glrudolph01_d.png,11600646_c_glrudolph01_d.png,0,
11600658,냥냥 얼룩 고양이 손 (3일),11600642,63,59,51,20,18,15,11600642_F_GLLeopardCat.gltf,11600643_c_glleopardcat_d.png,11600643_c_glleopardcat_d.png,0,
11600659,삐약삐약 노란 병아리 손,11600659,63,59,51,20,18,15,11600659_F_GLChick.gltf,11600659_c_glchick_d.png,11600659_c_glchick_d.png,0,
11600660,베르크 핸드브레이크 글러브,11600660,62,73,117,27,26,48,11600660_F_GLMining01.gltf,11600660_c_glmining01_d.png,11600660_c_glmining01_c.png,0,
11600661,알키미 클로버 링,11600661,194,209,96,64,104,54,11600661_F_GLCollecting01.gltf,11600661_c_glcollecting01_d.png,11600661_c_glcollecting01_c.png,0,
11600662,영롱한 비취 반지 (남),11600662,62,73,117,27,26,48,11600662_M_GLHanbok03.gltf,11600662_m_glhanbok03_d.png,11600662_m_glhanbok03_c.png,0,
11600664,삐약삐약 노란 병아리 손,11600659,63,59,51,20,18,15,11600659_F_GLChick.gltf,11600659_c_glchick_d.png,11600659_c_glchick_d.png,0,
11600665,단풍 철갑 손 보호구,11600665,244,189,88,163,121,39,11600665_F_GLMapleArmor.gltf,11600665_c_glmaplearmor_d.png,11600665_c_glmaplearmor_c.png,0,
11600670,아리솔 반지 (여),11600670,170,47,47,96,19,19,11600670_F_GLTraditionalWedding.gltf,11600669_c_gltraditionalwedding_d.png,11600669_c_gltraditionalwedding_c.png,0,
11600671,스칼렛 다이아 글러브 (남),11600671,170,47,47,96,19,19,11600671_M_GLValentine01.gltf,11600671_m_glvalentine01_d.png,11600671_m_glvalentine01_c.png,0,
11600672,스칼렛 하트 글러브 (여),11600672,170,47,47,96,19,19,11600672_F_GLValentine01.gltf,11600672_f_glvalentine01_d.png,11600672_f_glvalentine01_c.png,0,
11600673,파도의 전투 장갑,11600664,63,59,51,20,18,15,11600575_F_GLPirate.gltf,11600575_c_glpirate_d.png,11600575_c_glpirate_c.png,0,
11600674,파도의 광란 장갑,11600664,63,59,51,20,18,15,11600575_F_GLPirate.gltf,11600575_c_glpirate_d.png,11600575_c_glpirate_c.png,0,
11600675,파도의 마법 장갑,11600664,63,59,51,20,18,15,11600575_F_GLPirate.gltf,11600575_c_glpirate_d.png,11600575_c_glpirate_c.png,0,
11600676,파도의 신성 장갑,11600664,63,59,51,20,18,15,11600575_F_GLPirate.gltf,11600575_c_glpirate_d.png,11600575_c_glpirate_c.png,0,
11600677,파도의 집중 장갑,11600664,63,59,51,20,18,15,11600575_F_GLPirate.gltf,11600575_c_glpirate_d.png,11600575_c_glpirate_c.png,0,
11600678,파도의 포격 장갑,11600664,63,59,51,20,18,15,11600575_F_GLPirate.gltf,11600575_c_glpirate_d.png,11600575_c_glpirate_c.png,0,
11600679,파도의 혼란 장갑,11600664,63,59,51,20,18,15,11600575_F_GLPirate.gltf,11600575_c_glpirate_d.png,11600575_c_glpirate_c.png,0,
11600680,파도의 암살 장갑,11600664,63,59,51,20,18,15,11600575_F_GLPirate.gltf,11600575_c_glpirate_d.png,11600575_c_glpirate_c.png,0,
11600681,파도의 주술 장갑,11600664,63,59,51,20,18,15,11600575_F_GLPirate.gltf,11600575_c_glpirate_d.png,11600575_c_glpirate_c.png,0,
11600682,파도의 난투 장갑,11600664,63,59,51,20,18,15,11600575_F_GLPirate.gltf,11600575_c_glpirate_d.png,11600575_c_glpirate_c.png,0,
11600683,파도의 의식 장갑,11600664,63,59,51,20,18,15,11600575_F_GLPirate.gltf,11600575_c_glpirate_d.png,11600575_c_glpirate_c.png,0,
11600684,사라진 왕국의 전투 장갑,11600629,63,59,51,20,18,15,11600629_F_GLDragon.gltf,11600629_c_gldragon_d.png,11600629_c_gldragon_c.png,0,
11600685,사라진 왕국의 광란 장갑,11600629,63,59,51,20,18,15,11600629_F_GLDragon.gltf,11600629_c_gldragon_d.png,11600629_c_gldragon_c.png,0,
11600686,사라진 왕국의 마법 장갑,11600629,63,59,51,20,18,15,11600629_F_GLDragon.gltf,11600629_c_gldragon_d.png,11600629_c_gldragon_c.png,0,
11600687,사라진 왕국의 신성 장갑,11600629,63,59,51,20,18,15,11600629_F_GLDragon.gltf,11600629_c_gldragon_d.png,11600629_c_gldragon_c.png,0,
11600688,사라진 왕국의 집중 장갑,11600629,63,59,51,20,18,15,11600629_F_GLDragon.gltf,11600629_c_gldragon_d.png,11600629_c_gldragon_c.png,0,
11600689,사라진 왕국의 포격 장갑,11600629,63,59,51,20,18,15,11600629_F_GLDragon.gltf,11600629_c_gldragon_d.png,11600629_c_gldragon_c.png,0,
11600690,사라진 왕국의 혼란 장갑,11600629,63,59,51,20,18,15,11600629_F_GLDragon.gltf,11600629_c_gldragon_d.png,11600629_c_gldragon_c.png,0,
11600691,사라진 왕국의 암살 장갑,11600629,63,59,51,20,18,15,11600629_F_GLDragon.gltf,11600629_c_gldragon_d.png,11600629_c_gldragon_c.png,0,
11600692,사라진 왕국의 주술 장갑,11600629,63,59,51,20,18,15,11600629_F_GLDragon.gltf,11600629_c_gldragon_d.png,11600629_c_gldragon_c.png,0,
11600693,사라진 왕국의 난투 장갑,11600629,63,59,51,20,18,15,11600629_F_GLDragon.gltf,11600629_c_gldragon_d.png,11600629_c_gldragon_c.png,0,
11600694,사라진 왕국의 의식 장갑,11600629,63,59,51,20,18,15,11600629_F_GLDragon.gltf,11600629_c_gldragon_d.png,11600629_c_gldragon_c.png,0,
11600695,루미에라곤 전투 장갑,11600578,63,59,51,20,18,15,11600578_F_GLDarkSteel.gltf,11600578_c_gldarksteel_d.png,11600578_c_gldarksteel_c.png,0,
11600696,루미에라곤 광란 장갑,11600578,63,59,51,20,18,15,11600578_F_GLDarkSteel.gltf,11600578_c_gldarksteel_d.png,11600578_c_gldarksteel_c.png,0,
11600697,루미에라곤 마법 장갑,11600578,63,59,51,20,18,15,11600578_F_GLDarkSteel.gltf,11600578_c_gldarksteel_d.png,11600578_c_gldarksteel_c.png,0,
11600698,루미에라곤 신성 장갑,11600578,63,59,51,20,18,15,11600578_F_GLDarkSteel.gltf,11600578_c_gldarksteel_d.png,11600578_c_gldarksteel_c.png,0,
11600699,루미에라곤 집중 장갑,11600578,63,59,51,20,18,15,11600578_F_GLDarkSteel.gltf,11600578_c_gldarksteel_d.png,11600578_c_gldarksteel_c.png,0,
11600700,루미에라곤 포격 장갑,11600578,63,59,51,20,18,15,11600578_F_GLDarkSteel.gltf,11600578_c_gldarksteel_d.png,11600578_c_gldarksteel_c.png,0,
11600701,루미에라곤 혼란 장갑,11600578,63,59,51,20,18,15,11600578_F_GLDarkSteel.gltf,11600578_c_gldarksteel_d.png,11600578_c_gldarksteel_c.png,0,
11600702,루미에라곤 암살 장갑,11600578,63,59,51,20,18,15,11600578_F_GLDarkSteel.gltf,11600578_c_gldarksteel_d.png,11600578_c_gldarksteel_c.png,0,
11600703,루미에라곤 주술 장갑,11600578,63,59,51,20,18,15,11600578_F_GLDarkSteel.gltf,11600578_c_gldarksteel_d.png,11600578_c_gldarksteel_c.png,0,
11600704,루미에라곤 난투 장갑,11600578,63,59,51,20,18,15,11600578_F_GLDarkSteel.gltf,11600578_c_gldarksteel_d.png,11600578_c_gldarksteel_c.png,0,
11600705,루미에라곤 의식 장갑,11600578,63,59,51,20,18,15,11600578_F_GLDarkSteel.gltf,11600578_c_gldarksteel_d.png,11600578_c_gldarksteel_c.png,0,
11600706,초월의 루미에라곤 전투 장갑,11600578,63,59,51,20,18,15,11600578_F_GLDarkSteel.gltf,11600578_c_gldarksteel_d.png,11600578_c_gldarksteel_c.png,0,
11600707,초월의 루미에라곤 광란 장갑,11600578,63,59,51,20,18,15,11600578_F_GLDarkSteel.gltf,11600578_c_gldarksteel_d.png,11600578_c_gldarksteel_c.png,0,
11600708,초월의 루미에라곤 마법 장갑,11600578,63,59,51,20,18,15,11600578_F_GLDarkSteel.gltf,11600578_c_gldarksteel_d.png,11600578_c_gldarksteel_c.png,0,
11600709,초월의 루미에라곤 신성 장갑,11600578,63,59,51,20,18,15,11600578_F_GLDarkSteel.gltf,11600578_c_gldarksteel_d.png,11600578_c_gldarksteel_c.png,0,
11600710,초월의 루미에라곤 집중 장갑,11600578,63,59,51,20,18,15,11600578_F_GLDarkSteel.gltf,11600578_c_gldarksteel_d.png,11600578_c_gldarksteel_c.png,0,
11600711,초월의 루미에라곤 포격 장갑,11600578,63,59,51,20,18,15,11600578_F_GLDarkSteel.gltf,11600578_c_gldarksteel_d.png,11600578_c_gldarksteel_c.png,0,
11600712,초월의 루미에라곤 혼란 장갑,11600578,63,59,51,20,18,15,11600578_F_GLDarkSteel.gltf,11600578_c_gldarksteel_d.png,11600578_c_gldarksteel_c.png,0,
11600713,초월의 루미에라곤 암살 장갑,11600578,63,59,51,20,18,15,11600578_F_GLDarkSteel.gltf,11600578_c_gldarksteel_d.png,11600578_c_gldarksteel_c.png,0,
11600714,초월의 루미에라곤 주술 장갑,11600578,63,59,51,20,18,15,11600578_F_GLDarkSteel.gltf,11600578_c_gldarksteel_d.png,11600578_c_gldarksteel_c.png,0,
11600715,초월의 루미에라곤 난투 장갑,11600578,63,59,51,20,18,15,11600578_F_GLDarkSteel.gltf,11600578_c_gldarksteel_d.png,11600578_c_gldarksteel_c.png,0,
11600716,초월의 루미에라곤 의식 장갑,11600578,63,59,51,20,18,15,11600578_F_GLDarkSteel.gltf,11600578_c_gldarksteel_d.png,11600578_c_gldarksteel_c.png,0,
11600717,검증하는 전투 장갑,11600421,63,59,51,20,18,15,11600421_F_GLDiabolusSlayer.gltf,11600421_c_gldiabolusslayer_d.png,11600421_c_gldiabolusslayer_c.png,0,
11600718,검증하는 광란 장갑,11600421,63,59,51,20,18,15,11600421_F_GLDiabolusSlayer.gltf,11600421_c_gldiabolusslayer_d.png,11600421_c_gldiabolusslayer_c.png,0,
11600719,검증하는 마법 장갑,11600421,63,59,51,20,18,15,11600421_F_GLDiabolusSlayer.gltf,11600421_c_gldiabolusslayer_d.png,11600421_c_gldiabolusslayer_c.png,0,
11600720,검증하는 신성 장갑,11600421,63,59,51,20,18,15,11600421_F_GLDiabolusSlayer.gltf,11600421_c_gldiabolusslayer_d.png,11600421_c_gldiabolusslayer_c.png,0,
11600721,검증하는 집중 장갑,11600421,63,59,51,20,18,15,11600421_F_GLDiabolusSlayer.gltf,11600421_c_gldiabolusslayer_d.png,11600421_c_gldiabolusslayer_c.png,0,
11600722,검증하는 포격 장갑,11600421,63,59,51,20,18,15,11600421_F_GLDiabolusSlayer.gltf,11600421_c_gldiabolusslayer_d.png,11600421_c_gldiabolusslayer_c.png,0,
11600723,검증하는 혼란 장갑,11600421,63,59,51,20,18,15,11600421_F_GLDiabolusSlayer.gltf,11600421_c_gldiabolusslayer_d.png,11600421_c_gldiabolusslayer_c.png,0,
11600724,검증하는 암살 장갑,11600421,63,59,51,20,18,15,11600421_F_GLDiabolusSlayer.gltf,11600421_c_gldiabolusslayer_d.png,11600421_c_gldiabolusslayer_c.png,0,
11600725,검증하는 주술 장갑,11600421,63,59,51,20,18,15,11600421_F_GLDiabolusSlayer.gltf,11600421_c_gldiabolusslayer_d.png,11600421_c_gldiabolusslayer_c.png,0,
11600726,검증하는 난투 장갑,11600421,63,59,51,20,18,15,11600421_F_GLDiabolusSlayer.gltf,11600421_c_gldiabolusslayer_d.png,11600421_c_gldiabolusslayer_c.png,0,
11600727,검증하는 의식 장갑,11600421,63,59,51,20,18,15,11600421_F_GLDiabolusSlayer.gltf,11600421_c_gldiabolusslayer_d.png,11600421_c_gldiabolusslayer_c.png,0,
11600728,메이플 연합 나이트 배틀 핸드가드,11600633,63,59,51,20,18,15,11600633_F_GLEmerald.gltf,11600633_c_glemerald_d.png,11600633_c_glemerald_c.png,0,
11600729,메이플 연합 버서커 배틀 핸드가드,11600633,63,59,51,20,18,15,11600633_F_GLEmerald.gltf,11600633_c_glemerald_d.png,11600633_c_glemerald_c.png,0,
11600730,메이플 연합 위자드 배틀 핸드가드,11600633,63,59,51,20,18,15,11600633_F_GLEmerald.gltf,11600633_c_glemerald_d.png,11600633_c_glemerald_c.png,0,
11600731,메이플 연합 프리스트 배틀 핸드가드,11600633,63,59,51,20,18,15,11600633_F_GLEmerald.gltf,11600633_c_glemerald_d.png,11600633_c_glemerald_c.png,0,
11600732,메이플 연합 레인저 배틀 핸드가드,11600633,63,59,51,20,18,15,11600633_F_GLEmerald.gltf,11600633_c_glemerald_d.png,11600633_c_glemerald_c.png,0,
11600733,메이플 연합 헤비거너 배틀 핸드가드,11600633,63,59,51,20,18,15,11600633_F_GLEmerald.gltf,11600633_c_glemerald_d.png,11600633_c_glemerald_c.png,0,
11600734,메이플 연합 시프 배틀 핸드가드,11600633,63,59,51,20,18,15,11600633_F_GLEmerald.gltf,11600633_c_glemerald_d.png,11600633_c_glemerald_c.png,0,
11600735,메이플 연합 어쌔신 배틀 핸드가드,11600633,63,59,51,20,18,15,11600633_F_GLEmerald.gltf,11600633_c_glemerald_d.png,11600633_c_glemerald_c.png,0,
11600736,메이플 연합 블레이더 배틀 핸드가드,11600633,63,59,51,20,18,15,11600633_F_GLEmerald.gltf,11600633_c_glemerald_d.png,11600633_c_glemerald_c.png,0,
11600737,메이플 연합 스트라이커 배틀 핸드가드,11600633,63,59,51,20,18,15,11600633_F_GLEmerald.gltf,11600633_c_glemerald_d.png,11600633_c_glemerald_c.png,0,
11600738,메이플 연합 소울바인더 배틀 핸드가드,11600633,63,59,51,20,18,15,11600633_F_GLEmerald.gltf,11600633_c_glemerald_d.png,11600633_c_glemerald_c.png,0,
11600739,플로리아 페어리 브레이슬릿 (남),11600739,170,47,47,96,19,19,11600739_M_GLFloriaFairy.gltf,11600739_m_glfloriafairy_d.png,11600739_m_glfloriafairy_c.png,0,
11600740,플로리아 페어리 브레이슬릿 (여),11600740,170,47,47,96,19,19,11600740_F_GLFloriaFairy.gltf,11600740_f_glfloriafairy_d.png,11600740_f_glfloriafairy_c.png,0,
11600741,품위의 전투 장갑,11600667,63,59,51,20,18,15,11600667_F_GLArenaA01.gltf,11600667_c_glarenaa01_d.png,11600667_c_glarenaa01_c.png,0,
11600742,품위의 광란 장갑,11600667,63,59,51,20,18,15,11600667_F_GLArenaA01.gltf,11600667_c_glarenaa01_d.png,11600667_c_glarenaa01_c.png,0,
11600743,품위의 마법 장갑,11600667,63,59,51,20,18,15,11600667_F_GLArenaA01.gltf,11600667_c_glarenaa01_d.png,11600667_c_glarenaa01_c.png,0,
11600744,품위의 신성 장갑,11600667,63,59,51,20,18,15,11600667_F_GLArenaA01.gltf,11600667_c_glarenaa01_d.png,11600667_c_glarenaa01_c.png,0,
11600745,품위의 집중 장갑,11600667,63,59,51,20,18,15,11600667_F_GLArenaA01.gltf,11600667_c_glarenaa01_d.png,11600667_c_glarenaa01_c.png,0,
11600746,품위의 포격 장갑,11600667,63,59,51,20,18,15,11600667_F_GLArenaA01.gltf,11600667_c_glarenaa01_d.png,11600667_c_glarenaa01_c.png,0,
11600747,품위의 혼란 장갑,11600667,63,59,51,20,18,15,11600667_F_GLArenaA01.gltf,11600667_c_glarenaa01_d.png,11600667_c_glarenaa01_c.png,0,
11600748,품위의 암살 장갑,11600667,63,59,51,20,18,15,11600667_F_GLArenaA01.gltf,11600667_c_glarenaa01_d.png,11600667_c_glarenaa01_c.png,0,
11600749,품위의 주술 장갑,11600667,63,59,51,20,18,15,11600667_F_GLArenaA01.gltf,11600667_c_glarenaa01_d.png,11600667_c_glarenaa01_c.png,0,
11600750,품위의 난투 장갑,11600667,63,59,51,20,18,15,11600667_F_GLArenaA01.gltf,11600667_c_glarenaa01_d.png,11600667_c_glarenaa01_c.png,0,
11600751,품위의 의식 장갑,11600667,63,59,51,20,18,15,11600667_F_GLArenaA01.gltf,11600667_c_glarenaa01_d.png,11600667_c_glarenaa01_c.png,0,
11600752,존엄의 전투 장갑,11600668,63,59,51,20,18,15,11600668_F_GLArenaA02.gltf,11600668_c_glarenaa02_d.png,11600667_c_glarenaa01_c.png,0,
11600753,존엄의 광란 장갑,11600668,63,59,51,20,18,15,11600668_F_GLArenaA02.gltf,11600668_c_glarenaa02_d.png,11600667_c_glarenaa01_c.png,0,
11600754,존엄의 마법 장갑,11600668,63,59,51,20,18,15,11600668_F_GLArenaA02.gltf,11600668_c_glarenaa02_d.png,11600667_c_glarenaa01_c.png,0,
11600755,존엄의 신성 장갑,11600668,63,59,51,20,18,15,11600668_F_GLArenaA02.gltf,11600668_c_glarenaa02_d.png,11600667_c_glarenaa01_c.png,0,
11600756,존엄의 집중 장갑,11600668,63,59,51,20,18,15,11600668_F_GLArenaA02.gltf,11600668_c_glarenaa02_d.png,11600667_c_glarenaa01_c.png,0,
11600757,존엄의 포격 장갑,11600668,63,59,51,20,18,15,11600668_F_GLArenaA02.gltf,11600668_c_glarenaa02_d.png,11600667_c_glarenaa01_c.png,0,
11600758,존엄의 혼란 장갑,11600668,63,59,51,20,18,15,11600668_F_GLArenaA02.gltf,11600668_c_glarenaa02_d.png,11600667_c_glarenaa01_c.png,0,
11600759,존엄의 암살 장갑,11600668,63,59,51,20,18,15,11600668_F_GLArenaA02.gltf,11600668_c_glarenaa02_d.png,11600667_c_glarenaa01_c.png,0,
11600760,존엄의 주술 장갑,11600668,63,59,51,20,18,15,11600668_F_GLArenaA02.gltf,11600668_c_glarenaa02_d.png,11600667_c_glarenaa01_c.png,0,
11600761,존엄의 난투 장갑,11600668,63,59,51,20,18,15,11600668_F_GLArenaA02.gltf,11600668_c_glarenaa02_d.png,11600667_c_glarenaa01_c.png,0,
11600762,존엄의 의식 장갑,11600668,63,59,51,20,18,15,11600668_F_GLArenaA02.gltf,11600668_c_glarenaa02_d.png,11600667_c_glarenaa01_c.png,0,
11600764,아크 엔젤 크리스탈 링 (남),11600440,63,59,51,20,18,15,11600440_M_GLArkAngelRing.gltf,11600440_c_glarkangelring_d.png,11600440_c_glarkangelring_c.png,0,
11600765,아크 엔젤 크리스탈 링 (여),11600441,63,59,51,20,18,15,11600441_F_GLArkAngelRing.gltf,11600440_c_glarkangelring_d.png,11600440_c_glarkangelring_c.png,0,
11600766,이프리트 크리스탈 링 (남),11600476,63,59,51,20,18,15,11600476_M_GLIfritCrystal.gltf,11600477_f_glifritcrystal_d.png,11600477_f_glifritcrystal_d.png,0,
11600767,이프리트 크리스탈 링 (여),11600477,63,59,51,20,18,15,11600477_F_GLIfritCrystal.gltf,11600477_f_glifritcrystal_d.png,11600477_f_glifritcrystal_d.png,0,
11600768,이터널 다이아 링 (남),11600438,126,204,247,72,94,168,11600438_M_GLEternalDiamondRing.gltf,11600438_c_gleternaldiamondring_d.png,11600438_c_gleternaldiamondring_c.png,0,
11600769,이터널 다이아 링 (여),11600439,126,204,247,72,94,168,11600439_F_GLEternalDiamondRing.gltf,11600438_c_gleternaldiamondring_d.png,11600438_c_gleternaldiamondring_c.png,0,
11600770,헬 크로스 밴드 (남),11600594,170,47,47,96,19,19,11600594_M_GLVampire.gltf,11600594_m_glvampire_d.png,11600594_m_glvampire_c.png,0,
11600771,헬 크로스 밴드 (여),11600595,170,47,47,96,19,19,11600595_F_GLVampire.gltf,11600595_f_glvampire_d.png,11600595_f_glvampire_c.png,0,
11600772,메리메리 스노우 맨 링 (남),11600634,170,47,47,96,19,19,11600634_M_GLChristmas01.gltf,11600634_m_glchristmas01_d.png,11600634_m_glchristmas01_c.png,0,
11600773,메리메리 스노우 맨 글러브 (여),11600635,170,47,47,96,19,19,11600635_F_GLChristmas01.gltf,11600635_f_glchristmas01_d.png,11600635_f_glchristmas01_c.png,0,
11600774,스칼렛 다이아 글러브 (남),11600671,170,47,47,96,19,19,11600671_M_GLValentine01.gltf,11600671_m_glvalentine01_d.png,11600671_m_glvalentine01_c.png,0,
11600775,스칼렛 하트 글러브 (여),11600672,170,47,47,96,19,19,11600672_F_GLValentine01.gltf,11600672_f_glvalentine01_d.png,11600672_f_glvalentine01_c.png,0,
11600776,폼폼 냥이 반지 (남),11600644,244,189,88,163,121,39,11600644_M_GLPajamas01.gltf,11600644_c_glpajamas01_d.png,11600644_c_glpajamas01_c.png,0,
11600777,폼폼 냥이 반지 (여),11600645,244,189,88,163,121,39,11600645_F_GLPajamas01.gltf,11600644_c_glpajamas01_d.png,11600644_c_glpajamas01_c.png,0,
11600778,앙큼 바니 밴드 (남),11600500,63,59,51,20,18,15,11600500_M_GLSlyBunnyStrap.gltf,11600500_c_glslybunnystrap_d.png,11600500_c_glslybunnystrap_c.png,0,
11600779,앙큼 바니 밴드 (여),11600501,239,112,145,153,66,82,11600501_F_GLSlyBunnyStrap.gltf,11600500_c_glslybunnystrap_d.png,11600500_c_glslybunnystrap_c.png,0,
11600780,데보라크의 장갑,11600116,63,59,51,20,18,15,11600116_F_GLDevoracGlove.gltf,11600116_c_gldevoracglove_d.png,11600116_c_gldevoracglove_d.png,0,
11600781,통통 바니 반지 (남),11600781,255,168,203,205,86,106,11600781_M_GLAmusementPark.gltf,11600781_c_glamusementpark_d.png,11600781_c_glamusementpark_c.png,0,
11600782,동물의 왕 사자 장갑 (남),11600782,63,59,51,20,18,15,11600782_M_GLLionDoll.gltf,11600782_c_glliondoll_d.png,11600782_c_glliondoll_d.png,0,
11600783,동물의 왕 사자 장갑 (여),11600783,63,59,51,20,18,15,11600783_F_GLLionDoll.gltf,11600782_c_glliondoll_d.png,11600782_c_glliondoll_d.png,0,
11600784,샤인 스타 브레이슬릿 (남),11600784,126,204,247,72,94,168,11600784_M_GLIdolBand.gltf,11600784_c_glidolband_d.png,11600784_c_glidolband_c.png,0,
11600785,샤인 스타 브레이슬릿 (여),11600785,126,204,247,72,94,168,11600785_F_GLIdolBand.gltf,11600784_c_glidolband_d.png,11600784_c_glidolband_c.png,0,
11600786,마제스틱 윙 글러브 (남),11600786,170,47,47,96,19,19,11600786_M_GLMajesticWing.gltf,11600786_c_glmajesticwing_d.png,11600786_c_glmajesticwing_c.png,0,
11600787,마제스틱 윙 글러브 (여),11600787,170,47,47,96,19,19,11600787_F_GLMajesticWing.gltf,11600786_c_glmajesticwing_d.png,11600786_c_glmajesticwing_c.png,0,
11600788,통통 핑크빈 장갑 (남),11600788,63,59,51,20,18,15,11600788_M_GLPinkbean01.gltf,11600788_c_glpinkbean01_d.png,11600788_c_glpinkbean01_d.png,0,
11600789,통통 핑크빈 장갑 (여),11600789,63,59,51,20,18,15,11600789_F_GLPinkbean01.gltf,11600788_c_glpinkbean01_d.png,11600788_c_glpinkbean01_d.png,0,
11600790,품격의 전투 장갑,11600668,63,59,51,20,18,15,11600668_F_GLArenaA02.gltf,11600668_c_glarenaa02_d.png,11600667_c_glarenaa01_c.png,0,
11600791,품격의 광란 장갑,11600668,63,59,51,20,18,15,11600668_F_GLArenaA02.gltf,11600668_c_glarenaa02_d.png,11600667_c_glarenaa01_c.png,0,
11600792,품격의 마법 장갑,11600668,63,59,51,20,18,15,11600668_F_GLArenaA02.gltf,11600668_c_glarenaa02_d.png,11600667_c_glarenaa01_c.png,0,
11600793,품격의 신성 장갑,11600668,63,59,51,20,18,15,11600668_F_GLArenaA02.gltf,11600668_c_glarenaa02_d.png,11600667_c_glarenaa01_c.png,0,
11600794,품격의 집중 장갑,11600668,63,59,51,20,18,15,11600668_F_GLArenaA02.gltf,11600668_c_glarenaa02_d.png,11600667_c_glarenaa01_c.png,0,
11600795,품격의 포격 장갑,11600668,63,59,51,20,18,15,11600668_F_GLArenaA02.gltf,11600668_c_glarenaa02_d.png,11600667_c_glarenaa01_c.png,0,
11600796,품격의 혼란 장갑,11600668,63,59,51,20,18,15,11600668_F_GLArenaA02.gltf,11600668_c_glarenaa02_d.png,11600667_c_glarenaa01_c.png,0,
11600797,품격의 암살 장갑,11600668,63,59,51,20,18,15,11600668_F_GLArenaA02.gltf,11600668_c_glarenaa02_d.png,11600667_c_glarenaa01_c.png,0,
11600798,품격의 주술 장갑,11600668,63,59,51,20,18,15,11600668_F_GLArenaA02.gltf,11600668_c_glarenaa02_d.png,11600667_c_glarenaa01_c.png,0,
11600799,품격의 난투 장갑,11600668,63,59,51,20,18,15,11600668_F_GLArenaA02.gltf,11600668_c_glarenaa02_d.png,11600667_c_glarenaa01_c.png,0,
11600800,품격의 의식 장갑,11600668,63,59,51,20,18,15,11600668_F_GLArenaA02.gltf,11600668_c_glarenaa02_d.png,11600667_c_glarenaa01_c.png,0,
11600802,어둠을 부순 마법사 장갑,11600024,63,59,51,20,18,15,11600022_F_GLStarlightHandGuard.gltf,11600022_c_glstarlighthandguard_d.png,11600022_c_glstarlighthandguard_c.png,0,
11600803,어둠을 부순 궁수 장갑,11600033,63,59,51,20,18,15,11600034_F_BattleScaler.gltf,11600034_c_battlescaler_d.png,11600034_c_battlescaler_c.png,0,
11600804,어둠을 부순 도적 장갑,11600015,63,59,51,20,18,15,11600044_F_GLCrossPirate.gltf,11600044_c_glcrosspirate_d.png,11600044_c_glcrosspirate_c.png,0,
11600805,어둠을 부순 격투가 장갑,11600488,63,59,51,20,18,15,11600488_F_GLFighter06.gltf,11600488_c_glfighter06_d.png,11600488_c_glfighter06_c.png,0,
11600806,어둠을 삼킨 전사 장갑,11600004,63,59,51,20,18,15,11600003_F_LittleBoneGauntlet.gltf,11600003_c_littlebonegauntlet_d.png,11600003_c_littlebonegauntlet_c.png,0,
11600807,어둠을 삼킨 마법사 장갑,11600019,63,59,51,20,18,15,11600017_F_Golden.gltf,11600017_c_golden_d.png,11600017_c_golden_c.png,0,
11600808,어둠을 삼킨 궁수 장갑,11600028,63,59,51,20,18,15,11600029_F_Shooting.gltf,11600029_c_shooting_d.png,11600029_c_shooting_c.png,0,
11600809,어둠을 삼킨 도적 장갑,11600010,63,59,51,20,18,15,11600039_F_Redline.gltf,11600039_m_redline_d.png,11600039_m_redline_c.png,0,
11600810,어둠을 삼킨 격투가 장갑,11600491,63,59,51,20,18,15,11600491_F_GLFighter09.gltf,11600491_c_glfighter09_d.png,11600491_c_glfighter09_c.png,0,
11600811,금장 춘절 장갑 (남),11600811,170,47,47,96,19,19,11600811_M_GLNewYear01.gltf,11600811_c_glnewyear01_d.png,11600811_c_glnewyear01_c.png,0,
11600812,금장 춘절 장갑 (여),11600812,170,47,47,96,19,19,11600812_F_GLNewYear01.gltf,11600811_c_glnewyear01_d.png,11600811_c_glnewyear01_c.png,0,
11600813,메리메리 스노우 맨 링 (남),11600634,170,47,47,96,19,19,11600634_M_GLChristmas01.gltf,11600634_m_glchristmas01_d.png,11600634_m_glchristmas01_c.png,0,
11600814,메리메리 스노우 맨 글러브 (여),11600635,170,47,47,96,19,19,11600635_F_GLChristmas01.gltf,11600635_f_glchristmas01_d.png,11600635_f_glchristmas01_c.png,0,
11600815,코코 퍼피 글러브 (남),11600815,126,204,247,72,94,168,11600815_M_GLPuppy01.gltf,11600815_c_glpuppy01_d.png,11600815_c_glpuppy01_c.png,0,
11600816,코코 퍼피 글러브 (여),11600816,126,204,247,72,94,168,11600816_F_GLPuppy01.gltf,11600815_c_glpuppy01_d.png,11600815_c_glpuppy01_c.png,0,
11600817,백여우 반지 (남),11600817,170,47,47,96,19,19,11600817_M_GLWhiteFox.gltf,11600818_c_glwhitefox_d.png,11600818_c_glwhitefox_c.png,0,
11600818,백여우 반지 (여),11600817,170,47,47,96,19,19,11600818_F_GLWhiteFox.gltf,11600818_c_glwhitefox_d.png,11600818_c_glwhitefox_c.png,0,
11600819,냥냥 얼룩 고양이 손,11600642,63,59,51,20,18,15,11600642_F_GLLeopardCat.gltf,11600643_c_glleopardcat_d.png,11600643_c_glleopardcat_d.png,0,
11600820,중세 의전 장갑 (남),11600820,62,73,117,27,26,48,11609005_M_GLRococo01.gltf,11609005_m_glrococo01_d.png,11609005_m_glrococo01_c.png,0,
11600821,중세 리본 반지 (여),11600821,147,226,242,89,153,165,11609006_F_GLRococo01.gltf,11609006_f_glrococo01_d.png,11609006_f_glrococo01_c.png,0,
11600835,(PC방) 롱 스트랩 시계 (남),11600424,62,73,117,27,26,48,11600424_M_GLLongStrap.gltf,11600424_c_gllongstrap_d.png,11600424_c_gllongstrap_c.png,0,
11600836,(PC방) 심플 프릴 밴드 (여),11600427,239,112,145,153,66,82,11600427_F_GLFrillBand.gltf,11600427_c_glfrillband_d.png,11600427_c_glfrillband_c.png,0,
11600837,심플 레터링 팔찌 (남),11600837,126,204,247,72,94,168,11600837_M_GLKnitwear01.gltf,11600837_c_glknitwear01_d.png,11600837_c_glknitwear01_c.png,0,
11600838,심플 레터링 팔찌 (여),11600838,126,204,247,72,94,168,11600838_F_GLKnitwear01.gltf,11600837_c_glknitwear01_d.png,11600837_c_glknitwear01_c.png,0,
11600839,리버스 나이트 컴뱃글러브 (LV50),11600630,63,59,51,20,18,15,11600630_F_GLBrightStar.gltf,11600630_c_glbrightstar_d.png,11600630_c_glbrightstar_c.png,0,
11600840,리버스 버서커 컴뱃글러브 (LV50),11600630,63,59,51,20,18,15,11600630_F_GLBrightStar.gltf,11600630_c_glbrightstar_d.png,11600630_c_glbrightstar_c.png,0,
11600841,리버스 위자드 컴뱃글러브 (LV50),11600630,63,59,51,20,18,15,11600630_F_GLBrightStar.gltf,11600630_c_glbrightstar_d.png,11600630_c_glbrightstar_c.png,0,
11600842,리버스 프리스트 컴뱃글러브 (LV50),11600630,63,59,51,20,18,15,11600630_F_GLBrightStar.gltf,11600630_c_glbrightstar_d.png,11600630_c_glbrightstar_c.png,0,
11600843,리버스 레인저 컴뱃글러브 (LV50),11600630,63,59,51,20,18,15,11600630_F_GLBrightStar.gltf,11600630_c_glbrightstar_d.png,11600630_c_glbrightstar_c.png,0,
11600844,리버스 헤비거너 컴뱃글러브 (LV50),11600630,63,59,51,20,18,15,11600630_F_GLBrightStar.gltf,11600630_c_glbrightstar_d.png,11600630_c_glbrightstar_c.png,0,
11600845,리버스 시프 컴뱃글러브 (LV50),11600630,63,59,51,20,18,15,11600630_F_GLBrightStar.gltf,11600630_c_glbrightstar_d.png,11600630_c_glbrightstar_c.png,0,
11600846,리버스 어쌔신 컴뱃글러브 (LV50),11600630,63,59,51,20,18,15,11600630_F_GLBrightStar.gltf,11600630_c_glbrightstar_d.png,11600630_c_glbrightstar_c.png,0,
11600847,리버스 룬 블레이더 컴뱃글러브 (LV50),11600630,63,59,51,20,18,15,11600630_F_GLBrightStar.gltf,11600630_c_glbrightstar_d.png,11600630_c_glbrightstar_c.png,0,
11600848,리버스 스트라이커 컴뱃글러브 (LV50),11600630,63,59,51,20,18,15,11600630_F_GLBrightStar.gltf,11600630_c_glbrightstar_d.png,11600630_c_glbrightstar_c.png,0,
11600849,리버스 소울바인더 컴뱃글러브 (LV50),11600630,63,59,51,20,18,15,11600630_F_GLBrightStar.gltf,11600630_c_glbrightstar_d.png,11600630_c_glbrightstar_c.png,0,
11600850,리버스 나이트 컴뱃글러브 (LV56),11600630,63,59,51,20,18,15,11600630_F_GLBrightStar.gltf,11600630_c_glbrightstar_d.png,11600630_c_glbrightstar_c.png,0,
11600851,리버스 버서커 컴뱃글러브 (LV56),11600630,63,59,51,20,18,15,11600630_F_GLBrightStar.gltf,11600630_c_glbrightstar_d.png,11600630_c_glbrightstar_c.png,0,
11600852,리버스 위자드 컴뱃글러브 (LV56),11600630,63,59,51,20,18,15,11600630_F_GLBrightStar.gltf,11600630_c_glbrightstar_d.png,11600630_c_glbrightstar_c.png,0,
11600853,리버스 프리스트 컴뱃글러브 (LV56),11600630,63,59,51,20,18,15,11600630_F_GLBrightStar.gltf,11600630_c_glbrightstar_d.png,11600630_c_glbrightstar_c.png,0,
11600854,리버스 레인저 컴뱃글러브 (LV56),11600630,63,59,51,20,18,15,11600630_F_GLBrightStar.gltf,11600630_c_glbrightstar_d.png,11600630_c_glbrightstar_c.png,0,
11600855,리버스 헤비거너 컴뱃글러브 (LV56),11600630,63,59,51,20,18,15,11600630_F_GLBrightStar.gltf,11600630_c_glbrightstar_d.png,11600630_c_glbrightstar_c.png,0,
11600856,리버스 시프 컴뱃글러브 (LV56),11600630,63,59,51,20,18,15,11600630_F_GLBrightStar.gltf,11600630_c_glbrightstar_d.png,11600630_c_glbrightstar_c.png,0,
11600857,리버스 어쌔신 컴뱃글러브 (LV56),11600630,63,59,51,20,18,15,11600630_F_GLBrightStar.gltf,11600630_c_glbrightstar_d.png,11600630_c_glbrightstar_c.png,0,
11600858,리버스 룬 블레이더 컴뱃글러브 (LV56),11600630,63,59,51,20,18,15,11600630_F_GLBrightStar.gltf,11600630_c_glbrightstar_d.png,11600630_c_glbrightstar_c.png,0,
11600859,리버스 스트라이커 컴뱃글러브 (LV56),11600630,63,59,51,20,18,15,11600630_F_GLBrightStar.gltf,11600630_c_glbrightstar_d.png,11600630_c_glbrightstar_c.png,0,
11600860,리버스 소울바인더 컴뱃글러브 (LV56),11600630,63,59,51,20,18,15,11600630_F_GLBrightStar.gltf,11600630_c_glbrightstar_d.png,11600630_c_glbrightstar_c.png,0,
11600861,크래비 집게,11600442,63,59,51,20,18,15,11600442_F_GLCrabHand.gltf,11600442_c_glcrabhand_d.png,11600442_c_glcrabhand_d.png,0,
11600862,펌킨 위치 링 (남),11600862,249,137,77,147,60,20,11600862_M_GLHalloween03.gltf,11600862_m_glhalloween03_d.png,11600862_m_glhalloween03_c.png,0,
11600863,펌킨 위치 링 (여),11600863,249,137,77,147,60,20,11600863_F_GLHalloween03.gltf,11600863_f_glhalloween03_d.png,11600863_f_glhalloween03_c.png,0,
11600864,저항군 지그문트 글러브 (남),11600864,63,59,51,20,18,15,11600864_M_GLSigmund.gltf,11600864_c_glsigmund_d.png,11600864_c_glsigmund_d.png,0,
11600865,저항군 지그문트 글러브 (여),11600865,63,59,51,20,18,15,11600865_F_GLSigmund.gltf,11600864_c_glsigmund_d.png,11600864_c_glsigmund_d.png,0,
11600866,바니바니 하얀 달토끼 장갑,11600866,63,59,51,20,18,15,11600866_F_GLDoll_Banny02.gltf,11600866_c_gldoll_banny02_d.png,11600866_c_gldoll_banny02_d.png,0,
11600867,바니바니 점박이 토끼 장갑,11600867,63,59,51,20,18,15,11600868_F_GLDoll_Banny04.gltf,11600868_c_gldoll_banny04_d.png,11600868_c_gldoll_banny04_d.png,0,
11600868,바니바니 오컬트 토끼 장갑,11600868,63,59,51,20,18,15,11600868_F_GLDoll_Banny04.gltf,11600868_c_gldoll_banny04_d.png,11600868_c_gldoll_banny04_d.png,0,
11600869,글로우 스타 링 (남),11600869,170,47,47,96,19,19,11600869_M_GLChristmas02.gltf,11600869_m_glchristmas02_d.png,11600869_m_glchristmas02_c.png,0,
11600870,글로우 스타 글러브 (여),11600870,170,47,47,96,19,19,11600870_F_GLChristmas02.gltf,11600870_f_glchristmas02_d.png,11600870_f_glchristmas02_c.png,0,
11600871,(입문용) 가죽 손 보호구,11600001,63,59,51,20,18,15,11600009_F_WornVernon.gltf,11600009_c_wornvernon_d.png,11600009_c_wornvernon_c.png,0,
11600872,(입문용) 포인트 가죽 손 보호구,11600002,63,59,51,20,18,15,11600009_F_WornVernon.gltf,11600009_c_wornvernon_d.png,11600009_c_wornvernon_c.png,0,
11600873,(입문용) 스파이크 가죽 손 보호구,11600003,63,59,51,20,18,15,11600002_F_RollingThunderSpike.gltf,11600002_c_rollingthunderspike_d.png,11600002_c_rollingthunderspike_c.png,0,
11600874,(입문용) 투박한 바이킹 건틀렛,11600004,63,59,51,20,18,15,11600003_F_LittleBoneGauntlet.gltf,11600003_c_littlebonegauntlet_d.png,11600003_c_littlebonegauntlet_c.png,0,
11600875,(입문용) 크란츠 건틀렛,11600006,63,59,51,20,18,15,11600003_F_LittleBoneGauntlet.gltf,11600003_c_littlebonegauntlet_d.png,11600003_c_littlebonegauntlet_c.png,0,
11600876,(입문용) 좀도둑 장갑,11600007,63,59,51,20,18,15,11600038_F_BlackEyeGoldline.gltf,11600038_m_blackeyegoldline_d.png,11600038_m_blackeyegoldline_c.png,0,
11600877,(입문용) 가죽 좀도둑 장갑,11600008,63,59,51,20,18,15,11600038_F_BlackEyeGoldline.gltf,11600038_m_blackeyegoldline_d.png,11600038_m_blackeyegoldline_c.png,0,
11600878,(입문용) 세련된 좀도둑 장갑,11600009,63,59,51,20,18,15,11600038_F_BlackEyeGoldline.gltf,11600038_m_blackeyegoldline_d.png,11600038_m_blackeyegoldline_c.png,0,
11600879,(입문용) 닌자 장갑,11600010,63,59,51,20,18,15,11600039_F_Redline.gltf,11600039_m_redline_d.png,11600039_m_redline_c.png,0,
11600880,(입문용) 자객 장갑,11600012,63,59,51,20,18,15,11600039_F_Redline.gltf,11600039_m_redline_d.png,11600039_m_redline_c.png,0,
11600881,(입문용) 숙련 자객 손 보호구,11600014,63,59,51,20,18,15,11600039_F_Redline.gltf,11600039_m_redline_d.png,11600039_m_redline_c.png,0,
11600882,(입문용) 초보 마법사 장갑,11600016,63,59,51,20,18,15,11600015_F_ThinLemona.gltf,11600015_c_thinlemona_d.png,11600015_c_thinlemona_c.png,0,
11600883,(입문용) 여행자 장갑,11600017,63,59,51,20,18,15,11600015_F_ThinLemona.gltf,11600015_c_thinlemona_d.png,11600015_c_thinlemona_c.png,0,
11600884,(입문용) 달빛 여행자 장갑,11600018,63,59,51,20,18,15,11600016_F_AnnMoonlight.gltf,11600016_c_annmoonlight_d.png,11600016_c_annmoonlight_c.png,0,
11600885,(입문용) 견습 학자 팔목 장갑,11600019,63,59,51,20,18,15,11600017_F_Golden.gltf,11600017_c_golden_d.png,11600017_c_golden_c.png,0,
11600886,(입문용) 매지션 팔목 장갑,11600021,63,59,51,20,18,15,11600017_F_Golden.gltf,11600017_c_golden_d.png,11600017_c_golden_c.png,0,
11600887,(입문용) 브론즈 매지션 손 보호대,11600023,63,59,51,20,18,15,11600017_F_Golden.gltf,11600017_c_golden_d.png,11600017_c_golden_c.png,0,
11600888,(입문용) 숲지기 장갑,11600025,63,59,51,20,18,15,11600026_F_BasicMarker.gltf,11600028_c_helenaeagleeye_d.png,11600028_c_helenaeagleeye_c.png,0,
11600889,(입문용) 금빛 숲지기 장갑,11600026,63,59,51,20,18,15,11600026_F_BasicMarker.gltf,11600028_c_helenaeagleeye_d.png,11600028_c_helenaeagleeye_c.png,0,
11600890,(입문용) 로빈훗 장갑,11600027,63,59,51,20,18,15,11600028_F_HelenaEagleEye.gltf,11600028_c_helenaeagleeye_d.png,11600028_c_helenaeagleeye_c.png,0,
11600891,(입문용) 사냥꾼 가죽 장갑,11600028,63,59,51,20,18,15,11600029_F_Shooting.gltf,11600029_c_shooting_d.png,11600029_c_shooting_c.png,0,
11600892,(입문용) 헌팅 가죽 장갑,11600030,63,59,51,20,18,15,11600029_F_Shooting.gltf,11600029_c_shooting_d.png,11600029_c_shooting_c.png,0,
11600893,(입문용) 미들 헌팅 장갑,11600032,63,59,51,20,18,15,11600029_F_Shooting.gltf,11600029_c_shooting_d.png,11600029_c_shooting_c.png,0,
11600894,(입문용) 은빛 크란츠 완갑,11600042,63,59,51,20,18,15,11600003_F_LittleBoneGauntlet.gltf,11600003_c_littlebonegauntlet_d.png,11600003_c_littlebonegauntlet_c.png,0,
11600895,(입문용) 나이트 글러브,11600058,63,59,51,20,18,15,11600041_F_GLCrusadesVambrace.gltf,11600042_c_glblackcrusadesvambrace_d.png,11600042_c_glblackcrusadesvambrace_d.png,0,
11600896,(입문용) 밴디트 장갑,11600064,63,59,51,20,18,15,11600042_F_GLPirateHandGuard.gltf,11600042_c_glpiratehandguard_d.png,11600042_c_glpiratehandguard_c.png,0,
11600897,(입문용) 바다 모험가 장갑,11600065,63,59,51,20,18,15,11600042_F_GLPirateHandGuard.gltf,11600042_c_glpiratehandguard_d.png,11600042_c_glpiratehandguard_c.png,0,
11600898,(입문용) 소서러 장갑,11600071,63,59,51,20,18,15,11600020_F_GLMageHand.gltf,11600020_c_glmagehand_d.png,11600020_c_glmagehand_c.png,0,
11600899,(입문용) 성월의 법사 장갑,11600072,63,59,51,20,18,15,11600020_F_GLMageHand.gltf,11600020_c_glmagehand_d.png,11600020_c_glmagehand_c.png,0,
11600900,(입문용) 의장대 글러브,11600078,63,59,51,20,18,15,11600032_F_LeatherScaler.gltf,11600032_c_leatherscaler_d.png,11600032_c_leatherscaler_c.png,0,
11600901,(입문용) 전문 군악대 장갑,11600079,63,59,51,20,18,15,11600032_F_LeatherScaler.gltf,11600032_c_leatherscaler_d.png,11600032_c_leatherscaler_c.png,0,
11600902,(입문용) 기사단 장갑,11600080,63,59,51,20,18,15,11600041_F_GLCrusadesVambrace.gltf,11600042_c_glblackcrusadesvambrace_d.png,11600042_c_glblackcrusadesvambrace_d.png,0,
11600903,(입문용) 검은 크란츠 건틀렛,11600100,63,59,51,20,18,15,11600005_F_RollingThunderBlackbone.gltf,11600005_c_rollingthunderblackbone_d.png,11600005_c_rollingthunderblackbone_c.png,0,
11600904,(입문용) 실버 매지션 글러브,11600101,63,59,51,20,18,15,11600019_F_AnnStarlight.gltf,11600019_c_annstarlight_d.png,11600019_c_annstarlight_c.png,0,
11600905,(입문용) 아크 헌팅 글러브,11600102,63,59,51,20,18,15,11600031_F_HelenaHawkEye.gltf,11600031_c_helenahawkeye_d.png,11600031_c_helenahawkeye_c.png,0,
11600906,(입문용) 강한 자객 장갑,11600103,63,59,51,20,18,15,11600041_F_SteelStealline.gltf,11600041_m_steelstealline_d.png,11600041_m_steelstealline_c.png,0,
11600907,(입문용) 블랙 나이트 건틀렛,11600104,63,59,51,20,18,15,11600042_F_GLBlackCrusadesVambrace.gltf,11600042_c_glblackcrusadesvambrace_d.png,11600042_c_glblackcrusadesvambrace_d.png,0,
11600908,(입문용) 미드 소서러 글러브,11600105,63,59,51,20,18,15,11600020_F_GLMageHand.gltf,11600020_c_glmagehand_d.png,11600020_c_glmagehand_c.png,0,
11600909,(입문용) 중급 의장대 글러브,11600106,63,59,51,20,18,15,11600032_F_LeatherScaler.gltf,11600032_c_leatherscaler_d.png,11600032_c_leatherscaler_c.png,0,
11600910,(입문용) 어퍼 밴디트 장갑,11600107,63,59,51,20,18,15,11600042_F_GLPirateHandGuard.gltf,11600042_c_glpiratehandguard_d.png,11600042_c_glpiratehandguard_c.png,0,
11600912,(입문용) 하이 소서러 글러브,11600109,63,59,51,20,18,15,11600022_F_GLStarlightHandGuard.gltf,11600022_c_glstarlighthandguard_d.png,11600022_c_glstarlighthandguard_c.png,0,
11600913,(입문용) 최상급 의장대 장갑,11600110,63,59,51,20,18,15,11600034_F_BattleScaler.gltf,11600034_c_battlescaler_d.png,11600034_c_battlescaler_c.png,0,
11600914,(입문용) 모스트 밴디트 글러브,11600111,63,59,51,20,18,15,11600044_F_GLCrossPirate.gltf,11600044_c_glcrosspirate_d.png,11600044_c_glcrosspirate_c.png,0,
11600915,(입문용) 크러스트 장갑,11600100,63,59,51,20,18,15,11600005_F_RollingThunderBlackbone.gltf,11600005_c_rollingthunderblackbone_d.png,11600005_c_rollingthunderblackbone_c.png,0,
11600916,(입문용) 디비전 장갑,11600058,63,59,51,20,18,15,11600041_F_GLCrusadesVambrace.gltf,11600042_c_glblackcrusadesvambrace_d.png,11600042_c_glblackcrusadesvambrace_d.png,0,
11600917,(입문용) 블랙 크러스트 장갑,11600104,63,59,51,20,18,15,11600042_F_GLBlackCrusadesVambrace.gltf,11600042_c_glblackcrusadesvambrace_d.png,11600042_c_glblackcrusadesvambrace_d.png,0,
11600919,(입문용) 브루탈 장갑,11600080,63,59,51,20,18,15,11600041_F_GLCrusadesVambrace.gltf,11600042_c_glblackcrusadesvambrace_d.png,11600042_c_glblackcrusadesvambrace_d.png,0,
11600920,(입문용) 디바인 장갑,11600101,63,59,51,20,18,15,11600019_F_AnnStarlight.gltf,11600019_c_annstarlight_d.png,11600019_c_annstarlight_c.png,0,
11600921,(입문용) 멀리건 장갑,11600071,63,59,51,20,18,15,11600020_F_GLMageHand.gltf,11600020_c_glmagehand_d.png,11600020_c_glmagehand_c.png,0,
11600922,(입문용) 실버 디바인 장갑,11600105,63,59,51,20,18,15,11600020_F_GLMageHand.gltf,11600020_c_glmagehand_d.png,11600020_c_glmagehand_c.png,0,
11600923,(입문용) 아케인 장갑,11600109,63,59,51,20,18,15,11600022_F_GLStarlightHandGuard.gltf,11600022_c_glstarlighthandguard_d.png,11600022_c_glstarlighthandguard_c.png,0,
11600924,(입문용) 디세인 장갑,11600072,63,59,51,20,18,15,11600020_F_GLMageHand.gltf,11600020_c_glmagehand_d.png,11600020_c_glmagehand_c.png,0,
11600925,(입문용) 포치 장갑,11600102,63,59,51,20,18,15,11600031_F_HelenaHawkEye.gltf,11600031_c_helenahawkeye_d.png,11600031_c_helenahawkeye_c.png,0,
11600926,(입문용) 알터 장갑,11600078,63,59,51,20,18,15,11600032_F_LeatherScaler.gltf,11600032_c_leatherscaler_d.png,11600032_c_leatherscaler_c.png,0,
11600927,(입문용) 스트롱 포치 장갑,11600106,63,59,51,20,18,15,11600032_F_LeatherScaler.gltf,11600032_c_leatherscaler_d.png,11600032_c_leatherscaler_c.png,0,
11600928,(입문용) 커버넌트 장갑,11600110,63,59,51,20,18,15,11600034_F_BattleScaler.gltf,11600034_c_battlescaler_d.png,11600034_c_battlescaler_c.png,0,
11600929,(입문용) 밴드 장갑,11600079,63,59,51,20,18,15,11600032_F_LeatherScaler.gltf,11600032_c_leatherscaler_d.png,11600032_c_leatherscaler_c.png,0,
11600930,(입문용) 스키퍼 장갑,11600103,63,59,51,20,18,15,11600041_F_SteelStealline.gltf,11600041_m_steelstealline_d.png,11600041_m_steelstealline_c.png,0,
11600931,(입문용) 머깅 장갑,11600064,63,59,51,20,18,15,11600042_F_GLPirateHandGuard.gltf,11600042_c_glpiratehandguard_d.png,11600042_c_glpiratehandguard_c.png,0,
11600932,(입문용) 트루 스키퍼 장갑,11600107,63,59,51,20,18,15,11600042_F_GLPirateHandGuard.gltf,11600042_c_glpiratehandguard_d.png,11600042_c_glpiratehandguard_c.png,0,
11600933,(입문용) 마스트 장갑,11600111,63,59,51,20,18,15,11600044_F_GLCrossPirate.gltf,11600044_c_glcrosspirate_d.png,11600044_c_glcrosspirate_c.png,0,
11600934,(입문용) 크루 장갑,11600065,63,59,51,20,18,15,11600042_F_GLPirateHandGuard.gltf,11600042_c_glpiratehandguard_d.png,11600042_c_glpiratehandguard_c.png,0,
11600935,(입문용) 무딘 격투 장갑,11600483,63,59,51,20,18,15,11600483_F_GLFighter01.gltf,11600483_c_glfighter01_d.png,11600485_c_glfighter03_c.png,0,
11600936,(입문용) 기초 격투 장갑,11600483,63,59,51,20,18,15,11600483_F_GLFighter01.gltf,11600483_c_glfighter01_d.png,11600485_c_glfighter03_c.png,0,
11600937,(입문용) 기초 무투 장갑,11600484,63,59,51,20,18,15,11600484_F_GLFighter02.gltf,11600484_c_glfighter02_d.png,11600485_c_glfighter03_c.png,0,
11600938,(입문용) 기초 사투 장갑,11600485,63,59,51,20,18,15,11600485_F_GLFighter03.gltf,11600485_c_glfighter03_d.png,11600485_c_glfighter03_c.png,0,
11600939,(입문용) 초급 격투 장갑,11600486,63,59,51,20,18,15,11600486_F_GLFighter04.gltf,11600486_c_glfighter04_d.png,11600486_c_glfighter04_c.png,0,
11600940,(입문용) 초급 무투 장갑,11600487,63,59,51,20,18,15,11600487_F_GLFighter05.gltf,11600487_c_glfighter05_d.png,11600487_c_glfighter05_c.png,0,
11600941,(입문용) 초급 사투 장갑,11600488,63,59,51,20,18,15,11600488_F_GLFighter06.gltf,11600488_c_glfighter06_d.png,11600488_c_glfighter06_c.png,0,
11600942,(입문용) 중급 격투 장갑,11600489,63,59,51,20,18,15,11600489_F_GLFighter07.gltf,11600489_c_glfighter07_d.png,11600489_c_glfighter07_c.png,0,
11600943,(입문용) 중급 무투 장갑,11600490,63,59,51,20,18,15,11600490_F_GLFighter08.gltf,11600490_c_glfighter08_d.png,11600490_c_glfighter08_c.png,0,
11600944,(입문용) 중급 사투 장갑,11600491,63,59,51,20,18,15,11600491_F_GLFighter09.gltf,11600491_c_glfighter09_d.png,11600491_c_glfighter09_c.png,0,
11600945,(입문용) 숙련 격투 장갑,11600484,63,59,51,20,18,15,11600484_F_GLFighter02.gltf,11600484_c_glfighter02_d.png,11600485_c_glfighter03_c.png,0,
11600946,(입문용) 숙련 무투 장갑,11600485,63,59,51,20,18,15,11600485_F_GLFighter03.gltf,11600485_c_glfighter03_d.png,11600485_c_glfighter03_c.png,0,
11600947,(입문용) 숙련 사투 장갑,11600487,63,59,51,20,18,15,11600487_F_GLFighter05.gltf,11600487_c_glfighter05_d.png,11600487_c_glfighter05_c.png,0,
11600948,(입문용) 상급 격투 장갑,11600488,63,59,51,20,18,15,11600488_F_GLFighter06.gltf,11600488_c_glfighter06_d.png,11600488_c_glfighter06_c.png,0,
11600949,(입문용) 상급 무투 장갑,11600489,63,59,51,20,18,15,11600489_F_GLFighter07.gltf,11600489_c_glfighter07_d.png,11600489_c_glfighter07_c.png,0,
11600950,(입문용) 상급 사투 장갑,11600490,63,59,51,20,18,15,11600490_F_GLFighter08.gltf,11600490_c_glfighter08_d.png,11600490_c_glfighter08_c.png,0,
11600951,(입문용) 고급 격투 장갑,11600491,63,59,51,20,18,15,11600491_F_GLFighter09.gltf,11600491_c_glfighter09_d.png,11600491_c_glfighter09_c.png,0,
11600952,(입문용) 무딘 가죽 손 보호구,11609001,63,59,51,20,18,15,11600009_F_WornVernon.gltf,11600009_c_wornvernon_d.png,11600009_c_wornvernon_c.png,0,
11600953,(입문용) 무딘 좀도둑 장갑,11609002,63,59,51,20,18,15,11600038_F_BlackEyeGoldline.gltf,11600038_m_blackeyegoldline_d.png,11600038_m_blackeyegoldline_c.png,0,
11600954,(입문용) 무딘 초보 마법사 장갑,11609003,63,59,51,20,18,15,11600015_F_ThinLemona.gltf,11600015_c_thinlemona_d.png,11600015_c_thinlemona_c.png,0,
11600955,(입문용) 무딘 숲지기 장갑,11609004,63,59,51,20,18,15,11600026_F_BasicMarker.gltf,11600028_c_helenaeagleeye_d.png,11600028_c_helenaeagleeye_c.png,0,
11600956,레이 깔끔한 장갑,11600956,63,59,51,20,18,15,11600956_F_Lay01.gltf,11600956_c_lay01_d.png,11600956_c_lay01_d.png,0,
11600957,특별한 나비 반지,11600957,76,105,181,23,40,79,11600240_F_GLButterFlyRing.gltf,11600240_c_glbutterflyring_d.png,11600240_c_glbutterflyring_c.png,0,
11600958,몽실 퍼 글러브 (남),11600958,230,230,230,150,150,150,11600958_M_GLStarlightRabbit.gltf,11600958_c_glstarlightrabbit_d.png,11600958_c_glstarlightrabbit_c.png,0,
11600959,몽실 퍼 글러브 (여),11600959,230,230,230,150,150,150,11600959_F_GLStarlightRabbit.gltf,11600958_c_glstarlightrabbit_d.png,11600958_c_glstarlightrabbit_c.png,0,
11600960,바니바니 오컬트 토끼 장갑,11600868,63,59,51,20,18,15,11600868_F_GLDoll_Banny04.gltf,11600868_c_gldoll_banny04_d.png,11600868_c_gldoll_banny04_d.png,0,
11600961,바니바니 하얀 달토끼 장갑,11600866,63,59,51,20,18,15,11600866_F_GLDoll_Banny02.gltf,11600866_c_gldoll_banny02_d.png,11600866_c_gldoll_banny02_d.png,0,
11600962,바니바니 점박이 토끼 장갑,11600867,63,59,51,20,18,15,11600867_F_GLDoll_Banny03.gltf,11600867_c_gldoll_banny03_d.png,11600867_c_gldoll_banny03_d.png,0,
11600969,다크윈드 아텐토 장갑 (남),11600969,63,59,51,20,18,15,11600969_F_GLDarkWind01.gltf,11600969_c_gldarkwind01_d.png,11600969_c_gldarkwind01_d.png,0,
11600970,루미나이츠 오네스타 장갑 (남),11600970,63,59,51,20,18,15,11600970_F_GLLumiKnight01.gltf,11600970_c_gllumiknight01_d.png,11600970_c_gllumiknight01_d.png,0,
11600971,트라이아 근위대 리네아르 장갑 (남),11600971,63,59,51,20,18,15,11600971_F_GLTriaRoyalGuard01.gltf,11600971_c_gltriaroyalguard01_d.png,11600971_c_gltriaroyalguard01_d.png,0,
11600972,그린후드 자경단 피오레 장갑 (남),11600972,63,59,51,20,18,15,11600972_F_GLGreenHood01.gltf,11600972_c_glgreenhood01_d.png,11600972_c_glgreenhood01_d.png,0,
11600976,매직 스톤 장갑,11600976,133,81,165,53,42,71,11600976_F_GLMagicStone.gltf,11600976_c_glmagicstone_d.png,11600976_c_glmagicstone_c.png,0,
11600977,동물의 왕 사자 장갑 (남),11600782,63,59,51,20,18,15,11600782_M_GLLionDoll.gltf,11600782_c_glliondoll_d.png,11600782_c_glliondoll_d.png,0,
11600978,동물의 왕 사자 장갑 (여),11600783,63,59,51,20,18,15,11600783_F_GLLionDoll.gltf,11600782_c_glliondoll_d.png,11600782_c_glliondoll_d.png,0,
11600979,은빛 기사단 장갑,11600979,76,105,181,23,40,79,11600979_F_GLSaveArmorA01.gltf,11600979_c_glsavearmora01_d.png,11600979_c_glsavearmora01_c.png,0,
11600980,금빛 기사단 장갑,11600980,76,105,181,23,40,79,11600980_F_GLSaveArmorA02.gltf,11600980_c_glsavearmora02_d.png,11600979_c_glsavearmora01_c.png,0,
11600981,검은빛 방랑무사 장갑,11600981,170,47,47,96,19,19,11600981_F_GLSaveArmorB01.gltf,11600981_c_glsavearmorb01_d.png,11600981_c_glsavearmorb01_c.png,0,
11600982,은빛 방랑무사 장갑,11600982,170,47,47,96,19,19,11600982_F_GLSaveArmorB02.gltf,11600982_c_glsavearmorb02_d.png,11600981_c_glsavearmorb01_c.png,0,
11600983,윈디 어드벤처 글러브,11600983,76,105,181,23,40,79,11600983_F_GLSaveArmorC01.gltf,11600983_c_glsavearmorc01_d.png,11600983_c_glsavearmorc01_c.png,0,
11600986,인페르노 완갑 (남),11600343,170,47,47,96,19,19,11600343_M_GLInfernoGloves.gltf,11600343_c_glinfernogloves_d.png,11600343_c_glinfernogloves_c.png,0,
11600987,인페르노 완갑 (여),11600344,170,47,47,96,19,19,11600344_F_GLInfernoGloves.gltf,11600343_c_glinfernogloves_d.png,11600343_c_glinfernogloves_c.png,0,
11600988,크래비 집게,11600442,63,59,51,20,18,15,11600442_F_GLCrabHand.gltf,11600442_c_glcrabhand_d.png,11600442_c_glcrabhand_d.png,0,
11600989,키튼 메이드 장갑 (남),11600989,76,105,181,23,40,79,11600989_M_GLMaid01.gltf,11600989_c_glmaid01_d.png,11600989_c_glmaid01_c.png,0,
11600990,키튼 메이드 장갑 (여),11600990,63,59,51,20,18,15,11600990_F_GLMaid01.gltf,11600989_c_glmaid01_d.png,11600989_c_glmaid01_c.png,0,
11600991,(길라잡이) 포인트 가죽 손 보호구,11600002,63,59,51,20,18,15,11600009_F_WornVernon.gltf,11600009_c_wornvernon_d.png,11600009_c_wornvernon_c.png,0,
11600992,(길라잡이) 스파이크 가죽 손 보호구,11600003,63,59,51,20,18,15,11600002_F_RollingThunderSpike.gltf,11600002_c_rollingthunderspike_d.png,11600002_c_rollingthunderspike_c.png,0,
11600993,(길라잡이) 크란츠 건틀렛,11600006,63,59,51,20,18,15,11600003_F_LittleBoneGauntlet.gltf,11600003_c_littlebonegauntlet_d.png,11600003_c_littlebonegauntlet_c.png,0,
11600994,(길라잡이) 은빛 크란츠 완갑,11600042,63,59,51,20,18,15,11600003_F_LittleBoneGauntlet.gltf,11600003_c_littlebonegauntlet_d.png,11600003_c_littlebonegauntlet_c.png,0,
11600995,(길라잡이) 나이트 글러브,11600058,63,59,51,20,18,15,11600041_F_GLCrusadesVambrace.gltf,11600042_c_glblackcrusadesvambrace_d.png,11600042_c_glblackcrusadesvambrace_d.png,0,
11600996,(길라잡이) 검은 크란츠 건틀렛,11600100,63,59,51,20,18,15,11600005_F_RollingThunderBlackbone.gltf,11600005_c_rollingthunderblackbone_d.png,11600005_c_rollingthunderblackbone_c.png,0,
11600997,(길라잡이) 블랙 나이트 건틀렛,11600104,63,59,51,20,18,15,11600042_F_GLBlackCrusadesVambrace.gltf,11600042_c_glblackcrusadesvambrace_d.png,11600042_c_glblackcrusadesvambrace_d.png,0,
11601002,오리엔탈 엔젤 링 (남),11601002,255,168,203,205,86,106,11601002_M_GLOrientalAngel.gltf,11601002_c_glorientalangel_d.png,11601002_c_glorientalangel_c.png,0,
11601003,천계의 선인 장갑 (남),11601003,63,59,51,20,18,15,11601003_M_GLOrientalFairy.gltf,11601003_m_glorientalfairy_d.png,11601003_m_glorientalfairy_c.png,0,
11601004,완성된 힘의 전사 장갑,11609996,63,59,51,20,18,15,11600002_F_GLSilverOrihalcon.gltf,11600002_c_glsilverorihalcon_d.png,11600002_c_glsilverorihalcon_d.png,0,
11601005,완성된 힘의 마법사 장갑,11600052,63,59,51,20,18,15,11600007_F_GLSilkWarmer.gltf,11600007_c_glsilkwarmer_d.png,11600007_c_glsilkwarmer_c.png,0,
11601006,완성된 힘의 궁수 장갑,11600083,63,59,51,20,18,15,11600083_F_GLMilitiaGlove.gltf,11600083_c_glmilitiaglove_d.png,11600083_c_glmilitiaglove_d.png,0,
11601007,완성된 힘의 도적 장갑,11600081,63,59,51,20,18,15,11600081_F_GLChineseGlove.gltf,11600081_c_glchineseglove_d.png,11600081_c_glchineseglove_c.png,0,
11601008,완성된 힘의 격투가 장갑,11600489,63,59,51,20,18,15,11600489_F_GLFighter07.gltf,11600489_c_glfighter07_d.png,11600489_c_glfighter07_c.png,0,
11601009,완성된 힘의 기공사 장갑,11600489,63,59,51,20,18,15,11600489_F_GLFighter07.gltf,11600489_c_glfighter07_d.png,11600489_c_glfighter07_c.png,0,
11601010,올림포스 브레이슬릿 (남),11601010,147,226,242,89,153,165,11601010_M_GLOlympos01.gltf,11601010_c_glolympos01_d.png,11601010_c_glolympos01_c.png,0,
11601011,올림포스 브레이슬릿 (여),11601011,147,226,242,89,153,165,11601011_F_GLOlympos01.gltf,11601010_c_glolympos01_d.png,11601010_c_glolympos01_c.png,0,
11601012,나비의 꿈 가락지 (남),11601012,170,47,47,96,19,19,11600813_M_GLNewYear02.gltf,11600813_c_glnewyear02_d.png,11600813_c_glnewyear02_c.png,0,
11601013,나비의 꿈 가락지 (여),11601013,170,47,47,96,19,19,11600814_F_GLNewYear02.gltf,11600813_c_glnewyear02_d.png,11600813_c_glnewyear02_c.png,0,
11601014,골든 리본 손목 밴드 (남),11601014,170,47,47,96,19,19,11601014_M_GLValentine02.gltf,11601014_c_glvalentine02_d.png,11601014_c_glvalentine02_c.png,0,
11601015,골든 리본 반지 (여),11601015,170,47,47,96,19,19,11601015_F_GLValentine02.gltf,11601014_c_glvalentine02_d.png,11601014_c_glvalentine02_c.png,0,
11601016,메이플 연합 골든 파워 장갑 (남),11601016,63,59,51,20,18,15,11601016_F_GLMapleUnion01.gltf,11601016_c_glmapleunion01_d.png,11601016_c_glmapleunion01_d.png,0,
11601017,큐트 블러썸 링 (남),11601017,180,165,248,108,96,176,11601017_M_GLGreenDay01.gltf,11601017_c_glgreenday01_d.png,11601017_c_glgreenday01_c.png,0,
11601018,큐트 블러썸 링 (여),11601017,180,165,248,108,96,176,11601018_F_GLGreenDay01.gltf,11601017_c_glgreenday01_d.png,11601017_c_glgreenday01_c.png,0,
11601019,천계의 선인 장갑 (남),11601003,63,59,51,20,18,15,11601003_M_GLOrientalFairy.gltf,11601003_m_glorientalfairy_d.png,11601003_m_glorientalfairy_c.png,0,
11601030,크림슨 발록의 전투 장갑,11600968,63,59,51,20,18,15,11600968_F_GLBalrogB01.gltf,11600968_c_glbalrogb01_d.png,11600968_c_glbalrogb01_c.png,0,
11601031,크림슨 발록의 광란 장갑,11600968,63,59,51,20,18,15,11600968_F_GLBalrogB01.gltf,11600968_c_glbalrogb01_d.png,11600968_c_glbalrogb01_c.png,0,
11601032,크림슨 발록의 마법 장갑,11600968,63,59,51,20,18,15,11600968_F_GLBalrogB01.gltf,11600968_c_glbalrogb01_d.png,11600968_c_glbalrogb01_c.png,0,
11601033,크림슨 발록의 신성 장갑,11600968,63,59,51,20,18,15,11600968_F_GLBalrogB01.gltf,11600968_c_glbalrogb01_d.png,11600968_c_glbalrogb01_c.png,0,
11601034,크림슨 발록의 집중 장갑,11600968,63,59,51,20,18,15,11600968_F_GLBalrogB01.gltf,11600968_c_glbalrogb01_d.png,11600968_c_glbalrogb01_c.png,0,
11601035,크림슨 발록의 포격 장갑,11600968,63,59,51,20,18,15,11600968_F_GLBalrogB01.gltf,11600968_c_glbalrogb01_d.png,11600968_c_glbalrogb01_c.png,0,
11601036,크림슨 발록의 혼란 장갑,11600968,63,59,51,20,18,15,11600968_F_GLBalrogB01.gltf,11600968_c_glbalrogb01_d.png,11600968_c_glbalrogb01_c.png,0,
11601037,크림슨 발록의 암살 장갑,11600968,63,59,51,20,18,15,11600968_F_GLBalrogB01.gltf,11600968_c_glbalrogb01_d.png,11600968_c_glbalrogb01_c.png,0,
11601038,크림슨 발록의 주술 장갑,11600968,63,59,51,20,18,15,11600968_F_GLBalrogB01.gltf,11600968_c_glbalrogb01_d.png,11600968_c_glbalrogb01_c.png,0,
11601039,크림슨 발록의 난투 장갑,11600968,63,59,51,20,18,15,11600968_F_GLBalrogB01.gltf,11600968_c_glbalrogb01_d.png,11600968_c_glbalrogb01_c.png,0,
11601040,크림슨 발록의 의식 장갑,11600968,63,59,51,20,18,15,11600968_F_GLBalrogB01.gltf,11600968_c_glbalrogb01_d.png,11600968_c_glbalrogb01_c.png,0,
11601042,브래스 스터드 글러브 (남),11601042,242,224,191,165,127,96,11601042_M_GLBrassStud.gltf,11601042_c_glbrassstud_d.png,11601042_c_glbrassstud_c.png,0,
11601043,브래스 스터드 글러브 (여),11601043,242,224,191,165,127,96,11601043_F_GLBrassStud.gltf,11601042_c_glbrassstud_d.png,11601042_c_glbrassstud_c.png,0,
11601044,메투날드 소매 장식 (남),11601044,230,230,230,150,150,150,11601044_M_GLM2nald.gltf,11601044_c_glm2nald_d.png,11601044_c_glm2nald_c.png,0,
11601045,메투날드 소매 장식 (여),11601045,230,230,230,150,150,150,11601045_F_GLM2nald.gltf,11601044_c_glm2nald_d.png,11601044_c_glm2nald_c.png,0,
11601046,썸머 비즈 팔찌 (남),11601046,76,105,181,23,40,79,11601046_M_GLPicnic01.gltf,11601046_c_glpicnic01_d.png,11601046_c_glpicnic01_c.png,0,
11601047,썸머 비즈 팔찌 (여),11601047,76,105,181,23,40,79,11601047_F_GLPicnic01.gltf,11601046_c_glpicnic01_d.png,11601046_c_glpicnic01_c.png,0,
11601048,눈꽃뭉치 장갑 (남),11601048,158,83,63,68,31,19,11601048_M_GLEskimoWear.gltf,11601048_c_gleskimowear_d.png,11601048_c_gleskimowear_c.png,0,
11601049,눈꽃뭉치 장갑 (여),11601049,158,83,63,68,31,19,11601049_F_GLEskimoWear.gltf,11601048_c_gleskimowear_d.png,11601048_c_gleskimowear_c.png,0,
11601050,머스커티어 글러브 (남),11601050,62,73,117,27,26,48,11601050_M_GLDartagnan.gltf,11601050_c_gldartagnan_d.png,11601050_c_gldartagnan_c.png,0,
11601051,머스커티어 글러브 (여),11601051,62,73,117,27,26,48,11601051_F_GLDartagnan.gltf,11601050_c_gldartagnan_d.png,11601050_c_gldartagnan_c.png,0,
11601053,페리오닉 레이어드 팔찌 (남),11601053,122,92,77,53,39,29,11601053_M_GLTraditionalNative01.gltf,11601053_c_gltraditionalnative01_d.png,11601053_c_gltraditionalnative01_c.png,0,
11601054,페리오닉 레이어드 팔찌 (여),11601054,122,92,77,53,39,29,11601054_F_GLTraditionalNative01.gltf,11601053_c_gltraditionalnative01_d.png,11601053_c_gltraditionalnative01_c.png,0,
11601055,타이드 캡틴 글러브 (나이트),11600664,63,59,51,20,18,15,11600575_F_GLPirate.gltf,11600575_c_glpirate_d.png,11600575_c_glpirate_c.png,0,
11601056,타이드 캡틴 글러브 (버서커),11600664,63,59,51,20,18,15,11600575_F_GLPirate.gltf,11600575_c_glpirate_d.png,11600575_c_glpirate_c.png,0,
11601057,타이드 캡틴 글러브 (위자드),11600664,63,59,51,20,18,15,11600575_F_GLPirate.gltf,11600575_c_glpirate_d.png,11600575_c_glpirate_c.png,0,
11601058,타이드 캡틴 글러브 (프리스트),11600664,63,59,51,20,18,15,11600575_F_GLPirate.gltf,11600575_c_glpirate_d.png,11600575_c_glpirate_c.png,0,
11601059,타이드 캡틴 글러브 (레인저),11600664,63,59,51,20,18,15,11600575_F_GLPirate.gltf,11600575_c_glpirate_d.png,11600575_c_glpirate_c.png,0,
11601060,타이드 캡틴 글러브 (헤비거너),11600664,63,59,51,20,18,15,11600575_F_GLPirate.gltf,11600575_c_glpirate_d.png,11600575_c_glpirate_c.png,0,
11601061,타이드 캡틴 글러브 (시프),11600664,63,59,51,20,18,15,11600575_F_GLPirate.gltf,11600575_c_glpirate_d.png,11600575_c_glpirate_c.png,0,
11601062,타이드 캡틴 글러브 (어쌔신),11600664,63,59,51,20,18,15,11600575_F_GLPirate.gltf,11600575_c_glpirate_d.png,11600575_c_glpirate_c.png,0,
11601063,타이드 캡틴 글러브 (룬블레이더),11600664,63,59,51,20,18,15,11600575_F_GLPirate.gltf,11600575_c_glpirate_d.png,11600575_c_glpirate_c.png,0,
11601064,타이드 캡틴 글러브 (스트라이커),11600664,63,59,51,20,18,15,11600575_F_GLPirate.gltf,11600575_c_glpirate_d.png,11600575_c_glpirate_c.png,0,
11601065,타이드 캡틴 글러브 (소울바인더),11600664,63,59,51,20,18,15,11600575_F_GLPirate.gltf,11600575_c_glpirate_d.png,11600575_c_glpirate_c.png,0,
11601066,프론티어 글러브 (나이트),11600633,63,59,51,20,18,15,11600633_F_GLEmerald.gltf,11600633_c_glemerald_d.png,11600633_c_glemerald_c.png,0,
11601067,프론티어 글러브 (버서커),11600633,63,59,51,20,18,15,11600633_F_GLEmerald.gltf,11600633_c_glemerald_d.png,11600633_c_glemerald_c.png,0,
11601068,프론티어 글러브 (위자드),11600633,63,59,51,20,18,15,11600633_F_GLEmerald.gltf,11600633_c_glemerald_d.png,11600633_c_glemerald_c.png,0,
11601069,프론티어 글러브 (프리스트),11600633,63,59,51,20,18,15,11600633_F_GLEmerald.gltf,11600633_c_glemerald_d.png,11600633_c_glemerald_c.png,0,
11601070,프론티어 글러브 (레인저),11600633,63,59,51,20,18,15,11600633_F_GLEmerald.gltf,11600633_c_glemerald_d.png,11600633_c_glemerald_c.png,0,
11601071,프론티어 글러브 (헤비거너),11600633,63,59,51,20,18,15,11600633_F_GLEmerald.gltf,11600633_c_glemerald_d.png,11600633_c_glemerald_c.png,0,
11601072,프론티어 글러브 (시프),11600633,63,59,51,20,18,15,11600633_F_GLEmerald.gltf,11600633_c_glemerald_d.png,11600633_c_glemerald_c.png,0,
11601073,프론티어 글러브 (어쌔신),11600633,63,59,51,20,18,15,11600633_F_GLEmerald.gltf,11600633_c_glemerald_d.png,11600633_c_glemerald_c.png,0,
11601074,프론티어 글러브 (룬블레이더),11600633,63,59,51,20,18,15,11600633_F_GLEmerald.gltf,11600633_c_glemerald_d.png,11600633_c_glemerald_c.png,0,
11601075,프론티어 글러브 (스트라이커),11600633,63,59,51,20,18,15,11600633_F_GLEmerald.gltf,11600633_c_glemerald_d.png,11600633_c_glemerald_c.png,0,
11601076,프론티어 글러브 (소울바인더),11600633,63,59,51,20,18,15,11600633_F_GLEmerald.gltf,11600633_c_glemerald_d.png,11600633_c_glemerald_c.png,0,
11601077,윙드 데몬 브레이스 (나이트),11600629,63,59,51,20,18,15,11600629_F_GLDragon.gltf,11600629_c_gldragon_d.png,11600629_c_gldragon_c.png,0,
11601078,윙드 데몬 브레이스 (버서커),11600629,63,59,51,20,18,15,11600629_F_GLDragon.gltf,11600629_c_gldragon_d.png,11600629_c_gldragon_c.png,0,
11601079,윙드 데몬 브레이스 (위자드),11600629,63,59,51,20,18,15,11600629_F_GLDragon.gltf,11600629_c_gldragon_d.png,11600629_c_gldragon_c.png,0,
11601080,윙드 데몬 브레이스 (프리스트),11600629,63,59,51,20,18,15,11600629_F_GLDragon.gltf,11600629_c_gldragon_d.png,11600629_c_gldragon_c.png,0,
11601081,윙드 데몬 브레이스 (레인저),11600629,63,59,51,20,18,15,11600629_F_GLDragon.gltf,11600629_c_gldragon_d.png,11600629_c_gldragon_c.png,0,
11601082,윙드 데몬 브레이스 (헤비거너),11600629,63,59,51,20,18,15,11600629_F_GLDragon.gltf,11600629_c_gldragon_d.png,11600629_c_gldragon_c.png,0,
11601083,윙드 데몬 브레이스 (시프),11600629,63,59,51,20,18,15,11600629_F_GLDragon.gltf,11600629_c_gldragon_d.png,11600629_c_gldragon_c.png,0,
11601084,윙드 데몬 브레이스 (어쌔신),11600629,63,59,51,20,18,15,11600629_F_GLDragon.gltf,11600629_c_gldragon_d.png,11600629_c_gldragon_c.png,0,
11601085,윙드 데몬 브레이스 (룬블레이더),11600629,63,59,51,20,18,15,11600629_F_GLDragon.gltf,11600629_c_gldragon_d.png,11600629_c_gldragon_c.png,0,
11601086,윙드 데몬 브레이스 (스트라이커),11600629,63,59,51,20,18,15,11600629_F_GLDragon.gltf,11600629_c_gldragon_d.png,11600629_c_gldragon_c.png,0,
11601087,윙드 데몬 브레이스 (소울바인더),11600629,63,59,51,20,18,15,11600629_F_GLDragon.gltf,11600629_c_gldragon_d.png,11600629_c_gldragon_c.png,0,
11601088,베히모스 클로 핸드 (나이트),11600963,63,59,51,20,18,15,11600963_F_GLVehement.gltf,11600963_c_glvehement_d.png,11600963_c_glvehement_c.png,0,
11601089,베히모스 클로 핸드 (버서커),11600963,63,59,51,20,18,15,11600963_F_GLVehement.gltf,11600963_c_glvehement_d.png,11600963_c_glvehement_c.png,0,
11601090,베히모스 클로 핸드 (위자드),11600963,63,59,51,20,18,15,11600963_F_GLVehement.gltf,11600963_c_glvehement_d.png,11600963_c_glvehement_c.png,0,
11601091,베히모스 클로 핸드 (프리스트),11600963,63,59,51,20,18,15,11600963_F_GLVehement.gltf,11600963_c_glvehement_d.png,11600963_c_glvehement_c.png,0,
11601092,베히모스 클로 핸드 (레인저),11600963,63,59,51,20,18,15,11600963_F_GLVehement.gltf,11600963_c_glvehement_d.png,11600963_c_glvehement_c.png,0,
11601093,베히모스 클로 핸드 (헤비거너),11600963,63,59,51,20,18,15,11600963_F_GLVehement.gltf,11600963_c_glvehement_d.png,11600963_c_glvehement_c.png,0,
11601094,베히모스 클로 핸드 (시프),11600963,63,59,51,20,18,15,11600963_F_GLVehement.gltf,11600963_c_glvehement_d.png,11600963_c_glvehement_c.png,0,
11601095,베히모스 클로 핸드 (어쌔신),11600963,63,59,51,20,18,15,11600963_F_GLVehement.gltf,11600963_c_glvehement_d.png,11600963_c_glvehement_c.png,0,
11601096,베히모스 클로 핸드 (룬블레이더),11600963,63,59,51,20,18,15,11600963_F_GLVehement.gltf,11600963_c_glvehement_d.png,11600963_c_glvehement_c.png,0,
11601097,베히모스 클로 핸드 (스트라이커),11600963,63,59,51,20,18,15,11600963_F_GLVehement.gltf,11600963_c_glvehement_d.png,11600963_c_glvehement_c.png,0,
11601098,베히모스 클로 핸드 (소울바인더),11600963,63,59,51,20,18,15,11600963_F_GLVehement.gltf,11600963_c_glvehement_d.png,11600963_c_glvehement_c.png,0,
11601099,에일리온 엑소 핑거 (나이트),11600824,63,59,51,20,18,15,11600824_F_GLReverseRaidA02.gltf,11600824_c_glreverseraida02_d.png,11600824_c_glreverseraida02_c.png,0,
11601100,에일리온 엑소 핑거 (버서커),11600824,63,59,51,20,18,15,11600824_F_GLReverseRaidA02.gltf,11600824_c_glreverseraida02_d.png,11600824_c_glreverseraida02_c.png,0,
11601101,에일리온 엑소 핑거 (위자드),11600824,63,59,51,20,18,15,11600824_F_GLReverseRaidA02.gltf,11600824_c_glreverseraida02_d.png,11600824_c_glreverseraida02_c.png,0,
11601102,에일리온 엑소 핑거 (프리스트),11600824,63,59,51,20,18,15,11600824_F_GLReverseRaidA02.gltf,11600824_c_glreverseraida02_d.png,11600824_c_glreverseraida02_c.png,0,
11601103,에일리온 엑소 핑거 (레인저),11600824,63,59,51,20,18,15,11600824_F_GLReverseRaidA02.gltf,11600824_c_glreverseraida02_d.png,11600824_c_glreverseraida02_c.png,0,
11601104,에일리온 엑소 핑거 (헤비거너),11600824,63,59,51,20,18,15,11600824_F_GLReverseRaidA02.gltf,11600824_c_glreverseraida02_d.png,11600824_c_glreverseraida02_c.png,0,
11601105,에일리온 엑소 핑거 (시프),11600824,63,59,51,20,18,15,11600824_F_GLReverseRaidA02.gltf,11600824_c_glreverseraida02_d.png,11600824_c_glreverseraida02_c.png,0,
11601106,에일리온 엑소 핑거 (어쌔신),11600824,63,59,51,20,18,15,11600824_F_GLReverseRaidA02.gltf,11600824_c_glreverseraida02_d.png,11600824_c_glreverseraida02_c.png,0,
11601107,에일리온 엑소 핑거 (룬블레이더),11600824,63,59,51,20,18,15,11600824_F_GLReverseRaidA02.gltf,11600824_c_glreverseraida02_d.png,11600824_c_glreverseraida02_c.png,0,
11601108,에일리온 엑소 핑거 (스트라이커),11600824,63,59,51,20,18,15,11600824_F_GLReverseRaidA02.gltf,11600824_c_glreverseraida02_d.png,11600824_c_glreverseraida02_c.png,0,
11601109,에일리온 엑소 핑거 (소울바인더),11600824,63,59,51,20,18,15,11600824_F_GLReverseRaidA02.gltf,11600824_c_glreverseraida02_d.png,11600824_c_glreverseraida02_c.png,0,
11601110,블랙 뱅가드 피스트 (나이트),11600578,63,59,51,20,18,15,11600578_F_GLDarkSteel.gltf,11600578_c_gldarksteel_d.png,11600578_c_gldarksteel_c.png,0,
11601111,블랙 뱅가드 피스트 (버서커),11600578,63,59,51,20,18,15,11600578_F_GLDarkSteel.gltf,11600578_c_gldarksteel_d.png,11600578_c_gldarksteel_c.png,0,
11601112,블랙 뱅가드 피스트 (위자드),11600578,63,59,51,20,18,15,11600578_F_GLDarkSteel.gltf,11600578_c_gldarksteel_d.png,11600578_c_gldarksteel_c.png,0,
11601113,블랙 뱅가드 피스트 (프리스트),11600578,63,59,51,20,18,15,11600578_F_GLDarkSteel.gltf,11600578_c_gldarksteel_d.png,11600578_c_gldarksteel_c.png,0,
11601114,블랙 뱅가드 피스트 (레인저),11600578,63,59,51,20,18,15,11600578_F_GLDarkSteel.gltf,11600578_c_gldarksteel_d.png,11600578_c_gldarksteel_c.png,0,
11601115,블랙 뱅가드 피스트 (헤비거너),11600578,63,59,51,20,18,15,11600578_F_GLDarkSteel.gltf,11600578_c_gldarksteel_d.png,11600578_c_gldarksteel_c.png,0,
11601116,블랙 뱅가드 피스트 (시프),11600578,63,59,51,20,18,15,11600578_F_GLDarkSteel.gltf,11600578_c_gldarksteel_d.png,11600578_c_gldarksteel_c.png,0,
11601117,블랙 뱅가드 피스트 (어쌔신),11600578,63,59,51,20,18,15,11600578_F_GLDarkSteel.gltf,11600578_c_gldarksteel_d.png,11600578_c_gldarksteel_c.png,0,
11601118,블랙 뱅가드 피스트 (룬블레이더),11600578,63,59,51,20,18,15,11600578_F_GLDarkSteel.gltf,11600578_c_gldarksteel_d.png,11600578_c_gldarksteel_c.png,0,
11601119,블랙 뱅가드 피스트 (스트라이커),11600578,63,59,51,20,18,15,11600578_F_GLDarkSteel.gltf,11600578_c_gldarksteel_d.png,11600578_c_gldarksteel_c.png,0,
11601120,블랙 뱅가드 피스트 (소울바인더),11600578,63,59,51,20,18,15,11600578_F_GLDarkSteel.gltf,11600578_c_gldarksteel_d.png,11600578_c_gldarksteel_c.png,0,
11601121,블랙퓨리티 레이지 클로 (나이트),11601052,63,59,51,20,18,15,11601052_F_GLDarkTutor.gltf,11601052_c_gldarktutor_d.png,11601052_c_gldarktutor_c.png,0,
11601122,블랙퓨리티 레이지 클로 (버서커),11601052,63,59,51,20,18,15,11601052_F_GLDarkTutor.gltf,11601052_c_gldarktutor_d.png,11601052_c_gldarktutor_c.png,0,
11601123,블랙퓨리티 레이지 클로 (위자드),11601052,63,59,51,20,18,15,11601052_F_GLDarkTutor.gltf,11601052_c_gldarktutor_d.png,11601052_c_gldarktutor_c.png,0,
11601124,블랙퓨리티 레이지 클로 (프리스트),11601052,63,59,51,20,18,15,11601052_F_GLDarkTutor.gltf,11601052_c_gldarktutor_d.png,11601052_c_gldarktutor_c.png,0,
11601125,블랙퓨리티 레이지 클로 (레인저),11601052,63,59,51,20,18,15,11601052_F_GLDarkTutor.gltf,11601052_c_gldarktutor_d.png,11601052_c_gldarktutor_c.png,0,
11601126,블랙퓨리티 레이지 클로 (헤비거너),11601052,63,59,51,20,18,15,11601052_F_GLDarkTutor.gltf,11601052_c_gldarktutor_d.png,11601052_c_gldarktutor_c.png,0,
11601127,블랙퓨리티 레이지 클로 (시프),11601052,63,59,51,20,18,15,11601052_F_GLDarkTutor.gltf,11601052_c_gldarktutor_d.png,11601052_c_gldarktutor_c.png,0,
11601128,블랙퓨리티 레이지 클로 (어쌔신),11601052,63,59,51,20,18,15,11601052_F_GLDarkTutor.gltf,11601052_c_gldarktutor_d.png,11601052_c_gldarktutor_c.png,0,
11601129,블랙퓨리티 레이지 클로 (룬블레이더),11601052,63,59,51,20,18,15,11601052_F_GLDarkTutor.gltf,11601052_c_gldarktutor_d.png,11601052_c_gldarktutor_c.png,0,
11601130,블랙퓨리티 레이지 클로 (스트라이커),11601052,63,59,51,20,18,15,11601052_F_GLDarkTutor.gltf,11601052_c_gldarktutor_d.png,11601052_c_gldarktutor_c.png,0,
11601131,블랙퓨리티 레이지 클로 (소울바인더),11601052,63,59,51,20,18,15,11601052_F_GLDarkTutor.gltf,11601052_c_gldarktutor_d.png,11601052_c_gldarktutor_c.png,0,
11601144,스노우 테일 팔찌 (남),11601144,76,105,181,23,40,79,11601144_M_GLFrozen02.gltf,11601144_c_glfrozen02_d.png,11601144_c_glfrozen02_c.png,0,
11601145,스노우 테일 팔찌 (여),11601145,76,105,181,23,40,79,11601145_F_GLFrozen02.gltf,11601144_c_glfrozen02_d.png,11601144_c_glfrozen02_c.png,0,
11601146,타락천사 장갑 (남),11601146,62,73,117,27,26,48,11601146_M_GLLucifer.gltf,11601146_c_gllucifer_d.png,11601146_c_gllucifer_c.png,0,
11601147,타락천사 장갑 (여),11601147,62,73,117,27,26,48,11601147_F_GLLucifer.gltf,11601146_c_gllucifer_d.png,11601146_c_gllucifer_c.png,0,
11601148,엘리트 어드벤쳐 배틀 글러브 (나이트),11609996,63,59,51,20,18,15,11600002_F_GLSilverOrihalcon.gltf,11600002_c_glsilverorihalcon_d.png,11600002_c_glsilverorihalcon_d.png,0,
11601149,엘리트 어드벤쳐 배틀 글러브 (버서커),11609996,63,59,51,20,18,15,11600002_F_GLSilverOrihalcon.gltf,11600002_c_glsilverorihalcon_d.png,11600002_c_glsilverorihalcon_d.png,0,
11601150,엘리트 어드벤쳐 매직 슬리브 (위자드),11600052,63,59,51,20,18,15,11600007_F_GLSilkWarmer.gltf,11600007_c_glsilkwarmer_d.png,11600007_c_glsilkwarmer_c.png,0,
11601151,엘리트 어드벤쳐 매직 슬리브 (프리스트),11600052,63,59,51,20,18,15,11600007_F_GLSilkWarmer.gltf,11600007_c_glsilkwarmer_d.png,11600007_c_glsilkwarmer_c.png,0,
11601152,엘리트 어드벤쳐 스카우트 글러브 (레인저),11600083,63,59,51,20,18,15,11600083_F_GLMilitiaGlove.gltf,11600083_c_glmilitiaglove_d.png,11600083_c_glmilitiaglove_d.png,0,
11601153,엘리트 어드벤쳐 스카우트 글러브 (헤비거너),11600083,63,59,51,20,18,15,11600083_F_GLMilitiaGlove.gltf,11600083_c_glmilitiaglove_d.png,11600083_c_glmilitiaglove_d.png,0,
11601154,엘리트 어드벤쳐 스니킹 뱅글 (시프),11600081,63,59,51,20,18,15,11600081_F_GLChineseGlove.gltf,11600081_c_glchineseglove_d.png,11600081_c_glchineseglove_c.png,0,
11601155,엘리트 어드벤쳐 스니킹 뱅글 (어쌔신),11600081,63,59,51,20,18,15,11600081_F_GLChineseGlove.gltf,11600081_c_glchineseglove_d.png,11600081_c_glchineseglove_c.png,0,
11601156,엘리트 어드벤쳐 배틀 글러브 (룬블레이더),11609996,63,59,51,20,18,15,11600002_F_GLSilverOrihalcon.gltf,11600002_c_glsilverorihalcon_d.png,11600002_c_glsilverorihalcon_d.png,0,
11601157,엘리트 어드벤쳐 마샬 글러브 (스트라이커),11600489,63,59,51,20,18,15,11600489_F_GLFighter07.gltf,11600489_c_glfighter07_d.png,11600489_c_glfighter07_c.png,0,
11601158,엘리트 어드벤쳐 마샬 글러브 (소울바인더),11600489,63,59,51,20,18,15,11600489_F_GLFighter07.gltf,11600489_c_glfighter07_d.png,11600489_c_glfighter07_c.png,0,
11601164,루미나리에 링 글러브 (남),11601164,76,105,181,23,40,79,11601164_M_GLLuminous.gltf,11601164_c_glluminous_d.png,11601164_c_glluminous_c.png,0,
11601165,루미나리에 링 글러브 (여),11601165,76,105,181,23,40,79,11601165_F_GLLuminous.gltf,11601164_c_glluminous_d.png,11601164_c_glluminous_c.png,0,
11601167,안티크 에라곤 글러브 (나이트),11600975,63,59,51,20,18,15,11600975_F_GLDarkStream.gltf,11600975_c_gldarkstream_d.png,11600975_c_gldarkstream_d.png,0,
11601168,안티크 에라곤 글러브 (버서커),11600975,63,59,51,20,18,15,11600975_F_GLDarkStream.gltf,11600975_c_gldarkstream_d.png,11600975_c_gldarkstream_d.png,0,
11601169,안티크 에라곤 글러브 (위자드),11600975,63,59,51,20,18,15,11600975_F_GLDarkStream.gltf,11600975_c_gldarkstream_d.png,11600975_c_gldarkstream_d.png,0,
11601170,안티크 에라곤 글러브 (프리스트),11600975,63,59,51,20,18,15,11600975_F_GLDarkStream.gltf,11600975_c_gldarkstream_d.png,11600975_c_gldarkstream_d.png,0,
11601171,안티크 에라곤 글러브 (레인저),11600975,63,59,51,20,18,15,11600975_F_GLDarkStream.gltf,11600975_c_gldarkstream_d.png,11600975_c_gldarkstream_d.png,0,
11601172,안티크 에라곤 글러브 (헤비거너),11600975,63,59,51,20,18,15,11600975_F_GLDarkStream.gltf,11600975_c_gldarkstream_d.png,11600975_c_gldarkstream_d.png,0,
11601173,안티크 에라곤 글러브 (시프),11600975,63,59,51,20,18,15,11600975_F_GLDarkStream.gltf,11600975_c_gldarkstream_d.png,11600975_c_gldarkstream_d.png,0,
11601174,안티크 에라곤 글러브 (어쌔신),11600975,63,59,51,20,18,15,11600975_F_GLDarkStream.gltf,11600975_c_gldarkstream_d.png,11600975_c_gldarkstream_d.png,0,
11601175,안티크 에라곤 글러브 (룬블레이더),11600975,63,59,51,20,18,15,11600975_F_GLDarkStream.gltf,11600975_c_gldarkstream_d.png,11600975_c_gldarkstream_d.png,0,
11601176,안티크 에라곤 글러브 (스트라이커),11600975,63,59,51,20,18,15,11600975_F_GLDarkStream.gltf,11600975_c_gldarkstream_d.png,11600975_c_gldarkstream_d.png,0,
11601177,안티크 에라곤 글러브 (소울바인더),11600975,63,59,51,20,18,15,11600975_F_GLDarkStream.gltf,11600975_c_gldarkstream_d.png,11600975_c_gldarkstream_d.png,0,
11601178,타이렌 컴뱃 글러브 (나이트),11600966,63,59,51,20,18,15,11600966_F_GLGiganTikaA01.gltf,11600966_c_glgigantikaa01_d.png,11600966_c_glgigantikaa01_c.png,0,
11601179,타이렌 컴뱃 글러브 (버서커),11600966,63,59,51,20,18,15,11600966_F_GLGiganTikaA01.gltf,11600966_c_glgigantikaa01_d.png,11600966_c_glgigantikaa01_c.png,0,
11601180,타이렌 컴뱃 글러브 (위자드),11600966,63,59,51,20,18,15,11600966_F_GLGiganTikaA01.gltf,11600966_c_glgigantikaa01_d.png,11600966_c_glgigantikaa01_c.png,0,
11601181,타이렌 컴뱃 글러브 (프리스트),11600966,63,59,51,20,18,15,11600966_F_GLGiganTikaA01.gltf,11600966_c_glgigantikaa01_d.png,11600966_c_glgigantikaa01_c.png,0,
11601182,타이렌 컴뱃 글러브 (레인저),11600966,63,59,51,20,18,15,11600966_F_GLGiganTikaA01.gltf,11600966_c_glgigantikaa01_d.png,11600966_c_glgigantikaa01_c.png,0,
11601183,타이렌 컴뱃 글러브 (헤비거너),11600966,63,59,51,20,18,15,11600966_F_GLGiganTikaA01.gltf,11600966_c_glgigantikaa01_d.png,11600966_c_glgigantikaa01_c.png,0,
11601184,타이렌 컴뱃 글러브 (시프),11600966,63,59,51,20,18,15,11600966_F_GLGiganTikaA01.gltf,11600966_c_glgigantikaa01_d.png,11600966_c_glgigantikaa01_c.png,0,
11601185,타이렌 컴뱃 글러브 (어쌔신),11600966,63,59,51,20,18,15,11600966_F_GLGiganTikaA01.gltf,11600966_c_glgigantikaa01_d.png,11600966_c_glgigantikaa01_c.png,0,
11601186,타이렌 컴뱃 글러브 (룬블레이더),11600966,63,59,51,20,18,15,11600966_F_GLGiganTikaA01.gltf,11600966_c_glgigantikaa01_d.png,11600966_c_glgigantikaa01_c.png,0,
11601187,타이렌 컴뱃 글러브 (스트라이커),11600966,63,59,51,20,18,15,11600966_F_GLGiganTikaA01.gltf,11600966_c_glgigantikaa01_d.png,11600966_c_glgigantikaa01_c.png,0,
11601188,타이렌 컴뱃 글러브 (소울바인더),11600966,63,59,51,20,18,15,11600966_F_GLGiganTikaA01.gltf,11600966_c_glgigantikaa01_d.png,11600966_c_glgigantikaa01_c.png,0,
11601200,타이렌 커맨더 컴뱃 글러브 (나이트),11600967,63,59,51,20,18,15,11600967_F_GLGiganTikaA02.gltf,11600967_c_glgigantikaa02_d.png,11600967_c_glgigantikaa02_c.png,0,
11601201,타이렌 커맨더 컴뱃 글러브 (버서커),11600967,63,59,51,20,18,15,11600967_F_GLGiganTikaA02.gltf,11600967_c_glgigantikaa02_d.png,11600967_c_glgigantikaa02_c.png,0,
11601202,타이렌 커맨더 컴뱃 글러브 (위자드),11600967,63,59,51,20,18,15,11600967_F_GLGiganTikaA02.gltf,11600967_c_glgigantikaa02_d.png,11600967_c_glgigantikaa02_c.png,0,
11601203,타이렌 커맨더 컴뱃 글러브 (프리스트),11600967,63,59,51,20,18,15,11600967_F_GLGiganTikaA02.gltf,11600967_c_glgigantikaa02_d.png,11600967_c_glgigantikaa02_c.png,0,
11601204,타이렌 커맨더 컴뱃 글러브 (레인저),11600967,63,59,51,20,18,15,11600967_F_GLGiganTikaA02.gltf,11600967_c_glgigantikaa02_d.png,11600967_c_glgigantikaa02_c.png,0,
11601205,타이렌 커맨더 컴뱃 글러브 (헤비거너),11600967,63,59,51,20,18,15,11600967_F_GLGiganTikaA02.gltf,11600967_c_glgigantikaa02_d.png,11600967_c_glgigantikaa02_c.png,0,
11601206,타이렌 커맨더 컴뱃 글러브 (시프),11600967,63,59,51,20,18,15,11600967_F_GLGiganTikaA02.gltf,11600967_c_glgigantikaa02_d.png,11600967_c_glgigantikaa02_c.png,0,
11601207,타이렌 커맨더 컴뱃 글러브 (어쌔신),11600967,63,59,51,20,18,15,11600967_F_GLGiganTikaA02.gltf,11600967_c_glgigantikaa02_d.png,11600967_c_glgigantikaa02_c.png,0,
11601208,타이렌 커맨더 컴뱃 글러브 (룬블레이더),11600967,63,59,51,20,18,15,11600967_F_GLGiganTikaA02.gltf,11600967_c_glgigantikaa02_d.png,11600967_c_glgigantikaa02_c.png,0,
11601209,타이렌 커맨더 컴뱃 글러브 (스트라이커),11600967,63,59,51,20,18,15,11600967_F_GLGiganTikaA02.gltf,11600967_c_glgigantikaa02_d.png,11600967_c_glgigantikaa02_c.png,0,
11601210,타이렌 커맨더 컴뱃 글러브 (소울바인더),11600967,63,59,51,20,18,15,11600967_F_GLGiganTikaA02.gltf,11600967_c_glgigantikaa02_d.png,11600967_c_glgigantikaa02_c.png,0,
11601211,안티크 인페누크 핸드 (나이트),11600999,63,59,51,20,18,15,11600999_F_GLBalrogB02.gltf,11600999_c_glbalrogb02_d.png,11600999_c_glbalrogb02_c.png,0,
11601212,안티크 인페누크 핸드 (버서커),11600999,63,59,51,20,18,15,11600999_F_GLBalrogB02.gltf,11600999_c_glbalrogb02_d.png,11600999_c_glbalrogb02_c.png,0,
11601213,안티크 인페누크 핸드 (위자드),11600999,63,59,51,20,18,15,11600999_F_GLBalrogB02.gltf,11600999_c_glbalrogb02_d.png,11600999_c_glbalrogb02_c.png,0,
11601214,안티크 인페누크 핸드 (프리스트),11600999,63,59,51,20,18,15,11600999_F_GLBalrogB02.gltf,11600999_c_glbalrogb02_d.png,11600999_c_glbalrogb02_c.png,0,
11601215,안티크 인페누크 핸드 (레인저),11600999,63,59,51,20,18,15,11600999_F_GLBalrogB02.gltf,11600999_c_glbalrogb02_d.png,11600999_c_glbalrogb02_c.png,0,
11601216,안티크 인페누크 핸드 (헤비거너),11600999,63,59,51,20,18,15,11600999_F_GLBalrogB02.gltf,11600999_c_glbalrogb02_d.png,11600999_c_glbalrogb02_c.png,0,
11601217,안티크 인페누크 핸드 (시프),11600999,63,59,51,20,18,15,11600999_F_GLBalrogB02.gltf,11600999_c_glbalrogb02_d.png,11600999_c_glbalrogb02_c.png,0,
11601218,안티크 인페누크 핸드 (어쌔신),11600999,63,59,51,20,18,15,11600999_F_GLBalrogB02.gltf,11600999_c_glbalrogb02_d.png,11600999_c_glbalrogb02_c.png,0,
11601219,안티크 인페누크 핸드 (룬블레이더),11600999,63,59,51,20,18,15,11600999_F_GLBalrogB02.gltf,11600999_c_glbalrogb02_d.png,11600999_c_glbalrogb02_c.png,0,
11601220,안티크 인페누크 핸드 (스트라이커),11600999,63,59,51,20,18,15,11600999_F_GLBalrogB02.gltf,11600999_c_glbalrogb02_d.png,11600999_c_glbalrogb02_c.png,0,
11601221,안티크 인페누크 핸드 (소울바인더),11600999,63,59,51,20,18,15,11600999_F_GLBalrogB02.gltf,11600999_c_glbalrogb02_d.png,11600999_c_glbalrogb02_c.png,0,
11601222,파이어 프리즘 글러브 (나이트),11601166,63,59,51,20,18,15,11601166_F_GLFirePrism.gltf,11601166_c_glfireprism_d.png,11601166_c_glfireprism_c.png,0,
11601223,파이어 프리즘 글러브 (버서커),11601166,63,59,51,20,18,15,11601166_F_GLFirePrism.gltf,11601166_c_glfireprism_d.png,11601166_c_glfireprism_c.png,0,
11601224,파이어 프리즘 글러브 (위자드),11601166,63,59,51,20,18,15,11601166_F_GLFirePrism.gltf,11601166_c_glfireprism_d.png,11601166_c_glfireprism_c.png,0,
11601225,파이어 프리즘 글러브 (프리스트),11601166,63,59,51,20,18,15,11601166_F_GLFirePrism.gltf,11601166_c_glfireprism_d.png,11601166_c_glfireprism_c.png,0,
11601226,파이어 프리즘 글러브 (레인저),11601166,63,59,51,20,18,15,11601166_F_GLFirePrism.gltf,11601166_c_glfireprism_d.png,11601166_c_glfireprism_c.png,0,
11601227,파이어 프리즘 글러브 (헤비거너),11601166,63,59,51,20,18,15,11601166_F_GLFirePrism.gltf,11601166_c_glfireprism_d.png,11601166_c_glfireprism_c.png,0,
11601228,파이어 프리즘 글러브 (시프),11601166,63,59,51,20,18,15,11601166_F_GLFirePrism.gltf,11601166_c_glfireprism_d.png,11601166_c_glfireprism_c.png,0,
11601229,파이어 프리즘 글러브 (어쌔신),11601166,63,59,51,20,18,15,11601166_F_GLFirePrism.gltf,11601166_c_glfireprism_d.png,11601166_c_glfireprism_c.png,0,
11601230,파이어 프리즘 글러브 (룬블레이더),11601166,63,59,51,20,18,15,11601166_F_GLFirePrism.gltf,11601166_c_glfireprism_d.png,11601166_c_glfireprism_c.png,0,
11601231,파이어 프리즘 글러브 (스트라이커),11601166,63,59,51,20,18,15,11601166_F_GLFirePrism.gltf,11601166_c_glfireprism_d.png,11601166_c_glfireprism_c.png,0,
11601232,파이어 프리즘 글러브 (소울바인더),11601166,63,59,51,20,18,15,11601166_F_GLFirePrism.gltf,11601166_c_glfireprism_d.png,11601166_c_glfireprism_c.png,0,
11601233,타이렌 로열 글러브 (나이트),11601159,63,59,51,20,18,15,11601159_F_GLLappenshad01.gltf,11601159_c_gllappenshad01_d.png,11601159_c_gllappenshad01_c.png,0,
11601234,타이렌 로열 글러브 (버서커),11601159,63,59,51,20,18,15,11601159_F_GLLappenshad01.gltf,11601159_c_gllappenshad01_d.png,11601159_c_gllappenshad01_c.png,0,
11601235,타이렌 로열 글러브 (위자드),11601159,63,59,51,20,18,15,11601159_F_GLLappenshad01.gltf,11601159_c_gllappenshad01_d.png,11601159_c_gllappenshad01_c.png,0,
11601236,타이렌 로열 글러브 (프리스트),11601159,63,59,51,20,18,15,11601159_F_GLLappenshad01.gltf,11601159_c_gllappenshad01_d.png,11601159_c_gllappenshad01_c.png,0,
11601237,타이렌 로열 글러브 (레인저),11601159,63,59,51,20,18,15,11601159_F_GLLappenshad01.gltf,11601159_c_gllappenshad01_d.png,11601159_c_gllappenshad01_c.png,0,
11601238,타이렌 로열 글러브 (헤비거너),11601159,63,59,51,20,18,15,11601159_F_GLLappenshad01.gltf,11601159_c_gllappenshad01_d.png,11601159_c_gllappenshad01_c.png,0,
11601239,타이렌 로열 글러브 (시프),11601159,63,59,51,20,18,15,11601159_F_GLLappenshad01.gltf,11601159_c_gllappenshad01_d.png,11601159_c_gllappenshad01_c.png,0,
11601240,타이렌 로열 글러브 (어쌔신),11601159,63,59,51,20,18,15,11601159_F_GLLappenshad01.gltf,11601159_c_gllappenshad01_d.png,11601159_c_gllappenshad01_c.png,0,
11601241,타이렌 로열 글러브 (룬블레이더),11601159,63,59,51,20,18,15,11601159_F_GLLappenshad01.gltf,11601159_c_gllappenshad01_d.png,11601159_c_gllappenshad01_c.png,0,
11601242,타이렌 로열 글러브 (스트라이커),11601159,63,59,51,20,18,15,11601159_F_GLLappenshad01.gltf,11601159_c_gllappenshad01_d.png,11601159_c_gllappenshad01_c.png,0,
11601243,타이렌 로열 글러브 (소울바인더),11601159,63,59,51,20,18,15,11601159_F_GLLappenshad01.gltf,11601159_c_gllappenshad01_d.png,11601159_c_gllappenshad01_c.png,0,
11601244,엘리트 어드벤쳐 배틀 글러브 (나이트),11609996,63,59,51,20,18,15,11600002_F_GLSilverOrihalcon.gltf,11600002_c_glsilverorihalcon_d.png,11600002_c_glsilverorihalcon_d.png,0,
11601245,엘리트 어드벤쳐 배틀 글러브 (버서커),11609996,63,59,51,20,18,15,11600002_F_GLSilverOrihalcon.gltf,11600002_c_glsilverorihalcon_d.png,11600002_c_glsilverorihalcon_d.png,0,
11601246,엘리트 어드벤쳐 매직 슬리브 (위자드),11600052,63,59,51,20,18,15,11600007_F_GLSilkWarmer.gltf,11600007_c_glsilkwarmer_d.png,11600007_c_glsilkwarmer_c.png,0,
11601247,엘리트 어드벤쳐 매직 슬리브 (프리스트),11600052,63,59,51,20,18,15,11600007_F_GLSilkWarmer.gltf,11600007_c_glsilkwarmer_d.png,11600007_c_glsilkwarmer_c.png,0,
11601248,엘리트 어드벤쳐 스카우트 글러브 (레인저),11600083,63,59,51,20,18,15,11600083_F_GLMilitiaGlove.gltf,11600083_c_glmilitiaglove_d.png,11600083_c_glmilitiaglove_d.png,0,
11601249,엘리트 어드벤쳐 스카우트 글러브 (헤비거너),11600083,63,59,51,20,18,15,11600083_F_GLMilitiaGlove.gltf,11600083_c_glmilitiaglove_d.png,11600083_c_glmilitiaglove_d.png,0,
11601250,엘리트 어드벤쳐 스니킹 뱅글 (시프),11600081,63,59,51,20,18,15,11600081_F_GLChineseGlove.gltf,11600081_c_glchineseglove_d.png,11600081_c_glchineseglove_c.png,0,
11601251,엘리트 어드벤쳐 스니킹 뱅글 (어쌔신),11600081,63,59,51,20,18,15,11600081_F_GLChineseGlove.gltf,11600081_c_glchineseglove_d.png,11600081_c_glchineseglove_c.png,0,
11601252,엘리트 어드벤쳐 배틀 글러브 (룬블레이더),11609996,63,59,51,20,18,15,11600002_F_GLSilverOrihalcon.gltf,11600002_c_glsilverorihalcon_d.png,11600002_c_glsilverorihalcon_d.png,0,
11601253,엘리트 어드벤쳐 마샬 글러브 (스트라이커),11600489,63,59,51,20,18,15,11600489_F_GLFighter07.gltf,11600489_c_glfighter07_d.png,11600489_c_glfighter07_c.png,0,
11601254,엘리트 어드벤쳐 마샬 글러브 (소울바인더),11600489,63,59,51,20,18,15,11600489_F_GLFighter07.gltf,11600489_c_glfighter07_d.png,11600489_c_glfighter07_c.png,0,
11601256,메이플 연합 골든 파워 장갑 (여),11601256,63,59,51,20,18,15,11601016_F_GLMapleUnion01.gltf,11601016_c_glmapleunion01_d.png,11601016_c_glmapleunion01_d.png,0,
11601257,그린후드 자경단 피오레 장갑 (여),11601257,63,59,51,20,18,15,11600972_F_GLGreenHood01.gltf,11600972_c_glgreenhood01_d.png,11600972_c_glgreenhood01_d.png,0,
11601258,트라이아 근위대 리네아르 장갑 (여),11601258,63,59,51,20,18,15,11600971_F_GLTriaRoyalGuard01.gltf,11600971_c_gltriaroyalguard01_d.png,11600971_c_gltriaroyalguard01_d.png,0,
11601259,루미나이츠 오네스타 장갑 (여),11601259,63,59,51,20,18,15,11600970_F_GLLumiKnight01.gltf,11600970_c_gllumiknight01_d.png,11600970_c_gllumiknight01_d.png,0,
11601260,존엄의 장갑,11600668,76,105,181,23,40,79,11600668_F_GLArenaA02.gltf,11600668_c_glarenaa02_d.png,11600667_c_glarenaa01_c.png,0,
11601261,다크윈드 아텐토 장갑 (여),11601261,63,59,51,20,18,15,11600969_F_GLDarkWind01.gltf,11600969_c_gldarkwind01_d.png,11600969_c_gldarkwind01_d.png,0,
11601262,강화된 품위의 전투 장갑,11600667,63,59,51,20,18,15,11600667_F_GLArenaA01.gltf,11600667_c_glarenaa01_d.png,11600667_c_glarenaa01_c.png,0,
11601263,강화된 품위의 광란 장갑,11600667,63,59,51,20,18,15,11600667_F_GLArenaA01.gltf,11600667_c_glarenaa01_d.png,11600667_c_glarenaa01_c.png,0,
11601264,강화된 품위의 마법 장갑,11600667,63,59,51,20,18,15,11600667_F_GLArenaA01.gltf,11600667_c_glarenaa01_d.png,11600667_c_glarenaa01_c.png,0,
11601265,강화된 품위의 신성 장갑,11600667,63,59,51,20,18,15,11600667_F_GLArenaA01.gltf,11600667_c_glarenaa01_d.png,11600667_c_glarenaa01_c.png,0,
11601266,강화된 품위의 집중 장갑,11600667,63,59,51,20,18,15,11600667_F_GLArenaA01.gltf,11600667_c_glarenaa01_d.png,11600667_c_glarenaa01_c.png,0,
11601267,강화된 품위의 포격 장갑,11600667,63,59,51,20,18,15,11600667_F_GLArenaA01.gltf,11600667_c_glarenaa01_d.png,11600667_c_glarenaa01_c.png,0,
11601268,강화된 품위의 혼란 장갑,11600667,63,59,51,20,18,15,11600667_F_GLArenaA01.gltf,11600667_c_glarenaa01_d.png,11600667_c_glarenaa01_c.png,0,
11601269,강화된 품위의 암살 장갑,11600667,63,59,51,20,18,15,11600667_F_GLArenaA01.gltf,11600667_c_glarenaa01_d.png,11600667_c_glarenaa01_c.png,0,
11601270,강화된 품위의 주술 장갑,11600667,63,59,51,20,18,15,11600667_F_GLArenaA01.gltf,11600667_c_glarenaa01_d.png,11600667_c_glarenaa01_c.png,0,
11601271,강화된 품위의 난투 장갑,11600667,63,59,51,20,18,15,11600667_F_GLArenaA01.gltf,11600667_c_glarenaa01_d.png,11600667_c_glarenaa01_c.png,0,
11601272,강화된 품위의 의식 장갑,11600667,63,59,51,20,18,15,11600667_F_GLArenaA01.gltf,11600667_c_glarenaa01_d.png,11600667_c_glarenaa01_c.png,0,
11601273,챠밍 스타 팔찌 (남),11601273,255,168,203,205,86,106,11601273_M_GLSchoolLook01.gltf,11601273_c_glschoollook01_d.png,11601273_c_glschoollook01_c.png,0,
11601274,챠밍 스타 팔찌 (여),11601274,255,168,203,205,86,106,11601274_F_GLSchoolLook01.gltf,11601273_c_glschoollook01_d.png,11601273_c_glschoollook01_c.png,0,
11601275,아기 공룡 장갑 (남),11601275,194,209,96,64,104,54,11601275_M_GLDoll_Dinosaur01.gltf,11601275_c_gldoll_dinosaur01_d.png,11601275_c_gldoll_dinosaur01_c.png,0,
11601276,아기 공룡 장갑 (여),11601276,194,209,96,64,104,54,11601276_F_GLDoll_Dinosaur01.gltf,11601275_c_gldoll_dinosaur01_d.png,11601275_c_gldoll_dinosaur01_c.png,0,
11601331,견습 파티셰 오븐 장갑 (남),11601331,170,47,47,96,19,19,11601331_M_GLCook01.gltf,11601331_c_glcook01_d.png,11601331_c_glcook01_c.png,0,
11601332,견습 파티셰 오븐 장갑 (여),11601332,170,47,47,96,19,19,11601332_F_GLCook01.gltf,11601331_c_glcook01_d.png,11601331_c_glcook01_c.png,0,
11601333,아쿠아 썸머 꽃게 팔찌 (남),11601333,170,47,47,96,19,19,11601333_M_GLSwim05.gltf,11601333_c_glswim_d.png,11601333_c_glswim_c.png,0,
11601334,아쿠아 썸머 꽃게 팔찌 (여),11601334,170,47,47,96,19,19,11601334_F_GLSwim05.gltf,11601333_c_glswim_d.png,11601333_c_glswim_c.png,0,
11601336,여름 축제 금붕어 반지 (남),11601336,126,204,247,72,94,168,11601336_M_GLTraditionalNative03.gltf,11601336_c_gltraditionalnative03_d.png,11601336_c_gltraditionalnative03_c.png,0,
11601339,살랑 나비 반지 (남),11601339,244,189,88,163,121,39,11601339_M_GLGentlyButterfly.gltf,11601339_m_glgentlybutterfly_d.png,11601339_m_glgentlybutterfly_c.png,0,
11601340,살랑 나비 팔찌 (여),11601340,244,189,88,163,121,39,11601340_F_GLGentlyButterfly.gltf,11601340_f_glgentlybutterfly_d.png,11601340_f_glgentlybutterfly_c.png,0,
11601341,팬시 고딕 글러브 (남),11601341,170,47,47,96,19,19,11601341_M_GLGothic02.gltf,11601341_c_glgothic02_d.png,11601341_c_glgothic02_c.png,0,
11601342,팬시 고딕 글러브 (여),11601342,170,47,47,96,19,19,11601342_F_GLGothic02.gltf,11601341_c_glgothic02_d.png,11601341_c_glgothic02_c.png,0,
11601349,다크캣 펑키 교복 장갑 (남),11601349,63,59,51,20,18,15,11601349_M_GLSchoolLook02.gltf,11601349_c_glschoollook02_d.png,11601349_c_glschoollook02_c.png,0,
11601350,다크캣 펑키 교복 장갑 (여),11601350,63,59,51,20,18,15,11601350_F_GLSchoolLook02.gltf,11601349_c_glschoollook02_d.png,11601349_c_glschoollook02_c.png,0,
11601353,겨울동화 눈꽃 반지 (남),11601353,76,105,181,23,40,79,11601353_M_GLFrozen03.gltf,11601353_m_glfrozen03_d.png,11601353_m_glfrozen03_c.png,0,
11601354,겨울동화 눈꽃 반지 (여),11601354,76,105,181,23,40,79,11601354_F_GLFrozen03.gltf,11601354_f_glfrozen03_d.png,11601354_f_glfrozen03_c.png,0,
11601361,(PC방) 엘리트 어드벤쳐 배틀 글러브 (나이트),11609996,63,59,51,20,18,15,11600002_F_GLSilverOrihalcon.gltf,11600002_c_glsilverorihalcon_d.png,11600002_c_glsilverorihalcon_d.png,0,
11601362,(PC방) 엘리트 어드벤쳐 배틀 글러브 (버서커),11609996,63,59,51,20,18,15,11600002_F_GLSilverOrihalcon.gltf,11600002_c_glsilverorihalcon_d.png,11600002_c_glsilverorihalcon_d.png,0,
11601363,(PC방) 엘리트 어드벤쳐 매직 슬리브 (위자드),11600052,63,59,51,20,18,15,11600007_F_GLSilkWarmer.gltf,11600007_c_glsilkwarmer_d.png,11600007_c_glsilkwarmer_c.png,0,
11601364,(PC방) 엘리트 어드벤쳐 매직 슬리브 (프리스트),11600052,63,59,51,20,18,15,11600007_F_GLSilkWarmer.gltf,11600007_c_glsilkwarmer_d.png,11600007_c_glsilkwarmer_c.png,0,
11601365,(PC방) 엘리트 어드벤쳐 스카우트 글러브 (레인저),11600083,63,59,51,20,18,15,11600083_F_GLMilitiaGlove.gltf,11600083_c_glmilitiaglove_d.png,11600083_c_glmilitiaglove_d.png,0,
11601366,(PC방) 엘리트 어드벤쳐 스카우트 글러브 (헤비거너),11600083,63,59,51,20,18,15,11600083_F_GLMilitiaGlove.gltf,11600083_c_glmilitiaglove_d.png,11600083_c_glmilitiaglove_d.png,0,
11601367,(PC방) 엘리트 어드벤쳐 스니킹 뱅글 (시프),11600081,63,59,51,20,18,15,11600081_F_GLChineseGlove.gltf,11600081_c_glchineseglove_d.png,11600081_c_glchineseglove_c.png,0,
11601368,(PC방) 엘리트 어드벤쳐 스니킹 뱅글 (어쌔신),11600081,63,59,51,20,18,15,11600081_F_GLChineseGlove.gltf,11600081_c_glchineseglove_d.png,11600081_c_glchineseglove_c.png,0,
11601369,(PC방) 엘리트 어드벤쳐 배틀 글러브 (룬블레이더),11609996,63,59,51,20,18,15,11600002_F_GLSilverOrihalcon.gltf,11600002_c_glsilverorihalcon_d.png,11600002_c_glsilverorihalcon_d.png,0,
11601370,(PC방) 엘리트 어드벤쳐 마샬 글러브 (스트라이커),11600489,63,59,51,20,18,15,11600489_F_GLFighter07.gltf,11600489_c_glfighter07_d.png,11600489_c_glfighter07_c.png,0,
11601371,(PC방) 엘리트 어드벤쳐 마샬 글러브 (소울바인더),11600489,63,59,51,20,18,15,11600489_F_GLFighter07.gltf,11600489_c_glfighter07_d.png,11600489_c_glfighter07_c.png,0,
11601378,낡은 투기장의 장갑,11600667,63,59,51,20,18,15,11600667_F_GLArenaA01.gltf,11600667_c_glarenaa01_d.png,11600667_c_glarenaa01_c.png,0,
11601379,낡은 투기장의 장갑,11600667,63,59,51,20,18,15,11600667_F_GLArenaA01.gltf,11600667_c_glarenaa01_d.png,11600667_c_glarenaa01_c.png,0,
11601380,낡은 투기장의 장갑,11600667,63,59,51,20,18,15,11600667_F_GLArenaA01.gltf,11600667_c_glarenaa01_d.png,11600667_c_glarenaa01_c.png,0,
11601381,낡은 투기장의 장갑,11600667,63,59,51,20,18,15,11600667_F_GLArenaA01.gltf,11600667_c_glarenaa01_d.png,11600667_c_glarenaa01_c.png,0,
11601382,낡은 투기장의 장갑,11600667,63,59,51,20,18,15,11600667_F_GLArenaA01.gltf,11600667_c_glarenaa01_d.png,11600667_c_glarenaa01_c.png,0,
11601383,낡은 투기장의 장갑,11600667,63,59,51,20,18,15,11600667_F_GLArenaA01.gltf,11600667_c_glarenaa01_d.png,11600667_c_glarenaa01_c.png,0,
11601384,낡은 투기장의 장갑,11600667,63,59,51,20,18,15,11600667_F_GLArenaA01.gltf,11600667_c_glarenaa01_d.png,11600667_c_glarenaa01_c.png,0,
11601385,낡은 투기장의 장갑,11600667,63,59,51,20,18,15,11600667_F_GLArenaA01.gltf,11600667_c_glarenaa01_d.png,11600667_c_glarenaa01_c.png,0,
11601386,낡은 투기장의 장갑,11600667,63,59,51,20,18,15,11600667_F_GLArenaA01.gltf,11600667_c_glarenaa01_d.png,11600667_c_glarenaa01_c.png,0,
11601387,낡은 투기장의 장갑,11600667,63,59,51,20,18,15,11600667_F_GLArenaA01.gltf,11600667_c_glarenaa01_d.png,11600667_c_glarenaa01_c.png,0,
11601388,낡은 투기장의 장갑,11600667,63,59,51,20,18,15,11600667_F_GLArenaA01.gltf,11600667_c_glarenaa01_d.png,11600667_c_glarenaa01_c.png,0,
11601389,블랙 엠퍼러 장갑 (나이트),11601161,63,59,51,20,18,15,11601161_F_GLBlackEmperorArmor.gltf,11601161_c_glblackemperorarmor_d.png,11601161_c_glblackemperorarmor_c.png,0,
11601390,블랙 엠퍼러 장갑 (버서커),11601161,63,59,51,20,18,15,11601161_F_GLBlackEmperorArmor.gltf,11601161_c_glblackemperorarmor_d.png,11601161_c_glblackemperorarmor_c.png,0,
11601391,블랙 엠퍼러 장갑 (위자드),11601161,63,59,51,20,18,15,11601161_F_GLBlackEmperorArmor.gltf,11601161_c_glblackemperorarmor_d.png,11601161_c_glblackemperorarmor_c.png,0,
11601392,블랙 엠퍼러 장갑 (프리스트),11601161,63,59,51,20,18,15,11601161_F_GLBlackEmperorArmor.gltf,11601161_c_glblackemperorarmor_d.png,11601161_c_glblackemperorarmor_c.png,0,
11601393,블랙 엠퍼러 장갑 (레인저),11601161,63,59,51,20,18,15,11601161_F_GLBlackEmperorArmor.gltf,11601161_c_glblackemperorarmor_d.png,11601161_c_glblackemperorarmor_c.png,0,
11601394,블랙 엠퍼러 장갑 (헤비거너),11601161,63,59,51,20,18,15,11601161_F_GLBlackEmperorArmor.gltf,11601161_c_glblackemperorarmor_d.png,11601161_c_glblackemperorarmor_c.png,0,
11601395,블랙 엠퍼러 장갑 (시프),11601161,63,59,51,20,18,15,11601161_F_GLBlackEmperorArmor.gltf,11601161_c_glblackemperorarmor_d.png,11601161_c_glblackemperorarmor_c.png,0,
11601396,블랙 엠퍼러 장갑 (어쌔신),11601161,63,59,51,20,18,15,11601161_F_GLBlackEmperorArmor.gltf,11601161_c_glblackemperorarmor_d.png,11601161_c_glblackemperorarmor_c.png,0,
11601397,블랙 엠퍼러 장갑 (룬블레이더),11601161,63,59,51,20,18,15,11601161_F_GLBlackEmperorArmor.gltf,11601161_c_glblackemperorarmor_d.png,11601161_c_glblackemperorarmor_c.png,0,
11601398,블랙 엠퍼러 장갑 (스트라이커),11601161,63,59,51,20,18,15,11601161_F_GLBlackEmperorArmor.gltf,11601161_c_glblackemperorarmor_d.png,11601161_c_glblackemperorarmor_c.png,0,
11601399,블랙 엠퍼러 장갑 (소울바인더),11601161,63,59,51,20,18,15,11601161_F_GLBlackEmperorArmor.gltf,11601161_c_glblackemperorarmor_d.png,11601161_c_glblackemperorarmor_c.png,0,
11601400,크리스탈 샤인드 장갑 (나이트),11601162,63,59,51,20,18,15,11601162_F_GLCrystalShine.gltf,11601162_c_glcrystalshine_d.png,11601162_c_glcrystalshine_c.png,0,
11601401,크리스탈 샤인드 장갑 (버서커),11601162,63,59,51,20,18,15,11601162_F_GLCrystalShine.gltf,11601162_c_glcrystalshine_d.png,11601162_c_glcrystalshine_c.png,0,
11601402,크리스탈 샤인드 장갑 (위자드),11601162,63,59,51,20,18,15,11601162_F_GLCrystalShine.gltf,11601162_c_glcrystalshine_d.png,11601162_c_glcrystalshine_c.png,0,
11601403,크리스탈 샤인드 장갑 (프리스트),11601162,63,59,51,20,18,15,11601162_F_GLCrystalShine.gltf,11601162_c_glcrystalshine_d.png,11601162_c_glcrystalshine_c.png,0,
11601404,크리스탈 샤인드 장갑 (레인저),11601162,63,59,51,20,18,15,11601162_F_GLCrystalShine.gltf,11601162_c_glcrystalshine_d.png,11601162_c_glcrystalshine_c.png,0,
11601405,크리스탈 샤인드 장갑 (헤비거너),11601162,63,59,51,20,18,15,11601162_F_GLCrystalShine.gltf,11601162_c_glcrystalshine_d.png,11601162_c_glcrystalshine_c.png,0,
11601406,크리스탈 샤인드 장갑 (시프),11601162,63,59,51,20,18,15,11601162_F_GLCrystalShine.gltf,11601162_c_glcrystalshine_d.png,11601162_c_glcrystalshine_c.png,0,
11601407,크리스탈 샤인드 장갑 (어쌔신),11601162,63,59,51,20,18,15,11601162_F_GLCrystalShine.gltf,11601162_c_glcrystalshine_d.png,11601162_c_glcrystalshine_c.png,0,
11601408,크리스탈 샤인드 장갑 (룬블레이더),11601162,63,59,51,20,18,15,11601162_F_GLCrystalShine.gltf,11601162_c_glcrystalshine_d.png,11601162_c_glcrystalshine_c.png,0,
11601409,크리스탈 샤인드 장갑 (스트라이커),11601162,63,59,51,20,18,15,11601162_F_GLCrystalShine.gltf,11601162_c_glcrystalshine_d.png,11601162_c_glcrystalshine_c.png,0,
11601410,크리스탈 샤인드 장갑 (소울바인더),11601162,63,59,51,20,18,15,11601162_F_GLCrystalShine.gltf,11601162_c_glcrystalshine_d.png,11601162_c_glcrystalshine_c.png,0,
11604685,아리솔 반지 (여),11600670,170,47,47,96,19,19,11600670_F_GLTraditionalWedding.gltf,11600669_c_gltraditionalwedding_d.png,11600669_c_gltraditionalwedding_c.png,0,
11604686,샤인 스타 브레이슬릿 (남),11600784,126,204,247,72,94,168,11600784_M_GLIdolBand.gltf,11600784_c_glidolband_d.png,11600784_c_glidolband_c.png,0,
11604687,샤인 스타 브레이슬릿 (여),11600785,126,204,247,72,94,168,11600785_F_GLIdolBand.gltf,11600784_c_glidolband_d.png,11600784_c_glidolband_c.png,0,
11604688,오리엔탈 엔젤 링 (여),11604688,255,168,203,205,86,106,11604688_F_GLOrientalAngel.gltf,11601002_c_glorientalangel_d.png,11601002_c_glorientalangel_c.png,0,
11604689,천계의 선녀 반지 (여),11604689,255,168,203,205,86,106,11604689_F_GLOrientalFairy.gltf,11604689_f_glorientalfairy_d.png,11604689_f_glorientalfairy_c.png,0,
11604690,펑키 네온 캣 글러브 (남),11604690,147,226,242,89,153,165,11604690_M_GLFunkyNeonCat.gltf,11604690_c_glfunkyneoncat_d.png,11604690_c_glfunkyneoncat_c.png,0,
11604691,펑키 네온 캣 글러브 (여),11604691,147,226,242,89,153,165,11604691_F_GLFunkyNeonCat.gltf,11604690_c_glfunkyneoncat_d.png,11604690_c_glfunkyneoncat_c.png,0,
11604692,쿨링쿨링 마린 장갑 (남),11604692,126,204,247,72,94,168,11604692_M_GLMarine02.gltf,11604692_m_glmarine02_d.png,11604692_m_glmarine02_c.png,0,
11604693,쿨링쿨링 마린 손목 밴드 (여),11604693,126,204,247,72,94,168,11604693_F_GLMarine02.gltf,11604693_f_glmarine02_d.png,11604693_f_glmarine02_c.png,0,
11604694,펑키 카우보이 장갑 (남),11604694,158,83,63,68,31,19,11604694_M_GLCowPuncher.gltf,11604694_c_glcowpuncher_d.png,11604694_c_glcowpuncher_c.png,0,
11604695,펑키 카우보이 장갑 (여),11604695,158,83,63,68,31,19,11604695_F_GLCowPuncher.gltf,11604694_c_glcowpuncher_d.png,11604694_c_glcowpuncher_c.png,0,
11604696,호루스 건틀릿,11600112,63,59,51,20,18,15,11600112_F_GLHorusGauntlet.gltf,11600112_c_glhorusgauntlet_d.png,11600112_c_glhorusgauntlet_d.png,0,
11604697,데보라크의 장갑,11600116,63,59,51,20,18,15,11600116_F_GLDevoracGlove.gltf,11600116_c_gldevoracglove_d.png,11600116_c_gldevoracglove_d.png,0,
11604698,그리피나 건틀릿,11600113,63,59,51,20,18,15,11600113_F_GLGriffinaGauntlet.gltf,11600113_c_glgriffinagauntlet_d.png,11600113_c_glgriffinagauntlet_d.png,0,
11604699,오드리 튜튜 브레이슬릿 (남),11604699,76,105,181,23,40,79,11604699_M_GLBallet01.gltf,11604699_c_glballet01_d.png,11604699_c_glballet01_c.png,0,
11604700,오드리 튜튜 브레이슬릿 (여),11604700,76,105,181,23,40,79,11604700_F_GLBallet01.gltf,11604699_c_glballet01_d.png,11604699_c_glballet01_c.png,0,
11604701,일루셔니스트 다이아 장갑 (남),11604701,230,230,230,150,150,150,11604701_M_GLFairyMagician.gltf,11604701_c_glfairymagician_d.png,11604701_c_glfairymagician_c.png,0,
11604702,일루셔니스트 다이아 장갑 (여),11604702,230,230,230,150,150,150,11604702_F_GLFairyMagician.gltf,11604701_c_glfairymagician_d.png,11604701_c_glfairymagician_c.png,0,
11604703,오버 윈터 티타늄 링 (남),11604703,63,59,51,20,18,15,11604703_M_GLValentine03.gltf,11604703_m_glvalentine03_d.png,11604703_m_glvalentine03_c.png,0,
11604704,오버 윈터 티타늄 링 (여),11604704,63,59,51,20,18,15,11604704_F_GLValentine03.gltf,11604703_m_glvalentine03_d.png,11604703_m_glvalentine03_c.png,0,
11604705,성실한 모험가의 장갑,11600001,63,59,51,20,18,15,11600009_F_WornVernon.gltf,11600009_c_wornvernon_d.png,11600009_c_wornvernon_c.png,0,
11604706,성실한 모험가의 장갑 (30일),11600001,63,59,51,20,18,15,11600009_F_WornVernon.gltf,11600009_c_wornvernon_d.png,11600009_c_wornvernon_c.png,0,
11604707,천계의 선녀 반지 (여),11604689,255,168,203,205,86,106,11604689_F_GLOrientalFairy.gltf,11604689_f_glorientalfairy_d.png,11604689_f_glorientalfairy_c.png,0,
11609001,무딘 가죽 손 보호구,11609001,63,59,51,20,18,15,11600009_F_WornVernon.gltf,11600009_c_wornvernon_d.png,11600009_c_wornvernon_c.png,0,
11609002,무딘 좀도둑 장갑,11609002,63,59,51,20,18,15,11600038_F_BlackEyeGoldline.gltf,11600038_m_blackeyegoldline_d.png,11600038_m_blackeyegoldline_c.png,0,
11609003,무딘 초보 마법사 장갑,11609003,63,59,51,20,18,15,11600015_F_ThinLemona.gltf,11600015_c_thinlemona_d.png,11600015_c_thinlemona_c.png,0,
11609004,무딘 숲지기 장갑,11609004,63,59,51,20,18,15,11600026_F_BasicMarker.gltf,11600028_c_helenaeagleeye_d.png,11600028_c_helenaeagleeye_c.png,0,
11609996,오리할콘 장갑,11609996,63,59,51,20,18,15,11600002_F_GLSilverOrihalcon.gltf,11600002_c_glsilverorihalcon_d.png,11600002_c_glsilverorihalcon_d.png,0,
11609997,블러드 레퀴엠 장갑,11609997,63,59,51,20,18,15,11600003_F_GLBloodRequiem.gltf,11600003_c_glbloodrequiem_d.png,11600003_c_glbloodrequiem_c.png,0,
11609999,카코마니의 조련 장갑,11609999,63,59,51,20,18,15,11600001_F_Viking.gltf,11600001_f_viking_d.png,11600001_f_viking_c.png,0,
11610000,청개굴 클로버 반지 (남),11610000,194,209,96,64,104,54,11610000_M_GLFrog.gltf,11610000_c_glfrog_d.png,11610000_c_glfrog_c.png,0,
11610001,마시멜로 캔디 브레이슬릿 (남),11610001,255,168,203,205,86,106,11610001_M_GLLollipop.gltf,11610001_c_gllollipop_d.png,11610001_c_gllollipop_c.png,0,
11610002,통통 바니 반지 (여),11610002,255,168,203,205,86,106,11600781_F_GLAmusementPark.gltf,11600781_c_glamusementpark_d.png,11600781_c_glamusementpark_c.png,0,
11610003,마시멜로 캔디 브레이슬릿 (여),11610003,255,168,203,205,86,106,11610001_F_GLLollipop.gltf,11610001_c_gllollipop_d.png,11610001_c_gllollipop_c.png,0,
11610004,청개굴 클로버 반지 (여),11610004,194,209,96,64,104,54,11610000_F_GLFrog.gltf,11610000_c_glfrog_d.png,11610000_c_glfrog_c.png,0,
11610005,은하수 별빛 장갑 (남),11610005,63,59,51,20,18,15,11610005_M_GLGalaxyFox.gltf,11610005_m_glgalaxyfox_d.png,11610005_m_glgalaxyfox_c.png,0,
11610006,은하수 별빛 장갑 (여),11610006,63,59,51,20,18,15,11610006_F_GLGalaxyFox.gltf,11610006_f_glgalaxyfox_d.png,11610006_f_glgalaxyfox_c.png,0,
11610007,디그니티 아머 핸드가드 (남),11610007,170,47,47,96,19,19,11610007_M_GLOrientalDignity.gltf,11610007_c_glorientaldignity_d.png,11610007_c_glorientaldignity_c.png,0,
11610008,디그니티 아머 핸드가드 (여),11610008,63,59,51,20,18,15,11610008_F_GLOrientalDignity.gltf,11610007_c_glorientaldignity_d.png,11610007_c_glorientaldignity_c.png,0,
11610009,알파인 스키 글러브 (남),11610009,76,105,181,23,40,79,11610009_M_GLSkiWear.gltf,11610009_c_glskiwear_d.png,11610009_c_glskiwear_c.png,0,
11610010,알파인 스키 글러브 (여),11610010,76,105,181,23,40,79,11610010_F_GLSkiWear.gltf,11610009_c_glskiwear_d.png,11610009_c_glskiwear_c.png,0,
11610011,마법학교 수련생 장갑 (남),11610011,76,105,181,23,40,79,11610011_M_GLMagicalSchool.gltf,11610011_c_glmagicalschool_d.png,11610011_c_glmagicalschool_c.png,0,
11610012,마법학교 수련생 장갑 (여),11610012,76,105,181,23,40,79,11610012_F_GLMagicalSchool.gltf,11610011_c_glmagicalschool_d.png,11610011_c_glmagicalschool_c.png,0,
11610013,웨딩데이 실버링 (남),11610013,230,230,230,150,150,150,11610013_M_GLWedding02.gltf,11610013_c_glwedding02_d.png,11610013_c_glwedding02_c.png,0,
11610014,웨딩데이 실버링 (여),11610014,230,230,230,150,150,150,11610014_F_GLWedding02.gltf,11610013_c_glwedding02_d.png,11610013_c_glwedding02_c.png,0,
11610015,바니 플라워 토끼 반지 (남),11610015,230,230,230,150,150,150,11610015_M_GLFlowerRabbit.gltf,11610015_c_glflowerrabbit_d.png,11610015_c_glflowerrabbit_c.png,0,
11610016,바니 플라워 토끼 반지 (여),11610016,230,230,230,150,150,150,11610016_F_GLFlowerRabbit.gltf,11610015_c_glflowerrabbit_d.png,11610015_c_glflowerrabbit_c.png,0,
11610017,웨딩데이 실버링 (남),11610013,230,230,230,150,150,150,11610013_M_GLWedding02.gltf,11610013_c_glwedding02_d.png,11610013_c_glwedding02_c.png,0,
11610018,웨딩데이 실버링 (여),11610014,230,230,230,150,150,150,11610014_F_GLWedding02.gltf,11610013_c_glwedding02_d.png,11610013_c_glwedding02_c.png,0,
11610019,큐티 꽃장식 팔찌 (남),11610019,76,105,181,23,40,79,11610019_M_GLChildren01.gltf,11610019_c_glchildren01_d.png,11610019_c_glchildren01_c.png,0,
11610020,큐티 꽃장식 팔찌 (여),11610020,76,105,181,23,40,79,11610020_F_GLChildren01.gltf,11610019_c_glchildren01_d.png,11610019_c_glchildren01_c.png,0,
11610021,우주비행사 장갑 (남),11610021,230,230,230,150,150,150,11610021_M_GLSpaceSuit01.gltf,11610021_c_glspacesuit01_d.png,11610021_c_glspacesuit01_c.png,0,
11610022,우주비행사 장갑 (여),11610022,230,230,230,150,150,150,11610022_F_GLSpaceSuit01.gltf,11610021_c_glspacesuit01_d.png,11610021_c_glspacesuit01_c.png,0,
11610023,트로피컬 레더 팔찌 (남),11610023,76,105,181,23,40,79,11610023_M_GLResortWear.gltf,11610023_m_glresortwear_d.png,11610023_c_glresortwear_c.png,0,
11610024,트로피컬 레더 팔찌 (여),11610024,76,105,181,23,40,79,11610024_F_GLResortWear.gltf,11610023_f_glresortwear_d.png,11610023_c_glresortwear_c.png,0,
11610025,해피 슬라임 반지,11600482,126,204,247,72,94,168,11600482_F_GLSlimeRing.gltf,11600482_c_glslimering_d.png,11600482_c_glslimering_c.png,0,
11610026,정열의 별빛 반지 (남),11610026,132,130,120,68,68,65,11610026_M_GLTraditionalNative02.gltf,11610026_m_gltraditionalnative02_d.png,11610026_m_gltraditionalnative02_c.png,0,
11610027,정열의 디스크 브레이슬릿 (여),11610027,244,189,88,163,121,39,11610027_F_GLTraditionalNative02.gltf,11610027_f_gltraditionalnative02_d.png,11610027_f_gltraditionalnative02_c.png,0,
11610028,마법학교 수련생 장갑 (남),11610011,76,105,181,23,40,79,11610011_M_GLMagicalSchool.gltf,11610011_c_glmagicalschool_d.png,11610011_c_glmagicalschool_c.png,0,
11610029,마법학교 수련생 장갑 (여),11610012,76,105,181,23,40,79,11610012_F_GLMagicalSchool.gltf,11610011_c_glmagicalschool_d.png,11610011_c_glmagicalschool_c.png,0,
11610030,메이플 쿼터백 장갑 (남),11610030,170,47,47,96,19,19,11610030_M_GLAmericanFootball01.gltf,11610030_c_glamericanfootball01_d.png,11610030_c_glamericanfootball01_c.png,0,
11610031,메이플 쿼터백 장갑 (여),11610031,170,47,47,96,19,19,11610031_F_GLAmericanFootball01.gltf,11610030_c_glamericanfootball01_d.png,11610030_c_glamericanfootball01_c.png,0,
11610034,트라이아 궁중 셰프 장갑 (남),11610034,119,147,68,32,51,30,11610034_M_GLCook02.gltf,11610034_c_glcook02_d.png,11610034_c_glcook02_c.png,0,
11610035,트라이아 궁중 셰프 장갑 (여),11610035,119,147,68,32,51,30,11610035_F_GLCook02.gltf,11610034_c_glcook02_d.png,11610034_c_glcook02_c.png,0,
11610036,테크웨어 스카우트 장갑 (남),11610036,170,47,47,96,19,19,11610036_M_GLTechWear.gltf,11610036_c_gltechwear_d.png,11610036_c_gltechwear_c.png,0,
11610037,테크웨어 스카우트 장갑 (여),11610037,170,47,47,96,19,19,11610037_F_GLTechWear.gltf,11610036_c_gltechwear_d.png,11610036_c_gltechwear_c.png,0,
11610038,로열 다크니스 글러브 (남),11610038,63,59,51,20,18,15,11610038_M_GLDarkFantasy.gltf,11610038_c_gldarkfantasy_d.png,11610038_c_gldarkfantasy_c.png,0,
11610039,로열 다크니스 글러브 (여),11610039,63,59,51,20,18,15,11610039_F_GLDarkFantasy.gltf,11610038_c_gldarkfantasy_d.png,11610038_c_gldarkfantasy_c.png,0,
11610042,스페셜 웨딩 스톤 링 (남),11610013,230,230,230,150,150,150,11610013_M_GLWedding02.gltf,11610013_c_glwedding02_d.png,11610013_c_glwedding02_c.png,0,
11610043,스페셜 웨딩 스톤 브레이슬릿 (여),11610014,230,230,230,150,150,150,11610014_F_GLWedding02.gltf,11610013_c_glwedding02_d.png,11610013_c_glwedding02_c.png,0,
11620001,팬시 고딕 글러브 (남),11601341,170,47,47,96,19,19,11601341_M_GLGothic02.gltf,11601341_c_glgothic02_d.png,11601341_c_glgothic02_c.png,0,
11620002,팬시 고딕 글러브 (여),11601342,170,47,47,96,19,19,11601342_F_GLGothic02.gltf,11601341_c_glgothic02_d.png,11601341_c_glgothic02_c.png,0,
11620003,다크캣 펑키 교복 장갑 (남),11601349,63,59,51,20,18,15,11601349_M_GLSchoolLook02.gltf,11601349_c_glschoollook02_d.png,11601349_c_glschoollook02_c.png,0,
11620004,다크캣 펑키 교복 장갑 (여),11601350,63,59,51,20,18,15,11601350_F_GLSchoolLook02.gltf,11601349_c_glschoollook02_d.png,11601349_c_glschoollook02_c.png,0,
11620005,테크웨어 스카우트 장갑 (남),11610036,170,47,47,96,19,19,11610036_M_GLTechWear.gltf,11610036_c_gltechwear_d.png,11610036_c_gltechwear_c.png,0,
11620006,테크웨어 스카우트 장갑 (여),11610037,170,47,47,96,19,19,11610037_F_GLTechWear.gltf,11610036_c_gltechwear_d.png,11610036_c_gltechwear_c.png,0,
11620007,유니콘 챔피언 글러브 (남),11610032,230,230,230,150,150,150,11610032_M_GLUnicorn01.gltf,11610032_c_glunicorn01_d.png,11610032_c_glunicorn01_c.png,0,
11620008,유니콘 챔피언 글러브  (여),11610033,230,230,230,150,150,150,11610033_F_GLUnicorn01.gltf,11610032_c_glunicorn01_d.png,11610032_c_glunicorn01_c.png,0,
11620009,스노우 테일 팔찌 (남),11601144,76,105,181,23,40,79,11601144_M_GLFrozen02.gltf,11601144_c_glfrozen02_d.png,11601144_c_glfrozen02_c.png,0,
11620010,스노우 테일 팔찌 (여),11601145,76,105,181,23,40,79,11601145_F_GLFrozen02.gltf,11601144_c_glfrozen02_d.png,11601144_c_glfrozen02_c.png,0,
11620013,메리메리 스노우 맨 링 (남),11600634,170,47,47,96,19,19,11600634_M_GLChristmas01.gltf,11600634_m_glchristmas01_d.png,11600634_m_glchristmas01_c.png,0,
11620014,메리메리 스노우 맨 글러브 (여),11600635,170,47,47,96,19,19,11600635_F_GLChristmas01.gltf,11600635_f_glchristmas01_d.png,11600635_f_glchristmas01_c.png,0,
11620017,프로즌 이터널 로즈 (남),11600422,63,59,51,20,18,15,11600422_M_GLFrozenEternalRose.gltf,11600422_c_glfrozeneternalrose_d.png,11600422_c_glfrozeneternalrose_d.png,0,
11620018,프로즌 이터널 로즈 (여),11600423,63,59,51,20,18,15,11600423_F_GLFrozenEternalRose.gltf,11600422_c_glfrozeneternalrose_d.png,11600422_c_glfrozeneternalrose_d.png,0,
11620019,모던 한복 자개 반지 (남),11620019,170,47,47,96,19,19,11620019_M_GLHanbok04.gltf,11620019_c_glhanbok04_d.png,11620019_c_glhanbok04_c.png,0,
11620020,모던 한복 자개 반지 (여),11620020,170,47,47,96,19,19,11620020_F_GLHanbok04.gltf,11620019_c_glhanbok04_d.png,11620019_c_glhanbok04_c.png,0,
11620021,은하수 별빛 장갑 (남),11610005,63,59,51,20,18,15,11610005_M_GLGalaxyFox.gltf,11610005_m_glgalaxyfox_d.png,11610005_m_glgalaxyfox_c.png,0,
11620022,은하수 별빛 장갑 (여),11610006,63,59,51,20,18,15,11610006_F_GLGalaxyFox.gltf,11610006_f_glgalaxyfox_d.png,11610006_f_glgalaxyfox_c.png,0,
11620023,발렌타인 하트 반지 (남),11620023,170,47,47,96,19,19,11601376_M_GLValentine04.gltf,11601376_c_glvalentine04_d.png,11601376_c_glvalentine04_c.png,0,
11620024,발렌타인 하트 팔찌 (여),11620024,170,47,47,96,19,19,11601377_F_GLValentine04.gltf,11601376_c_glvalentine04_d.png,11601376_c_glvalentine04_c.png,0,
11620025,스칼렛 다이아 글러브 (남),11600671,170,47,47,96,19,19,11600671_M_GLValentine01.gltf,11600671_m_glvalentine01_d.png,11600671_m_glvalentine01_c.png,0,
11620026,스칼렛 하트 글러브 (여),11600672,170,47,47,96,19,19,11600672_F_GLValentine01.gltf,11600672_f_glvalentine01_d.png,11600672_f_glvalentine01_c.png,0,
11620027,코튼 캔디 스타 링 (남),11620027,244,189,88,163,121,39,11620027_M_GLPajamas02.gltf,11620027_c_glpajamas02_d.png,11620027_c_glpajamas02_c.png,0,
11620028,코튼 캔디 스타 링 (여),11620028,244,189,88,163,121,39,11620028_F_GLPajamas02.gltf,11620027_c_glpajamas02_d.png,11620027_c_glpajamas02_c.png,0,
11620029,키튼 메이드 장갑 (남),11600989,76,105,181,23,40,79,11600989_M_GLMaid01.gltf,11600989_c_glmaid01_d.png,11600989_c_glmaid01_c.png,0,
11620030,키튼 메이드 장갑 (여),11600990,63,59,51,20,18,15,11600990_F_GLMaid01.gltf,11600989_c_glmaid01_d.png,11600989_c_glmaid01_c.png,0,
11620031,해피 멜로디 글러브 (남),11620031,239,112,145,153,66,82,11620031_M_GLIdol02.gltf,11620031_m_glidol02_d.png,11620031_m_glidol02_c.png,0,
11620032,해피 멜로디 글러브 (여),11620032,239,112,145,153,66,82,11620032_F_GLIdol02.gltf,11620032_f_glidol02_d.png,11620032_f_glidol02_c.png,0,
11620033,큐트 블러썸 링 (남),11601017,180,165,248,108,96,176,11601017_M_GLGreenDay01.gltf,11601017_c_glgreenday01_d.png,11601017_c_glgreenday01_c.png,0,
11620034,큐트 블러썸 링 (여),11601017,180,165,248,108,96,176,11601018_F_GLGreenDay01.gltf,11601017_c_glgreenday01_d.png,11601017_c_glgreenday01_c.png,0,
11620035,살랑 나비 반지 (남),11601339,244,189,88,163,121,39,11601339_M_GLGentlyButterfly.gltf,11601339_m_glgentlybutterfly_d.png,11601339_m_glgentlybutterfly_c.png,0,
11620036,살랑 나비 팔찌 (여),11601340,244,189,88,163,121,39,11601340_F_GLGentlyButterfly.gltf,11601340_f_glgentlybutterfly_d.png,11601340_f_glgentlybutterfly_c.png,0,
11620037,바니 플라워 토끼 반지 (남),11610015,230,230,230,150,150,150,11610015_M_GLFlowerRabbit.gltf,11610015_c_glflowerrabbit_d.png,11610015_c_glflowerrabbit_c.png,0,
11620038,바니 플라워 토끼 반지 (여),11610016,230,230,230,150,150,150,11610016_F_GLFlowerRabbit.gltf,11610015_c_glflowerrabbit_d.png,11610015_c_glflowerrabbit_c.png,0,
11620039,레드 후드 장갑 (남),11620039,63,59,51,20,18,15,11620039_M_GLFairyTale01.gltf,11620039_c_glfairytale01_d.png,11620039_c_glfairytale01_c.png,0,
11620040,레드 후드 장갑 (여),11620040,63,59,51,20,18,15,11620040_F_GLFairyTale01.gltf,11620039_c_glfairytale01_d.png,11620039_c_glfairytale01_c.png,0,
11620041,이터널 다이아 링 (남),11600438,126,204,247,72,94,168,11600438_M_GLEternalDiamondRing.gltf,11600438_c_gleternaldiamondring_d.png,11600438_c_gleternaldiamondring_c.png,0,
11620042,이터널 다이아 링 (여),11600439,126,204,247,72,94,168,11600439_F_GLEternalDiamondRing.gltf,11600438_c_gleternaldiamondring_d.png,11600438_c_gleternaldiamondring_c.png,0,
11620043,하트 버니 포인트 링 (남),11620043,63,59,51,20,18,15,11620043_M_GLIdol04.gltf,11620043_c_glidol04_d.png,11620043_c_glidol04_c.png,0,
11620044,하트 버니 포인트 링 (여),11620044,63,59,51,20,18,15,11620044_F_GLIdol04.gltf,11620043_c_glidol04_d.png,11620043_c_glidol04_c.png,0,
11620045,샤인 스타 브레이슬릿 (남),11600784,126,204,247,72,94,168,11600784_M_GLIdolBand.gltf,11600784_c_glidolband_d.png,11600784_c_glidolband_c.png,0,
11620046,샤인 스타 브레이슬릿 (여),11600785,126,204,247,72,94,168,11600785_F_GLIdolBand.gltf,11600784_c_glidolband_d.png,11600784_c_glidolband_c.png,0,
11620047,팡팡 피에로 장갑 (남),11620047,133,81,165,53,42,71,11620047_M_GLMagician02.gltf,11620047_c_glmagician02_d.png,11620047_c_glmagician02_c.png,0,
11620048,팡팡 피에로 장갑 (여),11620048,133,81,165,53,42,71,11620048_F_GLMagician02.gltf,11620047_c_glmagician02_d.png,11620047_c_glmagician02_c.png,0,
11620049,큐티 꽃장식 팔찌 (남),11610019,76,105,181,23,40,79,11610019_M_GLChildren01.gltf,11610019_c_glchildren01_d.png,11610019_c_glchildren01_c.png,0,
11620050,큐티 꽃장식 팔찌 (여),11610020,76,105,181,23,40,79,11610020_F_GLChildren01.gltf,11610019_c_glchildren01_d.png,11610019_c_glchildren01_c.png,0,
11620051,달콤한 마카롱 앤 캔디 (남),11620051,239,112,145,153,66,82,11620051_M_GLFood02.gltf,11620051_c_glfood02_d.png,11620051_c_glfood02_c.png,0,
11620052,달콤한 마카롱 앤 캔디 (여),11620052,239,112,145,153,66,82,11620052_F_GLFood02.gltf,11620051_c_glfood02_d.png,11620051_c_glfood02_c.png,0,
11620054,나비 군주 장갑 (여),11620054,170,47,47,96,19,19,11610029_F_GLBlackButterfly.gltf,11610028_c_glblackbutterfly_d.png,11610028_c_glblackbutterfly_c.png,0,
11620055,갈매기 해적단 반지 (남),11620055,244,189,88,163,121,39,11620055_M_GLMarine03.gltf,11620055_c_glmarine03_d.png,11620055_c_glmarine03_c.png,0,
11620056,갈매기 해적단 반지 (여),11620056,244,189,88,163,121,39,11620056_F_GLMarine03.gltf,11620055_c_glmarine03_d.png,11620055_c_glmarine03_c.png,0,
11620057,펑키 카우보이 장갑 (남),11604694,158,83,63,68,31,19,11604694_M_GLCowPuncher.gltf,11604694_c_glcowpuncher_d.png,11604694_c_glcowpuncher_c.png,0,
11620058,펑키 카우보이 장갑 (여),11604695,158,83,63,68,31,19,11604695_F_GLCowPuncher.gltf,11604694_c_glcowpuncher_d.png,11604694_c_glcowpuncher_c.png,0,
11620059,스트리트 래퍼 장갑 (남),11620059,244,189,88,163,121,39,11620059_M_GLIdol03.gltf,11620059_c_glidol03_d.png,11620059_c_glidol03_c.png,0,
11620060,스트리트 래퍼 장갑 (여),11620060,244,189,88,163,121,39,11620060_F_GLIdol03.gltf,11620059_c_glidol03_d.png,11620059_c_glidol03_c.png,0,
11620061,우주비행사 장갑 (남),11610021,230,230,230,150,150,150,11610021_M_GLSpaceSuit01.gltf,11610021_c_glspacesuit01_d.png,11610021_c_glspacesuit01_c.png,0,
11620062,우주비행사 장갑 (여),11610022,230,230,230,150,150,150,11610022_F_GLSpaceSuit01.gltf,11610021_c_glspacesuit01_d.png,11610021_c_glspacesuit01_c.png,0,
11620063,푸른 바다 소년 팔찌 (남),11620063,170,47,47,96,19,19,11620063_M_GLMarine04.gltf,11620063_c_glmarine04_d.png,11620063_c_glmarine04_c.png,0,
11620064,푸른 바다 소녀 팔찌 (여),11620064,170,47,47,96,19,19,11620064_F_GLMarine04.gltf,11620063_c_glmarine04_d.png,11620063_c_glmarine04_c.png,0,
11620065,트로피컬 레더 팔찌 (남),11610023,76,105,181,23,40,79,11610023_M_GLResortWear.gltf,11610023_m_glresortwear_d.png,11610023_c_glresortwear_c.png,0,
11620066,트로피컬 레더 팔찌 (여),11610024,76,105,181,23,40,79,11610024_F_GLResortWear.gltf,11610023_f_glresortwear_d.png,11610023_c_glresortwear_c.png,0,
11620067,프레쉬 썸머 뱅글 (남),11620067,76,105,181,23,40,79,11620067_M_GLSwim06.gltf,11620067_c_glswim06_d.png,11620067_c_glswim06_c.png,0,
11620068,프레쉬 썸머 뱅글 (여),11620068,76,105,181,23,40,79,11620068_F_GLSwim06.gltf,11620067_c_glswim06_d.png,11620067_c_glswim06_c.png,0,
11620069,쿨링쿨링 마린 장갑 (남),11604692,126,204,247,72,94,168,11604692_M_GLMarine02.gltf,11604692_m_glmarine02_d.png,11604692_m_glmarine02_c.png,0,
11620070,쿨링쿨링 마린 손목 밴드 (여),11604693,126,204,247,72,94,168,11604693_F_GLMarine02.gltf,11604693_f_glmarine02_d.png,11604693_f_glmarine02_c.png,0,
11620073,이프리트 크리스탈 링 (남),11600476,63,59,51,20,18,15,11600476_M_GLIfritCrystal.gltf,11600477_f_glifritcrystal_d.png,11600477_f_glifritcrystal_d.png,0,
11620074,이프리트 크리스탈 링 (여),11600477,63,59,51,20,18,15,11600477_F_GLIfritCrystal.gltf,11600477_f_glifritcrystal_d.png,11600477_f_glifritcrystal_d.png,0,
11620077,마법학교 수련생 장갑 (남),11610011,76,105,181,23,40,79,11610011_M_GLMagicalSchool.gltf,11610011_c_glmagicalschool_d.png,11610011_c_glmagicalschool_c.png,0,
11620078,마법학교 수련생 장갑 (여),11610012,76,105,181,23,40,79,11610012_F_GLMagicalSchool.gltf,11610011_c_glmagicalschool_d.png,11610011_c_glmagicalschool_c.png,0,
11620081,중세 의전 장갑 (남),11600820,62,73,117,27,26,48,11609005_M_GLRococo01.gltf,11609005_m_glrococo01_d.png,11609005_m_glrococo01_c.png,0,
11620082,중세 리본 반지 (여),11600821,147,226,242,89,153,165,11609006_F_GLRococo01.gltf,11609006_f_glrococo01_d.png,11609006_f_glrococo01_c.png,0,
11620083,스위트 컵케이크 링 (남),11620083,239,112,145,153,66,82,11620083_M_GLFood01.gltf,11620083_c_glfood01_d.png,11620083_c_glfood01_c.png,0,
11620084,스위트 컵케이크 링 (여),11620084,239,112,145,153,66,82,11620084_F_GLFood01.gltf,11620083_c_glfood01_d.png,11620083_c_glfood01_c.png,0,
11620085,트라이아 궁중 셰프 장갑 (남),11610034,119,147,68,32,51,30,11610034_M_GLCook02.gltf,11610034_c_glcook02_d.png,11610034_c_glcook02_c.png,0,
11620086,트라이아 궁중 셰프 장갑 (여),11610035,119,147,68,32,51,30,11610035_F_GLCook02.gltf,11610034_c_glcook02_d.png,11610034_c_glcook02_c.png,0,
11620089,아크 엔젤 크리스탈 링 (남),11600440,63,59,51,20,18,15,11600440_M_GLArkAngelRing.gltf,11600440_c_glarkangelring_d.png,11600440_c_glarkangelring_c.png,0,
11620090,아크 엔젤 크리스탈 링 (여),11600441,63,59,51,20,18,15,11600441_F_GLArkAngelRing.gltf,11600440_c_glarkangelring_d.png,11600440_c_glarkangelring_c.png,0,
11620091,펌킨 할로 링 (남),11620091,63,59,51,20,18,15,11620091_M_GLHalloween06.gltf,11620091_c_glhalloween06_d.png,11620091_c_glhalloween06_c.png,0,
11620092,펌킨 할로 링 (여),11620091,63,59,51,20,18,15,11620092_F_GLHalloween06.gltf,11620091_c_glhalloween06_d.png,11620091_c_glhalloween06_c.png,0,
11620093,헬 크로스 밴드 (남),11600594,170,47,47,96,19,19,11600594_M_GLVampire.gltf,11600594_m_glvampire_d.png,11600594_m_glvampire_c.png,0,
11620094,헬 크로스 밴드 (여),11600595,170,47,47,96,19,19,11600595_F_GLVampire.gltf,11600595_f_glvampire_d.png,11600595_f_glvampire_c.png,0,
11620095,츄츄 방울 리본 (남),11600498,63,59,51,20,18,15,11600498_M_GLRibbonBellRing.gltf,11600498_c_glribbonbellring_d.png,11600498_c_glribbonbellring_c.png,0,
11620096,츄츄 방울 리본 (여),11600499,239,112,145,153,66,82,11600499_F_GLRibbonBellRing.gltf,11600498_c_glribbonbellring_d.png,11600498_c_glribbonbellring_c.png,0,
11620097,마시멜로 캔디 브레이슬릿 (남),11610001,255,168,203,205,86,106,11610001_M_GLLollipop.gltf,11610001_c_gllollipop_d.png,11610001_c_gllollipop_c.png,0,
11620098,마시멜로 캔디 브레이슬릿 (여),11610003,255,168,203,205,86,106,11610001_F_GLLollipop.gltf,11610001_c_gllollipop_d.png,11610001_c_gllollipop_c.png,0,
11620099,오버 윈터 티타늄 링 (남),11604703,63,59,51,20,18,15,11604703_M_GLValentine03.gltf,11604703_m_glvalentine03_d.png,11604703_m_glvalentine03_c.png,0,
11620100,오버 윈터 티타늄 링 (여),11604704,63,59,51,20,18,15,11604704_F_GLValentine03.gltf,11604703_m_glvalentine03_d.png,11604703_m_glvalentine03_c.png,0,
11620101,해피 크리스마스 글러브 (남),11620101,170,47,47,96,19,19,11601343_M_GLChristmas03.gltf,11601343_c_glchristmas03_d.png,11601343_c_glchristmas03_c.png,0,
11620102,해피 크리스마스 글러브 (여),11620102,170,47,47,96,19,19,11601344_F_GLChristmas03.gltf,11601343_c_glchristmas03_d.png,11601343_c_glchristmas03_c.png,0,
11620103,앙큼 생쥐 장갑 (남),11601347,132,130,120,68,68,65,11601347_M_GLDoll_Mouse01.gltf,11601347_c_gldoll_mouse01_d.png,11601347_c_gldoll_mouse01_c.png,0,
11620104,앙큼 생쥐 장갑 (여),11601348,132,130,120,68,68,65,11601348_F_GLDoll_Mouse01.gltf,11601347_c_gldoll_mouse01_d.png,11601347_c_gldoll_mouse01_c.png,0,
11620107,닥터 하트 반지 (남),11601351,170,47,47,96,19,19,11601351_M_GLHospital01.gltf,11601351_c_glhospital01_d.png,11601351_c_glhospital01_c.png,0,
11620108,닥터 하트 반지 (여),11601352,170,47,47,96,19,19,11601352_F_GLHospital01.gltf,11601351_c_glhospital01_d.png,11601351_c_glhospital01_c.png,0,
11620109,코코 퍼피 글러브 (남),11600815,126,204,247,72,94,168,11600815_M_GLPuppy01.gltf,11600815_c_glpuppy01_d.png,11600815_c_glpuppy01_c.png,0,
11620110,코코 퍼피 글러브 (여),11600816,126,204,247,72,94,168,11600816_F_GLPuppy01.gltf,11600815_c_glpuppy01_d.png,11600815_c_glpuppy01_c.png,0,
11620111,우주비행사 장갑 (남),11610021,230,230,230,150,150,150,11610021_M_GLSpaceSuit01.gltf,11610021_c_glspacesuit01_d.png,11610021_c_glspacesuit01_c.png,0,
11620112,우주비행사 장갑 (여),11610022,230,230,230,150,150,150,11610022_F_GLSpaceSuit01.gltf,11610021_c_glspacesuit01_d.png,11610021_c_glspacesuit01_c.png,0,
11620113,챠밍 스타 팔찌 (남),11601273,255,168,203,205,86,106,11601273_M_GLSchoolLook01.gltf,11601273_c_glschoollook01_d.png,11601273_c_glschoollook01_c.png,0,
11620114,챠밍 스타 팔찌 (여),11601274,255,168,203,205,86,106,11601274_F_GLSchoolLook01.gltf,11601273_c_glschoollook01_d.png,11601273_c_glschoollook01_c.png,0,
11620115,트라이아 궁중 화가 반지 (남),11620115,76,105,181,23,40,79,11601355_M_GLArtist01.gltf,11601355_c_glartist01_d.png,11601355_c_glartist01_c.png,0,
11620116,트라이아 궁중 화가 반지 (여),11620116,76,105,181,23,40,79,11601356_F_GLArtist01.gltf,11601355_c_glartist01_d.png,11601355_c_glartist01_c.png,0,
11620117,정열의 별빛 반지 (남),11610026,132,130,120,68,68,65,11610026_M_GLTraditionalNative02.gltf,11610026_m_gltraditionalnative02_d.png,11610026_m_gltraditionalnative02_c.png,0,
11620118,정열의 디스크 브레이슬릿 (여),11610027,244,189,88,163,121,39,11610027_F_GLTraditionalNative02.gltf,11610027_f_gltraditionalnative02_d.png,11610027_f_gltraditionalnative02_c.png,0,
11620119,통통 바니 반지 (남),11600781,255,168,203,205,86,106,11600781_M_GLAmusementPark.gltf,11600781_c_glamusementpark_d.png,11600781_c_glamusementpark_c.png,0,
11620120,통통 바니 반지 (여),11610002,255,168,203,205,86,106,11600781_F_GLAmusementPark.gltf,11600781_c_glamusementpark_d.png,11600781_c_glamusementpark_c.png,0,
11620121,통통 핑크빈 장갑 (남),11600788,63,59,51,20,18,15,11600788_M_GLPinkbean01.gltf,11600788_c_glpinkbean01_d.png,11600788_c_glpinkbean01_d.png,0,
11620122,통통 핑크빈 장갑 (여),11600789,63,59,51,20,18,15,11600789_F_GLPinkbean01.gltf,11600788_c_glpinkbean01_d.png,11600788_c_glpinkbean01_d.png,0,
11620123,청개굴 클로버 반지 (남),11610000,194,209,96,64,104,54,11610000_M_GLFrog.gltf,11610000_c_glfrog_d.png,11610000_c_glfrog_c.png,0,
11620124,청개굴 클로버 반지 (여),11610004,194,209,96,64,104,54,11610000_F_GLFrog.gltf,11610000_c_glfrog_d.png,11610000_c_glfrog_c.png,0,
11620125,썸머 비즈 팔찌 (남),11601046,76,105,181,23,40,79,11601046_M_GLPicnic01.gltf,11601046_c_glpicnic01_d.png,11601046_c_glpicnic01_c.png,0,
11620126,썸머 비즈 팔찌 (여),11601047,76,105,181,23,40,79,11601047_F_GLPicnic01.gltf,11601046_c_glpicnic01_d.png,11601046_c_glpicnic01_c.png,0,
11620127,아쿠아 썸머 꽃게 팔찌 (남),11601333,170,47,47,96,19,19,11601333_M_GLSwim05.gltf,11601333_c_glswim_d.png,11601333_c_glswim_c.png,0,
11620128,아쿠아 썸머 꽃게 팔찌 (여),11601334,170,47,47,96,19,19,11601334_F_GLSwim05.gltf,11601333_c_glswim_d.png,11601333_c_glswim_c.png,0,
11620129,챠밍 스타 팔찌 (남),11601273,255,168,203,205,86,106,11601273_M_GLSchoolLook01.gltf,11601273_c_glschoollook01_d.png,11601273_c_glschoollook01_c.png,0,
11620130,챠밍 스타 팔찌 (여),11601274,255,168,203,205,86,106,11601274_F_GLSchoolLook01.gltf,11601273_c_glschoollook01_d.png,11601273_c_glschoollook01_c.png,0,
11620131,아기 공룡 장갑 (남),11601275,194,209,96,64,104,54,11601275_M_GLDoll_Dinosaur01.gltf,11601275_c_gldoll_dinosaur01_d.png,11601275_c_gldoll_dinosaur01_c.png,0,
11620132,아기 공룡 장갑 (여),11601276,194,209,96,64,104,54,11601276_F_GLDoll_Dinosaur01.gltf,11601275_c_gldoll_dinosaur01_d.png,11601275_c_gldoll_dinosaur01_c.png,0,
11620133,스트리트 훕 손목 아대 (남),11620133,170,47,47,96,19,19,11601345_M_GLSports03.gltf,11601345_c_glsports03_d.png,11601345_c_glsports03_c.png,0,
11620134,스트리트 훕 손목 아대 (여),11620134,170,47,47,96,19,19,11601346_F_GLSports03.gltf,11601345_c_glsports03_d.png,11601345_c_glsports03_c.png,0,
11620135,메투날드 소매 장식 (남),11601044,230,230,230,150,150,150,11601044_M_GLM2nald.gltf,11601044_c_glm2nald_d.png,11601044_c_glm2nald_c.png,0,
11620136,메투날드 소매 장식 (여),11601045,230,230,230,150,150,150,11601045_F_GLM2nald.gltf,11601044_c_glm2nald_d.png,11601044_c_glm2nald_c.png,0,
11620137,견습 파티셰 오븐 장갑 (남),11601331,170,47,47,96,19,19,11601331_M_GLCook01.gltf,11601331_c_glcook01_d.png,11601331_c_glcook01_c.png,0,
11620138,견습 파티셰 오븐 장갑 (여),11601332,170,47,47,96,19,19,11601332_F_GLCook01.gltf,11601331_c_glcook01_d.png,11601331_c_glcook01_c.png,0,
11620139,메이플 쿼터백 장갑 (남),11610030,170,47,47,96,19,19,11610030_M_GLAmericanFootball01.gltf,11610030_c_glamericanfootball01_d.png,11610030_c_glamericanfootball01_c.png,0,
11620140,메이플 쿼터백 장갑 (여),11610031,170,47,47,96,19,19,11610031_F_GLAmericanFootball01.gltf,11610030_c_glamericanfootball01_d.png,11610030_c_glamericanfootball01_c.png,0,
11620141,용감한 더키 소방대원 장갑 (남),11620141,249,137,77,147,60,20,11610040_M_GLFireFighter01.gltf,11610040_c_glfirefighter01_d.png,11610040_c_glfirefighter01_c.png,0,
11620142,용감한 더키 소방대원 장갑 (여),11620141,249,137,77,147,60,20,11610041_F_GLFireFighter01.gltf,11610040_c_glfirefighter01_d.png,11610040_c_glfirefighter01_c.png,0,
11620143,통통 바니 반지 (남),11600781,255,168,203,205,86,106,11600781_M_GLAmusementPark.gltf,11600781_c_glamusementpark_d.png,11600781_c_glamusementpark_c.png,0,
11620144,통통 바니 반지 (여),11610002,255,168,203,205,86,106,11600781_F_GLAmusementPark.gltf,11600781_c_glamusementpark_d.png,11600781_c_glamusementpark_c.png,0,
11620145,코튼 캔디 스타 링 (남),11620027,244,189,88,163,121,39,11620027_M_GLPajamas02.gltf,11620027_c_glpajamas02_d.png,11620027_c_glpajamas02_c.png,0,
11620146,코튼 캔디 스타 링 (여),11620028,244,189,88,163,121,39,11620028_F_GLPajamas02.gltf,11620027_c_glpajamas02_d.png,11620027_c_glpajamas02_c.png,0,
11620147,큐티 꽃장식 팔찌 (남),11610019,76,105,181,23,40,79,11610019_M_GLChildren01.gltf,11610019_c_glchildren01_d.png,11610019_c_glchildren01_c.png,0,
11620148,큐티 꽃장식 팔찌 (여),11610020,76,105,181,23,40,79,11610020_F_GLChildren01.gltf,11610019_c_glchildren01_d.png,11610019_c_glchildren01_c.png,0,
11620149,앙큼 생쥐 장갑 (남),11601347,132,130,120,68,68,65,11601347_M_GLDoll_Mouse01.gltf,11601347_c_gldoll_mouse01_d.png,11601347_c_gldoll_mouse01_c.png,0,
11620150,앙큼 생쥐 장갑 (여),11601348,132,130,120,68,68,65,11601348_F_GLDoll_Mouse01.gltf,11601347_c_gldoll_mouse01_d.png,11601347_c_gldoll_mouse01_c.png,0,
11620151,츄츄 방울 리본 (남),11600498,63,59,51,20,18,15,11600498_M_GLRibbonBellRing.gltf,11600498_c_glribbonbellring_d.png,11600498_c_glribbonbellring_c.png,0,
11620152,츄츄 방울 리본 (여),11600499,239,112,145,153,66,82,11600499_F_GLRibbonBellRing.gltf,11600498_c_glribbonbellring_d.png,11600498_c_glribbonbellring_c.png,0,
11620153,아크 엔젤 크리스탈 링 (남),11600440,63,59,51,20,18,15,11600440_M_GLArkAngelRing.gltf,11600440_c_glarkangelring_d.png,11600440_c_glarkangelring_c.png,0,
11620154,아크 엔젤 크리스탈 링 (여),11600441,63,59,51,20,18,15,11600441_F_GLArkAngelRing.gltf,11600440_c_glarkangelring_d.png,11600440_c_glarkangelring_c.png,0,
11620155,트로피컬 레더 팔찌 (남),11610023,76,105,181,23,40,79,11610023_M_GLResortWear.gltf,11610023_m_glresortwear_d.png,11610023_c_glresortwear_c.png,0,
11620156,트로피컬 레더 팔찌 (여),11610024,76,105,181,23,40,79,11610024_F_GLResortWear.gltf,11610023_f_glresortwear_d.png,11610023_c_glresortwear_c.png,0,
11620157,푸른 바다 소년 팔찌 (남),11620063,170,47,47,96,19,19,11620063_M_GLMarine04.gltf,11620063_c_glmarine04_d.png,11620063_c_glmarine04_c.png,0,
11620158,푸른 바다 소녀 팔찌 (여),11620064,170,47,47,96,19,19,11620064_F_GLMarine04.gltf,11620063_c_glmarine04_d.png,11620063_c_glmarine04_c.png,0,
11620159,아쿠아 썸머 꽃게 팔찌 (남),11601333,170,47,47,96,19,19,11601333_M_GLSwim05.gltf,11601333_c_glswim_d.png,11601333_c_glswim_c.png,0,
11620160,아쿠아 썸머 꽃게 팔찌 (여),11601334,170,47,47,96,19,19,11601334_F_GLSwim05.gltf,11601333_c_glswim_d.png,11601333_c_glswim_c.png,0,
11620161,청개굴 클로버 반지 (남),11610000,194,209,96,64,104,54,11610000_M_GLFrog.gltf,11610000_c_glfrog_d.png,11610000_c_glfrog_c.png,0,
11620162,청개굴 클로버 반지 (여),11610004,194,209,96,64,104,54,11610000_F_GLFrog.gltf,11610000_c_glfrog_d.png,11610000_c_glfrog_c.png,0,
11620163,펌킨 할로 링 (남),11620091,63,59,51,20,18,15,11620091_M_GLHalloween06.gltf,11620091_c_glhalloween06_d.png,11620091_c_glhalloween06_c.png,0,
11620164,펌킨 할로 링 (여),11620091,63,59,51,20,18,15,11620092_F_GLHalloween06.gltf,11620091_c_glhalloween06_d.png,11620091_c_glhalloween06_c.png,0,
11620167,사우나 열쇠 (남),11600253,62,73,117,27,26,48,11600253_M_GLSaunaKey.gltf,11600253_c_glsaunakey_d.png,11600253_c_glsaunakey_c.png,0,
11620169,은하수 별빛 장갑 (남),11610005,63,59,51,20,18,15,11610005_M_GLGalaxyFox.gltf,11610005_m_glgalaxyfox_d.png,11610005_m_glgalaxyfox_c.png,0,
11620170,은하수 별빛 장갑 (여),11610006,63,59,51,20,18,15,11610006_F_GLGalaxyFox.gltf,11610006_f_glgalaxyfox_d.png,11610006_f_glgalaxyfox_c.png,0,
11620171,해피 크리스마스 글러브 (남),11620101,170,47,47,96,19,19,11601343_M_GLChristmas03.gltf,11601343_c_glchristmas03_d.png,11601343_c_glchristmas03_c.png,0,
11620172,해피 크리스마스 글러브 (여),11620102,170,47,47,96,19,19,11601344_F_GLChristmas03.gltf,11601343_c_glchristmas03_d.png,11601343_c_glchristmas03_c.png,0,
11620173,프로즌 이터널 로즈 (남),11600422,63,59,51,20,18,15,11600422_M_GLFrozenEternalRose.gltf,11600422_c_glfrozeneternalrose_d.png,11600422_c_glfrozeneternalrose_d.png,0,
11620174,프로즌 이터널 로즈 (여),11600423,63,59,51,20,18,15,11600423_F_GLFrozenEternalRose.gltf,11600422_c_glfrozeneternalrose_d.png,11600422_c_glfrozeneternalrose_d.png,0,
11620175,스노우 테일 팔찌 (남),11601144,76,105,181,23,40,79,11601144_M_GLFrozen02.gltf,11601144_c_glfrozen02_d.png,11601144_c_glfrozen02_c.png,0,
11620176,스노우 테일 팔찌 (여),11601145,76,105,181,23,40,79,11601145_F_GLFrozen02.gltf,11601144_c_glfrozen02_d.png,11601144_c_glfrozen02_c.png,0,
11620177,큐티 꽃장식 팔찌 (남),11610019,76,105,181,23,40,79,11610019_M_GLChildren01.gltf,11610019_c_glchildren01_d.png,11610019_c_glchildren01_c.png,0,
11620178,큐티 꽃장식 팔찌 (여),11610020,76,105,181,23,40,79,11610020_F_GLChildren01.gltf,11610019_c_glchildren01_d.png,11610019_c_glchildren01_c.png,0,
11620179,아크 엔젤 크리스탈 링 (남),11600440,63,59,51,20,18,15,11600440_M_GLArkAngelRing.gltf,11600440_c_glarkangelring_d.png,11600440_c_glarkangelring_c.png,0,
11620180,아크 엔젤 크리스탈 링 (여),11600441,63,59,51,20,18,15,11600441_F_GLArkAngelRing.gltf,11600440_c_glarkangelring_d.png,11600440_c_glarkangelring_c.png,0,
11620181,발렌타인 하트 반지 (남),11620023,170,47,47,96,19,19,11601376_M_GLValentine04.gltf,11601376_c_glvalentine04_d.png,11601376_c_glvalentine04_c.png,0,
11620182,발렌타인 하트 팔찌 (여),11620024,170,47,47,96,19,19,11601377_F_GLValentine04.gltf,11601376_c_glvalentine04_d.png,11601376_c_glvalentine04_c.png,0,
11620183,팬시 고딕 글러브 (남),11601341,170,47,47,96,19,19,11601341_M_GLGothic02.gltf,11601341_c_glgothic02_d.png,11601341_c_glgothic02_c.png,0,
11620184,팬시 고딕 글러브 (여),11601342,170,47,47,96,19,19,11601342_F_GLGothic02.gltf,11601341_c_glgothic02_d.png,11601341_c_glgothic02_c.png,0,
11620185,챠밍 스타 팔찌 (남),11601273,255,168,203,205,86,106,11601273_M_GLSchoolLook01.gltf,11601273_c_glschoollook01_d.png,11601273_c_glschoollook01_c.png,0,
11620186,챠밍 스타 팔찌 (여),11601274,255,168,203,205,86,106,11601274_F_GLSchoolLook01.gltf,11601273_c_glschoollook01_d.png,11601273_c_glschoollook01_c.png,0,
11620187,츄츄 방울 리본 (남),11600498,63,59,51,20,18,15,11600498_M_GLRibbonBellRing.gltf,11600498_c_glribbonbellring_d.png,11600498_c_glribbonbellring_c.png,0,
11620188,츄츄 방울 리본 (여),11600499,239,112,145,153,66,82,11600499_F_GLRibbonBellRing.gltf,11600498_c_glribbonbellring_d.png,11600498_c_glribbonbellring_c.png,0,
11620189,샤인 스타 브레이슬릿 (남),11600784,126,204,247,72,94,168,11600784_M_GLIdolBand.gltf,11600784_c_glidolband_d.png,11600784_c_glidolband_c.png,0,
11620190,샤인 스타 브레이슬릿 (여),11600785,126,204,247,72,94,168,11600785_F_GLIdolBand.gltf,11600784_c_glidolband_d.png,11600784_c_glidolband_c.png,0,
11620191,스위트 컵케이크 링 (남),11620083,239,112,145,153,66,82,11620083_M_GLFood01.gltf,11620083_c_glfood01_d.png,11620083_c_glfood01_c.png,0,
11620192,스위트 컵케이크 링 (여),11620084,239,112,145,153,66,82,11620084_F_GLFood01.gltf,11620083_c_glfood01_d.png,11620083_c_glfood01_c.png,0,
11620193,코튼 캔디 스타 링 (남),11620027,244,189,88,163,121,39,11620027_M_GLPajamas02.gltf,11620027_c_glpajamas02_d.png,11620027_c_glpajamas02_c.png,0,
11620194,코튼 캔디 스타 링 (여),11620028,244,189,88,163,121,39,11620028_F_GLPajamas02.gltf,11620027_c_glpajamas02_d.png,11620027_c_glpajamas02_c.png,0,
11620195,사우나 열쇠 (남),11600253,62,73,117,27,26,48,11600253_M_GLSaunaKey.gltf,11600253_c_glsaunakey_d.png,11600253_c_glsaunakey_c.png,0,
11620201,보석 사탕 반지 (남),11600251,147,226,242,89,153,165,11600225_M_JewelCandy.gltf,11600225_c_jewelcandy_d.png,11600225_c_jewelcandy_c.png,0,
11620202,보석 사탕 반지 (여),11600252,147,226,242,89,153,165,11600226_F_JewelCandy.gltf,11600225_c_jewelcandy_d.png,11600225_c_jewelcandy_c.png,0,
11620203,앙큼 바니 밴드 (남),11600500,63,59,51,20,18,15,11600500_M_GLSlyBunnyStrap.gltf,11600500_c_glslybunnystrap_d.png,11600500_c_glslybunnystrap_c.png,0,
11620204,앙큼 바니 밴드 (여),11600501,239,112,145,153,66,82,11600501_F_GLSlyBunnyStrap.gltf,11600500_c_glslybunnystrap_d.png,11600500_c_glslybunnystrap_c.png,0,
11620205,스터드 오픈 가죽 장갑 (남),11600205,63,59,51,20,18,15,11600205_M_StudOpenLeatherGloves.gltf,11600205_c_studopenleathergloves_d.png,11600205_c_studopenleathergloves_d.png,0,
11620206,스터드 오픈 가죽 장갑 (여),11600206,63,59,51,20,18,15,11600206_F_StudOpenLeatherGloves.gltf,11600205_c_studopenleathergloves_d.png,11600205_c_studopenleathergloves_d.png,0,
11620207,앙큼 바니 밴드 (남),11600500,63,59,51,20,18,15,11600500_M_GLSlyBunnyStrap.gltf,11600500_c_glslybunnystrap_d.png,11600500_c_glslybunnystrap_c.png,0,
11620208,앙큼 바니 밴드 (여),11600501,239,112,145,153,66,82,11600501_F_GLSlyBunnyStrap.gltf,11600500_c_glslybunnystrap_d.png,11600500_c_glslybunnystrap_c.png,0,
11620213,권투 글러브 (남),11600217,170,47,47,96,19,19,11600217_M_BoxingGloves.gltf,11600217_c_boxinggloves_d.png,11600217_c_boxinggloves_c.png,0,
11620214,권투 글러브 (여),11600218,170,47,47,96,19,19,11600218_F_BoxingGloves.gltf,11600217_c_boxinggloves_d.png,11600217_c_boxinggloves_c.png,0,
11620215,롱 스트랩 시계 (남),11600424,62,73,117,27,26,48,11600424_M_GLLongStrap.gltf,11600424_c_gllongstrap_d.png,11600424_c_gllongstrap_c.png,0,
11620216,심플 프릴 밴드 (여),11600427,239,112,145,153,66,82,11600427_F_GLFrillBand.gltf,11600427_c_glfrillband_d.png,11600427_c_glfrillband_c.png,0,
11620239,러블리 바니 장갑 (남),11600436,255,168,203,205,86,106,11600436_M_GLBannyDoll.gltf,11600436_c_glbannydoll_d.png,11600436_c_glbannydoll_c.png,0,
11620240,러블리 바니 장갑 (여),11600437,255,168,203,205,86,106,11600437_F_GLBannyDoll.gltf,11600436_c_glbannydoll_d.png,11600436_c_glbannydoll_c.png,0,
11620241,(PC방) 밀리터리 글러브,11600241,63,59,51,20,18,15,11600242_F_GLMilitary.gltf,11600241_c_glmilitary_d.png,11600241_c_glmilitary_d.png,0,
11620242,러블리 바니 장갑 (남),11600436,255,168,203,205,86,106,11600436_M_GLBannyDoll.gltf,11600436_c_glbannydoll_d.png,11600436_c_glbannydoll_c.png,0,
11620243,러블리 바니 장갑 (여),11600437,255,168,203,205,86,106,11600437_F_GLBannyDoll.gltf,11600436_c_glbannydoll_d.png,11600436_c_glbannydoll_c.png,0,
11620283,홀리 세라핌 완갑 (남),11600341,63,59,51,20,18,15,11600341_M_GLAngelGloves.gltf,11600341_c_glangelgloves_d.png,11600341_c_glangelgloves_d.png,0,
11620284,홀리 세라핌 완갑 (여),11600342,63,59,51,20,18,15,11600342_F_GLAngelGloves.gltf,11600341_c_glangelgloves_d.png,11600341_c_glangelgloves_d.png,0,
11620285,스터드 글러브 (남),11600283,62,73,117,27,26,48,11600092_M_GLStuddedGlove.gltf,11600092_c_glstuddedglove_d.png,11600092_c_glstuddedglove_c.png,0,
11620286,스터드 글러브 (여),11600284,62,73,117,27,26,48,11600092_F_GLStuddedGlove.gltf,11600092_c_glstuddedglove_d.png,11600092_c_glstuddedglove_c.png,0,
11620287,스터드 글러브 (남),11600283,62,73,117,27,26,48,11600092_M_GLStuddedGlove.gltf,11600092_c_glstuddedglove_d.png,11600092_c_glstuddedglove_c.png,0,
11620288,스터드 글러브 (여),11600284,62,73,117,27,26,48,11600092_F_GLStuddedGlove.gltf,11600092_c_glstuddedglove_d.png,11600092_c_glstuddedglove_c.png,0,
11620289,검은 고양이 손 (남),11600161,63,59,51,20,18,15,11600161_M_BlackCatHand.gltf,11600161_c_blackcathand_d.png,11600161_c_blackcathand_d.png,0,
11620290,검은 고양이 손 (여),11600162,63,59,51,20,18,15,11600162_F_BlackCatHand.gltf,11600161_c_blackcathand_d.png,11600161_c_blackcathand_d.png,0,
11620293,검은 고양이 손 (남),11600161,63,59,51,20,18,15,11600161_M_BlackCatHand.gltf,11600161_c_blackcathand_d.png,11600161_c_blackcathand_d.png,0,
11620294,검은 고양이 손 (여),11600162,63,59,51,20,18,15,11600162_F_BlackCatHand.gltf,11600161_c_blackcathand_d.png,11600161_c_blackcathand_d.png,0,
11620295,밀리터리 글러브 (남),11600241,63,59,51,20,18,15,11600241_M_GLMilitary.gltf,11600241_c_glmilitary_d.png,11600241_c_glmilitary_d.png,0,
11620296,밀리터리 글러브 (여),11600242,63,59,51,20,18,15,11600242_F_GLMilitary.gltf,11600241_c_glmilitary_d.png,11600241_c_glmilitary_d.png,0,
11620297,홀리 세라핌 완갑 (남),11600341,63,59,51,20,18,15,11600341_M_GLAngelGloves.gltf,11600341_c_glangelgloves_d.png,11600341_c_glangelgloves_d.png,0,
11620298,홀리 세라핌 완갑 (여),11600342,63,59,51,20,18,15,11600342_F_GLAngelGloves.gltf,11600341_c_glangelgloves_d.png,11600341_c_glangelgloves_d.png,0,
11620303,매지컬 할로윈 장갑 (남),11600346,63,59,51,20,18,15,11600346_M_GLMagicalHalloween.gltf,11600346_c_glmagicalhalloween_d.png,11600346_c_glmagicalhalloween_d.png,0,
11620304,매지컬 할로윈 장갑 (여),11600347,63,59,51,20,18,15,11600347_F_GLMagicalHalloween.gltf,11600346_c_glmagicalhalloween_d.png,11600346_c_glmagicalhalloween_d.png,0,
11620309,포근한 손뜨개 장갑 (남),11620309,239,112,145,153,66,82,11620309_M_GLOrdinary03.gltf,11620309_c_glordinary03_d.png,11620309_c_glordinary03_c.png,0,
11620310,포근한 손뜨개 장갑 (여),11620310,239,112,145,153,66,82,11620310_F_GLOrdinary03.gltf,11620309_c_glordinary03_d.png,11620309_c_glordinary03_c.png,0,
11620311,로열 다크니스 글러브 (남),11610038,63,59,51,20,18,15,11610038_M_GLDarkFantasy.gltf,11610038_c_gldarkfantasy_d.png,11610038_c_gldarkfantasy_c.png,0,
11620312,로열 다크니스 글러브 (여),11610039,63,59,51,20,18,15,11610039_F_GLDarkFantasy.gltf,11610038_c_gldarkfantasy_d.png,11610038_c_gldarkfantasy_c.png,0,
11620313,포근한 손뜨개 장갑 (남),11620309,239,112,145,153,66,82,11620309_M_GLOrdinary03.gltf,11620309_c_glordinary03_d.png,11620309_c_glordinary03_c.png,0,
11620314,포근한 손뜨개 장갑 (여),11620310,239,112,145,153,66,82,11620310_F_GLOrdinary03.gltf,11620309_c_glordinary03_d.png,11620309_c_glordinary03_c.png,0,
11620315,(PC방) 방랑자 장갑,11600315,63,59,51,20,18,15,11600082_F_GLWandererGlove.gltf,11600082_c_glwandererglove_d.png,11600082_c_glwandererglove_d.png,0,
11620317,로열 윈터 레더 글러브 (남),11601357,122,92,77,53,39,29,11601357_M_MiddleAges01.gltf,11601357_c_glmiddleages01_d.png,11601357_c_glmiddleages01_c.png,0,
11620318,로열 윈터 레더 글러브 (여),11601358,122,92,77,53,39,29,11601358_F_MiddleAges01.gltf,11601357_c_glmiddleages01_d.png,11601357_c_glmiddleages01_c.png,0,
11620319,로열 윈터 레더 글러브 (남),11601357,122,92,77,53,39,29,11601357_M_MiddleAges01.gltf,11601357_c_glmiddleages01_d.png,11601357_c_glmiddleages01_c.png,0,
11620320,로열 윈터 레더 글러브 (여),11601358,122,92,77,53,39,29,11601358_F_MiddleAges01.gltf,11601357_c_glmiddleages01_d.png,11601357_c_glmiddleages01_c.png,0,
11620349,빛나는 군악대 장갑 (남),11620349,76,105,181,23,40,79,11620349_M_GLBand01.gltf,11620349_c_glband01_d.png,11620349_c_glband01_c.png,0,
11620350,빛나는 군악대 장갑 (여),11620350,76,105,181,23,40,79,11620350_F_GLBand01.gltf,11620349_c_glband01_d.png,11620349_c_glband01_c.png,0,
11620351,메린이 연필 반지 (남),11620351,76,105,181,23,40,79,11620351_M_GLSchoolLook03.gltf,11620351_c_glschoollook03_d.png,11620351_c_glschoollook03_c.png,0,
11620352,메린이 연필 반지 (여),11620352,76,105,181,23,40,79,11620352_F_GLSchoolLook03.gltf,11620351_c_glschoollook03_d.png,11620351_c_glschoollook03_c.png,0,
11620353,겨울동화 눈꽃 반지 (남),11601353,76,105,181,23,40,79,11601353_M_GLFrozen03.gltf,11601353_m_glfrozen03_d.png,11601353_m_glfrozen03_c.png,0,
11620354,겨울동화 눈꽃 반지 (여),11601354,76,105,181,23,40,79,11601354_F_GLFrozen03.gltf,11601354_f_glfrozen03_d.png,11601354_f_glfrozen03_c.png,0,
11620355,오드리 튜튜 브레이슬릿 (남),11604699,76,105,181,23,40,79,11604699_M_GLBallet01.gltf,11604699_c_glballet01_d.png,11604699_c_glballet01_c.png,0,
11620356,오드리 튜튜 브레이슬릿 (여),11604700,76,105,181,23,40,79,11604700_F_GLBallet01.gltf,11604699_c_glballet01_d.png,11604699_c_glballet01_c.png,0,
11620357,올림포스 브레이슬릿 (남),11601010,147,226,242,89,153,165,11601010_M_GLOlympos01.gltf,11601010_c_glolympos01_d.png,11601010_c_glolympos01_c.png,0,
11620358,올림포스 브레이슬릿 (여),11601011,147,226,242,89,153,165,11601011_F_GLOlympos01.gltf,11601010_c_glolympos01_d.png,11601010_c_glolympos01_c.png,0,
11620359,로맨틱 웨딩 펄 글러브 (남),11620359,230,230,230,150,150,150,11620359_M_GLWedding03.gltf,11620359_c_glwedding03_d.png,11620359_c_glwedding03_c.png,0,
11620360,로맨틱 웨딩 펄 글러브 (여),11620360,230,230,230,150,150,150,11620360_F_GLWedding03.gltf,11620359_c_glwedding03_d.png,11620359_c_glwedding03_c.png,0,
11620361,일루셔니스트 다이아 장갑 (남),11604701,230,230,230,150,150,150,11604701_M_GLFairyMagician.gltf,11604701_c_glfairymagician_d.png,11604701_c_glfairymagician_c.png,0,
11620362,일루셔니스트 다이아 장갑 (여),11604702,230,230,230,150,150,150,11604702_F_GLFairyMagician.gltf,11604701_c_glfairymagician_d.png,11604701_c_glfairymagician_c.png,0,
11620363,로맨틱 웨딩 펄 글러브 (남),11620359,230,230,230,150,150,150,11620359_M_GLWedding03.gltf,11620359_c_glwedding03_d.png,11620359_c_glwedding03_c.png,0,
11620364,로맨틱 웨딩 펄 글러브 (여),11620360,230,230,230,150,150,150,11620360_F_GLWedding03.gltf,11620359_c_glwedding03_d.png,11620359_c_glwedding03_c.png,0,
11620365,겨울동화 눈꽃 반지 (남),11601353,76,105,181,23,40,79,11601353_M_GLFrozen03.gltf,11601353_m_glfrozen03_d.png,11601353_m_glfrozen03_c.png,0,
11620366,겨울동화 눈꽃 반지 (여),11601354,76,105,181,23,40,79,11601354_F_GLFrozen03.gltf,11601354_f_glfrozen03_d.png,11601354_f_glfrozen03_c.png,0,
11620367,댄싱 그레이스 글러브(남),11620367,63,59,51,20,18,15,11620367_M_GLSports04.gltf,11620367_m_glsports04_d.png,11620367_m_glsports04_c.png,0,
11620368,댄싱 그레이스 핑거 브레이슬릿(여),11620368,133,81,165,53,42,71,11620368_F_GLSports04.gltf,11620368_f_glsports04_d.png,11620368_f_glsports04_c.png,0,
11620369,세이레네스 뱅글 (남),11620369,126,204,247,72,94,168,11620369_M_GLSummer02.gltf,11620369_c_glsummer02_d.png,11620369_c_glsummer02_c.png,0,
11620370,세이레네스 뱅글 (여),11620369,126,204,247,72,94,168,11620370_F_GLSummer02.gltf,11620369_c_glsummer02_d.png,11620369_c_glsummer02_c.png,0,
11620371,개구쟁이 꼬마 악마 반지 (남),11620371,63,59,51,20,18,15,11620371_M_GLHalloween05.gltf,11620371_c_glhalloween05_d.png,11620371_c_glhalloween05_c.png,0,
11620372,개구쟁이 꼬마 악마 반지 (여),11620372,63,59,51,20,18,15,11620372_F_GLHalloween05.gltf,11620371_c_glhalloween05_d.png,11620371_c_glhalloween05_c.png,0,
11620373,커닝시티 역무원 장갑 (남),11620373,62,73,117,27,26,48,11620373_M_GLUniform01.gltf,11620373_c_gluniform01_d.png,11620373_c_gluniform01_c.png,0,
11620374,커닝시티 역무원 장갑 (여),11620374,62,73,117,27,26,48,11620374_F_GLUniform01.gltf,11620373_c_gluniform01_d.png,11620373_c_gluniform01_c.png,0,
11620377,장난꾸러기 요정 장갑(남),11620377,239,112,145,153,66,82,11620377_M_GLFairy03.gltf,11620377_c_glfairy03_d.png,11620377_c_glfairy03_c.png,0,
11620378,장난꾸러기 요정 장갑(여),11620377,239,112,145,153,66,82,11620378_F_GLFairy03.gltf,11620377_c_glfairy03_d.png,11620377_c_glfairy03_c.png,0,
11620379,개구쟁이 꼬마 악마 반지 (남),11620371,63,59,51,20,18,15,11620371_M_GLHalloween05.gltf,11620371_c_glhalloween05_d.png,11620371_c_glhalloween05_c.png,0,
11620380,개구쟁이 꼬마 악마 반지 (여),11620372,63,59,51,20,18,15,11620372_F_GLHalloween05.gltf,11620371_c_glhalloween05_d.png,11620371_c_glhalloween05_c.png,0,
11620381,숲의 정령 열매 반지 (남),11620381,244,189,88,163,121,39,11620381_M_GLFairy04.gltf,11620381_c_glfairy04_d.png,11620381_c_glfairy04_c.png,0,
11620382,숲의 정령 열매 반지 (여),11620382,244,189,88,163,121,39,11620382_F_GLFairy04.gltf,11620381_c_glfairy04_d.png,11620381_c_glfairy04_c.png,0,
11620383,성실한 모험가의 장갑,11600001,63,59,51,20,18,15,11600009_F_WornVernon.gltf,11600009_c_wornvernon_d.png,11600009_c_wornvernon_c.png,0,
11620387,글로우 스타 링 (남),11600869,170,47,47,96,19,19,11600869_M_GLChristmas02.gltf,11600869_m_glchristmas02_d.png,11600869_m_glchristmas02_c.png,0,
11620388,글로우 스타 글러브 (여),11600870,170,47,47,96,19,19,11600870_F_GLChristmas02.gltf,11600870_f_glchristmas02_d.png,11600870_f_glchristmas02_c.png,0,
11620389,발랄한 앨리스 프릴 글러브 (남),11620389,126,204,247,72,94,168,11620389_M_GLFairyTale02.gltf,11620389_c_glfairytale02_d.png,11620389_c_glfairytale02_c.png,0,
11620390,발랄한 앨리스 플라워 링 (여),11620390,126,204,247,72,94,168,11620390_F_GLFairyTale02.gltf,11620389_c_glfairytale02_d.png,11620389_c_glfairytale02_c.png,0,
11620391,타락천사 장갑 (남),11601146,62,73,117,27,26,48,11601146_M_GLLucifer.gltf,11601146_c_gllucifer_d.png,11601146_c_gllucifer_c.png,0,
11620392,타락천사 장갑 (여),11601147,62,73,117,27,26,48,11601147_F_GLLucifer.gltf,11601146_c_gllucifer_d.png,11601146_c_gllucifer_c.png,0,
11620393,봄나들이 비취 팔찌 (남),11620393,170,47,47,96,19,19,11620393_M_GLPicnic02.gltf,11620393_c_glpicnic02_d.png,11620393_c_glpicnic02_c.png,0,
11620394,봄나들이 비취 팔찌 (여),11620394,170,47,47,96,19,19,11620394_F_GLPicnic02.gltf,11620393_c_glpicnic02_d.png,11620393_c_glpicnic02_c.png,0,
11620395,포근한 솜뭉치 발바닥 장갑 (남),11620395,126,204,247,72,94,168,11620395_M_GLWinter01.gltf,11620395_c_glwinter01_d.png,11620395_c_glwinter01_c.png,0,
11620396,포근한 솜뭉치 발바닥 장갑 (여),11620396,126,204,247,72,94,168,11620396_F_GLWinter01.gltf,11620395_c_glwinter01_d.png,11620395_c_glwinter01_c.png,0,
11620397,커닝 경찰 글러브(남),11620397,62,73,117,27,26,48,11620397_M_GLUniform02.gltf,11620397_c_gluniform02_d.png,11620397_c_gluniform02_c.png,0,
11620398,커닝 경찰 글러브(여),11620398,62,73,117,27,26,48,11620398_F_GLUniform02.gltf,11620397_c_gluniform02_d.png,11620397_c_gluniform02_c.png,0,
11620399,째깍째깍 태엽 장갑 (남),11620399,122,92,77,53,39,29,11620399_M_GLTechwear02.gltf,11620399_c_gltechwear02_d.png,11620399_c_gltechwear02_c.png,0,
11620400,째깍째깍 태엽 장갑 (여),11620399,122,92,77,53,39,29,11620400_F_GLTechwear02.gltf,11620399_c_gltechwear02_d.png,11620399_c_gltechwear02_c.png,0,
11620401,스포츠 시계 (남),11600275,147,226,242,89,153,165,11600275_M_GLSportsWatch.gltf,11600275_c_glsportswatch_d.png,11600275_c_glsportswatch_c.png,0,
11620402,스포츠 시계 (여),11600276,170,47,47,96,19,19,11600276_F_GLSportsWatch.gltf,11600275_c_glsportswatch_d.png,11600275_c_glsportswatch_c.png,0,
11620403,레이어드 링 (남),11600303,63,59,51,20,18,15,11600303_M_LayeredRing.gltf,11600303_c_layeredring_d.png,11600303_c_layeredring_c.png,0,
11620404,레이어드 링 (여),11600304,63,59,51,20,18,15,11600304_F_LayeredRing.gltf,11600303_c_layeredring_d.png,11600303_c_layeredring_c.png,0,
11620405,스포츠 시계 (남),11600275,147,226,242,89,153,165,11600275_M_GLSportsWatch.gltf,11600275_c_glsportswatch_d.png,11600275_c_glsportswatch_c.png,0,
11620406,스포츠 시계 (여),11600276,170,47,47,96,19,19,11600276_F_GLSportsWatch.gltf,11600275_c_glsportswatch_d.png,11600275_c_glsportswatch_c.png,0,
11620407,타락천사 장갑 (남),11601146,62,73,117,27,26,48,11601146_M_GLLucifer.gltf,11601146_c_gllucifer_d.png,11601146_c_gllucifer_c.png,0,
11620408,타락천사 장갑 (여),11601147,62,73,117,27,26,48,11601147_F_GLLucifer.gltf,11601146_c_gllucifer_d.png,11601146_c_gllucifer_c.png,0,
11620409,봄나들이 비취 팔찌 (남),11620393,170,47,47,96,19,19,11620393_M_GLPicnic02.gltf,11620393_c_glpicnic02_d.png,11620393_c_glpicnic02_c.png,0,
11620410,봄나들이 비취 팔찌 (여),11620394,170,47,47,96,19,19,11620394_F_GLPicnic02.gltf,11620393_c_glpicnic02_d.png,11620393_c_glpicnic02_c.png,0,
11620411,커닝 경찰 글러브(남),11620397,62,73,117,27,26,48,11620397_M_GLUniform02.gltf,11620397_c_gluniform02_d.png,11620397_c_gluniform02_c.png,0,
11620412,커닝 경찰 글러브(여),11620398,62,73,117,27,26,48,11620398_F_GLUniform02.gltf,11620397_c_gluniform02_d.png,11620397_c_gluniform02_c.png,0,
11620415,가을 소풍 다람이 반지 (남),11620415,214,147,100,186,113,50,11620415_M_GLAutumn02.gltf,11620415_c_glautumn02_d.png,11620415_c_glautumn02_c.png,0,
11620416,가을 소풍 다람이 반지 (여),11620415,214,147,100,186,113,50,11620416_F_GLAutumn02.gltf,11620415_c_glautumn02_d.png,11620415_c_glautumn02_c.png,0,
11620417,프리스타일 체인 반지 (남),11620417,132,130,120,68,68,65,11620417_M_GLOrdinary04.gltf,11620417_c_glordinary04_d.png,11620417_c_glordinary04_c.png,0,
11620418,프리스타일 체인 반지 (여),11620418,132,130,120,68,68,65,11620418_F_GLOrdinary04.gltf,11620417_c_glordinary04_d.png,11620417_c_glordinary04_c.png,0,
11620419,플로리아 페어리 브레이슬릿 (남),11600739,170,47,47,96,19,19,11600739_M_GLFloriaFairy.gltf,11600739_m_glfloriafairy_d.png,11600739_m_glfloriafairy_c.png,0,
11620420,플로리아 페어리 브레이슬릿 (여),11600740,170,47,47,96,19,19,11600740_F_GLFloriaFairy.gltf,11600740_f_glfloriafairy_d.png,11600740_f_glfloriafairy_c.png,0,
11620423,눈꽃 제복 장갑(남),11620423,76,105,181,23,40,79,11620423_M_GLWinter02.gltf,11620423_c_glwinter02_d.png,11620423_c_glwinter02_c.png,0,
11620424,눈꽃 제복 장갑(여),11620423,76,105,181,23,40,79,11620424_F_GLWinter02.gltf,11620423_c_glwinter02_d.png,11620423_c_glwinter02_c.png,0,
11620427,메이플로드 승마 장갑 (남),11620427,63,59,51,20,18,15,11620427_M_GLUniform04.gltf,11620427_c_gluniform04_d.png,11620427_c_gluniform04_c.png,0,
11620428,메이플로드 승마 장갑 (여),11620428,63,59,51,20,18,15,11620428_F_GLUniform04.gltf,11620427_c_gluniform04_d.png,11620427_c_gluniform04_c.png,0,
11620429,커닝 집배원 장갑 (남),11620429,62,73,117,27,26,48,11620429_M_GLUniform03.gltf,11620429_c_gluniform03_d.png,11620429_c_gluniform03_c.png,0,
11620430,커닝 집배원 장갑 (여),11620429,62,73,117,27,26,48,11620430_F_GLUniform03.gltf,11620429_c_gluniform03_d.png,11620429_c_gluniform03_c.png,0,
11620431,폴 래빗 장갑 (남),11620431,230,230,230,150,150,150,11620431_M_GLBunny02.gltf,11620431_c_glbunny02_d.png,11620431_c_glbunny02_c.png,0,
11620432,폴 래빗 장갑 (여),11620431,230,230,230,150,150,150,11620432_F_GLBunny02.gltf,11620431_c_glbunny02_d.png,11620431_c_glbunny02_c.png,0,
11620433,미스터리 클럽 장갑 (남),11600291,122,92,77,53,39,29,11600291_M_GLSherlock02.gltf,11600291_m_glsherlock02_d.png,11600291_m_glsherlock02_c.png,0,
11620434,미스터리 클럽 장갑 (여),11600292,244,189,88,163,121,39,11600292_F_GLSherlock02.gltf,11600292_f_glsherlock02_d.png,11600292_f_glsherlock02_c.png,0,
11620449,펑키 네온 캣 글러브 (남),11604690,147,226,242,89,153,165,11604690_M_GLFunkyNeonCat.gltf,11604690_c_glfunkyneoncat_d.png,11604690_c_glfunkyneoncat_c.png,0,
11620450,펑키 네온 캣 글러브 (여),11604691,147,226,242,89,153,165,11604691_F_GLFunkyNeonCat.gltf,11604690_c_glfunkyneoncat_d.png,11604690_c_glfunkyneoncat_c.png,0,
11620451,스트리트 래퍼 장갑 (남),11620059,244,189,88,163,121,39,11620059_M_GLIdol03.gltf,11620059_c_glidol03_d.png,11620059_c_glidol03_c.png,0,
11620452,스트리트 래퍼 장갑 (여),11620060,244,189,88,163,121,39,11620060_F_GLIdol03.gltf,11620059_c_glidol03_d.png,11620059_c_glidol03_c.png,0,
11620453,푸른 바다 소년 팔찌 (남),11620063,170,47,47,96,19,19,11620063_M_GLMarine04.gltf,11620063_c_glmarine04_d.png,11620063_c_glmarine04_c.png,0,
11620454,푸른 바다 소녀 팔찌 (여),11620064,170,47,47,96,19,19,11620064_F_GLMarine04.gltf,11620063_c_glmarine04_d.png,11620063_c_glmarine04_c.png,0,
11620460,아리솔 반지 (여),11600670,170,47,47,96,19,19,11600670_F_GLTraditionalWedding.gltf,11600669_c_gltraditionalwedding_d.png,11600669_c_gltraditionalwedding_c.png,0,
11620461,옥 반지 (남),11600305,147,226,242,89,153,165,11600305_M_GLJadeRing.gltf,11600305_c_gljadering_d.png,11600305_c_gljadering_c.png,0,
11620462,꽃송이 옥 반지 (여),11600306,255,168,203,205,86,106,11600306_F_GLJadeRing.gltf,11600306_c_gljadering_d.png,11600306_c_gljadering_c.png,0,
11620463,영롱한 비취 반지 (남),11600662,62,73,117,27,26,48,11600662_M_GLHanbok03.gltf,11600662_m_glhanbok03_d.png,11600662_m_glhanbok03_c.png,0,
11620469,금사 운룡 소매 장식 (남),11600811,170,47,47,96,19,19,11600811_M_GLNewYear01.gltf,11600811_c_glnewyear01_d.png,11600811_c_glnewyear01_c.png,0,
11620470,금사 운룡 소매 장식 (여),11600812,170,47,47,96,19,19,11600812_F_GLNewYear01.gltf,11600811_c_glnewyear01_d.png,11600811_c_glnewyear01_c.png,0,
11620471,깨어난 더키볼 장갑,11620461,63,59,51,20,18,15,11620462_F_GLDoll_Chick02.gltf,11620461_c_gldoll_chick02_d.png,11620461_c_gldoll_chick02_d.png,0,
11620472,마제스틱 윙 글러브 (남),11600786,170,47,47,96,19,19,11600786_M_GLMajesticWing.gltf,11600786_c_glmajesticwing_d.png,11600786_c_glmajesticwing_c.png,0,
11620473,마제스틱 윙 글러브 (여),11600787,170,47,47,96,19,19,11600787_F_GLMajesticWing.gltf,11600786_c_glmajesticwing_d.png,11600786_c_glmajesticwing_c.png,0,
11620474,나비의 꿈 가락지 (남),11601012,170,47,47,96,19,19,11600813_M_GLNewYear02.gltf,11600813_c_glnewyear02_d.png,11600813_c_glnewyear02_c.png,0,
11620475,나비의 꿈 가락지 (여),11601013,170,47,47,96,19,19,11600814_F_GLNewYear02.gltf,11600813_c_glnewyear02_d.png,11600813_c_glnewyear02_c.png,0,
11620476,펌킨 위치 링 (남),11600862,249,137,77,147,60,20,11600862_M_GLHalloween03.gltf,11600862_m_glhalloween03_d.png,11600862_m_glhalloween03_c.png,0,
11620477,펌킨 위치 링 (여),11600863,249,137,77,147,60,20,11600863_F_GLHalloween03.gltf,11600863_f_glhalloween03_d.png,11600863_f_glhalloween03_c.png,0,
11620478,오리엔탈 엔젤 링 (남),11601002,255,168,203,205,86,106,11601002_M_GLOrientalAngel.gltf,11601002_c_glorientalangel_d.png,11601002_c_glorientalangel_c.png,0,
11620479,오리엔탈 엔젤 링 (여),11604688,255,168,203,205,86,106,11604688_F_GLOrientalAngel.gltf,11601002_c_glorientalangel_d.png,11601002_c_glorientalangel_c.png,0,
11620480,펌킨 위치 링 (남),11600862,249,137,77,147,60,20,11600862_M_GLHalloween03.gltf,11600862_m_glhalloween03_d.png,11600862_m_glhalloween03_c.png,0,
11620481,펌킨 위치 링 (여),11600863,249,137,77,147,60,20,11600863_F_GLHalloween03.gltf,11600863_f_glhalloween03_d.png,11600863_f_glhalloween03_c.png,0,
11620482,메이플 연합 골든 파워 장갑 (남),11601016,63,59,51,20,18,15,11601016_F_GLMapleUnion01.gltf,11601016_c_glmapleunion01_d.png,11601016_c_glmapleunion01_d.png,0,
11620483,메이플 연합 골든 파워 장갑 (여),11601256,63,59,51,20,18,15,11601016_F_GLMapleUnion01.gltf,11601016_c_glmapleunion01_d.png,11601016_c_glmapleunion01_d.png,0,
11620484,트라이아 근위대 리네아르 장갑 (남),11600971,63,59,51,20,18,15,11600971_F_GLTriaRoyalGuard01.gltf,11600971_c_gltriaroyalguard01_d.png,11600971_c_gltriaroyalguard01_d.png,0,
11620485,트라이아 근위대 리네아르 장갑 (여),11601258,63,59,51,20,18,15,11600971_F_GLTriaRoyalGuard01.gltf,11600971_c_gltriaroyalguard01_d.png,11600971_c_gltriaroyalguard01_d.png,0,
11620486,그린후드 자경단 피오레 장갑 (남),11600972,63,59,51,20,18,15,11600972_F_GLGreenHood01.gltf,11600972_c_glgreenhood01_d.png,11600972_c_glgreenhood01_d.png,0,
11620487,그린후드 자경단 피오레 장갑 (여),11601257,63,59,51,20,18,15,11600972_F_GLGreenHood01.gltf,11600972_c_glgreenhood01_d.png,11600972_c_glgreenhood01_d.png,0,
11620488,루미나이츠 오네스타 장갑 (남),11600970,63,59,51,20,18,15,11600970_F_GLLumiKnight01.gltf,11600970_c_gllumiknight01_d.png,11600970_c_gllumiknight01_d.png,0,
11620489,루미나이츠 오네스타 장갑 (여),11601259,63,59,51,20,18,15,11600970_F_GLLumiKnight01.gltf,11600970_c_gllumiknight01_d.png,11600970_c_gllumiknight01_d.png,0,
11620490,다크윈드 아텐토 장갑 (남),11600969,63,59,51,20,18,15,11600969_F_GLDarkWind01.gltf,11600969_c_gldarkwind01_d.png,11600969_c_gldarkwind01_d.png,0,
11620491,다크윈드 아텐토 장갑 (여),11601261,63,59,51,20,18,15,11600969_F_GLDarkWind01.gltf,11600969_c_gldarkwind01_d.png,11600969_c_gldarkwind01_d.png,0,
11620492,폼폼 냥이 반지 (남),11600644,244,189,88,163,121,39,11600644_M_GLPajamas01.gltf,11600644_c_glpajamas01_d.png,11600644_c_glpajamas01_c.png,0,
11620493,폼폼 냥이 반지 (여),11600645,244,189,88,163,121,39,11600645_F_GLPajamas01.gltf,11600644_c_glpajamas01_d.png,11600644_c_glpajamas01_c.png,0,
11620494,눈꽃뭉치 장갑 (남),11601048,158,83,63,68,31,19,11601048_M_GLEskimoWear.gltf,11601048_c_gleskimowear_d.png,11601048_c_gleskimowear_c.png,0,
11620495,눈꽃뭉치 장갑 (여),11601049,158,83,63,68,31,19,11601049_F_GLEskimoWear.gltf,11601048_c_gleskimowear_d.png,11601048_c_gleskimowear_c.png,0,
11620496,메이플 연합 골든 파워 장갑 (남),11601016,63,59,51,20,18,15,11601016_F_GLMapleUnion01.gltf,11601016_c_glmapleunion01_d.png,11601016_c_glmapleunion01_d.png,0,
11620497,메이플 연합 골든 파워 장갑 (여),11601256,63,59,51,20,18,15,11601016_F_GLMapleUnion01.gltf,11601016_c_glmapleunion01_d.png,11601016_c_glmapleunion01_d.png,0,
11620498,루미나리에 링 글러브 (남),11601164,76,105,181,23,40,79,11601164_M_GLLuminous.gltf,11601164_c_glluminous_d.png,11601164_c_glluminous_c.png,0,
11620499,루미나리에 링 글러브 (여),11601165,76,105,181,23,40,79,11601165_F_GLLuminous.gltf,11601164_c_glluminous_d.png,11601164_c_glluminous_c.png,0,
11620500,백여우 반지 (남),11600817,170,47,47,96,19,19,11600817_M_GLWhiteFox.gltf,11600818_c_glwhitefox_d.png,11600818_c_glwhitefox_c.png,0,
11620501,백여우 반지 (여),11600817,170,47,47,96,19,19,11600818_F_GLWhiteFox.gltf,11600818_c_glwhitefox_d.png,11600818_c_glwhitefox_c.png,0,
11620502,키튼 메이드 장갑 (남),11600989,76,105,181,23,40,79,11600989_M_GLMaid01.gltf,11600989_c_glmaid01_d.png,11600989_c_glmaid01_c.png,0,
11620503,키튼 메이드 장갑 (여),11600990,63,59,51,20,18,15,11600990_F_GLMaid01.gltf,11600989_c_glmaid01_d.png,11600989_c_glmaid01_c.png,0,
11620504,통통 핑크빈 장갑 (남),11600788,63,59,51,20,18,15,11600788_M_GLPinkbean01.gltf,11600788_c_glpinkbean01_d.png,11600788_c_glpinkbean01_d.png,0,
11620505,통통 핑크빈 장갑 (여),11600789,63,59,51,20,18,15,11600789_F_GLPinkbean01.gltf,11600788_c_glpinkbean01_d.png,11600788_c_glpinkbean01_d.png,0,
11620506,도톰한 니트 장갑 (남),11600114,239,112,145,153,66,82,11600114_M_GLKnitGloves.gltf,11600114_c_glknitgloves_d.png,11600114_c_glknitgloves_c.png,0,
11620507,도톰한 니트 장갑 (여),11600115,249,137,77,147,60,20,11600115_F_GLKnitGloves.gltf,11600114_c_glknitgloves_d.png,11600114_c_glknitgloves_c.png,0,
11620508,골든 리본 손목 밴드 (남),11601014,170,47,47,96,19,19,11601014_M_GLValentine02.gltf,11601014_c_glvalentine02_d.png,11601014_c_glvalentine02_c.png,0,
11620509,골든 리본 반지 (여),11601015,170,47,47,96,19,19,11601015_F_GLValentine02.gltf,11601014_c_glvalentine02_d.png,11601014_c_glvalentine02_c.png,0,
11620510,알파인 스키 글러브 (남),11610009,76,105,181,23,40,79,11610009_M_GLSkiWear.gltf,11610009_c_glskiwear_d.png,11610009_c_glskiwear_c.png,0,
11620511,알파인 스키 글러브 (여),11610010,76,105,181,23,40,79,11610010_F_GLSkiWear.gltf,11610009_c_glskiwear_d.png,11610009_c_glskiwear_c.png,0,
11620512,글로우 스타 링 (남),11600869,170,47,47,96,19,19,11600869_M_GLChristmas02.gltf,11600869_m_glchristmas02_d.png,11600869_m_glchristmas02_c.png,0,
11620513,글로우 스타 글러브 (여),11600870,170,47,47,96,19,19,11600870_F_GLChristmas02.gltf,11600870_f_glchristmas02_d.png,11600870_f_glchristmas02_c.png,0,
11620514,몽실 퍼 글러브 (남),11600958,230,230,230,150,150,150,11600958_M_GLStarlightRabbit.gltf,11600958_c_glstarlightrabbit_d.png,11600958_c_glstarlightrabbit_c.png,0,
11620515,몽실 퍼 글러브 (여),11600959,230,230,230,150,150,150,11600959_F_GLStarlightRabbit.gltf,11600958_c_glstarlightrabbit_d.png,11600958_c_glstarlightrabbit_c.png,0,
11620516,이프리트 크리스탈 링 (남),11600476,63,59,51,20,18,15,11600476_M_GLIfritCrystal.gltf,11600477_f_glifritcrystal_d.png,11600477_f_glifritcrystal_d.png,0,
11620517,이프리트 크리스탈 링 (여),11600477,63,59,51,20,18,15,11600477_F_GLIfritCrystal.gltf,11600477_f_glifritcrystal_d.png,11600477_f_glifritcrystal_d.png,0,
11620518,통통 블랙빈 장갑 (남),11600368,63,59,51,20,18,15,11600368_M_GLBlackbean.gltf,11600368_c_glblackbean_d.png,11600368_c_glblackbean_d.png,0,
11620519,통통 블랙빈 장갑 (여),11600368,63,59,51,20,18,15,11600369_F_GLBlackbean.gltf,11600368_c_glblackbean_d.png,11600368_c_glblackbean_d.png,0,
11620520,펑키 카우보이 장갑 (남),11604694,158,83,63,68,31,19,11604694_M_GLCowPuncher.gltf,11604694_c_glcowpuncher_d.png,11604694_c_glcowpuncher_c.png,0,
11620521,펑키 카우보이 장갑 (여),11604695,158,83,63,68,31,19,11604695_F_GLCowPuncher.gltf,11604694_c_glcowpuncher_d.png,11604694_c_glcowpuncher_c.png,0,
11620522,닥터 하트 반지 (남),11601351,170,47,47,96,19,19,11601351_M_GLHospital01.gltf,11601351_c_glhospital01_d.png,11601351_c_glhospital01_c.png,0,
11620523,닥터 하트 반지 (여),11601352,170,47,47,96,19,19,11601352_F_GLHospital01.gltf,11601351_c_glhospital01_d.png,11601351_c_glhospital01_c.png,0,
11620524,메린이 연필 반지 (남),11620351,76,105,181,23,40,79,11620351_M_GLSchoolLook03.gltf,11620351_c_glschoollook03_d.png,11620351_c_glschoollook03_c.png,0,
11620525,메린이 연필 반지 (여),11620352,76,105,181,23,40,79,11620352_F_GLSchoolLook03.gltf,11620351_c_glschoollook03_d.png,11620351_c_glschoollook03_c.png,0,
11620526,통통 핑크빈 장갑 (남),11600788,63,59,51,20,18,15,11600788_M_GLPinkbean01.gltf,11600788_c_glpinkbean01_d.png,11600788_c_glpinkbean01_d.png,0,
11620527,통통 핑크빈 장갑 (여),11600789,63,59,51,20,18,15,11600789_F_GLPinkbean01.gltf,11600788_c_glpinkbean01_d.png,11600788_c_glpinkbean01_d.png,0,
11620528,머스커티어 글러브 (남),11620528,62,73,117,27,26,48,11601050_M_GLDartagnan.gltf,11601050_c_gldartagnan_d.png,11601050_c_gldartagnan_c.png,0,
11620529,머스커티어 글러브 (여),11620529,62,73,117,27,26,48,11601051_F_GLDartagnan.gltf,11601050_c_gldartagnan_d.png,11601050_c_gldartagnan_c.png,0,
11620530,브래스 스터드 글러브 (남),11620530,242,224,191,165,127,96,11601042_M_GLBrassStud.gltf,11601042_c_glbrassstud_d.png,11601042_c_glbrassstud_c.png,0,
11620531,브래스 스터드 글러브 (여),11620531,242,224,191,165,127,96,11601043_F_GLBrassStud.gltf,11601042_c_glbrassstud_d.png,11601042_c_glbrassstud_c.png,0,
11620532,저항군 지그문트 글러브 (남),11620532,63,59,51,20,18,15,11600864_M_GLSigmund.gltf,11600864_c_glsigmund_d.png,11600864_c_glsigmund_d.png,0,
11620533,저항군 지그문트 글러브 (여),11620533,63,59,51,20,18,15,11600865_F_GLSigmund.gltf,11600864_c_glsigmund_d.png,11600864_c_glsigmund_d.png,0,
11620534,트라이아 근위대 리네아르 장갑 (남),11600971,63,59,51,20,18,15,11600971_F_GLTriaRoyalGuard01.gltf,11600971_c_gltriaroyalguard01_d.png,11600971_c_gltriaroyalguard01_d.png,0,
11620535,트라이아 근위대 리네아르 장갑 (여),11601258,63,59,51,20,18,15,11600971_F_GLTriaRoyalGuard01.gltf,11600971_c_gltriaroyalguard01_d.png,11600971_c_gltriaroyalguard01_d.png,0,
11620536,그린후드 자경단 피오레 장갑 (남),11600972,63,59,51,20,18,15,11600972_F_GLGreenHood01.gltf,11600972_c_glgreenhood01_d.png,11600972_c_glgreenhood01_d.png,0,
11620537,그린후드 자경단 피오레 장갑 (여),11601257,63,59,51,20,18,15,11600972_F_GLGreenHood01.gltf,11600972_c_glgreenhood01_d.png,11600972_c_glgreenhood01_d.png,0,
11620538,루미나이츠 오네스타 장갑 (남),11600970,63,59,51,20,18,15,11600970_F_GLLumiKnight01.gltf,11600970_c_gllumiknight01_d.png,11600970_c_gllumiknight01_d.png,0,
11620539,루미나이츠 오네스타 장갑 (여),11601259,63,59,51,20,18,15,11600970_F_GLLumiKnight01.gltf,11600970_c_gllumiknight01_d.png,11600970_c_gllumiknight01_d.png,0,
11620540,다크윈드 아텐토 장갑 (남),11600969,63,59,51,20,18,15,11600969_F_GLDarkWind01.gltf,11600969_c_gldarkwind01_d.png,11600969_c_gldarkwind01_d.png,0,
11620541,다크윈드 아텐토 장갑 (여),11601261,63,59,51,20,18,15,11600969_F_GLDarkWind01.gltf,11600969_c_gldarkwind01_d.png,11600969_c_gldarkwind01_d.png,0,
11620542,금사 운룡 소매 장식 (남),11600811,170,47,47,96,19,19,11600811_M_GLNewYear01.gltf,11600811_c_glnewyear01_d.png,11600811_c_glnewyear01_c.png,0,
11620543,금사 운룡 소매 장식 (여),11600812,170,47,47,96,19,19,11600812_F_GLNewYear01.gltf,11600811_c_glnewyear01_d.png,11600811_c_glnewyear01_c.png,0,
11620544,폼폼 냥이 반지 (남),11600644,244,189,88,163,121,39,11600644_M_GLPajamas01.gltf,11600644_c_glpajamas01_d.png,11600644_c_glpajamas01_c.png,0,
11620545,폼폼 냥이 반지 (여),11600645,244,189,88,163,121,39,11600645_F_GLPajamas01.gltf,11600644_c_glpajamas01_d.png,11600644_c_glpajamas01_c.png,0,
11620546,통통 핑크빈 장갑 (남),11600788,63,59,51,20,18,15,11600788_M_GLPinkbean01.gltf,11600788_c_glpinkbean01_d.png,11600788_c_glpinkbean01_d.png,0,
11620547,통통 핑크빈 장갑 (여),11600789,63,59,51,20,18,15,11600789_F_GLPinkbean01.gltf,11600788_c_glpinkbean01_d.png,11600788_c_glpinkbean01_d.png,0,
11620548,도톰한 니트 장갑 (남),11600114,239,112,145,153,66,82,11600114_M_GLKnitGloves.gltf,11600114_c_glknitgloves_d.png,11600114_c_glknitgloves_c.png,0,
11620549,도톰한 니트 장갑 (여),11600115,249,137,77,147,60,20,11600115_F_GLKnitGloves.gltf,11600114_c_glknitgloves_d.png,11600114_c_glknitgloves_c.png,0,
11620550,알파인 스키 글러브 (남),11610009,76,105,181,23,40,79,11610009_M_GLSkiWear.gltf,11610009_c_glskiwear_d.png,11610009_c_glskiwear_c.png,0,
11620551,알파인 스키 글러브 (여),11610010,76,105,181,23,40,79,11610010_F_GLSkiWear.gltf,11610009_c_glskiwear_d.png,11610009_c_glskiwear_c.png,0,
11620552,닥터 하트 반지 (남),11601351,170,47,47,96,19,19,11601351_M_GLHospital01.gltf,11601351_c_glhospital01_d.png,11601351_c_glhospital01_c.png,0,
11620553,닥터 하트 반지 (여),11601352,170,47,47,96,19,19,11601352_F_GLHospital01.gltf,11601351_c_glhospital01_d.png,11601351_c_glhospital01_c.png,0,
11620554,메린이 연필 반지 (남),11620351,76,105,181,23,40,79,11620351_M_GLSchoolLook03.gltf,11620351_c_glschoollook03_d.png,11620351_c_glschoollook03_c.png,0,
11620555,메린이 연필 반지 (여),11620352,76,105,181,23,40,79,11620352_F_GLSchoolLook03.gltf,11620351_c_glschoollook03_d.png,11620351_c_glschoollook03_c.png,0,
11620556,몽실 퍼 글러브 (남),11600958,230,230,230,150,150,150,11600958_M_GLStarlightRabbit.gltf,11600958_c_glstarlightrabbit_d.png,11600958_c_glstarlightrabbit_c.png,0,
11620557,몽실 퍼 글러브 (여),11600959,230,230,230,150,150,150,11600959_F_GLStarlightRabbit.gltf,11600958_c_glstarlightrabbit_d.png,11600958_c_glstarlightrabbit_c.png,0,
11620558,통통 블랙빈 장갑 (남),11600368,63,59,51,20,18,15,11600368_M_GLBlackbean.gltf,11600368_c_glblackbean_d.png,11600368_c_glblackbean_d.png,0,
11620559,통통 블랙빈 장갑 (여),11600368,63,59,51,20,18,15,11600369_F_GLBlackbean.gltf,11600368_c_glblackbean_d.png,11600368_c_glblackbean_d.png,0,
11620560,오리엔탈 엔젤 링 (남),11601002,255,168,203,205,86,106,11601002_M_GLOrientalAngel.gltf,11601002_c_glorientalangel_d.png,11601002_c_glorientalangel_c.png,0,
11620561,오리엔탈 엔젤 링 (여),11604688,255,168,203,205,86,106,11604688_F_GLOrientalAngel.gltf,11601002_c_glorientalangel_d.png,11601002_c_glorientalangel_c.png,0,
11620626,보석 사탕 반지 (남),11600251,147,226,242,89,153,165,11600225_M_JewelCandy.gltf,11600225_c_jewelcandy_d.png,11600225_c_jewelcandy_c.png,0,
11620627,보석 사탕 반지 (여),11600252,147,226,242,89,153,165,11600226_F_JewelCandy.gltf,11600225_c_jewelcandy_d.png,11600225_c_jewelcandy_c.png,0,
11620628,오퍼레이터 장갑 (남),11600265,63,59,51,20,18,15,11600265_M_GLTechwear03.gltf,11600265_c_gltechwear03_d.png,11600265_c_gltechwear03_c.png,0,
11620629,오퍼레이터 장갑 (여),11600265,63,59,51,20,18,15,11600266_F_GLTechwear03.gltf,11600265_c_gltechwear03_d.png,11600265_c_gltechwear03_c.png,0,
11620630,해피 멜로디 글러브 (남),11620031,239,112,145,153,66,82,11620031_M_GLIdol02.gltf,11620031_m_glidol02_d.png,11620031_m_glidol02_c.png,0,
11620631,해피 멜로디 글러브 (여),11620032,239,112,145,153,66,82,11620032_F_GLIdol02.gltf,11620032_f_glidol02_d.png,11620032_f_glidol02_c.png,0,
11620632,레드 후드 장갑 (남),11620039,63,59,51,20,18,15,11620039_M_GLFairyTale01.gltf,11620039_c_glfairytale01_d.png,11620039_c_glfairytale01_c.png,0,
11620633,레드 후드 장갑 (여),11620040,63,59,51,20,18,15,11620040_F_GLFairyTale01.gltf,11620039_c_glfairytale01_d.png,11620039_c_glfairytale01_c.png,0,
11620634,트라이아 궁중 화가 반지 (남),11620115,76,105,181,23,40,79,11601355_M_GLArtist01.gltf,11601355_c_glartist01_d.png,11601355_c_glartist01_c.png,0,
11620635,트라이아 궁중 화가 반지 (여),11620116,76,105,181,23,40,79,11601356_F_GLArtist01.gltf,11601355_c_glartist01_d.png,11601355_c_glartist01_c.png,0,
11620636,스트리트 훕 손목 아대 (남),11620133,170,47,47,96,19,19,11601345_M_GLSports03.gltf,11601345_c_glsports03_d.png,11601345_c_glsports03_c.png,0,
11620637,스트리트 훕 손목 아대 (여),11620134,170,47,47,96,19,19,11601346_F_GLSports03.gltf,11601345_c_glsports03_d.png,11601345_c_glsports03_c.png,0,
11620638,올림포스 브레이슬릿 (남),11601010,147,226,242,89,153,165,11601010_M_GLOlympos01.gltf,11601010_c_glolympos01_d.png,11601010_c_glolympos01_c.png,0,
11620639,올림포스 브레이슬릿 (여),11601011,147,226,242,89,153,165,11601011_F_GLOlympos01.gltf,11601010_c_glolympos01_d.png,11601010_c_glolympos01_c.png,0,
11620640,상큼 레몬 반지 (남),11620457,180,165,248,108,96,176,11620457_M_GLPicnic03.gltf,11620457_m_glpicnic03_d.png,11620457_m_glpicnic03_c.png,0,
11620641,상큼 레몬 반지 (여),11620458,180,165,248,108,96,176,11620458_F_GLPicnic03.gltf,11620458_f_glpicnic03_d.png,11620458_f_glpicnic03_c.png,0,
11620642,펑키 네온 캣 글러브 (남),11604690,147,226,242,89,153,165,11604690_M_GLFunkyNeonCat.gltf,11604690_c_glfunkyneoncat_d.png,11604690_c_glfunkyneoncat_c.png,0,
11620643,펑키 네온 캣 글러브 (여),11604691,147,226,242,89,153,165,11604691_F_GLFunkyNeonCat.gltf,11604690_c_glfunkyneoncat_d.png,11604690_c_glfunkyneoncat_c.png,0,
11620644,올림포스 브레이슬릿 (남),11601010,147,226,242,89,153,165,11601010_M_GLOlympos01.gltf,11601010_c_glolympos01_d.png,11601010_c_glolympos01_c.png,0,
11620645,올림포스 브레이슬릿 (여),11601011,147,226,242,89,153,165,11601011_F_GLOlympos01.gltf,11601010_c_glolympos01_d.png,11601010_c_glolympos01_c.png,0,
11620646,상큼 레몬 반지 (남),11620457,180,165,248,108,96,176,11620457_M_GLPicnic03.gltf,11620457_m_glpicnic03_d.png,11620457_m_glpicnic03_c.png,0,
11620647,상큼 레몬 반지 (여),11620458,180,165,248,108,96,176,11620458_F_GLPicnic03.gltf,11620458_f_glpicnic03_d.png,11620458_f_glpicnic03_c.png,0,
11620648,프레쉬 썸머 뱅글 (남),11620067,76,105,181,23,40,79,11620067_M_GLSwim06.gltf,11620067_c_glswim06_d.png,11620067_c_glswim06_c.png,0,
11620649,프레쉬 썸머 뱅글 (여),11620068,76,105,181,23,40,79,11620068_F_GLSwim06.gltf,11620067_c_glswim06_d.png,11620067_c_glswim06_c.png,0,
11620650,달콤한 마카롱 앤 캔디 (남),11620051,239,112,145,153,66,82,11620051_M_GLFood02.gltf,11620051_c_glfood02_d.png,11620051_c_glfood02_c.png,0,
11620651,달콤한 마카롱 앤 캔디 (여),11620052,239,112,145,153,66,82,11620052_F_GLFood02.gltf,11620051_c_glfood02_d.png,11620051_c_glfood02_c.png,0,
11620652,썸머 비즈 팔찌 (남),11601046,76,105,181,23,40,79,11601046_M_GLPicnic01.gltf,11601046_c_glpicnic01_d.png,11601046_c_glpicnic01_c.png,0,
11620653,썸머 비즈 팔찌 (여),11601047,76,105,181,23,40,79,11601047_F_GLPicnic01.gltf,11601046_c_glpicnic01_d.png,11601046_c_glpicnic01_c.png,0,
11620654,숲의 정령 열매 반지 (남),11620381,244,189,88,163,121,39,11620381_M_GLFairy04.gltf,11620381_c_glfairy04_d.png,11620381_c_glfairy04_c.png,0,
11620655,숲의 정령 열매 반지 (여),11620382,244,189,88,163,121,39,11620382_F_GLFairy04.gltf,11620381_c_glfairy04_d.png,11620381_c_glfairy04_c.png,0,
11620656,다크캣 펑키 교복 장갑 (남),11601349,63,59,51,20,18,15,11601349_M_GLSchoolLook02.gltf,11601349_c_glschoollook02_d.png,11601349_c_glschoollook02_c.png,0,
11620657,다크캣 펑키 교복 장갑 (여),11601350,63,59,51,20,18,15,11601350_F_GLSchoolLook02.gltf,11601349_c_glschoollook02_d.png,11601349_c_glschoollook02_c.png,0,
11620658,장난꾸러기 요정 장갑(남),11620377,239,112,145,153,66,82,11620377_M_GLFairy03.gltf,11620377_c_glfairy03_d.png,11620377_c_glfairy03_c.png,0,
11620659,장난꾸러기 요정 장갑(여),11620377,239,112,145,153,66,82,11620378_F_GLFairy03.gltf,11620377_c_glfairy03_d.png,11620377_c_glfairy03_c.png,0,
11620662,프리스타일 체인 반지 (남),11620417,132,130,120,68,68,65,11620417_M_GLOrdinary04.gltf,11620417_c_glordinary04_d.png,11620417_c_glordinary04_c.png,0,
11620663,프리스타일 체인 반지 (여),11620418,132,130,120,68,68,65,11620418_F_GLOrdinary04.gltf,11620417_c_glordinary04_d.png,11620417_c_glordinary04_c.png,0,
11620664,매지컬 할로윈 장갑 (남),11600346,63,59,51,20,18,15,11600346_M_GLMagicalHalloween.gltf,11600346_c_glmagicalhalloween_d.png,11600346_c_glmagicalhalloween_d.png,0,
11620665,매지컬 할로윈 장갑 (여),11600347,63,59,51,20,18,15,11600347_F_GLMagicalHalloween.gltf,11600346_c_glmagicalhalloween_d.png,11600346_c_glmagicalhalloween_d.png,0,
11620666,개구쟁이 꼬마 악마 반지 (남),11620371,63,59,51,20,18,15,11620371_M_GLHalloween05.gltf,11620371_c_glhalloween05_d.png,11620371_c_glhalloween05_c.png,0,
11620667,개구쟁이 꼬마 악마 반지 (여),11620372,63,59,51,20,18,15,11620372_F_GLHalloween05.gltf,11620371_c_glhalloween05_d.png,11620371_c_glhalloween05_c.png,0,
11620668,헬 크로스 밴드 (남),11600594,170,47,47,96,19,19,11600594_M_GLVampire.gltf,11600594_m_glvampire_d.png,11600594_m_glvampire_c.png,0,
11620669,헬 크로스 밴드 (여),11600595,170,47,47,96,19,19,11600595_F_GLVampire.gltf,11600595_f_glvampire_d.png,11600595_f_glvampire_c.png,0,
11620670,로열 다크니스 글러브 (남),11610038,63,59,51,20,18,15,11610038_M_GLDarkFantasy.gltf,11610038_c_gldarkfantasy_d.png,11610038_c_gldarkfantasy_c.png,0,
11620671,로열 다크니스 글러브 (여),11610039,63,59,51,20,18,15,11610039_F_GLDarkFantasy.gltf,11610038_c_gldarkfantasy_d.png,11610038_c_gldarkfantasy_c.png,0,
11620672,다크문 키튼 장갑 (남),11600263,133,81,165,53,42,71,11600263_M_GLMaid02.gltf,11600263_c_glmaid02_d.png,11600263_c_glmaid02_c.png,0,
11620673,다크문 키튼 장갑 (여),11600263,133,81,165,53,42,71,11600264_F_GLMaid02.gltf,11600263_c_glmaid02_d.png,11600263_c_glmaid02_c.png,0,
11620675,나비 군주 장갑 (여),11620054,170,47,47,96,19,19,11610029_F_GLBlackButterfly.gltf,11610028_c_glblackbutterfly_d.png,11610028_c_glblackbutterfly_c.png,0,
11620676,스트리트 래퍼 장갑 (남),11620059,244,189,88,163,121,39,11620059_M_GLIdol03.gltf,11620059_c_glidol03_d.png,11620059_c_glidol03_c.png,0,
11620677,스트리트 래퍼 장갑 (여),11620060,244,189,88,163,121,39,11620060_F_GLIdol03.gltf,11620059_c_glidol03_d.png,11620059_c_glidol03_c.png,0,
11620678,하트 버니 포인트 링 (남),11620043,63,59,51,20,18,15,11620043_M_GLIdol04.gltf,11620043_c_glidol04_d.png,11620043_c_glidol04_c.png,0,
11620679,하트 버니 포인트 링 (여),11620044,63,59,51,20,18,15,11620044_F_GLIdol04.gltf,11620043_c_glidol04_d.png,11620043_c_glidol04_c.png,0,
11620680,페리오닉 레이어드 팔찌 (남),11601053,122,92,77,53,39,29,11601053_M_GLTraditionalNative01.gltf,11601053_c_gltraditionalnative01_d.png,11601053_c_gltraditionalnative01_c.png,0,
11620681,페리오닉 레이어드 팔찌 (여),11601054,122,92,77,53,39,29,11601054_F_GLTraditionalNative01.gltf,11601053_c_gltraditionalnative01_d.png,11601053_c_gltraditionalnative01_c.png,0,
11620682,아기 공룡 장갑 (남),11601275,194,209,96,64,104,54,11601275_M_GLDoll_Dinosaur01.gltf,11601275_c_gldoll_dinosaur01_d.png,11601275_c_gldoll_dinosaur01_c.png,0,
11620683,아기 공룡 장갑 (여),11601276,194,209,96,64,104,54,11601276_F_GLDoll_Dinosaur01.gltf,11601275_c_gldoll_dinosaur01_d.png,11601275_c_gldoll_dinosaur01_c.png,0,
11620684,인페르노 완갑 (남),11600343,170,47,47,96,19,19,11600343_M_GLInfernoGloves.gltf,11600343_c_glinfernogloves_d.png,11600343_c_glinfernogloves_c.png,0,
11620685,인페르노 완갑 (여),11600344,170,47,47,96,19,19,11600344_F_GLInfernoGloves.gltf,11600343_c_glinfernogloves_d.png,11600343_c_glinfernogloves_c.png,0,
11620686,로열 아라비안 브레이슬릿 (남),11620079,244,189,88,163,121,39,11620079_M_GLFairyTale03.gltf,11620079_c_glfairytale03_d.png,11620079_c_glfairytale03_c.png,0,
11620687,로열 아라비안 브레이슬릿 (여),11620079,244,189,88,163,121,39,11620080_F_GLFairyTale03.gltf,11620079_c_glfairytale03_d.png,11620079_c_glfairytale03_c.png,0,
11620688,은하수 별빛 장갑 (남),11610005,63,59,51,20,18,15,11610005_M_GLGalaxyFox.gltf,11610005_m_glgalaxyfox_d.png,11610005_m_glgalaxyfox_c.png,0,
11620689,은하수 별빛 장갑 (여),11610006,63,59,51,20,18,15,11610006_F_GLGalaxyFox.gltf,11610006_f_glgalaxyfox_d.png,11610006_f_glgalaxyfox_c.png,0,
11620690,살랑 나비 반지 (남),11601339,244,189,88,163,121,39,11601339_M_GLGentlyButterfly.gltf,11601339_m_glgentlybutterfly_d.png,11601339_m_glgentlybutterfly_c.png,0,
11620691,살랑 나비 팔찌 (여),11601340,244,189,88,163,121,39,11601340_F_GLGentlyButterfly.gltf,11601340_f_glgentlybutterfly_d.png,11601340_f_glgentlybutterfly_c.png,0,
11620692,머스커티어 글러브 (남),11601050,62,73,117,27,26,48,11601050_M_GLDartagnan.gltf,11601050_c_gldartagnan_d.png,11601050_c_gldartagnan_c.png,0,
11620693,머스커티어 글러브 (여),11601051,62,73,117,27,26,48,11601051_F_GLDartagnan.gltf,11601050_c_gldartagnan_d.png,11601050_c_gldartagnan_c.png,0,
11620694,브래스 스터드 글러브 (남),11601042,242,224,191,165,127,96,11601042_M_GLBrassStud.gltf,11601042_c_glbrassstud_d.png,11601042_c_glbrassstud_c.png,0,
11620695,브래스 스터드 글러브 (여),11601043,242,224,191,165,127,96,11601043_F_GLBrassStud.gltf,11601042_c_glbrassstud_d.png,11601042_c_glbrassstud_c.png,0,
11620696,저항군 지그문트 글러브 (남),11600864,63,59,51,20,18,15,11600864_M_GLSigmund.gltf,11600864_c_glsigmund_d.png,11600864_c_glsigmund_d.png,0,
11620697,저항군 지그문트 글러브 (여),11600865,63,59,51,20,18,15,11600865_F_GLSigmund.gltf,11600864_c_glsigmund_d.png,11600864_c_glsigmund_d.png,0,
11620698,스파이크 가죽 장갑 (남),11600245,63,59,51,20,18,15,11600219_M_SpikeLeatherGloves.gltf,11600219_c_spikeleathergloves_d.png,11600219_c_spikeleathergloves_d.png,0,
11620700,메이플 쿼터백 장갑 (남),11610030,170,47,47,96,19,19,11610030_M_GLAmericanFootball01.gltf,11610030_c_glamericanfootball01_d.png,11610030_c_glamericanfootball01_c.png,0,
11620701,메이플 쿼터백 장갑 (여),11610031,170,47,47,96,19,19,11610031_F_GLAmericanFootball01.gltf,11610030_c_glamericanfootball01_d.png,11610030_c_glamericanfootball01_c.png,0,
11620702,트라이아 궁중 셰프 장갑 (남),11610034,119,147,68,32,51,30,11610034_M_GLCook02.gltf,11610034_c_glcook02_d.png,11610034_c_glcook02_c.png,0,
11620703,트라이아 궁중 셰프 장갑 (여),11610035,119,147,68,32,51,30,11610035_F_GLCook02.gltf,11610034_c_glcook02_d.png,11610034_c_glcook02_c.png,0,
11620704,마시멜로 캔디 브레이슬릿 (남),11610001,255,168,203,205,86,106,11610001_M_GLLollipop.gltf,11610001_c_gllollipop_d.png,11610001_c_gllollipop_c.png,0,
11620705,마시멜로 캔디 브레이슬릿 (여),11610003,255,168,203,205,86,106,11610001_F_GLLollipop.gltf,11610001_c_gllollipop_d.png,11610001_c_gllollipop_c.png,0,
11620706,롱 스트랩 시계 (남),11600424,62,73,117,27,26,48,11600424_M_GLLongStrap.gltf,11600424_c_gllongstrap_d.png,11600424_c_gllongstrap_c.png,0,
11620707,심플 프릴 밴드 (여),11600427,239,112,145,153,66,82,11600427_F_GLFrillBand.gltf,11600427_c_glfrillband_d.png,11600427_c_glfrillband_c.png,0,
11620708,펑키 카우보이 장갑 (남),11604694,158,83,63,68,31,19,11604694_M_GLCowPuncher.gltf,11604694_c_glcowpuncher_d.png,11604694_c_glcowpuncher_c.png,0,
11620709,펑키 카우보이 장갑 (여),11604695,158,83,63,68,31,19,11604695_F_GLCowPuncher.gltf,11604694_c_glcowpuncher_d.png,11604694_c_glcowpuncher_c.png,0,
11620710,정열의 별빛 반지 (남),11610026,132,130,120,68,68,65,11610026_M_GLTraditionalNative02.gltf,11610026_m_gltraditionalnative02_d.png,11610026_m_gltraditionalnative02_c.png,0,
11620711,정열의 디스크 브레이슬릿 (여),11610027,244,189,88,163,121,39,11610027_F_GLTraditionalNative02.gltf,11610027_f_gltraditionalnative02_d.png,11610027_f_gltraditionalnative02_c.png,0,
11620712,로열 다크니스 글러브 (남),11610038,63,59,51,20,18,15,11610038_M_GLDarkFantasy.gltf,11610038_c_gldarkfantasy_d.png,11610038_c_gldarkfantasy_c.png,0,
11620713,로열 다크니스 글러브 (여),11610039,63,59,51,20,18,15,11610039_F_GLDarkFantasy.gltf,11610038_c_gldarkfantasy_d.png,11610038_c_gldarkfantasy_c.png,0,
11620714,다크문 키튼 장갑 (남),11600263,133,81,165,53,42,71,11600263_M_GLMaid02.gltf,11600263_c_glmaid02_d.png,11600263_c_glmaid02_c.png,0,
11620715,다크문 키튼 장갑 (여),11600263,133,81,165,53,42,71,11600264_F_GLMaid02.gltf,11600263_c_glmaid02_d.png,11600263_c_glmaid02_c.png,0,
11620716,매지컬 할로윈 장갑 (남),11600346,63,59,51,20,18,15,11600346_M_GLMagicalHalloween.gltf,11600346_c_glmagicalhalloween_d.png,11600346_c_glmagicalhalloween_d.png,0,
11620717,매지컬 할로윈 장갑 (여),11600347,63,59,51,20,18,15,11600347_F_GLMagicalHalloween.gltf,11600346_c_glmagicalhalloween_d.png,11600346_c_glmagicalhalloween_d.png,0,
11620718,스트리트 래퍼 장갑 (남),11620059,244,189,88,163,121,39,11620059_M_GLIdol03.gltf,11620059_c_glidol03_d.png,11620059_c_glidol03_c.png,0,
11620719,스트리트 래퍼 장갑 (여),11620060,244,189,88,163,121,39,11620060_F_GLIdol03.gltf,11620059_c_glidol03_d.png,11620059_c_glidol03_c.png,0,
11620720,하트 버니 포인트 링 (남),11620043,63,59,51,20,18,15,11620043_M_GLIdol04.gltf,11620043_c_glidol04_d.png,11620043_c_glidol04_c.png,0,
11620721,하트 버니 포인트 링 (여),11620044,63,59,51,20,18,15,11620044_F_GLIdol04.gltf,11620043_c_glidol04_d.png,11620043_c_glidol04_c.png,0,
11620722,아기 공룡 장갑 (남),11601275,194,209,96,64,104,54,11601275_M_GLDoll_Dinosaur01.gltf,11601275_c_gldoll_dinosaur01_d.png,11601275_c_gldoll_dinosaur01_c.png,0,
11620723,아기 공룡 장갑 (여),11601276,194,209,96,64,104,54,11601276_F_GLDoll_Dinosaur01.gltf,11601275_c_gldoll_dinosaur01_d.png,11601275_c_gldoll_dinosaur01_c.png,0,
11620724,인페르노 완갑 (남),11600343,170,47,47,96,19,19,11600343_M_GLInfernoGloves.gltf,11600343_c_glinfernogloves_d.png,11600343_c_glinfernogloves_c.png,0,
11620725,인페르노 완갑 (여),11600344,170,47,47,96,19,19,11600344_F_GLInfernoGloves.gltf,11600343_c_glinfernogloves_d.png,11600343_c_glinfernogloves_c.png,0,
11620726,레드 후드 장갑 (남),11620039,63,59,51,20,18,15,11620039_M_GLFairyTale01.gltf,11620039_c_glfairytale01_d.png,11620039_c_glfairytale01_c.png,0,
11620727,레드 후드 장갑 (여),11620040,63,59,51,20,18,15,11620040_F_GLFairyTale01.gltf,11620039_c_glfairytale01_d.png,11620039_c_glfairytale01_c.png,0,
11620728,프리스타일 체인 반지 (남),11620417,132,130,120,68,68,65,11620417_M_GLOrdinary04.gltf,11620417_c_glordinary04_d.png,11620417_c_glordinary04_c.png,0,
11620729,프리스타일 체인 반지 (여),11620418,132,130,120,68,68,65,11620418_F_GLOrdinary04.gltf,11620417_c_glordinary04_d.png,11620417_c_glordinary04_c.png,0,
11620730,저항군 지그문트 글러브 (남),11600864,63,59,51,20,18,15,11600864_M_GLSigmund.gltf,11600864_c_glsigmund_d.png,11600864_c_glsigmund_d.png,0,
11620731,저항군 지그문트 글러브 (여),11600865,63,59,51,20,18,15,11600865_F_GLSigmund.gltf,11600864_c_glsigmund_d.png,11600864_c_glsigmund_d.png,0,
11620732,보석 사탕 반지 (남),11600251,147,226,242,89,153,165,11600225_M_JewelCandy.gltf,11600225_c_jewelcandy_d.png,11600225_c_jewelcandy_c.png,0,
11620733,보석 사탕 반지 (여),11600252,147,226,242,89,153,165,11600226_F_JewelCandy.gltf,11600225_c_jewelcandy_d.png,11600225_c_jewelcandy_c.png,0,
11620734,트라이아 궁중 화가 반지 (남),11620115,76,105,181,23,40,79,11601355_M_GLArtist01.gltf,11601355_c_glartist01_d.png,11601355_c_glartist01_c.png,0,
11620735,트라이아 궁중 화가 반지 (여),11620116,76,105,181,23,40,79,11601356_F_GLArtist01.gltf,11601355_c_glartist01_d.png,11601355_c_glartist01_c.png,0,
11620737,나비 군주 장갑 (여),11620054,170,47,47,96,19,19,11610029_F_GLBlackButterfly.gltf,11610028_c_glblackbutterfly_d.png,11610028_c_glblackbutterfly_c.png,0,
11620738,살랑 나비 반지 (남),11601339,244,189,88,163,121,39,11601339_M_GLGentlyButterfly.gltf,11601339_m_glgentlybutterfly_d.png,11601339_m_glgentlybutterfly_c.png,0,
11620739,살랑 나비 팔찌 (여),11601340,244,189,88,163,121,39,11601340_F_GLGentlyButterfly.gltf,11601340_f_glgentlybutterfly_d.png,11601340_f_glgentlybutterfly_c.png,0,
11630040,다크 스위프트 핸드가드,11600040,63,59,51,20,18,15,11600049_F_GLDarkSwiftHandguard.gltf,11600049_c_gldarkswifthandgaurd_d.png,11600049_c_gldarkswifthandgaurd_d.png,0,
11630044,샤이닝 위자드리 암슬리브,11600044,63,59,51,20,18,15,11600041_F_GLShiningWizardryArmSleeve.gltf,11600041_c_glshiningwizardryarmsleeve_d.png,11600041_c_glshiningwizardryarmsleeve_c.png,0,
11630047,사지타리우스 카프 글러브,11600047,63,59,51,20,18,15,11600047_F_GLSagittariusCarpglove.gltf,11600047_c_glsagittariuscarpglove_d.png,11600047_c_glsagittariuscarpglove_c.png,0,
11630048,프로스토 데우스 글러브,11600048,63,59,51,20,18,15,11600048_F_GLProstoDeusGlove.gltf,11600048_c_glprostodeusglove_d.png,11600048_c_glprostodeusglove_c.png,0,
11630049,쉐도우 스파이크 너클,11600049,63,59,51,20,18,15,11600049_F_shadowSpike.gltf,11600049_c_shadowspike_d.png,11600049_c_shadowspike_c.png,0,
11630050,디멘티드 글러브,11600050,63,59,51,20,18,15,11600050_F_GLDementedGlove.gltf,11600050_c_gldementedglove_d.png,11600050_c_gldementedglove_c.png,0,
11630084,스켈레톤 글러브,11600084,63,59,51,20,18,15,11600084_F_GLSkeletonGlove.gltf,11600084_c_glskeletonglove_d.png,11600084_c_glskeletonglove_c.png,0,
11630085,파일럿 글러브,11600085,63,59,51,20,18,15,11600085_F_GLPilotGlove.gltf,11600085_c_glpilotglove_d.png,11600085_c_glpilotglove_c.png,0,
11630086,블러디 더스크 건틀렛,11600086,63,59,51,20,18,15,11600086_F_GLBloodyDuskGauntlet.gltf,11600086_c_glbloodyduskgauntlet_d.png,11600086_c_glbloodyduskgauntlet_c.png,0,
11630089,팬텀 글러브,11600089,63,59,51,20,18,15,11600089_F_GLPhantomGlove.gltf,11600089_c_glphantomglove_d.png,11600089_c_glphantomglove_c.png,0,
11630093,에네스 글러브,11600093,63,59,51,20,18,15,11600093_F_GLEnesGlove.gltf,11600093_c_glenesglove_d.png,11600093_c_glenesglove_c.png,0,
11630286,흉포한 마법사 장갑,11600024,63,59,51,20,18,15,11600022_F_GLStarlightHandGuard.gltf,11600022_c_glstarlighthandguard_d.png,11600022_c_glstarlighthandguard_c.png,0,
11630287,흉포한 궁수 장갑,11600033,63,59,51,20,18,15,11600034_F_BattleScaler.gltf,11600034_c_battlescaler_d.png,11600034_c_battlescaler_c.png,0,
11630288,흉포한 도적 장갑,11600015,63,59,51,20,18,15,11600044_F_GLCrossPirate.gltf,11600044_c_glcrosspirate_d.png,11600044_c_glcrosspirate_c.png,0,
11630289,탐식의 추적자 글러브,11600090,63,59,51,20,18,15,11600090_F_GLChaserGlove.gltf,11600090_c_glchaserglove_d.png,11600090_c_glchaserglove_c.png,0,
11630290,탐식의 스터드 글러브,11600092,63,59,51,20,18,15,11600092_F_GLStuddedGlove.gltf,11600092_c_glstuddedglove_d.png,11600092_c_glstuddedglove_c.png,0,
11630291,탐식의 플라이트 글러브,11600094,63,59,51,20,18,15,11600094_F_GLFlightGlove.gltf,11600094_c_glflightglove_d.png,11600094_c_glflightglove_c.png,0,
11630292,탐식의 시피르 글러브,11600095,63,59,51,20,18,15,11600095_F_GLSurfireGlove.gltf,11600095_c_glsurfireglove_d.png,11600095_c_glsurfireglove_c.png,0,
11630293,탐식의 금룡갑,11600096,63,59,51,20,18,15,11600096_F_GLGoldDragonGlove.gltf,11600096_c_glgolddragonglove_d.png,11600096_c_glgolddragonglove_c.png,0,
11630294,탐식의 아쿠아 글러브,11600097,63,59,51,20,18,15,11600097_F_GLAquaGlove.gltf,11600097_c_glaquaglove_d.png,11600097_c_glaquaglove_c.png,0,
11630295,탐식의 가디언 건틀렛,11600098,63,59,51,20,18,15,11600098_F_GLGuardianGauntlet.gltf,11600098_c_glguardiangauntlet_d.png,11600098_c_glguardiangauntlet_c.png,0,
11630296,탐식의 프렌지 글러브,11600099,63,59,51,20,18,15,11600099_F_GLFrenzyGlove.gltf,11600099_c_glfrenzyglove_d.png,11600099_c_glfrenzyglove_c.png,0,
11630389,탐식의 트리밍 글러브,11600375,63,59,51,20,18,15,11600375_F_GLRuneBlader03.gltf,11600375_c_glruneblader03_d.png,11600375_c_glruneblader03_c.png,0,
11630390,새벽의 보이드 글러브,11600376,63,59,51,20,18,15,11600376_F_GLRuneBlader04.gltf,11600376_c_glruneblader04_d.png,11600376_c_glruneblader04_c.png,0,
11630536,흉포한 격투가 장갑,11600488,63,59,51,20,18,15,11600488_F_GLFighter06.gltf,11600488_c_glfighter06_d.png,11600488_c_glfighter06_c.png,0,
11630537,탐식의 격투가 장갑,11600491,63,59,51,20,18,15,11600491_F_GLFighter09.gltf,11600491_c_glfighter09_d.png,11600491_c_glfighter09_c.png,0,
11630538,새벽의 격투 장갑,11600445,63,59,51,20,18,15,11600445_F_GLStriker01.gltf,11600445_c_glstriker01_d.png,11600445_c_glstriker01_c.png,0,
11630580,탐식의 기공사 장갑,11600491,63,59,51,20,18,15,11600491_F_GLFighter09.gltf,11600491_c_glfighter09_d.png,11600491_c_glfighter09_c.png,0,
11630581,새벽의 기공 장갑,11600451,63,59,51,20,18,15,11600451_F_GLSoulbinder01.gltf,11600451_c_glsoulbinder01_d.png,11600451_c_glsoulbinder01_c.png,0,
11640286,빛나는 흉포의 마법사 장갑,11600024,63,59,51,20,18,15,11600022_F_GLStarlightHandGuard.gltf,11600022_c_glstarlighthandguard_d.png,11600022_c_glstarlighthandguard_c.png,0,
11640287,빛나는 흉포의 궁수 장갑,11600033,63,59,51,20,18,15,11600034_F_BattleScaler.gltf,11600034_c_battlescaler_d.png,11600034_c_battlescaler_c.png,0,
11640288,빛나는 흉포의 도적 장갑,11600015,63,59,51,20,18,15,11600044_F_GLCrossPirate.gltf,11600044_c_glcrosspirate_d.png,11600044_c_glcrosspirate_c.png,0,
11640289,빛나는 탐식의 추적자 글러브,11600090,63,59,51,20,18,15,11600090_F_GLChaserGlove.gltf,11600090_c_glchaserglove_d.png,11600090_c_glchaserglove_c.png,0,
11640290,빛나는 탐식의 스터드 글러브,11600092,63,59,51,20,18,15,11600092_F_GLStuddedGlove.gltf,11600092_c_glstuddedglove_d.png,11600092_c_glstuddedglove_c.png,0,
11640291,빛나는 탐식의 플라이트 글러브,11600094,63,59,51,20,18,15,11600094_F_GLFlightGlove.gltf,11600094_c_glflightglove_d.png,11600094_c_glflightglove_c.png,0,
11640292,빛나는 탐식의 시피르 글러브,11600095,63,59,51,20,18,15,11600095_F_GLSurfireGlove.gltf,11600095_c_glsurfireglove_d.png,11600095_c_glsurfireglove_c.png,0,
11640293,빛나는 탐식의 금룡갑,11600096,63,59,51,20,18,15,11600096_F_GLGoldDragonGlove.gltf,11600096_c_glgolddragonglove_d.png,11600096_c_glgolddragonglove_c.png,0,
11640294,빛나는 탐식의 아쿠아 글러브,11600097,63,59,51,20,18,15,11600097_F_GLAquaGlove.gltf,11600097_c_glaquaglove_d.png,11600097_c_glaquaglove_c.png,0,
11640295,빛나는 탐식의 가디언 건틀렛,11600098,63,59,51,20,18,15,11600098_F_GLGuardianGauntlet.gltf,11600098_c_glguardiangauntlet_d.png,11600098_c_glguardiangauntlet_c.png,0,
11640296,빛나는 탐식의 프렌지 글러브,11600099,63,59,51,20,18,15,11600099_F_GLFrenzyGlove.gltf,11600099_c_glfrenzyglove_d.png,11600099_c_glfrenzyglove_c.png,0,
11640389,빛나는 탐식의 트리밍 글러브,11600375,63,59,51,20,18,15,11600375_F_GLRuneBlader03.gltf,11600375_c_glruneblader03_d.png,11600375_c_glruneblader03_c.png,0,
11640392,룬의 전투 장갑,11600349,63,59,51,20,18,15,11600349_F_GLDragonScalesGauntlet.gltf,11600349_c_gldragonscalesgauntlet_d.png,11600349_c_gldragonscalesgauntlet_c.png,0,
11640393,룬의 광란 장갑,11600349,63,59,51,20,18,15,11600349_F_GLDragonScalesGauntlet.gltf,11600349_c_gldragonscalesgauntlet_d.png,11600349_c_gldragonscalesgauntlet_c.png,0,
11640394,룬의 마법 장갑,11600350,63,59,51,20,18,15,11600350_F_GLAngelicTelaWristGuard.gltf,11600350_c_glangelictelawristguard_d.png,11600350_c_glangelictelawristguard_c.png,0,
11640395,룬의 신성 장갑,11600350,63,59,51,20,18,15,11600350_F_GLAngelicTelaWristGuard.gltf,11600350_c_glangelictelawristguard_d.png,11600350_c_glangelictelawristguard_c.png,0,
11640396,룬의 집중 장갑,11600351,63,59,51,20,18,15,11600351_F_GLPadlockCueroGlove.gltf,11600351_c_glpadlockcueroglove_d.png,11600351_c_glpadlockcueroglove_d.png,0,
11640397,룬의 포격 장갑,11600351,63,59,51,20,18,15,11600351_F_GLPadlockCueroGlove.gltf,11600351_c_glpadlockcueroglove_d.png,11600351_c_glpadlockcueroglove_d.png,0,
11640398,룬의 혼란 장갑,11600352,63,59,51,20,18,15,11600352_F_GLBuckledStrapGlove.gltf,11600352_c_glbuckledstrapglove_d.png,11600352_c_glbuckledstrapglove_c.png,0,
11640399,룬의 암살 장갑,11600352,63,59,51,20,18,15,11600352_F_GLBuckledStrapGlove.gltf,11600352_c_glbuckledstrapglove_d.png,11600352_c_glbuckledstrapglove_c.png,0,
11640400,룬의 주술 장갑,11600349,63,59,51,20,18,15,11600349_F_GLDragonScalesGauntlet.gltf,11600349_c_gldragonscalesgauntlet_d.png,11600349_c_gldragonscalesgauntlet_c.png,0,
11640536,빛나는 흉포의 격투가 장갑,11600488,63,59,51,20,18,15,11600488_F_GLFighter06.gltf,11600488_c_glfighter06_d.png,11600488_c_glfighter06_c.png,0,
11640537,빛나는 탐식의 격투가 장갑,11600491,63,59,51,20,18,15,11600491_F_GLFighter09.gltf,11600491_c_glfighter09_d.png,11600491_c_glfighter09_c.png,0,
11640552,룬의 난투 장갑,11600450,63,59,51,20,18,15,11600450_F_GLStriker06.gltf,11600450_c_glstriker06_d.png,11600450_c_glstriker06_c.png,0,
11640580,빛나는 탐식의 기공사 장갑,11600491,63,59,51,20,18,15,11600491_F_GLFighter09.gltf,11600491_c_glfighter09_d.png,11600491_c_glfighter09_c.png,0,
11640588,룬의 의식 장갑,11600456,63,59,51,20,18,15,11600456_F_GLSoulbinder06.gltf,11600456_c_glsoulbinder06_d.png,11600456_c_glsoulbinder06_c.png,0,
11640596,정교한 전투 장갑,11600432,63,59,51,20,18,15,11600432_F_GLWarriorClassSetGloves01.gltf,11600432_c_glwarriorclasssetgloves01_d.png,11600432_c_glwarriorclasssetgloves01_c.png,0,
11640597,정교한 광란 장갑,11600432,63,59,51,20,18,15,11600432_F_GLWarriorClassSetGloves01.gltf,11600432_c_glwarriorclasssetgloves01_d.png,11600432_c_glwarriorclasssetgloves01_c.png,0,
11640598,정교한 마법 장갑,11600433,63,59,51,20,18,15,11600433_F_GLMageClassSetGloves01.gltf,11600433_c_glmageclasssetgloves01_d.png,11600433_c_glmageclasssetgloves01_c.png,0,
11640599,정교한 신성 장갑,11600433,63,59,51,20,18,15,11600433_F_GLMageClassSetGloves01.gltf,11600433_c_glmageclasssetgloves01_d.png,11600433_c_glmageclasssetgloves01_c.png,0,
11640600,정교한 집중 장갑,11600434,63,59,51,20,18,15,11600434_F_GLHunterClassSetGloves01.gltf,11600434_c_glhunterclasssetgloves01_d.png,11600434_c_glhunterclasssetgloves01_c.png,0,
11640601,정교한 포격 장갑,11600434,63,59,51,20,18,15,11600434_F_GLHunterClassSetGloves01.gltf,11600434_c_glhunterclasssetgloves01_d.png,11600434_c_glhunterclasssetgloves01_c.png,0,
11640602,정교한 혼란 장갑,11600435,63,59,51,20,18,15,11600435_F_GLBrigandClassSetGloves01.gltf,11600435_c_glbrigandclasssetgloves01_d.png,11600435_c_glbrigandclasssetgloves01_c.png,0,
11640603,정교한 암살 장갑,11600435,63,59,51,20,18,15,11600435_F_GLBrigandClassSetGloves01.gltf,11600435_c_glbrigandclasssetgloves01_d.png,11600435_c_glbrigandclasssetgloves01_c.png,0,
11640604,정교한 주술 장갑,11600432,63,59,51,20,18,15,11600432_F_GLWarriorClassSetGloves01.gltf,11600432_c_glwarriorclasssetgloves01_d.png,11600432_c_glwarriorclasssetgloves01_c.png,0,
11640605,정교한 난투 장갑,11600575,63,59,51,20,18,15,11600575_F_GLFighter10.gltf,11600575_c_glfighter10_d.png,11600575_c_glfighter10_c.png,0,
11640606,정교한 의식 장갑,11600575,63,59,51,20,18,15,11600575_F_GLFighter10.gltf,11600575_c_glfighter10_d.png,11600575_c_glfighter10_c.png,0,
11650286,빛나는 흉포의 마법사 장갑,11600024,63,59,51,20,18,15,11600022_F_GLStarlightHandGuard.gltf,11600022_c_glstarlighthandguard_d.png,11600022_c_glstarlighthandguard_c.png,0,
11650287,빛나는 흉포의 궁수 장갑,11600033,63,59,51,20,18,15,11600034_F_BattleScaler.gltf,11600034_c_battlescaler_d.png,11600034_c_battlescaler_c.png,0,
11650288,빛나는 흉포의 도적 장갑,11600015,63,59,51,20,18,15,11600044_F_GLCrossPirate.gltf,11600044_c_glcrosspirate_d.png,11600044_c_glcrosspirate_c.png,0,
11650392,룬의 전투 장갑,11600349,63,59,51,20,18,15,11600349_F_GLDragonScalesGauntlet.gltf,11600349_c_gldragonscalesgauntlet_d.png,11600349_c_gldragonscalesgauntlet_c.png,0,
11650393,룬의 광란 장갑,11600349,63,59,51,20,18,15,11600349_F_GLDragonScalesGauntlet.gltf,11600349_c_gldragonscalesgauntlet_d.png,11600349_c_gldragonscalesgauntlet_c.png,0,
11650394,룬의 마법 장갑,11600350,63,59,51,20,18,15,11600350_F_GLAngelicTelaWristGuard.gltf,11600350_c_glangelictelawristguard_d.png,11600350_c_glangelictelawristguard_c.png,0,
11650395,룬의 신성 장갑,11600350,63,59,51,20,18,15,11600350_F_GLAngelicTelaWristGuard.gltf,11600350_c_glangelictelawristguard_d.png,11600350_c_glangelictelawristguard_c.png,0,
11650396,룬의 집중 장갑,11600351,63,59,51,20,18,15,11600351_F_GLPadlockCueroGlove.gltf,11600351_c_glpadlockcueroglove_d.png,11600351_c_glpadlockcueroglove_d.png,0,
11650397,룬의 포격 장갑,11600351,63,59,51,20,18,15,11600351_F_GLPadlockCueroGlove.gltf,11600351_c_glpadlockcueroglove_d.png,11600351_c_glpadlockcueroglove_d.png,0,
11650398,룬의 혼란 장갑,11600352,63,59,51,20,18,15,11600352_F_GLBuckledStrapGlove.gltf,11600352_c_glbuckledstrapglove_d.png,11600352_c_glbuckledstrapglove_c.png,0,
11650399,룬의 암살 장갑,11600352,63,59,51,20,18,15,11600352_F_GLBuckledStrapGlove.gltf,11600352_c_glbuckledstrapglove_d.png,11600352_c_glbuckledstrapglove_c.png,0,
11650400,룬의 주술 장갑,11600349,63,59,51,20,18,15,11600349_F_GLDragonScalesGauntlet.gltf,11600349_c_gldragonscalesgauntlet_d.png,11600349_c_gldragonscalesgauntlet_c.png,0,
11650401,광포한 전투 장갑,11600962,63,59,51,20,18,15,11600962_F_GLFury.gltf,11600962_c_glfury_d.png,11600962_c_glfury_c.png,0,
11650402,광포한 광란 장갑,11600962,63,59,51,20,18,15,11600962_F_GLFury.gltf,11600962_c_glfury_d.png,11600962_c_glfury_c.png,0,
11650403,광포한 마법 장갑,11600962,63,59,51,20,18,15,11600962_F_GLFury.gltf,11600962_c_glfury_d.png,11600962_c_glfury_c.png,0,
11650404,광포한 신성 장갑,11600962,63,59,51,20,18,15,11600962_F_GLFury.gltf,11600962_c_glfury_d.png,11600962_c_glfury_c.png,0,
11650405,광포한 집중 장갑,11600962,63,59,51,20,18,15,11600962_F_GLFury.gltf,11600962_c_glfury_d.png,11600962_c_glfury_c.png,0,
11650406,광포한 포격 장갑,11600962,63,59,51,20,18,15,11600962_F_GLFury.gltf,11600962_c_glfury_d.png,11600962_c_glfury_c.png,0,
11650407,광포한 혼란 장갑,11600962,63,59,51,20,18,15,11600962_F_GLFury.gltf,11600962_c_glfury_d.png,11600962_c_glfury_c.png,0,
11650408,광포한 암살 장갑,11600962,63,59,51,20,18,15,11600962_F_GLFury.gltf,11600962_c_glfury_d.png,11600962_c_glfury_c.png,0,
11650409,광포한 주술 장갑,11600962,63,59,51,20,18,15,11600962_F_GLFury.gltf,11600962_c_glfury_d.png,11600962_c_glfury_c.png,0,
11650536,빛나는 흉포의 격투가 장갑,11600488,63,59,51,20,18,15,11600488_F_GLFighter06.gltf,11600488_c_glfighter06_d.png,11600488_c_glfighter06_c.png,0,
11650545,광포한 난투 장갑,11600962,63,59,51,20,18,15,11600962_F_GLFury.gltf,11600962_c_glfury_d.png,11600962_c_glfury_c.png,0,
11650584,광포한 의식 장갑,11600962,63,59,51,20,18,15,11600962_F_GLFury.gltf,11600962_c_glfury_d.png,11600962_c_glfury_c.png,0,
11650588,룬의 의식 장갑,11600456,63,59,51,20,18,15,11600456_F_GLSoulbinder06.gltf,11600456_c_glsoulbinder06_d.png,11600456_c_glsoulbinder06_c.png,0,
11651004,불안정한 힘의 전사 장갑,11609996,63,59,51,20,18,15,11600002_F_GLSilverOrihalcon.gltf,11600002_c_glsilverorihalcon_d.png,11600002_c_glsilverorihalcon_d.png,0,
11651005,불안정한 힘의 마법사 장갑,11600052,63,59,51,20,18,15,11600007_F_GLSilkWarmer.gltf,11600007_c_glsilkwarmer_d.png,11600007_c_glsilkwarmer_c.png,0,
11651006,불안정한 힘의 궁수 장갑,11600083,63,59,51,20,18,15,11600083_F_GLMilitiaGlove.gltf,11600083_c_glmilitiaglove_d.png,11600083_c_glmilitiaglove_d.png,0,
11651007,불안정한 힘의 도적 장갑,11600081,63,59,51,20,18,15,11600081_F_GLChineseGlove.gltf,11600081_c_glchineseglove_d.png,11600081_c_glchineseglove_c.png,0,
11651008,불안정한 힘의 격투가 장갑,11600489,63,59,51,20,18,15,11600489_F_GLFighter07.gltf,11600489_c_glfighter07_d.png,11600489_c_glfighter07_c.png,0,
11651009,불안정한 힘의 기공사 장갑,11600489,63,59,51,20,18,15,11600489_F_GLFighter07.gltf,11600489_c_glfighter07_d.png,11600489_c_glfighter07_c.png,0,
11651019,브라이트 스타의 전투 장갑,11600630,63,59,51,20,18,15,11600630_F_GLBrightStar.gltf,11600630_c_glbrightstar_d.png,11600630_c_glbrightstar_c.png,0,
11651020,브라이트 스타의 광란 장갑,11600630,63,59,51,20,18,15,11600630_F_GLBrightStar.gltf,11600630_c_glbrightstar_d.png,11600630_c_glbrightstar_c.png,0,
11651021,브라이트 스타의 마법 장갑,11600630,63,59,51,20,18,15,11600630_F_GLBrightStar.gltf,11600630_c_glbrightstar_d.png,11600630_c_glbrightstar_c.png,0,
11651022,브라이트 스타의 신성 장갑,11600630,63,59,51,20,18,15,11600630_F_GLBrightStar.gltf,11600630_c_glbrightstar_d.png,11600630_c_glbrightstar_c.png,0,
11651023,브라이트 스타의 집중 장갑,11600630,63,59,51,20,18,15,11600630_F_GLBrightStar.gltf,11600630_c_glbrightstar_d.png,11600630_c_glbrightstar_c.png,0,
11651024,브라이트 스타의 포격 장갑,11600630,63,59,51,20,18,15,11600630_F_GLBrightStar.gltf,11600630_c_glbrightstar_d.png,11600630_c_glbrightstar_c.png,0,
11651025,브라이트 스타의 혼란 장갑,11600630,63,59,51,20,18,15,11600630_F_GLBrightStar.gltf,11600630_c_glbrightstar_d.png,11600630_c_glbrightstar_c.png,0,
11651026,브라이트 스타의 암살 장갑,11600630,63,59,51,20,18,15,11600630_F_GLBrightStar.gltf,11600630_c_glbrightstar_d.png,11600630_c_glbrightstar_c.png,0,
11651027,브라이트 스타의 주술 장갑,11600630,63,59,51,20,18,15,11600630_F_GLBrightStar.gltf,11600630_c_glbrightstar_d.png,11600630_c_glbrightstar_c.png,0,
11651028,브라이트 스타의 난투 장갑,11600630,63,59,51,20,18,15,11600630_F_GLBrightStar.gltf,11600630_c_glbrightstar_d.png,11600630_c_glbrightstar_c.png,0,
11651029,브라이트 스타의 의식 장갑,11600630,63,59,51,20,18,15,11600630_F_GLBrightStar.gltf,11600630_c_glbrightstar_d.png,11600630_c_glbrightstar_c.png,0,
11651030,크림슨 발록의 전투 장갑,11600968,63,59,51,20,18,15,11600968_F_GLBalrogB01.gltf,11600968_c_glbalrogb01_d.png,11600968_c_glbalrogb01_c.png,0,
11651031,크림슨 발록의 광란 장갑,11600968,63,59,51,20,18,15,11600968_F_GLBalrogB01.gltf,11600968_c_glbalrogb01_d.png,11600968_c_glbalrogb01_c.png,0,
11651032,크림슨 발록의 마법 장갑,11600968,63,59,51,20,18,15,11600968_F_GLBalrogB01.gltf,11600968_c_glbalrogb01_d.png,11600968_c_glbalrogb01_c.png,0,
11651033,크림슨 발록의 신성 장갑,11600968,63,59,51,20,18,15,11600968_F_GLBalrogB01.gltf,11600968_c_glbalrogb01_d.png,11600968_c_glbalrogb01_c.png,0,
11651034,크림슨 발록의 집중 장갑,11600968,63,59,51,20,18,15,11600968_F_GLBalrogB01.gltf,11600968_c_glbalrogb01_d.png,11600968_c_glbalrogb01_c.png,0,
11651035,크림슨 발록의 포격 장갑,11600968,63,59,51,20,18,15,11600968_F_GLBalrogB01.gltf,11600968_c_glbalrogb01_d.png,11600968_c_glbalrogb01_c.png,0,
11651036,크림슨 발록의 혼란 장갑,11600968,63,59,51,20,18,15,11600968_F_GLBalrogB01.gltf,11600968_c_glbalrogb01_d.png,11600968_c_glbalrogb01_c.png,0,
11651037,크림슨 발록의 암살 장갑,11600968,63,59,51,20,18,15,11600968_F_GLBalrogB01.gltf,11600968_c_glbalrogb01_d.png,11600968_c_glbalrogb01_c.png,0,
11651038,크림슨 발록의 주술 장갑,11600968,63,59,51,20,18,15,11600968_F_GLBalrogB01.gltf,11600968_c_glbalrogb01_d.png,11600968_c_glbalrogb01_c.png,0,
11651039,크림슨 발록의 난투 장갑,11600968,63,59,51,20,18,15,11600968_F_GLBalrogB01.gltf,11600968_c_glbalrogb01_d.png,11600968_c_glbalrogb01_c.png,0,
11651040,크림슨 발록의 의식 장갑,11600968,63,59,51,20,18,15,11600968_F_GLBalrogB01.gltf,11600968_c_glbalrogb01_d.png,11600968_c_glbalrogb01_c.png,0,
11660084,불멸의 스켈레톤 글러브,11600084,63,59,51,20,18,15,11600084_F_GLSkeletonGlove.gltf,11600084_c_glskeletonglove_d.png,11600084_c_glskeletonglove_c.png,0,
11660085,불멸의 파일럿 글러브,11600085,63,59,51,20,18,15,11600085_F_GLPilotGlove.gltf,11600085_c_glpilotglove_d.png,11600085_c_glpilotglove_c.png,0,
11660086,불멸의 블러디 더스크 건틀렛,11600086,63,59,51,20,18,15,11600086_F_GLBloodyDuskGauntlet.gltf,11600086_c_glbloodyduskgauntlet_d.png,11600086_c_glbloodyduskgauntlet_c.png,0,
11660087,불멸의 세비어즈 글러브,11600087,63,59,51,20,18,15,11600087_F_GLSaviorsGlove.gltf,11600087_c_glsaviorsglove_d.png,11600087_c_glsaviorsglove_c.png,0,
11660089,불멸의 팬텀 글러브,11600089,63,59,51,20,18,15,11600089_F_GLPhantomGlove.gltf,11600089_c_glphantomglove_d.png,11600089_c_glphantomglove_c.png,0,
11660093,불멸의 에네스 글러브,11600093,63,59,51,20,18,15,11600093_F_GLEnesGlove.gltf,11600093_c_glenesglove_d.png,11600093_c_glenesglove_c.png,0,
11660390,불멸의 보이드 글러브,11600376,63,59,51,20,18,15,11600376_F_GLRuneBlader04.gltf,11600376_c_glruneblader04_d.png,11600376_c_glruneblader04_c.png,0,
11660536,복제된 흉포의 격투가 장갑,11600488,63,59,51,20,18,15,11600488_F_GLFighter06.gltf,11600488_c_glfighter06_d.png,11600488_c_glfighter06_c.png,0,
11660538,불멸의 격투 장갑,11600445,63,59,51,20,18,15,11600445_F_GLStriker01.gltf,11600445_c_glstriker01_d.png,11600445_c_glstriker01_c.png,0,
11660581,불멸의 기공 장갑,11600451,63,59,51,20,18,15,11600451_F_GLSoulbinder01.gltf,11600451_c_glsoulbinder01_d.png,11600451_c_glsoulbinder01_c.png,0,
11660839,리버스 나이트 뱀브레이스,11600813,63,59,51,20,18,15,11600813_F_GLReverseRaidA01.gltf,11600813_c_glreverseraida01_d.png,11600813_c_glreverseraida01_c.png,0,
11660840,리버스 버서커 뱀브레이스,11600813,63,59,51,20,18,15,11600813_F_GLReverseRaidA01.gltf,11600813_c_glreverseraida01_d.png,11600813_c_glreverseraida01_c.png,0,
11660841,리버스 위자드 뱀브레이스,11600813,63,59,51,20,18,15,11600813_F_GLReverseRaidA01.gltf,11600813_c_glreverseraida01_d.png,11600813_c_glreverseraida01_c.png,0,
11660842,리버스 프리스트 뱀브레이스,11600813,63,59,51,20,18,15,11600813_F_GLReverseRaidA01.gltf,11600813_c_glreverseraida01_d.png,11600813_c_glreverseraida01_c.png,0,
11660843,리버스 레인저 뱀브레이스,11600813,63,59,51,20,18,15,11600813_F_GLReverseRaidA01.gltf,11600813_c_glreverseraida01_d.png,11600813_c_glreverseraida01_c.png,0,
11660844,리버스 헤비거너 뱀브레이스,11600813,63,59,51,20,18,15,11600813_F_GLReverseRaidA01.gltf,11600813_c_glreverseraida01_d.png,11600813_c_glreverseraida01_c.png,0,
11660845,리버스 시프 뱀브레이스,11600813,63,59,51,20,18,15,11600813_F_GLReverseRaidA01.gltf,11600813_c_glreverseraida01_d.png,11600813_c_glreverseraida01_c.png,0,
11660846,리버스 어쌔신 뱀브레이스,11600813,63,59,51,20,18,15,11600813_F_GLReverseRaidA01.gltf,11600813_c_glreverseraida01_d.png,11600813_c_glreverseraida01_c.png,0,
11660847,리버스 블레이더 뱀브레이스,11600813,63,59,51,20,18,15,11600813_F_GLReverseRaidA01.gltf,11600813_c_glreverseraida01_d.png,11600813_c_glreverseraida01_c.png,0,
11660848,리버스 스트라이커 뱀브레이스,11600813,63,59,51,20,18,15,11600813_F_GLReverseRaidA01.gltf,11600813_c_glreverseraida01_d.png,11600813_c_glreverseraida01_c.png,0,
11660849,리버스 소울바인더 뱀브레이스,11600813,63,59,51,20,18,15,11600813_F_GLReverseRaidA01.gltf,11600813_c_glreverseraida01_d.png,11600813_c_glreverseraida01_c.png,0,
11661055,타이드 캡틴 글러브 (나이트),11600664,63,59,51,20,18,15,11600575_F_GLPirate.gltf,11600575_c_glpirate_d.png,11600575_c_glpirate_c.png,0,
11661056,타이드 캡틴 글러브 (버서커),11600664,63,59,51,20,18,15,11600575_F_GLPirate.gltf,11600575_c_glpirate_d.png,11600575_c_glpirate_c.png,0,
11661057,타이드 캡틴 글러브 (위자드),11600664,63,59,51,20,18,15,11600575_F_GLPirate.gltf,11600575_c_glpirate_d.png,11600575_c_glpirate_c.png,0,
11661058,타이드 캡틴 글러브 (프리스트),11600664,63,59,51,20,18,15,11600575_F_GLPirate.gltf,11600575_c_glpirate_d.png,11600575_c_glpirate_c.png,0,
11661059,타이드 캡틴 글러브 (레인저),11600664,63,59,51,20,18,15,11600575_F_GLPirate.gltf,11600575_c_glpirate_d.png,11600575_c_glpirate_c.png,0,
11661060,타이드 캡틴 글러브 (헤비거너),11600664,63,59,51,20,18,15,11600575_F_GLPirate.gltf,11600575_c_glpirate_d.png,11600575_c_glpirate_c.png,0,
11661061,타이드 캡틴 글러브 (시프),11600664,63,59,51,20,18,15,11600575_F_GLPirate.gltf,11600575_c_glpirate_d.png,11600575_c_glpirate_c.png,0,
11661062,타이드 캡틴 글러브 (어쌔신),11600664,63,59,51,20,18,15,11600575_F_GLPirate.gltf,11600575_c_glpirate_d.png,11600575_c_glpirate_c.png,0,
11661063,타이드 캡틴 글러브 (룬블레이더),11600664,63,59,51,20,18,15,11600575_F_GLPirate.gltf,11600575_c_glpirate_d.png,11600575_c_glpirate_c.png,0,
11661064,타이드 캡틴 글러브 (스트라이커),11600664,63,59,51,20,18,15,11600575_F_GLPirate.gltf,11600575_c_glpirate_d.png,11600575_c_glpirate_c.png,0,
11661065,타이드 캡틴 글러브 (소울바인더),11600664,63,59,51,20,18,15,11600575_F_GLPirate.gltf,11600575_c_glpirate_d.png,11600575_c_glpirate_c.png,0,
11661066,프론티어 글러브 (나이트),11600633,63,59,51,20,18,15,11600633_F_GLEmerald.gltf,11600633_c_glemerald_d.png,11600633_c_glemerald_c.png,0,
11661067,프론티어 글러브 (버서커),11600633,63,59,51,20,18,15,11600633_F_GLEmerald.gltf,11600633_c_glemerald_d.png,11600633_c_glemerald_c.png,0,
11661068,프론티어 글러브 (위자드),11600633,63,59,51,20,18,15,11600633_F_GLEmerald.gltf,11600633_c_glemerald_d.png,11600633_c_glemerald_c.png,0,
11661069,프론티어 글러브 (프리스트),11600633,63,59,51,20,18,15,11600633_F_GLEmerald.gltf,11600633_c_glemerald_d.png,11600633_c_glemerald_c.png,0,
11661070,프론티어 글러브 (레인저),11600633,63,59,51,20,18,15,11600633_F_GLEmerald.gltf,11600633_c_glemerald_d.png,11600633_c_glemerald_c.png,0,
11661071,프론티어 글러브 (헤비거너),11600633,63,59,51,20,18,15,11600633_F_GLEmerald.gltf,11600633_c_glemerald_d.png,11600633_c_glemerald_c.png,0,
11661072,프론티어 글러브 (시프),11600633,63,59,51,20,18,15,11600633_F_GLEmerald.gltf,11600633_c_glemerald_d.png,11600633_c_glemerald_c.png,0,
11661073,프론티어 글러브 (어쌔신),11600633,63,59,51,20,18,15,11600633_F_GLEmerald.gltf,11600633_c_glemerald_d.png,11600633_c_glemerald_c.png,0,
11661074,프론티어 글러브 (룬블레이더),11600633,63,59,51,20,18,15,11600633_F_GLEmerald.gltf,11600633_c_glemerald_d.png,11600633_c_glemerald_c.png,0,
11661075,프론티어 글러브 (스트라이커),11600633,63,59,51,20,18,15,11600633_F_GLEmerald.gltf,11600633_c_glemerald_d.png,11600633_c_glemerald_c.png,0,
11661076,프론티어 글러브 (소울바인더),11600633,63,59,51,20,18,15,11600633_F_GLEmerald.gltf,11600633_c_glemerald_d.png,11600633_c_glemerald_c.png,0,
11661077,윙드 데몬 브레이스 (나이트),11600629,63,59,51,20,18,15,11600629_F_GLDragon.gltf,11600629_c_gldragon_d.png,11600629_c_gldragon_c.png,0,
11661078,윙드 데몬 브레이스 (버서커),11600629,63,59,51,20,18,15,11600629_F_GLDragon.gltf,11600629_c_gldragon_d.png,11600629_c_gldragon_c.png,0,
11661079,윙드 데몬 브레이스 (위자드),11600629,63,59,51,20,18,15,11600629_F_GLDragon.gltf,11600629_c_gldragon_d.png,11600629_c_gldragon_c.png,0,
11661080,윙드 데몬 브레이스 (프리스트),11600629,63,59,51,20,18,15,11600629_F_GLDragon.gltf,11600629_c_gldragon_d.png,11600629_c_gldragon_c.png,0,
11661081,윙드 데몬 브레이스 (레인저),11600629,63,59,51,20,18,15,11600629_F_GLDragon.gltf,11600629_c_gldragon_d.png,11600629_c_gldragon_c.png,0,
11661082,윙드 데몬 브레이스 (헤비거너),11600629,63,59,51,20,18,15,11600629_F_GLDragon.gltf,11600629_c_gldragon_d.png,11600629_c_gldragon_c.png,0,
11661083,윙드 데몬 브레이스 (시프),11600629,63,59,51,20,18,15,11600629_F_GLDragon.gltf,11600629_c_gldragon_d.png,11600629_c_gldragon_c.png,0,
11661084,윙드 데몬 브레이스 (어쌔신),11600629,63,59,51,20,18,15,11600629_F_GLDragon.gltf,11600629_c_gldragon_d.png,11600629_c_gldragon_c.png,0,
11661085,윙드 데몬 브레이스 (룬블레이더),11600629,63,59,51,20,18,15,11600629_F_GLDragon.gltf,11600629_c_gldragon_d.png,11600629_c_gldragon_c.png,0,
11661086,윙드 데몬 브레이스 (스트라이커),11600629,63,59,51,20,18,15,11600629_F_GLDragon.gltf,11600629_c_gldragon_d.png,11600629_c_gldragon_c.png,0,
11661087,윙드 데몬 브레이스 (소울바인더),11600629,63,59,51,20,18,15,11600629_F_GLDragon.gltf,11600629_c_gldragon_d.png,11600629_c_gldragon_c.png,0,
11661088,베히모스 클로 핸드 (나이트),11600963,63,59,51,20,18,15,11600963_F_GLVehement.gltf,11600963_c_glvehement_d.png,11600963_c_glvehement_c.png,0,
11661089,베히모스 클로 핸드 (버서커),11600963,63,59,51,20,18,15,11600963_F_GLVehement.gltf,11600963_c_glvehement_d.png,11600963_c_glvehement_c.png,0,
11661090,베히모스 클로 핸드 (위자드),11600963,63,59,51,20,18,15,11600963_F_GLVehement.gltf,11600963_c_glvehement_d.png,11600963_c_glvehement_c.png,0,
11661091,베히모스 클로 핸드 (프리스트),11600963,63,59,51,20,18,15,11600963_F_GLVehement.gltf,11600963_c_glvehement_d.png,11600963_c_glvehement_c.png,0,
11661092,베히모스 클로 핸드 (레인저),11600963,63,59,51,20,18,15,11600963_F_GLVehement.gltf,11600963_c_glvehement_d.png,11600963_c_glvehement_c.png,0,
11661093,베히모스 클로 핸드 (헤비거너),11600963,63,59,51,20,18,15,11600963_F_GLVehement.gltf,11600963_c_glvehement_d.png,11600963_c_glvehement_c.png,0,
11661094,베히모스 클로 핸드 (시프),11600963,63,59,51,20,18,15,11600963_F_GLVehement.gltf,11600963_c_glvehement_d.png,11600963_c_glvehement_c.png,0,
11661095,베히모스 클로 핸드 (어쌔신),11600963,63,59,51,20,18,15,11600963_F_GLVehement.gltf,11600963_c_glvehement_d.png,11600963_c_glvehement_c.png,0,
11661096,베히모스 클로 핸드 (룬블레이더),11600963,63,59,51,20,18,15,11600963_F_GLVehement.gltf,11600963_c_glvehement_d.png,11600963_c_glvehement_c.png,0,
11661097,베히모스 클로 핸드 (스트라이커),11600963,63,59,51,20,18,15,11600963_F_GLVehement.gltf,11600963_c_glvehement_d.png,11600963_c_glvehement_c.png,0,
11661098,베히모스 클로 핸드 (소울바인더),11600963,63,59,51,20,18,15,11600963_F_GLVehement.gltf,11600963_c_glvehement_d.png,11600963_c_glvehement_c.png,0,
11661099,에일리온 엑소 핑거 (나이트),11600824,63,59,51,20,18,15,11600824_F_GLReverseRaidA02.gltf,11600824_c_glreverseraida02_d.png,11600824_c_glreverseraida02_c.png,0,
11661100,에일리온 엑소 핑거 (버서커),11600824,63,59,51,20,18,15,11600824_F_GLReverseRaidA02.gltf,11600824_c_glreverseraida02_d.png,11600824_c_glreverseraida02_c.png,0,
11661101,에일리온 엑소 핑거 (위자드),11600824,63,59,51,20,18,15,11600824_F_GLReverseRaidA02.gltf,11600824_c_glreverseraida02_d.png,11600824_c_glreverseraida02_c.png,0,
11661102,에일리온 엑소 핑거 (프리스트),11600824,63,59,51,20,18,15,11600824_F_GLReverseRaidA02.gltf,11600824_c_glreverseraida02_d.png,11600824_c_glreverseraida02_c.png,0,
11661103,에일리온 엑소 핑거 (레인저),11600824,63,59,51,20,18,15,11600824_F_GLReverseRaidA02.gltf,11600824_c_glreverseraida02_d.png,11600824_c_glreverseraida02_c.png,0,
11661104,에일리온 엑소 핑거 (헤비거너),11600824,63,59,51,20,18,15,11600824_F_GLReverseRaidA02.gltf,11600824_c_glreverseraida02_d.png,11600824_c_glreverseraida02_c.png,0,
11661105,에일리온 엑소 핑거 (시프),11600824,63,59,51,20,18,15,11600824_F_GLReverseRaidA02.gltf,11600824_c_glreverseraida02_d.png,11600824_c_glreverseraida02_c.png,0,
11661106,에일리온 엑소 핑거 (어쌔신),11600824,63,59,51,20,18,15,11600824_F_GLReverseRaidA02.gltf,11600824_c_glreverseraida02_d.png,11600824_c_glreverseraida02_c.png,0,
11661107,에일리온 엑소 핑거 (룬블레이더),11600824,63,59,51,20,18,15,11600824_F_GLReverseRaidA02.gltf,11600824_c_glreverseraida02_d.png,11600824_c_glreverseraida02_c.png,0,
11661108,에일리온 엑소 핑거 (스트라이커),11600824,63,59,51,20,18,15,11600824_F_GLReverseRaidA02.gltf,11600824_c_glreverseraida02_d.png,11600824_c_glreverseraida02_c.png,0,
11661109,에일리온 엑소 핑거 (소울바인더),11600824,63,59,51,20,18,15,11600824_F_GLReverseRaidA02.gltf,11600824_c_glreverseraida02_d.png,11600824_c_glreverseraida02_c.png,0,
11661110,블랙 뱅가드 피스트 (나이트),11600578,63,59,51,20,18,15,11600578_F_GLDarkSteel.gltf,11600578_c_gldarksteel_d.png,11600578_c_gldarksteel_c.png,0,
11661111,블랙 뱅가드 피스트 (버서커),11600578,63,59,51,20,18,15,11600578_F_GLDarkSteel.gltf,11600578_c_gldarksteel_d.png,11600578_c_gldarksteel_c.png,0,
11661112,블랙 뱅가드 피스트 (위자드),11600578,63,59,51,20,18,15,11600578_F_GLDarkSteel.gltf,11600578_c_gldarksteel_d.png,11600578_c_gldarksteel_c.png,0,
11661113,블랙 뱅가드 피스트 (프리스트),11600578,63,59,51,20,18,15,11600578_F_GLDarkSteel.gltf,11600578_c_gldarksteel_d.png,11600578_c_gldarksteel_c.png,0,
11661114,블랙 뱅가드 피스트 (레인저),11600578,63,59,51,20,18,15,11600578_F_GLDarkSteel.gltf,11600578_c_gldarksteel_d.png,11600578_c_gldarksteel_c.png,0,
11661115,블랙 뱅가드 피스트 (헤비거너),11600578,63,59,51,20,18,15,11600578_F_GLDarkSteel.gltf,11600578_c_gldarksteel_d.png,11600578_c_gldarksteel_c.png,0,
11661116,블랙 뱅가드 피스트 (시프),11600578,63,59,51,20,18,15,11600578_F_GLDarkSteel.gltf,11600578_c_gldarksteel_d.png,11600578_c_gldarksteel_c.png,0,
11661117,블랙 뱅가드 피스트 (어쌔신),11600578,63,59,51,20,18,15,11600578_F_GLDarkSteel.gltf,11600578_c_gldarksteel_d.png,11600578_c_gldarksteel_c.png,0,
11661118,블랙 뱅가드 피스트 (룬블레이더),11600578,63,59,51,20,18,15,11600578_F_GLDarkSteel.gltf,11600578_c_gldarksteel_d.png,11600578_c_gldarksteel_c.png,0,
11661119,블랙 뱅가드 피스트 (스트라이커),11600578,63,59,51,20,18,15,11600578_F_GLDarkSteel.gltf,11600578_c_gldarksteel_d.png,11600578_c_gldarksteel_c.png,0,
11661120,블랙 뱅가드 피스트 (소울바인더),11600578,63,59,51,20,18,15,11600578_F_GLDarkSteel.gltf,11600578_c_gldarksteel_d.png,11600578_c_gldarksteel_c.png,0,
11661121,블랙퓨리티 레이지 클로 (나이트),11601052,63,59,51,20,18,15,11601052_F_GLDarkTutor.gltf,11601052_c_gldarktutor_d.png,11601052_c_gldarktutor_c.png,0,
11661122,블랙퓨리티 레이지 클로 (버서커),11601052,63,59,51,20,18,15,11601052_F_GLDarkTutor.gltf,11601052_c_gldarktutor_d.png,11601052_c_gldarktutor_c.png,0,
11661123,블랙퓨리티 레이지 클로 (위자드),11601052,63,59,51,20,18,15,11601052_F_GLDarkTutor.gltf,11601052_c_gldarktutor_d.png,11601052_c_gldarktutor_c.png,0,
11661124,블랙퓨리티 레이지 클로 (프리스트),11601052,63,59,51,20,18,15,11601052_F_GLDarkTutor.gltf,11601052_c_gldarktutor_d.png,11601052_c_gldarktutor_c.png,0,
11661125,블랙퓨리티 레이지 클로 (레인저),11601052,63,59,51,20,18,15,11601052_F_GLDarkTutor.gltf,11601052_c_gldarktutor_d.png,11601052_c_gldarktutor_c.png,0,
11661126,블랙퓨리티 레이지 클로 (헤비거너),11601052,63,59,51,20,18,15,11601052_F_GLDarkTutor.gltf,11601052_c_gldarktutor_d.png,11601052_c_gldarktutor_c.png,0,
11661127,블랙퓨리티 레이지 클로 (시프),11601052,63,59,51,20,18,15,11601052_F_GLDarkTutor.gltf,11601052_c_gldarktutor_d.png,11601052_c_gldarktutor_c.png,0,
11661128,블랙퓨리티 레이지 클로 (어쌔신),11601052,63,59,51,20,18,15,11601052_F_GLDarkTutor.gltf,11601052_c_gldarktutor_d.png,11601052_c_gldarktutor_c.png,0,
11661129,블랙퓨리티 레이지 클로 (룬블레이더),11601052,63,59,51,20,18,15,11601052_F_GLDarkTutor.gltf,11601052_c_gldarktutor_d.png,11601052_c_gldarktutor_c.png,0,
11661130,블랙퓨리티 레이지 클로 (스트라이커),11601052,63,59,51,20,18,15,11601052_F_GLDarkTutor.gltf,11601052_c_gldarktutor_d.png,11601052_c_gldarktutor_c.png,0,
11661131,블랙퓨리티 레이지 클로 (소울바인더),11601052,63,59,51,20,18,15,11601052_F_GLDarkTutor.gltf,11601052_c_gldarktutor_d.png,11601052_c_gldarktutor_c.png,0,
11661220,강화된 품위의 전투 장갑,11600667,63,59,51,20,18,15,11600667_F_GLArenaA01.gltf,11600667_c_glarenaa01_d.png,11600667_c_glarenaa01_c.png,0,
11661221,강화된 품위의 광란 장갑,11600667,63,59,51,20,18,15,11600667_F_GLArenaA01.gltf,11600667_c_glarenaa01_d.png,11600667_c_glarenaa01_c.png,0,
11661222,강화된 품위의 마법 장갑,11600667,63,59,51,20,18,15,11600667_F_GLArenaA01.gltf,11600667_c_glarenaa01_d.png,11600667_c_glarenaa01_c.png,0,
11661223,강화된 품위의 신성 장갑,11600667,63,59,51,20,18,15,11600667_F_GLArenaA01.gltf,11600667_c_glarenaa01_d.png,11600667_c_glarenaa01_c.png,0,
11661224,강화된 품위의 집중 장갑,11600667,63,59,51,20,18,15,11600667_F_GLArenaA01.gltf,11600667_c_glarenaa01_d.png,11600667_c_glarenaa01_c.png,0,
11661225,강화된 품위의 포격 장갑,11600667,63,59,51,20,18,15,11600667_F_GLArenaA01.gltf,11600667_c_glarenaa01_d.png,11600667_c_glarenaa01_c.png,0,
11661226,강화된 품위의 혼란 장갑,11600667,63,59,51,20,18,15,11600667_F_GLArenaA01.gltf,11600667_c_glarenaa01_d.png,11600667_c_glarenaa01_c.png,0,
11661227,강화된 품위의 암살 장갑,11600667,63,59,51,20,18,15,11600667_F_GLArenaA01.gltf,11600667_c_glarenaa01_d.png,11600667_c_glarenaa01_c.png,0,
11661228,강화된 품위의 주술 장갑,11600667,63,59,51,20,18,15,11600667_F_GLArenaA01.gltf,11600667_c_glarenaa01_d.png,11600667_c_glarenaa01_c.png,0,
11661229,강화된 품위의 난투 장갑,11600667,63,59,51,20,18,15,11600667_F_GLArenaA01.gltf,11600667_c_glarenaa01_d.png,11600667_c_glarenaa01_c.png,0,
11661230,강화된 품위의 의식 장갑,11600667,63,59,51,20,18,15,11600667_F_GLArenaA01.gltf,11600667_c_glarenaa01_d.png,11600667_c_glarenaa01_c.png,0,
11670040,다크 스위프트 핸드가드,11600040,63,59,51,20,18,15,11600049_F_GLDarkSwiftHandguard.gltf,11600049_c_gldarkswifthandgaurd_d.png,11600049_c_gldarkswifthandgaurd_d.png,0,
11670044,샤이닝 위자드리 암슬리브,11600044,63,59,51,20,18,15,11600041_F_GLShiningWizardryArmSleeve.gltf,11600041_c_glshiningwizardryarmsleeve_d.png,11600041_c_glshiningwizardryarmsleeve_c.png,0,
11670047,사지타리우스 카프 글러브,11600047,63,59,51,20,18,15,11600047_F_GLSagittariusCarpglove.gltf,11600047_c_glsagittariuscarpglove_d.png,11600047_c_glsagittariuscarpglove_c.png,0,
11670048,프로스토 데우스 글러브,11600048,63,59,51,20,18,15,11600048_F_GLProstoDeusGlove.gltf,11600048_c_glprostodeusglove_d.png,11600048_c_glprostodeusglove_c.png,0,
11670049,쉐도우 스파이크 너클,11600049,63,59,51,20,18,15,11600049_F_shadowSpike.gltf,11600049_c_shadowspike_d.png,11600049_c_shadowspike_c.png,0,
11670050,디멘티드 글러브,11600050,63,59,51,20,18,15,11600050_F_GLDementedGlove.gltf,11600050_c_gldementedglove_d.png,11600050_c_gldementedglove_c.png,0,
11670084,스켈레톤 글러브,11600084,63,59,51,20,18,15,11600084_F_GLSkeletonGlove.gltf,11600084_c_glskeletonglove_d.png,11600084_c_glskeletonglove_c.png,0,
11670085,파일럿 글러브,11600085,63,59,51,20,18,15,11600085_F_GLPilotGlove.gltf,11600085_c_glpilotglove_d.png,11600085_c_glpilotglove_c.png,0,
11670086,블러디 더스크 건틀렛,11600086,63,59,51,20,18,15,11600086_F_GLBloodyDuskGauntlet.gltf,11600086_c_glbloodyduskgauntlet_d.png,11600086_c_glbloodyduskgauntlet_c.png,0,
11670089,팬텀 글러브,11600089,63,59,51,20,18,15,11600089_F_GLPhantomGlove.gltf,11600089_c_glphantomglove_d.png,11600089_c_glphantomglove_c.png,0,
11670093,에네스 글러브,11600093,63,59,51,20,18,15,11600093_F_GLEnesGlove.gltf,11600093_c_glenesglove_d.png,11600093_c_glenesglove_c.png,0,
11670286,희미하게 흉포한 마법사 장갑,11600024,63,59,51,20,18,15,11600022_F_GLStarlightHandGuard.gltf,11600022_c_glstarlighthandguard_d.png,11600022_c_glstarlighthandguard_c.png,0,
11670287,희미하게 흉포한 궁수 장갑,11600033,63,59,51,20,18,15,11600034_F_BattleScaler.gltf,11600034_c_battlescaler_d.png,11600034_c_battlescaler_c.png,0,
11670288,희미하게 흉포한 도적 장갑,11600015,63,59,51,20,18,15,11600044_F_GLCrossPirate.gltf,11600044_c_glcrosspirate_d.png,11600044_c_glcrosspirate_c.png,0,
11670390,새벽의 보이드 글러브,11600376,63,59,51,20,18,15,11600376_F_GLRuneBlader04.gltf,11600376_c_glruneblader04_d.png,11600376_c_glruneblader04_c.png,0,
11670391,검은 불꽃의 데크 글러브,11600377,63,59,51,20,18,15,11600377_F_GLRuneBlader05.gltf,11600377_c_glruneblader05_d.png,11600377_c_glruneblader05_c.png,0,
11670536,희미하게 흉포한 격투가 장갑,11600488,63,59,51,20,18,15,11600488_F_GLFighter06.gltf,11600488_c_glfighter06_d.png,11600488_c_glfighter06_c.png,0,
11670538,새벽의 격투 장갑,11600445,63,59,51,20,18,15,11600445_F_GLStriker01.gltf,11600445_c_glstriker01_d.png,11600445_c_glstriker01_c.png,0,
11670539,검은 불꽃의 격투 장갑,11600448,63,59,51,20,18,15,11600448_F_GLStriker04.gltf,11600448_c_glstriker04_d.png,11600448_c_glstriker04_c.png,0,
11670581,새벽의 기공 장갑,11600451,63,59,51,20,18,15,11600451_F_GLSoulbinder01.gltf,11600451_c_glsoulbinder01_d.png,11600451_c_glsoulbinder01_c.png,0,
11670582,검은 불꽃의 기공 장갑,11600454,63,59,51,20,18,15,11600454_F_GLSoulbinder04.gltf,11600454_c_glsoulbinder04_d.png,11600454_c_glsoulbinder04_c.png,0,
11671004,불안정한 힘의 전사 장갑,11609996,63,59,51,20,18,15,11600002_F_GLSilverOrihalcon.gltf,11600002_c_glsilverorihalcon_d.png,11600002_c_glsilverorihalcon_d.png,0,
11671005,불안정한 힘의 마법사 장갑,11600052,63,59,51,20,18,15,11600007_F_GLSilkWarmer.gltf,11600007_c_glsilkwarmer_d.png,11600007_c_glsilkwarmer_c.png,0,
11671006,불안정한 힘의 궁수 장갑,11600083,63,59,51,20,18,15,11600083_F_GLMilitiaGlove.gltf,11600083_c_glmilitiaglove_d.png,11600083_c_glmilitiaglove_d.png,0,
11671007,불안정한 힘의 도적 장갑,11600081,63,59,51,20,18,15,11600081_F_GLChineseGlove.gltf,11600081_c_glchineseglove_d.png,11600081_c_glchineseglove_c.png,0,
11671008,불안정한 힘의 격투가 장갑,11600489,63,59,51,20,18,15,11600489_F_GLFighter07.gltf,11600489_c_glfighter07_d.png,11600489_c_glfighter07_c.png,0,
11671009,불안정한 힘의 기공사 장갑,11600489,63,59,51,20,18,15,11600489_F_GLFighter07.gltf,11600489_c_glfighter07_d.png,11600489_c_glfighter07_c.png,0,
11680084,불멸의 스켈레톤 글러브,11600084,63,59,51,20,18,15,11600084_F_GLSkeletonGlove.gltf,11600084_c_glskeletonglove_d.png,11600084_c_glskeletonglove_c.png,0,
11680085,불멸의 파일럿 글러브,11600085,63,59,51,20,18,15,11600085_F_GLPilotGlove.gltf,11600085_c_glpilotglove_d.png,11600085_c_glpilotglove_c.png,0,
11680086,불멸의 블러디 더스크 건틀렛,11600086,63,59,51,20,18,15,11600086_F_GLBloodyDuskGauntlet.gltf,11600086_c_glbloodyduskgauntlet_d.png,11600086_c_glbloodyduskgauntlet_c.png,0,
11680087,불멸의 세비어즈 글러브,11600087,63,59,51,20,18,15,11600087_F_GLSaviorsGlove.gltf,11600087_c_glsaviorsglove_d.png,11600087_c_glsaviorsglove_c.png,0,
11680089,불멸의 팬텀 글러브,11600089,63,59,51,20,18,15,11600089_F_GLPhantomGlove.gltf,11600089_c_glphantomglove_d.png,11600089_c_glphantomglove_c.png,0,
11680093,불멸의 에네스 글러브,11600093,63,59,51,20,18,15,11600093_F_GLEnesGlove.gltf,11600093_c_glenesglove_d.png,11600093_c_glenesglove_c.png,0,
11680286,흉포의 마법사 장갑,11600024,63,59,51,20,18,15,11600022_F_GLStarlightHandGuard.gltf,11600022_c_glstarlighthandguard_d.png,11600022_c_glstarlighthandguard_c.png,0,
11680287,흉포의 궁수 장갑,11600033,63,59,51,20,18,15,11600034_F_BattleScaler.gltf,11600034_c_battlescaler_d.png,11600034_c_battlescaler_c.png,0,
11680288,흉포의 도적 장갑,11600015,63,59,51,20,18,15,11600044_F_GLCrossPirate.gltf,11600044_c_glcrosspirate_d.png,11600044_c_glcrosspirate_c.png,0,
11680289,탐식의 추적자 글러브,11600090,63,59,51,20,18,15,11600090_F_GLChaserGlove.gltf,11600090_c_glchaserglove_d.png,11600090_c_glchaserglove_c.png,0,
11680290,탐식의 스터드 글러브,11600092,63,59,51,20,18,15,11600092_F_GLStuddedGlove.gltf,11600092_c_glstuddedglove_d.png,11600092_c_glstuddedglove_c.png,0,
11680291,탐식의 플라이트 글러브,11600094,63,59,51,20,18,15,11600094_F_GLFlightGlove.gltf,11600094_c_glflightglove_d.png,11600094_c_glflightglove_c.png,0,
11680292,탐식의 시피르 글러브,11600095,63,59,51,20,18,15,11600095_F_GLSurfireGlove.gltf,11600095_c_glsurfireglove_d.png,11600095_c_glsurfireglove_c.png,0,
11680293,탐식의 금룡갑,11600096,63,59,51,20,18,15,11600096_F_GLGoldDragonGlove.gltf,11600096_c_glgolddragonglove_d.png,11600096_c_glgolddragonglove_c.png,0,
11680294,탐식의 아쿠아 글러브,11600097,63,59,51,20,18,15,11600097_F_GLAquaGlove.gltf,11600097_c_glaquaglove_d.png,11600097_c_glaquaglove_c.png,0,
11680295,탐식의 가디언 건틀렛,11600098,63,59,51,20,18,15,11600098_F_GLGuardianGauntlet.gltf,11600098_c_glguardiangauntlet_d.png,11600098_c_glguardiangauntlet_c.png,0,
11680296,탐식의 프렌지 글러브,11600099,63,59,51,20,18,15,11600099_F_GLFrenzyGlove.gltf,11600099_c_glfrenzyglove_d.png,11600099_c_glfrenzyglove_c.png,0,
11680389,탐식의 트리밍 글러브,11600375,63,59,51,20,18,15,11600375_F_GLRuneBlader03.gltf,11600375_c_glruneblader03_d.png,11600375_c_glruneblader03_c.png,0,
11680390,불멸의 보이드 글러브,11600376,63,59,51,20,18,15,11600376_F_GLRuneBlader04.gltf,11600376_c_glruneblader04_d.png,11600376_c_glruneblader04_c.png,0,
11680536,흉포의 격투가 장갑,11600488,63,59,51,20,18,15,11600488_F_GLFighter06.gltf,11600488_c_glfighter06_d.png,11600488_c_glfighter06_c.png,0,
11680537,탐식의 격투가 장갑,11600491,63,59,51,20,18,15,11600491_F_GLFighter09.gltf,11600491_c_glfighter09_d.png,11600491_c_glfighter09_c.png,0,
11680538,불멸의 격투 장갑,11600445,63,59,51,20,18,15,11600445_F_GLStriker01.gltf,11600445_c_glstriker01_d.png,11600445_c_glstriker01_c.png,0,
11680580,탐식의 기공사 장갑,11600491,63,59,51,20,18,15,11600491_F_GLFighter09.gltf,11600491_c_glfighter09_d.png,11600491_c_glfighter09_c.png,0,
11680581,불멸의 기공 장갑,11600451,63,59,51,20,18,15,11600451_F_GLSoulbinder01.gltf,11600451_c_glsoulbinder01_d.png,11600451_c_glsoulbinder01_c.png,0,
11680839,리버스 뱀브레이스,11600813,63,59,51,20,18,15,11600813_F_GLReverseRaidA01.gltf,11600813_c_glreverseraida01_d.png,11600813_c_glreverseraida01_c.png,0,
11681064,엘리트 어드벤쳐 배틀 글러브 (나이트),11609996,63,59,51,20,18,15,11600002_F_GLSilverOrihalcon.gltf,11600002_c_glsilverorihalcon_d.png,11600002_c_glsilverorihalcon_d.png,0,
11681065,엘리트 어드벤쳐 배틀 글러브 (버서커),11609996,63,59,51,20,18,15,11600002_F_GLSilverOrihalcon.gltf,11600002_c_glsilverorihalcon_d.png,11600002_c_glsilverorihalcon_d.png,0,
11681066,엘리트 어드벤쳐 매직 슬리브 (위자드),11600052,63,59,51,20,18,15,11600007_F_GLSilkWarmer.gltf,11600007_c_glsilkwarmer_d.png,11600007_c_glsilkwarmer_c.png,0,
11681067,엘리트 어드벤쳐 매직 슬리브 (프리스트),11600052,63,59,51,20,18,15,11600007_F_GLSilkWarmer.gltf,11600007_c_glsilkwarmer_d.png,11600007_c_glsilkwarmer_c.png,0,
11681068,엘리트 어드벤쳐 스카우트 글러브 (레인저),11600083,63,59,51,20,18,15,11600083_F_GLMilitiaGlove.gltf,11600083_c_glmilitiaglove_d.png,11600083_c_glmilitiaglove_d.png,0,
11681069,엘리트 어드벤쳐 스카우트 글러브 (헤비거너),11600083,63,59,51,20,18,15,11600083_F_GLMilitiaGlove.gltf,11600083_c_glmilitiaglove_d.png,11600083_c_glmilitiaglove_d.png,0,
11681070,엘리트 어드벤쳐 스니킹 뱅글 (시프),11600081,63,59,51,20,18,15,11600081_F_GLChineseGlove.gltf,11600081_c_glchineseglove_d.png,11600081_c_glchineseglove_c.png,0,
11681071,엘리트 어드벤쳐 스니킹 뱅글 (어쌔신),11600081,63,59,51,20,18,15,11600081_F_GLChineseGlove.gltf,11600081_c_glchineseglove_d.png,11600081_c_glchineseglove_c.png,0,
11681072,엘리트 어드벤쳐 배틀 글러브 (룬블레이더),11609996,63,59,51,20,18,15,11600002_F_GLSilverOrihalcon.gltf,11600002_c_glsilverorihalcon_d.png,11600002_c_glsilverorihalcon_d.png,0,
11681073,엘리트 어드벤쳐 마샬 글러브 (스트라이커),11600489,63,59,51,20,18,15,11600489_F_GLFighter07.gltf,11600489_c_glfighter07_d.png,11600489_c_glfighter07_c.png,0,
11681074,엘리트 어드벤쳐 마샬 글러브 (소울바인더),11600489,63,59,51,20,18,15,11600489_F_GLFighter07.gltf,11600489_c_glfighter07_d.png,11600489_c_glfighter07_c.png,0,
11681233,타이렌 로열 글러브,11601159,63,59,51,20,18,15,11601159_F_GLLappenshad01.gltf,11601159_c_gllappenshad01_d.png,11601159_c_gllappenshad01_c.png,0,
11690040,다크 스위프트 핸드가드,11600040,63,59,51,20,18,15,11600049_F_GLDarkSwiftHandguard.gltf,11600049_c_gldarkswifthandgaurd_d.png,11600049_c_gldarkswifthandgaurd_d.png,0,
11690044,샤이닝 위자드리 암슬리브,11600044,63,59,51,20,18,15,11600041_F_GLShiningWizardryArmSleeve.gltf,11600041_c_glshiningwizardryarmsleeve_d.png,11600041_c_glshiningwizardryarmsleeve_c.png,0,
11690045,나이티지 리스트 가드,11600045,63,59,51,20,18,15,11600045_F_GLKnightageWristGuard.gltf,11600045_c_glknightagewristguard_d.png,11600045_c_glknightagewristguard_c.png,0,
11690047,사지타리우스 카프 글러브,11600047,63,59,51,20,18,15,11600047_F_GLSagittariusCarpglove.gltf,11600047_c_glsagittariuscarpglove_d.png,11600047_c_glsagittariuscarpglove_c.png,0,
11690048,프로스토 데우스 글러브,11600048,63,59,51,20,18,15,11600048_F_GLProstoDeusGlove.gltf,11600048_c_glprostodeusglove_d.png,11600048_c_glprostodeusglove_c.png,0,
11690049,쉐도우 스파이크 너클,11600049,63,59,51,20,18,15,11600049_F_shadowSpike.gltf,11600049_c_shadowspike_d.png,11600049_c_shadowspike_c.png,0,
11690050,디멘티드 글러브,11600050,63,59,51,20,18,15,11600050_F_GLDementedGlove.gltf,11600050_c_gldementedglove_d.png,11600050_c_gldementedglove_c.png,0,
11690051,펑키드 글러브,11600051,63,59,51,20,18,15,11600051_F_CLPunkKidGlove.gltf,11600051_c_glpunkkidglove_d.png,11600051_c_glpunkkidglove_c.png,0,
11690052,에스더 워머,11600052,63,59,51,20,18,15,11600007_F_GLSilkWarmer.gltf,11600007_c_glsilkwarmer_d.png,11600007_c_glsilkwarmer_c.png,0,
11690081,차이나 글러브,11600081,63,59,51,20,18,15,11600081_F_GLChineseGlove.gltf,11600081_c_glchineseglove_d.png,11600081_c_glchineseglove_c.png,0,
11690082,방랑자 장갑,11600082,63,59,51,20,18,15,11600082_F_GLWandererGlove.gltf,11600082_c_glwandererglove_d.png,11600082_c_glwandererglove_d.png,0,
11690083,밀리샤 글러브,11600083,63,59,51,20,18,15,11600083_F_GLMilitiaGlove.gltf,11600083_c_glmilitiaglove_d.png,11600083_c_glmilitiaglove_d.png,0,
11690084,스켈레톤 글러브,11600084,63,59,51,20,18,15,11600084_F_GLSkeletonGlove.gltf,11600084_c_glskeletonglove_d.png,11600084_c_glskeletonglove_c.png,0,
11690085,파일럿 글러브,11600085,63,59,51,20,18,15,11600085_F_GLPilotGlove.gltf,11600085_c_glpilotglove_d.png,11600085_c_glpilotglove_c.png,0,
11690086,블러디 더스크 건틀렛,11600086,63,59,51,20,18,15,11600086_F_GLBloodyDuskGauntlet.gltf,11600086_c_glbloodyduskgauntlet_d.png,11600086_c_glbloodyduskgauntlet_c.png,0,
11690087,세비어즈 글러브,11600087,63,59,51,20,18,15,11600087_F_GLSaviorsGlove.gltf,11600087_c_glsaviorsglove_d.png,11600087_c_glsaviorsglove_c.png,0,
11690089,팬텀 글러브,11600089,63,59,51,20,18,15,11600089_F_GLPhantomGlove.gltf,11600089_c_glphantomglove_d.png,11600089_c_glphantomglove_c.png,0,
11690093,에네스 글러브,11600093,63,59,51,20,18,15,11600093_F_GLEnesGlove.gltf,11600093_c_glenesglove_d.png,11600093_c_glenesglove_c.png,0,
11690112,호루스 건틀릿,11600112,63,59,51,20,18,15,11600112_F_GLHorusGauntlet.gltf,11600112_c_glhorusgauntlet_d.png,11600112_c_glhorusgauntlet_d.png,0,
11690113,그리피나 건틀릿,11600113,63,59,51,20,18,15,11600113_F_GLGriffinaGauntlet.gltf,11600113_c_glgriffinagauntlet_d.png,11600113_c_glgriffinagauntlet_d.png,0,
11690116,데보라크의 장갑,11600116,63,59,51,20,18,15,11600116_F_GLDevoracGlove.gltf,11600116_c_gldevoracglove_d.png,11600116_c_gldevoracglove_d.png,0,
11690286,흉포한 마법사 장갑,11600024,63,59,51,20,18,15,11600022_F_GLStarlightHandGuard.gltf,11600022_c_glstarlighthandguard_d.png,11600022_c_glstarlighthandguard_c.png,0,
11690287,흉포한 궁수 장갑,11600033,63,59,51,20,18,15,11600034_F_BattleScaler.gltf,11600034_c_battlescaler_d.png,11600034_c_battlescaler_c.png,0,
11690288,흉포한 도적 장갑,11600015,63,59,51,20,18,15,11600044_F_GLCrossPirate.gltf,11600044_c_glcrosspirate_d.png,11600044_c_glcrosspirate_c.png,0,
11690301,피로스 파드의 장갑,11600096,63,59,51,20,18,15,11600096_F_GLGoldDragonGlove.gltf,11600096_c_glgolddragonglove_d.png,11600096_c_glgolddragonglove_c.png,0,
11690302,마크52 오메가의 장갑,11600098,63,59,51,20,18,15,11600098_F_GLGuardianGauntlet.gltf,11600098_c_glguardiangauntlet_d.png,11600098_c_glguardiangauntlet_c.png,0,
11690345,그림자술사의 장갑,11600116,63,59,51,20,18,15,11600116_F_GLDevoracGlove.gltf,11600116_c_gldevoracglove_d.png,11600116_c_gldevoracglove_d.png,0,
11690390,새벽의 보이드 글러브,11600376,63,59,51,20,18,15,11600376_F_GLRuneBlader04.gltf,11600376_c_glruneblader04_d.png,11600376_c_glruneblader04_c.png,0,
11690391,검은 불꽃의 데크 글러브,11600377,63,59,51,20,18,15,11600377_F_GLRuneBlader05.gltf,11600377_c_glruneblader05_d.png,11600377_c_glruneblader05_c.png,0,
11690392,루미 드 코르 건틀렛,11600349,63,59,51,20,18,15,11600349_F_GLDragonScalesGauntlet.gltf,11600349_c_gldragonscalesgauntlet_d.png,11600349_c_gldragonscalesgauntlet_c.png,0,
11690393,루미 드 라비에르 건틀렛,11600349,63,59,51,20,18,15,11600349_F_GLDragonScalesGauntlet.gltf,11600349_c_gldragonscalesgauntlet_d.png,11600349_c_gldragonscalesgauntlet_c.png,0,
11690394,루미 드 마기아 아대,11600350,63,59,51,20,18,15,11600350_F_GLAngelicTelaWristGuard.gltf,11600350_c_glangelictelawristguard_d.png,11600350_c_glangelictelawristguard_c.png,0,
11690395,루미 드 데우스 아대,11600350,63,59,51,20,18,15,11600350_F_GLAngelicTelaWristGuard.gltf,11600350_c_glangelictelawristguard_d.png,11600350_c_glangelictelawristguard_c.png,0,
11690396,루미 드 테로 글러브,11600351,63,59,51,20,18,15,11600351_F_GLPadlockCueroGlove.gltf,11600351_c_glpadlockcueroglove_d.png,11600351_c_glpadlockcueroglove_d.png,0,
11690397,루미 드 리브라토 글러브,11600351,63,59,51,20,18,15,11600351_F_GLPadlockCueroGlove.gltf,11600351_c_glpadlockcueroglove_d.png,11600351_c_glpadlockcueroglove_d.png,0,
11690398,루미 드 에레보스 글러브,11600352,63,59,51,20,18,15,11600352_F_GLBuckledStrapGlove.gltf,11600352_c_glbuckledstrapglove_d.png,11600352_c_glbuckledstrapglove_c.png,0,
11690399,루미 드 시카 글러브,11600352,63,59,51,20,18,15,11600352_F_GLBuckledStrapGlove.gltf,11600352_c_glbuckledstrapglove_d.png,11600352_c_glbuckledstrapglove_c.png,0,
11690400,루미 드 폴루스 건틀렛,11600349,63,59,51,20,18,15,11600349_F_GLDragonScalesGauntlet.gltf,11600349_c_gldragonscalesgauntlet_d.png,11600349_c_gldragonscalesgauntlet_c.png,0,
11690401,광포한 전투 장갑,11600962,63,59,51,20,18,15,11600962_F_GLFury.gltf,11600962_c_glfury_d.png,11600962_c_glfury_c.png,0,
11690402,광포한 광란 장갑,11600962,63,59,51,20,18,15,11600962_F_GLFury.gltf,11600962_c_glfury_d.png,11600962_c_glfury_c.png,0,
11690403,광포한 마법 장갑,11600962,63,59,51,20,18,15,11600962_F_GLFury.gltf,11600962_c_glfury_d.png,11600962_c_glfury_c.png,0,
11690404,광포한 신성 장갑,11600962,63,59,51,20,18,15,11600962_F_GLFury.gltf,11600962_c_glfury_d.png,11600962_c_glfury_c.png,0,
11690405,광포한 집중 장갑,11600962,63,59,51,20,18,15,11600962_F_GLFury.gltf,11600962_c_glfury_d.png,11600962_c_glfury_c.png,0,
11690406,광포한 포격 장갑,11600962,63,59,51,20,18,15,11600962_F_GLFury.gltf,11600962_c_glfury_d.png,11600962_c_glfury_c.png,0,
11690407,광포한 혼란 장갑,11600962,63,59,51,20,18,15,11600962_F_GLFury.gltf,11600962_c_glfury_d.png,11600962_c_glfury_c.png,0,
11690408,광포한 암살 장갑,11600962,63,59,51,20,18,15,11600962_F_GLFury.gltf,11600962_c_glfury_d.png,11600962_c_glfury_c.png,0,
11690409,광포한 주술 장갑,11600962,63,59,51,20,18,15,11600962_F_GLFury.gltf,11600962_c_glfury_d.png,11600962_c_glfury_c.png,0,
11690536,흉포한 격투가 장갑,11600488,63,59,51,20,18,15,11600488_F_GLFighter06.gltf,11600488_c_glfighter06_d.png,11600488_c_glfighter06_c.png,0,
11690538,새벽의 격투 장갑,11600445,63,59,51,20,18,15,11600445_F_GLStriker01.gltf,11600445_c_glstriker01_d.png,11600445_c_glstriker01_c.png,0,
11690539,검은 불꽃의 격투 장갑,11600448,63,59,51,20,18,15,11600448_F_GLStriker04.gltf,11600448_c_glstriker04_d.png,11600448_c_glstriker04_c.png,0,
11690545,광포한 난투 장갑,11600962,63,59,51,20,18,15,11600962_F_GLFury.gltf,11600962_c_glfury_d.png,11600962_c_glfury_c.png,0,
11690552,루미 드 마누스 장갑,11600450,63,59,51,20,18,15,11600450_F_GLStriker06.gltf,11600450_c_glstriker06_d.png,11600450_c_glstriker06_c.png,0,
11690581,새벽의 기공 장갑,11600451,63,59,51,20,18,15,11600451_F_GLSoulbinder01.gltf,11600451_c_glsoulbinder01_d.png,11600451_c_glsoulbinder01_c.png,0,
11690582,검은 불꽃의 기공 장갑,11600454,63,59,51,20,18,15,11600454_F_GLSoulbinder04.gltf,11600454_c_glsoulbinder04_d.png,11600454_c_glsoulbinder04_c.png,0,
11690584,광포한 의식 장갑,11600962,63,59,51,20,18,15,11600962_F_GLFury.gltf,11600962_c_glfury_d.png,11600962_c_glfury_c.png,0,
11690588,루미 드 애니마르 장갑,11600456,63,59,51,20,18,15,11600456_F_GLSoulbinder06.gltf,11600456_c_glsoulbinder06_d.png,11600456_c_glsoulbinder06_c.png,0,
11690596,나르바샨의 전투 장갑,11600432,63,59,51,20,18,15,11600432_F_GLWarriorClassSetGloves01.gltf,11600432_c_glwarriorclasssetgloves01_d.png,11600432_c_glwarriorclasssetgloves01_c.png,0,
11690597,나르바샨의 광란 장갑,11600432,63,59,51,20,18,15,11600432_F_GLWarriorClassSetGloves01.gltf,11600432_c_glwarriorclasssetgloves01_d.png,11600432_c_glwarriorclasssetgloves01_c.png,0,
11690598,나르바샨의 마법 장갑,11600433,63,59,51,20,18,15,11600433_F_GLMageClassSetGloves01.gltf,11600433_c_glmageclasssetgloves01_d.png,11600433_c_glmageclasssetgloves01_c.png,0,
11690599,나르바샨의 신성 장갑,11600433,63,59,51,20,18,15,11600433_F_GLMageClassSetGloves01.gltf,11600433_c_glmageclasssetgloves01_d.png,11600433_c_glmageclasssetgloves01_c.png,0,
11690600,나르바샨의 집중 장갑,11600434,63,59,51,20,18,15,11600434_F_GLHunterClassSetGloves01.gltf,11600434_c_glhunterclasssetgloves01_d.png,11600434_c_glhunterclasssetgloves01_c.png,0,
11690601,나르바샨의 포격 장갑,11600434,63,59,51,20,18,15,11600434_F_GLHunterClassSetGloves01.gltf,11600434_c_glhunterclasssetgloves01_d.png,11600434_c_glhunterclasssetgloves01_c.png,0,
11690602,나르바샨의 혼란 장갑,11600435,63,59,51,20,18,15,11600435_F_GLBrigandClassSetGloves01.gltf,11600435_c_glbrigandclasssetgloves01_d.png,11600435_c_glbrigandclasssetgloves01_c.png,0,
11690603,나르바샨의 암살 장갑,11600435,63,59,51,20,18,15,11600435_F_GLBrigandClassSetGloves01.gltf,11600435_c_glbrigandclasssetgloves01_d.png,11600435_c_glbrigandclasssetgloves01_c.png,0,
11690604,나르바샨의 주술 장갑,11600432,63,59,51,20,18,15,11600432_F_GLWarriorClassSetGloves01.gltf,11600432_c_glwarriorclasssetgloves01_d.png,11600432_c_glwarriorclasssetgloves01_c.png,0,
11690605,나르바샨의 난투 장갑,11600575,63,59,51,20,18,15,11600575_F_GLFighter10.gltf,11600575_c_glfighter10_d.png,11600575_c_glfighter10_c.png,0,
11690606,나르바샨의 의식 장갑,11600575,63,59,51,20,18,15,11600575_F_GLFighter10.gltf,11600575_c_glfighter10_d.png,11600575_c_glfighter10_c.png,0,
11690618,극한의 전투 장갑,11600961,63,59,51,20,18,15,11600961_F_GLLimit.gltf,11600961_c_gllimit_d.png,11600961_c_gllimit_c.png,0,
11690619,극한의 광란 장갑,11600961,63,59,51,20,18,15,11600961_F_GLLimit.gltf,11600961_c_gllimit_d.png,11600961_c_gllimit_c.png,0,
11690620,극한의 마법 장갑,11600961,63,59,51,20,18,15,11600961_F_GLLimit.gltf,11600961_c_gllimit_d.png,11600961_c_gllimit_c.png,0,
11690621,극한의 신성 장갑,11600961,63,59,51,20,18,15,11600961_F_GLLimit.gltf,11600961_c_gllimit_d.png,11600961_c_gllimit_c.png,0,
11690622,극한의 집중 장갑,11600961,63,59,51,20,18,15,11600961_F_GLLimit.gltf,11600961_c_gllimit_d.png,11600961_c_gllimit_c.png,0,
11690623,극한의 포격 장갑,11600961,63,59,51,20,18,15,11600961_F_GLLimit.gltf,11600961_c_gllimit_d.png,11600961_c_gllimit_c.png,0,
11690624,극한의 혼란 장갑,11600961,63,59,51,20,18,15,11600961_F_GLLimit.gltf,11600961_c_gllimit_d.png,11600961_c_gllimit_c.png,0,
11690625,극한의 암살 장갑,11600961,63,59,51,20,18,15,11600961_F_GLLimit.gltf,11600961_c_gllimit_d.png,11600961_c_gllimit_c.png,0,
11690626,극한의 주술 장갑,11600961,63,59,51,20,18,15,11600961_F_GLLimit.gltf,11600961_c_gllimit_d.png,11600961_c_gllimit_c.png,0,
11690627,극한의 난투 장갑,11600961,63,59,51,20,18,15,11600961_F_GLLimit.gltf,11600961_c_gllimit_d.png,11600961_c_gllimit_c.png,0,
11690628,극한의 의식 장갑,11600961,63,59,51,20,18,15,11600961_F_GLLimit.gltf,11600961_c_gllimit_d.png,11600961_c_gllimit_c.png,0,
11690640,탐식의 가디언 건틀렛,11600098,63,59,51,20,18,15,11600098_F_GLGuardianGauntlet.gltf,11600098_c_glguardiangauntlet_d.png,11600098_c_glguardiangauntlet_c.png,0,
11690641,탐식의 프렌지 글러브,11600099,63,59,51,20,18,15,11600099_F_GLFrenzyGlove.gltf,11600099_c_glfrenzyglove_d.png,11600099_c_glfrenzyglove_c.png,0,
11690642,탐식의 아쿠아 글러브,11600097,63,59,51,20,18,15,11600097_F_GLAquaGlove.gltf,11600097_c_glaquaglove_d.png,11600097_c_glaquaglove_c.png,0,
11690643,탐식의 시피르 글러브,11600095,63,59,51,20,18,15,11600095_F_GLSurfireGlove.gltf,11600095_c_glsurfireglove_d.png,11600095_c_glsurfireglove_c.png,0,
11690644,탐식의 추적자 글러브,11600090,63,59,51,20,18,15,11600090_F_GLChaserGlove.gltf,11600090_c_glchaserglove_d.png,11600090_c_glchaserglove_c.png,0,
11690645,탐식의 플라이트 글러브,11600094,63,59,51,20,18,15,11600094_F_GLFlightGlove.gltf,11600094_c_glflightglove_d.png,11600094_c_glflightglove_c.png,0,
11690646,탐식의 스터드 글러브,11600092,63,59,51,20,18,15,11600092_F_GLStuddedGlove.gltf,11600092_c_glstuddedglove_d.png,11600092_c_glstuddedglove_c.png,0,
11690647,탐식의 금룡갑,11600096,63,59,51,20,18,15,11600096_F_GLGoldDragonGlove.gltf,11600096_c_glgolddragonglove_d.png,11600096_c_glgolddragonglove_c.png,0,
11690648,탐식의 트리밍 글러브,11600375,63,59,51,20,18,15,11600375_F_GLRuneBlader03.gltf,11600375_c_glruneblader03_d.png,11600375_c_glruneblader03_c.png,0,
11690649,탐식의 격투가 장갑,11600491,63,59,51,20,18,15,11600491_F_GLFighter09.gltf,11600491_c_glfighter09_d.png,11600491_c_glfighter09_c.png,0,
11690650,탐식의 기공사 장갑,11600491,63,59,51,20,18,15,11600491_F_GLFighter09.gltf,11600491_c_glfighter09_d.png,11600491_c_glfighter09_c.png,0,
11690651,룬의 전투 장갑,11600349,63,59,51,20,18,15,11600349_F_GLDragonScalesGauntlet.gltf,11600349_c_gldragonscalesgauntlet_d.png,11600349_c_gldragonscalesgauntlet_c.png,0,
11690652,룬의 광란 장갑,11600349,63,59,51,20,18,15,11600349_F_GLDragonScalesGauntlet.gltf,11600349_c_gldragonscalesgauntlet_d.png,11600349_c_gldragonscalesgauntlet_c.png,0,
11690653,룬의 마법 장갑,11600350,63,59,51,20,18,15,11600350_F_GLAngelicTelaWristGuard.gltf,11600350_c_glangelictelawristguard_d.png,11600350_c_glangelictelawristguard_c.png,0,
11690654,룬의 신성 장갑,11600350,63,59,51,20,18,15,11600350_F_GLAngelicTelaWristGuard.gltf,11600350_c_glangelictelawristguard_d.png,11600350_c_glangelictelawristguard_c.png,0,
11690655,룬의 집중 장갑,11600351,63,59,51,20,18,15,11600351_F_GLPadlockCueroGlove.gltf,11600351_c_glpadlockcueroglove_d.png,11600351_c_glpadlockcueroglove_d.png,0,
11690656,룬의 포격 장갑,11600351,63,59,51,20,18,15,11600351_F_GLPadlockCueroGlove.gltf,11600351_c_glpadlockcueroglove_d.png,11600351_c_glpadlockcueroglove_d.png,0,
11690657,룬의 혼란 장갑,11600352,63,59,51,20,18,15,11600352_F_GLBuckledStrapGlove.gltf,11600352_c_glbuckledstrapglove_d.png,11600352_c_glbuckledstrapglove_c.png,0,
11690658,룬의 암살 장갑,11600352,63,59,51,20,18,15,11600352_F_GLBuckledStrapGlove.gltf,11600352_c_glbuckledstrapglove_d.png,11600352_c_glbuckledstrapglove_c.png,0,
11690659,룬의 주술 장갑,11600349,63,59,51,20,18,15,11600349_F_GLDragonScalesGauntlet.gltf,11600349_c_gldragonscalesgauntlet_d.png,11600349_c_gldragonscalesgauntlet_c.png,0,
11690660,룬의 난투 장갑,11600450,63,59,51,20,18,15,11600450_F_GLStriker06.gltf,11600450_c_glstriker06_d.png,11600450_c_glstriker06_c.png,0,
11690661,룬의 의식 장갑,11600456,63,59,51,20,18,15,11600456_F_GLSoulbinder06.gltf,11600456_c_glsoulbinder06_d.png,11600456_c_glsoulbinder06_c.png,0,
11690662,정교한 광란 장갑,11600432,63,59,51,20,18,15,11600432_F_GLWarriorClassSetGloves01.gltf,11600432_c_glwarriorclasssetgloves01_d.png,11600432_c_glwarriorclasssetgloves01_c.png,0,
11690663,정교한 난투 장갑,11600575,63,59,51,20,18,15,11600575_F_GLFighter10.gltf,11600575_c_glfighter10_d.png,11600575_c_glfighter10_c.png,0,
11690664,정교한 마법 장갑,11600433,63,59,51,20,18,15,11600433_F_GLMageClassSetGloves01.gltf,11600433_c_glmageclasssetgloves01_d.png,11600433_c_glmageclasssetgloves01_c.png,0,
11690665,정교한 신성 장갑,11600433,63,59,51,20,18,15,11600433_F_GLMageClassSetGloves01.gltf,11600433_c_glmageclasssetgloves01_d.png,11600433_c_glmageclasssetgloves01_c.png,0,
11690666,정교한 암살 장갑,11600435,63,59,51,20,18,15,11600435_F_GLBrigandClassSetGloves01.gltf,11600435_c_glbrigandclasssetgloves01_d.png,11600435_c_glbrigandclasssetgloves01_c.png,0,
11690667,정교한 의식 장갑,11600575,63,59,51,20,18,15,11600575_F_GLFighter10.gltf,11600575_c_glfighter10_d.png,11600575_c_glfighter10_c.png,0,
11690668,정교한 전투 장갑,11600432,63,59,51,20,18,15,11600432_F_GLWarriorClassSetGloves01.gltf,11600432_c_glwarriorclasssetgloves01_d.png,11600432_c_glwarriorclasssetgloves01_c.png,0,
11690669,정교한 주술 장갑,11600432,63,59,51,20,18,15,11600432_F_GLWarriorClassSetGloves01.gltf,11600432_c_glwarriorclasssetgloves01_d.png,11600432_c_glwarriorclasssetgloves01_c.png,0,
11690670,정교한 집중 장갑,11600434,63,59,51,20,18,15,11600434_F_GLHunterClassSetGloves01.gltf,11600434_c_glhunterclasssetgloves01_d.png,11600434_c_glhunterclasssetgloves01_c.png,0,
11690671,정교한 포격 장갑,11600434,63,59,51,20,18,15,11600434_F_GLHunterClassSetGloves01.gltf,11600434_c_glhunterclasssetgloves01_d.png,11600434_c_glhunterclasssetgloves01_c.png,0,
11690672,정교한 혼란 장갑,11600435,63,59,51,20,18,15,11600435_F_GLBrigandClassSetGloves01.gltf,11600435_c_glbrigandclasssetgloves01_d.png,11600435_c_glbrigandclasssetgloves01_c.png,0,
11690695,루미에라곤 전투 장갑,11600578,63,59,51,20,18,15,11600578_F_GLDarkSteel.gltf,11600578_c_gldarksteel_d.png,11600578_c_gldarksteel_c.png,0,
11690696,루미에라곤 광란 장갑,11600578,63,59,51,20,18,15,11600578_F_GLDarkSteel.gltf,11600578_c_gldarksteel_d.png,11600578_c_gldarksteel_c.png,0,
11690697,루미에라곤 마법 장갑,11600578,63,59,51,20,18,15,11600578_F_GLDarkSteel.gltf,11600578_c_gldarksteel_d.png,11600578_c_gldarksteel_c.png,0,
11690698,루미에라곤 신성 장갑,11600578,63,59,51,20,18,15,11600578_F_GLDarkSteel.gltf,11600578_c_gldarksteel_d.png,11600578_c_gldarksteel_c.png,0,
11690699,루미에라곤 집중 장갑,11600578,63,59,51,20,18,15,11600578_F_GLDarkSteel.gltf,11600578_c_gldarksteel_d.png,11600578_c_gldarksteel_c.png,0,
11690700,루미에라곤 포격 장갑,11600578,63,59,51,20,18,15,11600578_F_GLDarkSteel.gltf,11600578_c_gldarksteel_d.png,11600578_c_gldarksteel_c.png,0,
11690701,루미에라곤 혼란 장갑,11600578,63,59,51,20,18,15,11600578_F_GLDarkSteel.gltf,11600578_c_gldarksteel_d.png,11600578_c_gldarksteel_c.png,0,
11690702,루미에라곤 암살 장갑,11600578,63,59,51,20,18,15,11600578_F_GLDarkSteel.gltf,11600578_c_gldarksteel_d.png,11600578_c_gldarksteel_c.png,0,
11690703,루미에라곤 주술 장갑,11600578,63,59,51,20,18,15,11600578_F_GLDarkSteel.gltf,11600578_c_gldarksteel_d.png,11600578_c_gldarksteel_c.png,0,
11690704,루미에라곤 난투 장갑,11600578,63,59,51,20,18,15,11600578_F_GLDarkSteel.gltf,11600578_c_gldarksteel_d.png,11600578_c_gldarksteel_c.png,0,
11690705,루미에라곤 의식 장갑,11600578,63,59,51,20,18,15,11600578_F_GLDarkSteel.gltf,11600578_c_gldarksteel_d.png,11600578_c_gldarksteel_c.png,0,
11690839,리버스 나이트 컴뱃글러브 (LV50),11600630,63,59,51,20,18,15,11600630_F_GLBrightStar.gltf,11600630_c_glbrightstar_d.png,11600630_c_glbrightstar_c.png,0,
11690840,리버스 버서커 컴뱃글러브 (LV50),11600630,63,59,51,20,18,15,11600630_F_GLBrightStar.gltf,11600630_c_glbrightstar_d.png,11600630_c_glbrightstar_c.png,0,
11690841,리버스 위자드 컴뱃글러브 (LV50),11600630,63,59,51,20,18,15,11600630_F_GLBrightStar.gltf,11600630_c_glbrightstar_d.png,11600630_c_glbrightstar_c.png,0,
11690842,리버스 프리스트 컴뱃글러브 (LV50),11600630,63,59,51,20,18,15,11600630_F_GLBrightStar.gltf,11600630_c_glbrightstar_d.png,11600630_c_glbrightstar_c.png,0,
11690843,리버스 레인저 컴뱃글러브 (LV50),11600630,63,59,51,20,18,15,11600630_F_GLBrightStar.gltf,11600630_c_glbrightstar_d.png,11600630_c_glbrightstar_c.png,0,
11690844,리버스 헤비거너 컴뱃글러브 (LV50),11600630,63,59,51,20,18,15,11600630_F_GLBrightStar.gltf,11600630_c_glbrightstar_d.png,11600630_c_glbrightstar_c.png,0,
11690845,리버스 시프 컴뱃글러브 (LV50),11600630,63,59,51,20,18,15,11600630_F_GLBrightStar.gltf,11600630_c_glbrightstar_d.png,11600630_c_glbrightstar_c.png,0,
11690846,리버스 어쌔신 컴뱃글러브 (LV50),11600630,63,59,51,20,18,15,11600630_F_GLBrightStar.gltf,11600630_c_glbrightstar_d.png,11600630_c_glbrightstar_c.png,0,
11690847,리버스 룬 블레이더 컴뱃글러브 (LV50),11600630,63,59,51,20,18,15,11600630_F_GLBrightStar.gltf,11600630_c_glbrightstar_d.png,11600630_c_glbrightstar_c.png,0,
11690848,리버스 스트라이커 컴뱃글러브 (LV50),11600630,63,59,51,20,18,15,11600630_F_GLBrightStar.gltf,11600630_c_glbrightstar_d.png,11600630_c_glbrightstar_c.png,0,
11690849,리버스 소울바인더 컴뱃글러브 (LV50),11600630,63,59,51,20,18,15,11600630_F_GLBrightStar.gltf,11600630_c_glbrightstar_d.png,11600630_c_glbrightstar_c.png,0,
11690850,리버스 나이트 컴뱃글러브 (LV56),11600630,63,59,51,20,18,15,11600630_F_GLBrightStar.gltf,11600630_c_glbrightstar_d.png,11600630_c_glbrightstar_c.png,0,
11690851,리버스 버서커 컴뱃글러브 (LV56),11600630,63,59,51,20,18,15,11600630_F_GLBrightStar.gltf,11600630_c_glbrightstar_d.png,11600630_c_glbrightstar_c.png,0,
11690852,리버스 위자드 컴뱃글러브 (LV56),11600630,63,59,51,20,18,15,11600630_F_GLBrightStar.gltf,11600630_c_glbrightstar_d.png,11600630_c_glbrightstar_c.png,0,
11690853,리버스 프리스트 컴뱃글러브 (LV56),11600630,63,59,51,20,18,15,11600630_F_GLBrightStar.gltf,11600630_c_glbrightstar_d.png,11600630_c_glbrightstar_c.png,0,
11690854,리버스 레인저 컴뱃글러브 (LV56),11600630,63,59,51,20,18,15,11600630_F_GLBrightStar.gltf,11600630_c_glbrightstar_d.png,11600630_c_glbrightstar_c.png,0,
11690855,리버스 헤비거너 컴뱃글러브 (LV56),11600630,63,59,51,20,18,15,11600630_F_GLBrightStar.gltf,11600630_c_glbrightstar_d.png,11600630_c_glbrightstar_c.png,0,
11690856,리버스 시프 컴뱃글러브 (LV56),11600630,63,59,51,20,18,15,11600630_F_GLBrightStar.gltf,11600630_c_glbrightstar_d.png,11600630_c_glbrightstar_c.png,0,
11690857,리버스 어쌔신 컴뱃글러브 (LV56),11600630,63,59,51,20,18,15,11600630_F_GLBrightStar.gltf,11600630_c_glbrightstar_d.png,11600630_c_glbrightstar_c.png,0,
11690858,리버스 룬 블레이더 컴뱃글러브 (LV56),11600630,63,59,51,20,18,15,11600630_F_GLBrightStar.gltf,11600630_c_glbrightstar_d.png,11600630_c_glbrightstar_c.png,0,
11690859,리버스 스트라이커 컴뱃글러브 (LV56),11600630,63,59,51,20,18,15,11600630_F_GLBrightStar.gltf,11600630_c_glbrightstar_d.png,11600630_c_glbrightstar_c.png,0,
11690860,리버스 소울바인더 컴뱃글러브 (LV56),11600630,63,59,51,20,18,15,11600630_F_GLBrightStar.gltf,11600630_c_glbrightstar_d.png,11600630_c_glbrightstar_c.png,0,
11690872,안티크 에라곤 글러브,11600975,63,59,51,20,18,15,11600975_F_GLDarkStream.gltf,11600975_c_gldarkstream_d.png,11600975_c_gldarkstream_d.png,0,
11690873,타이렌 컴뱃 글러브,11600966,63,59,51,20,18,15,11600966_F_GLGiganTikaA01.gltf,11600966_c_glgigantikaa01_d.png,11600966_c_glgigantikaa01_c.png,0,
11690874,타이렌 커맨더 컴뱃 글러브,11600967,63,59,51,20,18,15,11600967_F_GLGiganTikaA02.gltf,11600967_c_glgigantikaa02_d.png,11600967_c_glgigantikaa02_c.png,0,
11690875,안티크 인페누크 핸드,11600999,63,59,51,20,18,15,11600999_F_GLBalrogB02.gltf,11600999_c_glbalrogb02_d.png,11600999_c_glbalrogb02_c.png,0,
11691004,완성된 힘의 전사 장갑,11609996,63,59,51,20,18,15,11600002_F_GLSilverOrihalcon.gltf,11600002_c_glsilverorihalcon_d.png,11600002_c_glsilverorihalcon_d.png,0,
11691005,완성된 힘의 마법사 장갑,11600052,63,59,51,20,18,15,11600007_F_GLSilkWarmer.gltf,11600007_c_glsilkwarmer_d.png,11600007_c_glsilkwarmer_c.png,0,
11691006,완성된 힘의 궁수 장갑,11600083,63,59,51,20,18,15,11600083_F_GLMilitiaGlove.gltf,11600083_c_glmilitiaglove_d.png,11600083_c_glmilitiaglove_d.png,0,
11691007,완성된 힘의 도적 장갑,11600081,63,59,51,20,18,15,11600081_F_GLChineseGlove.gltf,11600081_c_glchineseglove_d.png,11600081_c_glchineseglove_c.png,0,
11691008,완성된 힘의 격투가 장갑,11600489,63,59,51,20,18,15,11600489_F_GLFighter07.gltf,11600489_c_glfighter07_d.png,11600489_c_glfighter07_c.png,0,
11691009,완성된 힘의 기공사 장갑,11600489,63,59,51,20,18,15,11600489_F_GLFighter07.gltf,11600489_c_glfighter07_d.png,11600489_c_glfighter07_c.png,0,
11691019,브라이트 스타의 장갑,11600630,63,59,51,20,18,15,11600630_F_GLBrightStar.gltf,11600630_c_glbrightstar_d.png,11600630_c_glbrightstar_c.png,0,
11691030,크림슨 발록의 장갑,11600968,63,59,51,20,18,15,11600968_F_GLBalrogB01.gltf,11600968_c_glbalrogb01_d.png,11600968_c_glbalrogb01_c.png,0,
11691143,타이드 캡틴 글러브 (나이트),11600664,63,59,51,20,18,15,11600575_F_GLPirate.gltf,11600575_c_glpirate_d.png,11600575_c_glpirate_c.png,0,
11691144,타이드 캡틴 글러브 (버서커),11600664,63,59,51,20,18,15,11600575_F_GLPirate.gltf,11600575_c_glpirate_d.png,11600575_c_glpirate_c.png,0,
11691145,타이드 캡틴 글러브 (위자드),11600664,63,59,51,20,18,15,11600575_F_GLPirate.gltf,11600575_c_glpirate_d.png,11600575_c_glpirate_c.png,0,
11691146,타이드 캡틴 글러브 (프리스트),11600664,63,59,51,20,18,15,11600575_F_GLPirate.gltf,11600575_c_glpirate_d.png,11600575_c_glpirate_c.png,0,
11691147,타이드 캡틴 글러브 (레인저),11600664,63,59,51,20,18,15,11600575_F_GLPirate.gltf,11600575_c_glpirate_d.png,11600575_c_glpirate_c.png,0,
11691148,타이드 캡틴 글러브 (헤비거너),11600664,63,59,51,20,18,15,11600575_F_GLPirate.gltf,11600575_c_glpirate_d.png,11600575_c_glpirate_c.png,0,
11691149,타이드 캡틴 글러브 (시프),11600664,63,59,51,20,18,15,11600575_F_GLPirate.gltf,11600575_c_glpirate_d.png,11600575_c_glpirate_c.png,0,
11691150,타이드 캡틴 글러브 (어쌔신),11600664,63,59,51,20,18,15,11600575_F_GLPirate.gltf,11600575_c_glpirate_d.png,11600575_c_glpirate_c.png,0,
11691151,타이드 캡틴 글러브 (룬블레이더),11600664,63,59,51,20,18,15,11600575_F_GLPirate.gltf,11600575_c_glpirate_d.png,11600575_c_glpirate_c.png,0,
11691152,타이드 캡틴 글러브 (스트라이커),11600664,63,59,51,20,18,15,11600575_F_GLPirate.gltf,11600575_c_glpirate_d.png,11600575_c_glpirate_c.png,0,
11691153,타이드 캡틴 글러브 (소울바인더),11600664,63,59,51,20,18,15,11600575_F_GLPirate.gltf,11600575_c_glpirate_d.png,11600575_c_glpirate_c.png,0,
11691154,프론티어 글러브 (나이트),11600633,63,59,51,20,18,15,11600633_F_GLEmerald.gltf,11600633_c_glemerald_d.png,11600633_c_glemerald_c.png,0,
11691155,프론티어 글러브 (버서커),11600633,63,59,51,20,18,15,11600633_F_GLEmerald.gltf,11600633_c_glemerald_d.png,11600633_c_glemerald_c.png,0,
11691156,프론티어 글러브 (위자드),11600633,63,59,51,20,18,15,11600633_F_GLEmerald.gltf,11600633_c_glemerald_d.png,11600633_c_glemerald_c.png,0,
11691157,프론티어 글러브 (프리스트),11600633,63,59,51,20,18,15,11600633_F_GLEmerald.gltf,11600633_c_glemerald_d.png,11600633_c_glemerald_c.png,0,
11691158,프론티어 글러브 (레인저),11600633,63,59,51,20,18,15,11600633_F_GLEmerald.gltf,11600633_c_glemerald_d.png,11600633_c_glemerald_c.png,0,
11691159,프론티어 글러브 (헤비거너),11600633,63,59,51,20,18,15,11600633_F_GLEmerald.gltf,11600633_c_glemerald_d.png,11600633_c_glemerald_c.png,0,
11691160,프론티어 글러브 (시프),11600633,63,59,51,20,18,15,11600633_F_GLEmerald.gltf,11600633_c_glemerald_d.png,11600633_c_glemerald_c.png,0,
11691161,프론티어 글러브 (어쌔신),11600633,63,59,51,20,18,15,11600633_F_GLEmerald.gltf,11600633_c_glemerald_d.png,11600633_c_glemerald_c.png,0,
11691162,프론티어 글러브 (룬블레이더),11600633,63,59,51,20,18,15,11600633_F_GLEmerald.gltf,11600633_c_glemerald_d.png,11600633_c_glemerald_c.png,0,
11691163,프론티어 글러브 (스트라이커),11600633,63,59,51,20,18,15,11600633_F_GLEmerald.gltf,11600633_c_glemerald_d.png,11600633_c_glemerald_c.png,0,
11691164,프론티어 글러브 (소울바인더),11600633,63,59,51,20,18,15,11600633_F_GLEmerald.gltf,11600633_c_glemerald_d.png,11600633_c_glemerald_c.png,0,
11691165,윙드 데몬 브레이스 (나이트),11600629,63,59,51,20,18,15,11600629_F_GLDragon.gltf,11600629_c_gldragon_d.png,11600629_c_gldragon_c.png,0,
11691166,윙드 데몬 브레이스 (버서커),11600629,63,59,51,20,18,15,11600629_F_GLDragon.gltf,11600629_c_gldragon_d.png,11600629_c_gldragon_c.png,0,
11691167,윙드 데몬 브레이스 (위자드),11600629,63,59,51,20,18,15,11600629_F_GLDragon.gltf,11600629_c_gldragon_d.png,11600629_c_gldragon_c.png,0,
11691168,윙드 데몬 브레이스 (프리스트),11600629,63,59,51,20,18,15,11600629_F_GLDragon.gltf,11600629_c_gldragon_d.png,11600629_c_gldragon_c.png,0,
11691169,윙드 데몬 브레이스 (레인저),11600629,63,59,51,20,18,15,11600629_F_GLDragon.gltf,11600629_c_gldragon_d.png,11600629_c_gldragon_c.png,0,
11691170,윙드 데몬 브레이스 (헤비거너),11600629,63,59,51,20,18,15,11600629_F_GLDragon.gltf,11600629_c_gldragon_d.png,11600629_c_gldragon_c.png,0,
11691171,윙드 데몬 브레이스 (시프),11600629,63,59,51,20,18,15,11600629_F_GLDragon.gltf,11600629_c_gldragon_d.png,11600629_c_gldragon_c.png,0,
11691172,윙드 데몬 브레이스 (어쌔신),11600629,63,59,51,20,18,15,11600629_F_GLDragon.gltf,11600629_c_gldragon_d.png,11600629_c_gldragon_c.png,0,
11691173,윙드 데몬 브레이스 (룬블레이더),11600629,63,59,51,20,18,15,11600629_F_GLDragon.gltf,11600629_c_gldragon_d.png,11600629_c_gldragon_c.png,0,
11691174,윙드 데몬 브레이스 (스트라이커),11600629,63,59,51,20,18,15,11600629_F_GLDragon.gltf,11600629_c_gldragon_d.png,11600629_c_gldragon_c.png,0,
11691175,윙드 데몬 브레이스 (소울바인더),11600629,63,59,51,20,18,15,11600629_F_GLDragon.gltf,11600629_c_gldragon_d.png,11600629_c_gldragon_c.png,0,
11691176,베히모스 클로 핸드 (나이트),11600963,63,59,51,20,18,15,11600963_F_GLVehement.gltf,11600963_c_glvehement_d.png,11600963_c_glvehement_c.png,0,
11691177,베히모스 클로 핸드 (버서커),11600963,63,59,51,20,18,15,11600963_F_GLVehement.gltf,11600963_c_glvehement_d.png,11600963_c_glvehement_c.png,0,
11691178,베히모스 클로 핸드 (위자드),11600963,63,59,51,20,18,15,11600963_F_GLVehement.gltf,11600963_c_glvehement_d.png,11600963_c_glvehement_c.png,0,
11691179,베히모스 클로 핸드 (프리스트),11600963,63,59,51,20,18,15,11600963_F_GLVehement.gltf,11600963_c_glvehement_d.png,11600963_c_glvehement_c.png,0,
11691180,베히모스 클로 핸드 (레인저),11600963,63,59,51,20,18,15,11600963_F_GLVehement.gltf,11600963_c_glvehement_d.png,11600963_c_glvehement_c.png,0,
11691181,베히모스 클로 핸드 (헤비거너),11600963,63,59,51,20,18,15,11600963_F_GLVehement.gltf,11600963_c_glvehement_d.png,11600963_c_glvehement_c.png,0,
11691182,베히모스 클로 핸드 (시프),11600963,63,59,51,20,18,15,11600963_F_GLVehement.gltf,11600963_c_glvehement_d.png,11600963_c_glvehement_c.png,0,
11691183,베히모스 클로 핸드 (어쌔신),11600963,63,59,51,20,18,15,11600963_F_GLVehement.gltf,11600963_c_glvehement_d.png,11600963_c_glvehement_c.png,0,
11691184,베히모스 클로 핸드 (룬블레이더),11600963,63,59,51,20,18,15,11600963_F_GLVehement.gltf,11600963_c_glvehement_d.png,11600963_c_glvehement_c.png,0,
11691185,베히모스 클로 핸드 (스트라이커),11600963,63,59,51,20,18,15,11600963_F_GLVehement.gltf,11600963_c_glvehement_d.png,11600963_c_glvehement_c.png,0,
11691186,베히모스 클로 핸드 (소울바인더),11600963,63,59,51,20,18,15,11600963_F_GLVehement.gltf,11600963_c_glvehement_d.png,11600963_c_glvehement_c.png,0,
11691187,에일리온 엑소 핑거 (나이트),11600824,63,59,51,20,18,15,11600824_F_GLReverseRaidA02.gltf,11600824_c_glreverseraida02_d.png,11600824_c_glreverseraida02_c.png,0,
11691188,에일리온 엑소 핑거 (버서커),11600824,63,59,51,20,18,15,11600824_F_GLReverseRaidA02.gltf,11600824_c_glreverseraida02_d.png,11600824_c_glreverseraida02_c.png,0,
11691189,에일리온 엑소 핑거 (위자드),11600824,63,59,51,20,18,15,11600824_F_GLReverseRaidA02.gltf,11600824_c_glreverseraida02_d.png,11600824_c_glreverseraida02_c.png,0,
11691190,에일리온 엑소 핑거 (프리스트),11600824,63,59,51,20,18,15,11600824_F_GLReverseRaidA02.gltf,11600824_c_glreverseraida02_d.png,11600824_c_glreverseraida02_c.png,0,
11691191,에일리온 엑소 핑거 (레인저),11600824,63,59,51,20,18,15,11600824_F_GLReverseRaidA02.gltf,11600824_c_glreverseraida02_d.png,11600824_c_glreverseraida02_c.png,0,
11691192,에일리온 엑소 핑거 (헤비거너),11600824,63,59,51,20,18,15,11600824_F_GLReverseRaidA02.gltf,11600824_c_glreverseraida02_d.png,11600824_c_glreverseraida02_c.png,0,
11691193,에일리온 엑소 핑거 (시프),11600824,63,59,51,20,18,15,11600824_F_GLReverseRaidA02.gltf,11600824_c_glreverseraida02_d.png,11600824_c_glreverseraida02_c.png,0,
11691194,에일리온 엑소 핑거 (어쌔신),11600824,63,59,51,20,18,15,11600824_F_GLReverseRaidA02.gltf,11600824_c_glreverseraida02_d.png,11600824_c_glreverseraida02_c.png,0,
11691195,에일리온 엑소 핑거 (룬블레이더),11600824,63,59,51,20,18,15,11600824_F_GLReverseRaidA02.gltf,11600824_c_glreverseraida02_d.png,11600824_c_glreverseraida02_c.png,0,
11691196,에일리온 엑소 핑거 (스트라이커),11600824,63,59,51,20,18,15,11600824_F_GLReverseRaidA02.gltf,11600824_c_glreverseraida02_d.png,11600824_c_glreverseraida02_c.png,0,
11691197,에일리온 엑소 핑거 (소울바인더),11600824,63,59,51,20,18,15,11600824_F_GLReverseRaidA02.gltf,11600824_c_glreverseraida02_d.png,11600824_c_glreverseraida02_c.png,0,
11691198,블랙 뱅가드 피스트 (나이트),11600578,63,59,51,20,18,15,11600578_F_GLDarkSteel.gltf,11600578_c_gldarksteel_d.png,11600578_c_gldarksteel_c.png,0,
11691199,블랙 뱅가드 피스트 (버서커),11600578,63,59,51,20,18,15,11600578_F_GLDarkSteel.gltf,11600578_c_gldarksteel_d.png,11600578_c_gldarksteel_c.png,0,
11691200,블랙 뱅가드 피스트 (위자드),11600578,63,59,51,20,18,15,11600578_F_GLDarkSteel.gltf,11600578_c_gldarksteel_d.png,11600578_c_gldarksteel_c.png,0,
11691201,블랙 뱅가드 피스트 (프리스트),11600578,63,59,51,20,18,15,11600578_F_GLDarkSteel.gltf,11600578_c_gldarksteel_d.png,11600578_c_gldarksteel_c.png,0,
11691202,블랙 뱅가드 피스트 (레인저),11600578,63,59,51,20,18,15,11600578_F_GLDarkSteel.gltf,11600578_c_gldarksteel_d.png,11600578_c_gldarksteel_c.png,0,
11691203,블랙 뱅가드 피스트 (헤비거너),11600578,63,59,51,20,18,15,11600578_F_GLDarkSteel.gltf,11600578_c_gldarksteel_d.png,11600578_c_gldarksteel_c.png,0,
11691204,블랙 뱅가드 피스트 (시프),11600578,63,59,51,20,18,15,11600578_F_GLDarkSteel.gltf,11600578_c_gldarksteel_d.png,11600578_c_gldarksteel_c.png,0,
11691205,블랙 뱅가드 피스트 (어쌔신),11600578,63,59,51,20,18,15,11600578_F_GLDarkSteel.gltf,11600578_c_gldarksteel_d.png,11600578_c_gldarksteel_c.png,0,
11691206,블랙 뱅가드 피스트 (룬블레이더),11600578,63,59,51,20,18,15,11600578_F_GLDarkSteel.gltf,11600578_c_gldarksteel_d.png,11600578_c_gldarksteel_c.png,0,
11691207,블랙 뱅가드 피스트 (스트라이커),11600578,63,59,51,20,18,15,11600578_F_GLDarkSteel.gltf,11600578_c_gldarksteel_d.png,11600578_c_gldarksteel_c.png,0,
11691208,블랙 뱅가드 피스트 (소울바인더),11600578,63,59,51,20,18,15,11600578_F_GLDarkSteel.gltf,11600578_c_gldarksteel_d.png,11600578_c_gldarksteel_c.png,0,
11691209,블랙퓨리티 레이지 클로 (나이트),11601052,63,59,51,20,18,15,11601052_F_GLDarkTutor.gltf,11601052_c_gldarktutor_d.png,11601052_c_gldarktutor_c.png,0,
11691210,블랙퓨리티 레이지 클로 (버서커),11601052,63,59,51,20,18,15,11601052_F_GLDarkTutor.gltf,11601052_c_gldarktutor_d.png,11601052_c_gldarktutor_c.png,0,
11691211,블랙퓨리티 레이지 클로 (위자드),11601052,63,59,51,20,18,15,11601052_F_GLDarkTutor.gltf,11601052_c_gldarktutor_d.png,11601052_c_gldarktutor_c.png,0,
11691212,블랙퓨리티 레이지 클로 (프리스트),11601052,63,59,51,20,18,15,11601052_F_GLDarkTutor.gltf,11601052_c_gldarktutor_d.png,11601052_c_gldarktutor_c.png,0,
11691213,블랙퓨리티 레이지 클로 (레인저),11601052,63,59,51,20,18,15,11601052_F_GLDarkTutor.gltf,11601052_c_gldarktutor_d.png,11601052_c_gldarktutor_c.png,0,
11691214,블랙퓨리티 레이지 클로 (헤비거너),11601052,63,59,51,20,18,15,11601052_F_GLDarkTutor.gltf,11601052_c_gldarktutor_d.png,11601052_c_gldarktutor_c.png,0,
11691215,블랙퓨리티 레이지 클로 (시프),11601052,63,59,51,20,18,15,11601052_F_GLDarkTutor.gltf,11601052_c_gldarktutor_d.png,11601052_c_gldarktutor_c.png,0,
11691216,블랙퓨리티 레이지 클로 (어쌔신),11601052,63,59,51,20,18,15,11601052_F_GLDarkTutor.gltf,11601052_c_gldarktutor_d.png,11601052_c_gldarktutor_c.png,0,
11691217,블랙퓨리티 레이지 클로 (룬블레이더),11601052,63,59,51,20,18,15,11601052_F_GLDarkTutor.gltf,11601052_c_gldarktutor_d.png,11601052_c_gldarktutor_c.png,0,
11691218,블랙퓨리티 레이지 클로 (스트라이커),11601052,63,59,51,20,18,15,11601052_F_GLDarkTutor.gltf,11601052_c_gldarktutor_d.png,11601052_c_gldarktutor_c.png,0,
11691219,블랙퓨리티 레이지 클로 (소울바인더),11601052,63,59,51,20,18,15,11601052_F_GLDarkTutor.gltf,11601052_c_gldarktutor_d.png,11601052_c_gldarktutor_c.png,0,
11691220,강화된 품위의 전투 장갑,11600667,63,59,51,20,18,15,11600667_F_GLArenaA01.gltf,11600667_c_glarenaa01_d.png,11600667_c_glarenaa01_c.png,0,
11691221,강화된 품위의 광란 장갑,11600667,63,59,51,20,18,15,11600667_F_GLArenaA01.gltf,11600667_c_glarenaa01_d.png,11600667_c_glarenaa01_c.png,0,
11691222,강화된 품위의 마법 장갑,11600667,63,59,51,20,18,15,11600667_F_GLArenaA01.gltf,11600667_c_glarenaa01_d.png,11600667_c_glarenaa01_c.png,0,
11691223,강화된 품위의 신성 장갑,11600667,63,59,51,20,18,15,11600667_F_GLArenaA01.gltf,11600667_c_glarenaa01_d.png,11600667_c_glarenaa01_c.png,0,
11691224,강화된 품위의 집중 장갑,11600667,63,59,51,20,18,15,11600667_F_GLArenaA01.gltf,11600667_c_glarenaa01_d.png,11600667_c_glarenaa01_c.png,0,
11691225,강화된 품위의 포격 장갑,11600667,63,59,51,20,18,15,11600667_F_GLArenaA01.gltf,11600667_c_glarenaa01_d.png,11600667_c_glarenaa01_c.png,0,
11691226,강화된 품위의 혼란 장갑,11600667,63,59,51,20,18,15,11600667_F_GLArenaA01.gltf,11600667_c_glarenaa01_d.png,11600667_c_glarenaa01_c.png,0,
11691227,강화된 품위의 암살 장갑,11600667,63,59,51,20,18,15,11600667_F_GLArenaA01.gltf,11600667_c_glarenaa01_d.png,11600667_c_glarenaa01_c.png,0,
11691228,강화된 품위의 주술 장갑,11600667,63,59,51,20,18,15,11600667_F_GLArenaA01.gltf,11600667_c_glarenaa01_d.png,11600667_c_glarenaa01_c.png,0,
11691229,강화된 품위의 난투 장갑,11600667,63,59,51,20,18,15,11600667_F_GLArenaA01.gltf,11600667_c_glarenaa01_d.png,11600667_c_glarenaa01_c.png,0,
11691230,강화된 품위의 의식 장갑,11600667,63,59,51,20,18,15,11600667_F_GLArenaA01.gltf,11600667_c_glarenaa01_d.png,11600667_c_glarenaa01_c.png,0,
11699996,오리할콘 장갑,11609996,63,59,51,20,18,15,11600002_F_GLSilverOrihalcon.gltf,11600002_c_glsilverorihalcon_d.png,11600002_c_glsilverorihalcon_d.png,0,
11699997,블러드 레퀴엠 장갑,11609997,63,59,51,20,18,15,11600003_F_GLBloodRequiem.gltf,11600003_c_glbloodrequiem_d.png,11600003_c_glbloodrequiem_c.png,0,