#id,name,icon,r1,g1,b1,r2,g2,b2,gltf,ddsd,ddsc,haircutting,
-1,없음,-1,0,0,0,0,0,0,
11800007,운명의 날개,11800007,63,59,51,20,18,15,11800007_F_WingOfDestiny.gltf,11800007_c_wingofdestiny_d.png,11800007_c_wingofdestiny_d.png,Bip01 Spine2,
11800008,마크52 알파의 추진기,11800008,63,59,51,20,18,15,11800008_MTAlphaBooster.gltf,11800008_mtalphabooster_d.png,11800008_mtalphabooster_d.png,Bip01 Spine1,
11800009,마크52 베타의 추진기,11800009,63,59,51,20,18,15,11800009_MTBetaBooster.gltf,11800009_mtbetabooster_d.png,11800009_mtbetabooster_d.png,Bip01 Spine1,
11800010,마크52 오메가의 추진기,11800010,63,59,51,20,18,15,11800010_MTOmegaBooster.gltf,11800010_mtomegabooster_d.png,11800010_mtomegabooster_d.png,Bip01 Spine1,
11800011,그리폰의 날개,11800011,63,59,51,20,18,15,11800011_MTGriffonWings.gltf,11800011_mtgriffonwings_d.png,11800011_mtgriffonwings_d.png,Bip01 Spine1,
11800012,그리피나의 날개,11800012,63,59,51,20,18,15,11800012_MTGrifinaWings.gltf,11800012_mtgrifinawings_d.png,11800012_mtgrifinawings_d.png,Bip01 Spine1,
11800013,호루스의 날개,11800013,63,59,51,20,18,15,11800013_MTGriffWings.gltf,11800013_mtgriffwings_d.png,11800013_mtgriffwings_d.png,Bip01 Spine1,
11800016,비상의 망토,11800016,63,59,51,20,18,15,11800007_F_WingOfDestiny.gltf,11800007_c_wingofdestiny_d.png,11800007_c_wingofdestiny_d.png,Bip01 Spine2,
11800018,국왕의 망토,11800018,63,59,51,20,18,15,11800015_F_MTKingMantle.gltf,11800015_c_mtkingmantle_d.png,11800015_c_mtkingmantle_d.png,Bip01 Spine2,
11800019,사수의 망토,11800019,63,59,51,20,18,15,11800016_F_MTArcherMantle.gltf,11800016_c_mtarchermantle_d.png,11800016_c_mtarchermantle_d.png,Bip01 Spine2,
11800020,벽타는 자의 망토,11800020,63,59,51,20,18,15,11800017_F_MTRagsMantle.gltf,11800017_c_mtragsmantle_d.png,11800017_c_mtragsmantle_d.png,Bip01 Spine2,
11800021,기사단의 망토,11800021,63,59,51,20,18,15,11800018_F_MTKnightMantle.gltf,11800018_c_mtknightmantle_d.png,11800018_c_mtknightmantle_d.png,Bip01 Spine2,
11800022,용사의 망토,11800022,63,59,51,20,18,15,11800019_F_MTWarriorMantle.gltf,11800019_c_mtwarriormantle_d.png,11800019_c_mtwarriormantle_d.png,Bip01 Spine2,
11800023,포격의 망토,11800023,63,59,51,20,18,15,11800020_F_MTArtilleryMantle.gltf,11800020_c_mtartillerymantle_d.png,11800020_c_mtartillerymantle_d.png,Bip01 Spine2,
11800024,암살의 망토,11800024,63,59,51,20,18,15,11800021_F_MTAssassinateMantle.gltf,11800021_c_mtassassinatemantle_d.png,11800021_c_mtassassinatemantle_d.png,Bip01 Spine2,
11800025,바포메트의 망토,11800025,63,59,51,20,18,15,11800022_F_MTBaphometMantle.gltf,11800022_c_mtbaphometmantle_d.png,11800022_c_mtbaphometmantle_d.png,Bip01 Spine2,
11800026,영광의 망토,11800026,63,59,51,20,18,15,11800023_F_MTGloriousMantle.gltf,11800023_c_mtgloriousmantle_d.png,11800023_c_mtgloriousmantle_d.png,Bip01 Spine2,
11800027,엠블럼 망토,11800027,63,59,51,20,18,15,11800024_F_MTEmblemMantle.gltf,11800024_c_mtemblemmantle_d.png,11800024_c_mtemblemmantle_d.png,Bip01 Spine2,
11800028,상처난 망토,11800028,63,59,51,20,18,15,11800025_F_MTInjuredMantle.gltf,11800025_c_mtinjuredmantle_d.png,11800025_c_mtinjuredmantle_d.png,Bip01 Spine2,
11800029,격자무늬 망토,11800029,63,59,51,20,18,15,11800026_F_MTCheckMantle.gltf,11800026_c_mtcheckmantle_d.png,11800026_c_mtcheckmantle_d.png,Bip01 Spine2,
11800030,항해사의 망토,11800030,63,59,51,20,18,15,11800027_F_MTMateMantle.gltf,11800027_c_mtmatemantle_d.png,11800027_c_mtmatemantle_d.png,Bip01 Spine2,
11800031,단추장식 망토,11800031,63,59,51,20,18,15,11800028_F_MTButtonMantle.gltf,11800028_c_mtbuttonmantle_d.png,11800028_c_mtbuttonmantle_d.png,Bip01 Spine2,
11800032,발록의 날개,11800032,63,59,51,20,18,15,11800032_MTBalrogWing.gltf,11800032_mtbalrogwing_d.png,11800032_mtbalrogwing_d.png,Bip01 Spine1,
11800033,자쿰의 망토,11800033,63,59,51,20,18,15,11800033_F_MTZakumMantle.gltf,11800033_mtzakummantle_d.png,11800033_mtzakummantle_d.png,Bip01 Spine2,
11800034,침투자의 망토,11800034,63,59,51,20,18,15,11800018_F_MTKnightMantle.gltf,11800018_c_mtknightmantle_d.png,11800018_c_mtknightmantle_d.png,Bip01 Spine2,
11800035,질주하는 자의 망토,11800035,63,59,51,20,18,15,11800019_F_MTWarriorMantle.gltf,11800019_c_mtwarriormantle_d.png,11800019_c_mtwarriormantle_d.png,Bip01 Spine2,
11800036,멈추지 않는 자의 망토,11800036,63,59,51,20,18,15,11800020_F_MTArtilleryMantle.gltf,11800020_c_mtartillerymantle_d.png,11800020_c_mtartillerymantle_d.png,Bip01 Spine2,
11800037,완벽한 수호자의 망토,11800037,63,59,51,20,18,15,11800021_F_MTAssassinateMantle.gltf,11800021_c_mtassassinatemantle_d.png,11800021_c_mtassassinatemantle_d.png,Bip01 Spine2,
11800038,초급 수비자의 망토,11800038,63,59,51,20,18,15,11800019_F_MTWarriorMantle.gltf,11800019_c_mtwarriormantle_d.png,11800019_c_mtwarriormantle_d.png,Bip01 Spine2,
11800039,탁월한 방어자의 망토,11800039,63,59,51,20,18,15,11800020_F_MTArtilleryMantle.gltf,11800020_c_mtartillerymantle_d.png,11800020_c_mtartillerymantle_d.png,Bip01 Spine2,
11800045,어두운 그림자의 망토,11800045,63,59,51,20,18,15,11800025_F_MTInjuredMantle.gltf,11800025_c_mtinjuredmantle_d.png,11800025_c_mtinjuredmantle_d.png,Bip01 Spine2,
11800046,앱솔루트 망토,11800046,63,59,51,20,18,15,11800026_F_MTCheckMantle.gltf,11800026_c_mtcheckmantle_d.png,11800026_c_mtcheckmantle_d.png,Bip01 Spine2,
11800047,가벼운 운명의 날개,11800007,63,59,51,20,18,15,11800007_F_WingOfDestiny.gltf,11800007_c_wingofdestiny_d.png,11800007_c_wingofdestiny_d.png,Bip01 Spine2,
11800048,가벼운 국왕의 망토,11800018,63,59,51,20,18,15,11800015_F_MTKingMantle.gltf,11800015_c_mtkingmantle_d.png,11800015_c_mtkingmantle_d.png,Bip01 Spine2,
11800049,바로타 기념 망토,11800018,63,59,51,20,18,15,11800015_F_MTKingMantle.gltf,11800015_c_mtkingmantle_d.png,11800015_c_mtkingmantle_d.png,Bip01 Spine2,
11800050,거미줄 망토,11800019,63,59,51,20,18,15,11800016_F_MTArcherMantle.gltf,11800016_c_mtarchermantle_d.png,11800016_c_mtarchermantle_d.png,Bip01 Spine2,
11800051,엘보의 잎사귀 망토,11800020,63,59,51,20,18,15,11800017_F_MTRagsMantle.gltf,11800017_c_mtragsmantle_d.png,11800017_c_mtragsmantle_d.png,Bip01 Spine2,
11800052,러프의 망토,11800021,63,59,51,20,18,15,11800018_F_MTKnightMantle.gltf,11800018_c_mtknightmantle_d.png,11800018_c_mtknightmantle_d.png,Bip01 Spine2,
11800053,대마법사의 망토,11800022,63,59,51,20,18,15,11800019_F_MTWarriorMantle.gltf,11800019_c_mtwarriormantle_d.png,11800019_c_mtwarriormantle_d.png,Bip01 Spine2,
11800054,피그밍그 망토,11800007,63,59,51,20,18,15,11800007_F_WingOfDestiny.gltf,11800007_c_wingofdestiny_d.png,11800007_c_wingofdestiny_d.png,Bip01 Spine2,
11800055,바이오 트랜스 케이프,11800018,63,59,51,20,18,15,11800015_F_MTKingMantle.gltf,11800015_c_mtkingmantle_d.png,11800015_c_mtkingmantle_d.png,Bip01 Spine2,
11800056,레르노스의 망토,11800056,63,59,51,20,18,15,11800056_MTLernosMentle.gltf,11800056_c_mtlernosmentle_d.png,11800056_c_mtlernosmentle_d.png,Bip01 Pelvis,
11800057,가치있는 망토,11800025,63,59,51,20,18,15,11800022_F_MTBaphometMantle.gltf,11800022_c_mtbaphometmantle_d.png,11800022_c_mtbaphometmantle_d.png,Bip01 Spine2,
11800058,헤로우스 케이프,11800027,63,59,51,20,18,15,11800024_F_MTEmblemMantle.gltf,11800024_c_mtemblemmantle_d.png,11800024_c_mtemblemmantle_d.png,Bip01 Spine2,
11800059,진열된 망토,11800030,63,59,51,20,18,15,11800027_F_MTMateMantle.gltf,11800027_c_mtmatemantle_d.png,11800027_c_mtmatemantle_d.png,Bip01 Spine2,
11800060,흉포한 망토,11800030,63,59,51,20,18,15,11800027_F_MTMateMantle.gltf,11800027_c_mtmatemantle_d.png,11800027_c_mtmatemantle_d.png,Bip01 Spine2,
11800063,교역된 망토,11800046,63,59,51,20,18,15,11800026_F_MTCheckMantle.gltf,11800026_c_mtcheckmantle_d.png,11800026_c_mtcheckmantle_d.png,Bip01 Spine2,
11800064,흥정된 망토,11800030,63,59,51,20,18,15,11800027_F_MTMateMantle.gltf,11800027_c_mtmatemantle_d.png,11800027_c_mtmatemantle_d.png,Bip01 Spine2,
11800065,카트반의 날개,11800065,63,59,51,20,18,15,11800065_KatvanWing.gltf,11800065_mtkatvanwing_d.png,11800065_mtkatvanwing_d.png,Bip01 Spine1,
11800066,바르칸트의 날개,11800066,63,59,51,20,18,15,11800066_C_MTBarkhantWing.gltf,11800066_barkhantwing_d.png,11800066_barkhantwing_d.png,Bip01 Spine1,
11800068,귀여운 풍선 망토,11800068,63,59,51,20,18,15,11800068_C_MT3Balloons01.gltf,11800068_c_mt3balloons01_d.png,11800068_c_mt3balloons01_d.png,Bip01 Spine1,
11800069,시크한 풍선 망토,11800069,63,59,51,20,18,15,11800069_C_MT3Balloons02.gltf,11800069_c_mt3balloons02_d.png,11800069_c_mt3balloons02_d.png,Bip01 Spine1,
11800070,창피한 풍선 망토,11800070,63,59,51,20,18,15,11800070_C_MT3Balloons03.gltf,11800070_c_mt3balloons03_d.png,11800070_c_mt3balloons03_d.png,Bip01 Spine1,
11800071,고요한 망토,11800022,63,59,51,20,18,15,11800019_F_MTWarriorMantle.gltf,11800019_c_mtwarriormantle_d.png,11800019_c_mtwarriormantle_d.png,Bip01 Spine2,
11800072,적막한 망토,11800023,63,59,51,20,18,15,11800020_F_MTArtilleryMantle.gltf,11800020_c_mtartillerymantle_d.png,11800020_c_mtartillerymantle_d.png,Bip01 Spine2,
11800073,별빛 원정대 망토,11800073,63,59,51,20,18,15,11800073_F_MTExpedition.gltf,11800073_c_mtexpedition_d.png,11800073_c_mtexpedition_c.png,Bip01 Spine2,
11800074,이슈라의 망토,11800074,63,59,51,20,18,15,11800074_F_MTIshuraMantle.gltf,11800074_c_mtishuramantle_d.png,11800074_c_mtishuramantle_c.png,Bip01 Spine2,
11800075,아련한 그리움의 망토,11800007,63,59,51,20,18,15,11800007_F_WingOfDestiny.gltf,11800007_c_wingofdestiny_d.png,11800007_c_wingofdestiny_d.png,Bip01 Spine2,
11800076,파풀라투스의 시계태엽,11800061,63,59,51,20,18,15,11800061_PapulatusWatchspring.gltf,11800061_c_mtpapulatuswatchspring_d.png,11800061_c_mtpapulatuswatchspring_d.png,Bip01 Spine1,
11800077,침묵하는 망토,11800024,63,59,51,20,18,15,11800021_F_MTAssassinateMantle.gltf,11800021_c_mtassassinatemantle_d.png,11800021_c_mtassassinatemantle_d.png,Bip01 Spine2,
11800079,희미하게 흉포한 망토,11800030,63,59,51,20,18,15,11800027_F_MTMateMantle.gltf,11800027_c_mtmatemantle_d.png,11800027_c_mtmatemantle_d.png,Bip01 Spine2,
11800080,마드라칸 군주의 그림자,11800080,63,59,51,20,18,15,11800080_F_MTDarkSteel.gltf,11800080_c_mtdarksteel_d.png,11800080_c_mtdarksteel_c.png,Bip01 Spine2,
11800081,검은 불꽃의 망토,11800037,63,59,51,20,18,15,11800021_F_MTAssassinateMantle.gltf,11800021_c_mtassassinatemantle_d.png,11800021_c_mtassassinatemantle_d.png,Bip01 Spine2,
11800082,검증하는 망토,11800024,63,59,51,20,18,15,11800021_F_MTAssassinateMantle.gltf,11800021_c_mtassassinatemantle_d.png,11800021_c_mtassassinatemantle_d.png,Bip01 Spine2,
11800083,품위의 망토,11800023,63,59,51,20,18,15,11800020_F_MTArtilleryMantle.gltf,11800020_c_mtartillerymantle_d.png,11800020_c_mtartillerymantle_d.png,Bip01 Spine2,
11800084,존엄의 망토,11800024,63,59,51,20,18,15,11800021_F_MTAssassinateMantle.gltf,11800021_c_mtassassinatemantle_d.png,11800021_c_mtassassinatemantle_d.png,Bip01 Spine2,
11800085,순응의 망토,11800025,63,59,51,20,18,15,11800022_F_MTBaphometMantle.gltf,11800022_c_mtbaphometmantle_d.png,11800022_c_mtbaphometmantle_d.png,Bip01 Spine2,
11800086,아련한 그리움의 고급 망토,11800007,63,59,51,20,18,15,11800007_F_WingOfDestiny.gltf,11800007_c_wingofdestiny_d.png,11800007_c_wingofdestiny_d.png,Bip01 Spine2,
11800087,케이의 망토,11800030,63,59,51,20,18,15,11800027_F_MTMateMantle.gltf,11800027_c_mtmatemantle_d.png,11800027_c_mtmatemantle_d.png,Bip01 Spine2,
11800088,탐욕스런 망토,11800030,63,59,51,20,18,15,11800027_F_MTMateMantle.gltf,11800027_c_mtmatemantle_d.png,11800027_c_mtmatemantle_d.png,Bip01 Spine2,
11800089,희미하게 탐욕스런 망토,11800030,63,59,51,20,18,15,11800027_F_MTMateMantle.gltf,11800027_c_mtmatemantle_d.png,11800027_c_mtmatemantle_d.png,Bip01 Spine2,
11800090,월병 망토,11800090,63,59,51,20,18,15,11800090_MoonCake.gltf,11800090_c_mooncake_d.png,11800090_c_mooncake_d.png,Bip01 Spine1,
11800091,아리엘의 날개,11800091,63,59,51,20,18,15,11800091_PinkbeanMantle01.gltf,11800091_c_mtpinkbeanmantle01_d.png,11800091_c_mtpinkbeanmantle01_d.png,Bip01 Spine1,
11800092,플루토 망토,11800092,63,59,51,20,18,15,11800092_F_MTLegendary02.gltf,11800092_c_mtlegendary02_d.png,11800092_c_mtlegendary02_c.png,Bip01 Spine2,
11800093,마르스 망토,11800093,63,59,51,20,18,15,11800093_F_MTLegendary01.gltf,11800093_c_mtlegendary01_d.png,11800093_c_mtlegendary01_c.png,Bip01 Spine2,
11800096,(길라잡이) 운명의 날개,11800007,63,59,51,20,18,15,11800007_F_WingOfDestiny.gltf,11800007_c_wingofdestiny_d.png,11800007_c_wingofdestiny_d.png,Bip01 Spine2,
11800097,(길라잡이) 국왕의 망토,11800018,63,59,51,20,18,15,11800015_F_MTKingMantle.gltf,11800015_c_mtkingmantle_d.png,11800015_c_mtkingmantle_d.png,Bip01 Spine2,
11800098,(길라잡이) 사수의 망토,11800019,63,59,51,20,18,15,11800016_F_MTArcherMantle.gltf,11800016_c_mtarchermantle_d.png,11800016_c_mtarchermantle_d.png,Bip01 Spine2,
11800099,(길라잡이) 기사단의 망토,11800021,63,59,51,20,18,15,11800018_F_MTKnightMantle.gltf,11800018_c_mtknightmantle_d.png,11800018_c_mtknightmantle_d.png,Bip01 Spine2,
11800100,(길라잡이) 용사의 망토,11800022,63,59,51,20,18,15,11800019_F_MTWarriorMantle.gltf,11800019_c_mtwarriormantle_d.png,11800019_c_mtwarriormantle_d.png,Bip01 Spine2,
11800101,(길라잡이) 포격의 망토,11800023,63,59,51,20,18,15,11800020_F_MTArtilleryMantle.gltf,11800020_c_mtartillerymantle_d.png,11800020_c_mtartillerymantle_d.png,Bip01 Spine2,
11800102,(길라잡이) 영광의 망토,11800026,63,59,51,20,18,15,11800023_F_MTGloriousMantle.gltf,11800023_c_mtgloriousmantle_d.png,11800023_c_mtgloriousmantle_d.png,Bip01 Spine2,
11800103,(길라잡이) 엠블럼 망토,11800027,63,59,51,20,18,15,11800024_F_MTEmblemMantle.gltf,11800024_c_mtemblemmantle_d.png,11800024_c_mtemblemmantle_d.png,Bip01 Spine2,
11800104,아리엘의 날개,11800091,63,59,51,20,18,15,11800091_PinkbeanMantle01.gltf,11800091_c_mtpinkbeanmantle01_d.png,11800091_c_mtpinkbeanmantle01_d.png,Bip01 Spine1,
11800106,플루토 망토,11800092,63,59,51,20,18,15,11800092_F_MTLegendary02.gltf,11800092_c_mtlegendary02_d.png,11800092_c_mtlegendary02_c.png,Bip01 Spine2,
11800107,마르스 망토,11800093,63,59,51,20,18,15,11800093_F_MTLegendary01.gltf,11800093_c_mtlegendary01_d.png,11800093_c_mtlegendary01_c.png,Bip01 Spine2,
11800108,머스커티어 케이프,11800108,62,73,117,27,26,48,11800108_C_MTDartagnan.gltf,11800108_c_mtdartagnan_d.png,11800108_c_mtdartagnan_c.png,Bip01 Spine1,
11800111,할로윈 박쥐 망토,11800111,133,81,165,53,42,71,11800111_C_PumpkinBat.gltf,11800111_c_pumpkinbat_d.png,11800111_c_pumpkinbat_c.png,Bip01 Spine1,
11800113,블랙퓨리티 리버티윙,11800109,63,59,51,20,18,15,11800109_C_MTDarkTutor.gltf,11800109_c_mtdarktutor_d.png,11800109_c_mtdarktutor_c.png,Bip01 Spine1,
11800115,플라밍고 풍선 망토,11800115,255,168,203,205,86,106,11800115_C_FlamingoBalloon.gltf,11800115_c_flamingoballoon_d.png,11800115_c_flamingoballoon_c.png,Bip01 Spine1,
11800116,떠돌이 모험가의 유산 : 낡은 담요 망토,11800046,63,59,51,20,18,15,11800026_F_MTCheckMantle.gltf,11800026_c_mtcheckmantle_d.png,11800026_c_mtcheckmantle_d.png,Bip01 Spine2,
11800117,센츄리온 제너럴 클록,11800117,63,59,51,20,18,15,11800117_F_MTLegendary02.gltf,11800117_c_mtlegendary02_d.png,11800117_c_mtlegendary02_c.png,Bip01 Spine2,
11800118,마드라칸 군주의 그림자,11800080,63,59,51,20,18,15,11800080_F_MTDarkSteel.gltf,11800080_c_mtdarksteel_d.png,11800080_c_mtdarksteel_c.png,Bip01 Spine2,
11800119,호박 유령 망토,11800119,133,81,165,53,42,71,11800119_C_PumpkinGhost.gltf,11800119_c_pumpkinghost_d.png,11800119_c_pumpkinghost_c.png,Bip01 Spine1,
11800120,유령 버섯 망토,11800120,63,59,51,20,18,15,11800120_C_Mushroom01.gltf,11800120_c_mushroom01_d.png,11800120_c_mushroom01_d.png,Bip01 Spine1,
11800121,타이렌 렌샤 망토,11800128,63,59,51,20,18,15,11800128_C_MTGiganTikaA01.gltf,11800128_c_mtgigantikaa01_d.png,11800128_c_mtgigantikaa01_c.png,Bip01 Spine1,
11800122,게오르크 카이 망토,11800129,63,59,51,20,18,15,11800129_C_MTKritias01.gltf,11800129_c_mtkritias01_d.png,11800129_c_mtkritias01_c.png,Bip01 Spine1,
11800123,타이렌 로열 망토,11800112,63,59,51,20,18,15,11800112_C_MTLappenshad.gltf,11800112_c_mtlappenshad_d.png,11800112_c_mtlappenshad_c.png,Bip01 Spine1,
11800124,루미나리에 망토 (남),11800124,76,105,181,23,40,79,11800124_C_MTLuminous.gltf,11800124_c_mtluminous_d.png,11800124_c_mtluminous_c.png,Bip01 Spine1,
11800125,루미나리에 망토 (여),11800125,76,105,181,23,40,79,11800124_C_MTLuminous.gltf,11800124_c_mtluminous_d.png,11800124_c_mtluminous_c.png,Bip01 Spine1,
11800126,알파인 스노우보드 망토,11800126,76,105,181,23,40,79,11800126_C_MTSkiWear.gltf,11800126_c_mtskiwear_d.png,11800126_c_mtskiwear_c.png,Bip01 Spine1,
11800127,골든 플레임 망토,11800127,170,47,47,96,19,19,11800127_C_GoldenOrnament.gltf,11800127_c_goldenornament_d.png,11800127_c_goldenornament_c.png,Bip01 Spine1,
11800130,시공의 인페르녹 날개,11800130,63,59,51,20,18,15,11800130_C_MTBalrogMagicBursterWing.gltf,11800130_c_mtbalrogmagicbursterwing_d.png,11800130_c_mtbalrogmagicbursterwing_d.png,Bip01 Spine1,
11800131,탐험 전문가 가방,11800131,214,147,100,186,113,50,11800131_C_MTMapGoal.gltf,11800131_c_mtmapgoal_d.png,11800131_c_mtmapgoal_c.png,Bip01 Spine1,
11800132,강화된 품위의 망토,11800023,63,59,51,20,18,15,11800020_F_MTArtilleryMantle.gltf,11800020_c_mtartillerymantle_d.png,11800020_c_mtartillerymantle_d.png,Bip01 Spine2,
11800133,아기 공룡 꼬리,11800133,194,209,96,64,104,54,11800133_C_MTDoll_Dinosaur01.gltf,11800133_c_mtdoll_dinosaur01_d.png,11800133_c_mtdoll_dinosaur01_c.png,Bip01 Pelvis,
11800134,마크52 오메가의 추진기,11800010,63,59,51,20,18,15,11800010_MTOmegaBooster.gltf,11800010_mtomegabooster_d.png,11800010_mtomegabooster_d.png,Bip01 Spine1,
11800135,파풀라투스의 시계태엽,11800061,63,59,51,20,18,15,11800061_PapulatusWatchspring.gltf,11800061_c_mtpapulatuswatchspring_d.png,11800061_c_mtpapulatuswatchspring_d.png,Bip01 Spine1,
11800136,그리폰의 날개,11850039,63,59,51,20,18,15,11800011_MTGriffonWings.gltf,11800011_mtgriffonwings_d.png,11800011_mtgriffonwings_d.png,Bip01 Spine1,
11800137,그리피나의 날개,11850040,63,59,51,20,18,15,11800012_MTGrifinaWings.gltf,11800012_mtgrifinawings_d.png,11800012_mtgrifinawings_d.png,Bip01 Spine1,
11800138,호루스의 날개,11850041,63,59,51,20,18,15,11800013_MTGriffWings.gltf,11800013_mtgriffwings_d.png,11800013_mtgriffwings_d.png,Bip01 Spine1,
11800139,마크52 알파의 추진기,11850042,63,59,51,20,18,15,11800008_MTAlphaBooster.gltf,11800008_mtalphabooster_d.png,11800008_mtalphabooster_d.png,Bip01 Spine1,
11800140,마크52 베타의 추진기,11850043,63,59,51,20,18,15,11800009_MTBetaBooster.gltf,11800009_mtbetabooster_d.png,11800009_mtbetabooster_d.png,Bip01 Spine1,
11800142,둥둥 달토끼,11850165,63,59,51,20,18,15,11850165_MoonRabbit.gltf,11850165_c_moonrabbit_d.png,11850165_c_moonrabbit_d.png,Bip01 Spine1,
11800143,할로윈 박쥐 망토,11800111,133,81,165,53,42,71,11800111_C_PumpkinBat.gltf,11800111_c_pumpkinbat_d.png,11800111_c_pumpkinbat_c.png,Bip01 Spine1,
11800144,성실한 모험가의 망토,11800020,63,59,51,20,18,15,11800017_F_MTRagsMantle.gltf,11800017_c_mtragsmantle_d.png,11800017_c_mtragsmantle_d.png,Bip01 Spine2,
11800145,시크한 풍선 망토,11800069,63,59,51,20,18,15,11800069_C_MT3Balloons02.gltf,11800069_c_mt3balloons02_d.png,11800069_c_mt3balloons02_d.png,Bip01 Spine1,
11800146,성실한 모험가의 망토 (30일),11800020,63,59,51,20,18,15,11800017_F_MTRagsMantle.gltf,11800017_c_mtragsmantle_d.png,11800017_c_mtragsmantle_d.png,Bip01 Spine2,
11800148,(PC방) 떠돌이 모험가의 유산 : 낡은 담요 망토,11800046,63,59,51,20,18,15,11800026_F_MTCheckMantle.gltf,11800026_c_mtcheckmantle_d.png,11800026_c_mtcheckmantle_d.png,Bip01 Spine2,
11800149,파이어 프리즘 망토,11800149,63,59,51,20,18,15,11800149_C_MTFirePrism.gltf,11800149_c_mtfireprism_d.png,11800149_c_mtfireprism_c.png,Bip01 Spine1,
11800150,낡은 투기장의 망토,11800023,63,59,51,20,18,15,11800020_F_MTArtilleryMantle.gltf,11800020_c_mtartillerymantle_d.png,11800020_c_mtartillerymantle_d.png,Bip01 Spine2,
11800151,블루 스톤 망토,11800007,63,59,51,20,18,15,11800007_F_WingOfDestiny.gltf,11800007_c_wingofdestiny_d.png,11800007_c_wingofdestiny_d.png,Bip01 Spine2,
11800152,크리스탈 샤인드 망토,11800053,63,59,51,20,18,15,11800053_C_MTCrystalShine.gltf,11800053_c_mtcrystalshine_d.png,11800053_c_mtcrystalshine_c.png,Scene Root,
11820001,팬시 고딕 코튼 베어 (남),11850261,170,47,47,96,19,19,11850261_C_MTGothic02.gltf,11850261_c_mtgothic02_d.png,11850261_c_mtgothic02_c.png,Scene Root,
11820002,팬시 고딕 코튼 베어 (여),11850262,170,47,47,96,19,19,11850261_C_MTGothic02.gltf,11850261_c_mtgothic02_d.png,11850261_c_mtgothic02_c.png,Scene Root,
11820003,다크캣 펑키 교복 장검 (남),11850263,230,230,230,150,150,150,11850263_C_MTSchoolLook02.gltf,11850263_c_mtschoollook02_d.png,11850263_c_mtschoollook02_c.png,Scene Root,
11820004,다크캣 펑키 교복 장검 (여),11850264,230,230,230,150,150,150,11850263_C_MTSchoolLook02.gltf,11850263_c_mtschoollook02_d.png,11850263_c_mtschoollook02_c.png,Scene Root,
11820005,테크웨어 스카우트 쌍검 망토 (남),11850254,170,47,47,96,19,19,11850254_C_MTTechWear.gltf,11850254_c_mttechwear_d.png,11850254_c_mttechwear_c.png,Bip01 Spine1,
11820006,테크웨어 스카우트 쌍검 망토 (여),11850255,170,47,47,96,19,19,11850254_C_MTTechWear.gltf,11850254_c_mttechwear_d.png,11850254_c_mttechwear_c.png,Bip01 Spine1,
11820007,유니콘 챔피언 윙 (남),11850250,255,168,203,205,86,106,11850250_C_MTUnicorn01.gltf,11850250_c_mtunicorn01_d.png,11850250_c_mtunicorn01_c.png,Bip01 Spine1,
11820008,유니콘 챔피언 윙 (여),11850251,255,168,203,205,86,106,11850250_C_MTUnicorn01.gltf,11850250_c_mtunicorn01_d.png,11850250_c_mtunicorn01_c.png,Bip01 Spine1,
11820009,스노우 테일 글로우 윙 (남),11850163,76,105,181,23,40,79,11850163_C_MTFrozen02.gltf,11850163_c_mtfrozen02_d.png,11850163_c_mtfrozen02_d.png,Bip01 Spine1,
11820010,스노우 테일 글로우 윙 (여),11850163,76,105,181,23,40,79,11850163_C_MTFrozen02.gltf,11850163_c_mtfrozen02_d.png,11850163_c_mtfrozen02_d.png,Bip01 Spine1,
11820013,메리메리 홀리 페어리 윙 (남),11850071,244,189,88,163,121,39,11850071_C_MTChristmas01.gltf,11850071_c_mtchristmas01_d.png,11850071_c_mtchristmas01_c.png,Bip01 Spine1,
11820014,메리메리 홀리 페어리 윙 (여),11850072,244,189,88,163,121,39,11850071_C_MTChristmas01.gltf,11850071_c_mtchristmas01_d.png,11850071_c_mtchristmas01_c.png,Bip01 Spine1,
11820017,프로즌 글리터 윙 (남),11850046,63,59,51,20,18,15,11850046_C_MTFrozenGlitterWing.gltf,11850046_c_mtfrozenglitterwing_d.png,11850046_c_mtfrozenglitterwing_d.png,Bip01 Spine1,
11820018,프로즌 글리터 윙 (여),11850046,63,59,51,20,18,15,11850046_C_MTFrozenGlitterWing.gltf,11850046_c_mtfrozenglitterwing_d.png,11850046_c_mtfrozenglitterwing_d.png,Bip01 Spine1,
11820019,모던 한복 청사초롱 망토 (남),11820019,170,47,47,96,19,19,11820019_C_MTHanbok04.gltf,11820019_c_mthanbok04_d.png,11820019_c_mthanbok04_c.png,Scene Root,
11820020,모던 한복 청사초롱 망토 (여),11820020,170,47,47,96,19,19,11820019_C_MTHanbok04.gltf,11820019_c_mthanbok04_d.png,11820019_c_mthanbok04_c.png,Scene Root,
11820021,은하수 별빛 날개 (남),11850146,126,204,247,72,94,168,11850146_C_MTGalaxyFox.gltf,11850146_c_mtgalaxyfox_d.png,11850146_c_mtgalaxyfox_c.png,Bip01 Spine1,
11820022,은하수 별빛 날개 (여),11850146,126,204,247,72,94,168,11850146_C_MTGalaxyFox.gltf,11850146_c_mtgalaxyfox_d.png,11850146_c_mtgalaxyfox_c.png,Bip01 Spine1,
11820023,발렌타인 하트 네온사인 (남),11820023,170,47,47,96,19,19,11850281_C_MTValentine04.gltf,11850281_c_mtvalentine04_d.png,11850281_c_mtvalentine04_c.png,Scene Root,
11820024,발렌타인 하트 네온사인 (여),11820024,170,47,47,96,19,19,11850281_C_MTValentine04.gltf,11850281_c_mtvalentine04_d.png,11850281_c_mtvalentine04_c.png,Scene Root,
11820027,코튼 캔디 해피 문 망토 (남),11820027,126,204,247,72,94,168,11820027_C_MTPajamas02.gltf,11820027_c_mtpajamas02_d.png,11820027_c_mtpajamas02_c.png,Scene Root,
11820028,코튼 캔디 해피 문 망토 (여),11820028,126,204,247,72,94,168,11820027_C_MTPajamas02.gltf,11820027_c_mtpajamas02_d.png,11820027_c_mtpajamas02_c.png,Scene Root,
11820029,키튼 리본 방울 꼬리 (남),11850157,63,59,51,20,18,15,11850157_C_MTMaid01.gltf,11850157_c_mtmaid01_d.png,11850157_c_mtmaid01_c.png,Bip01 Pelvis,
11820030,키튼 리본 방울 꼬리 (여),11850158,63,59,51,20,18,15,11850157_C_MTMaid01.gltf,11850157_c_mtmaid01_d.png,11850157_c_mtmaid01_c.png,Bip01 Pelvis,
11820031,해피 멜로디 스피커 (남),11820031,239,112,145,153,66,82,11820031_C_MTIdol02.gltf,11820031_c_mtidol02_d.png,11820031_c_mtidol02_c.png,Scene Root,
11820032,해피 멜로디 스피커 (여),11820031,239,112,145,153,66,82,11820031_C_MTIdol02.gltf,11820031_c_mtidol02_d.png,11820031_c_mtidol02_c.png,Scene Root,
11820033,큐트 블러썸 윙 (남),11850136,180,165,248,108,96,176,11850136_C_MTGreenDay01.gltf,11850136_c_mtgreenday01_d.png,11850136_c_mtgreenday01_c.png,Bip01 Spine1,
11820034,큐트 블러썸 윙 (여),11850136,180,165,248,108,96,176,11850136_C_MTGreenDay01.gltf,11850136_c_mtgreenday01_d.png,11850136_c_mtgreenday01_c.png,Bip01 Spine1,
11820035,살랑 나비 날개 (남),11850259,244,189,88,163,121,39,11850259_C_MTGentlyButterfly.gltf,11850259_c_mtgentlybutterfly_d.png,11850259_c_mtgentlybutterfly_c.png,Bip01 Spine1,
11820036,살랑 나비 날개 (여),11850260,244,189,88,163,121,39,11850259_C_MTGentlyButterfly.gltf,11850259_c_mtgentlybutterfly_d.png,11850259_c_mtgentlybutterfly_c.png,Bip01 Spine1,
11820037,바니 플라워 무지개 망토 (남),11850186,230,230,230,150,150,150,11850186_C_MTFlowerRabbit.gltf,11850186_c_mtflowerrabbit_d.png,11850186_c_mtflowerrabbit_c.png,Scene Root,
11820038,바니 플라워 무지개 망토 (여),11850187,230,230,230,150,150,150,11850186_C_MTFlowerRabbit.gltf,11850186_c_mtflowerrabbit_d.png,11850186_c_mtflowerrabbit_c.png,Scene Root,
11820039,레드 후드 빵 바구니 (남),11820039,214,147,100,186,113,50,11820039_C_MTFairyTale01.gltf,11820039_c_mtfairytale01_d.png,11820039_c_mtfairytale01_c.png,Scene Root,
11820040,레드 후드 빵 바구니 (여),11820040,214,147,100,186,113,50,11820039_C_MTFairyTale01.gltf,11820039_c_mtfairytale01_d.png,11820039_c_mtfairytale01_c.png,Scene Root,
11820041,퓨어 이터널 윙 (남),11850056,126,204,247,72,94,168,11850056_C_MTPureEternalWing.gltf,11850056_c_mtpureeternalwing_d.png,11850056_c_mtpureeternalwing_c.png,Bip01 Spine1,
11820042,퓨어 이터널 윙 (여),11850066,126,204,247,72,94,168,11850056_C_MTPureEternalWing.gltf,11850056_c_mtpureeternalwing_d.png,11850056_c_mtpureeternalwing_c.png,Bip01 Spine1,
11820043,하트 버니돌 (남),11820043,255,168,203,205,86,106,11820043_C_MTIdol04.gltf,11820043_c_mtidol04_d.png,11820043_c_mtidol04_c.png,Scene Root,
11820044,하트 버니돌 (여),11820043,255,168,203,205,86,106,11820043_C_MTIdol04.gltf,11820043_c_mtidol04_d.png,11820043_c_mtidol04_c.png,Scene Root,
11820045,샤인 하트 윙 (남),11850097,126,204,247,72,94,168,11850097_C_MTIdolBand.gltf,11850097_c_mtidolband_d.png,11850097_c_mtidolband_c.png,Bip01 Spine1,
11820046,샤인 하트 윙 (여),11850098,126,204,247,72,94,168,11850097_C_MTIdolBand.gltf,11850097_c_mtidolband_d.png,11850097_c_mtidolband_c.png,Bip01 Spine1,
11820047,팡팡 귀여운 코끼리 (남),11820047,133,81,165,53,42,71,11820047_C_MTMagician02.gltf,11820047_c_mtmagician02_d.png,11820047_c_mtmagician02_c.png,Scene Root,
11820048,팡팡 귀여운 코끼리 (여),11820047,133,81,165,53,42,71,11820047_C_MTMagician02.gltf,11820047_c_mtmagician02_d.png,11820047_c_mtmagician02_c.png,Scene Root,
11820049,큐티 더키볼 삼색 풍선 망토 (남),11850190,239,112,145,153,66,82,11850190_C_MTChildren01.gltf,11850190_c_mtchildren01_d.png,11850190_c_mtchildren01_c.png,Scene Root,
11820050,큐티 더키볼 삼색 풍선 망토 (여),11850191,239,112,145,153,66,82,11850190_C_MTChildren01.gltf,11850190_c_mtchildren01_d.png,11850190_c_mtchildren01_c.png,Scene Root,
11820051,달콤한 초콜릿 리본 (남),11820051,239,112,145,153,66,82,11820051_C_MTFood02.gltf,11820051_c_mtfood02_d.png,11820051_c_mtfood02_c.png,Bip01 Spine1,
11820052,달콤한 초콜릿 리본 (여),11820052,239,112,145,153,66,82,11820051_C_MTFood02.gltf,11820051_c_mtfood02_d.png,11820051_c_mtfood02_c.png,Bip01 Spine1,
11820053,나비 군주 날개 (남),11820053,170,47,47,96,19,19,11850248_C_MTBlackButterfly.gltf,11850248_c_mtblackbutterfly_d.png,11850248_c_mtblackbutterfly_c.png,Bip01 Spine1,
11820054,나비 군주 날개 (여),11820054,170,47,47,96,19,19,11850248_C_MTBlackButterfly.gltf,11850248_c_mtblackbutterfly_d.png,11850248_c_mtblackbutterfly_c.png,Bip01 Spine1,
11820055,갈매기 해적단 길잡이 (남),11820055,76,105,181,23,40,79,11820055_C_MTMarine03.gltf,11820055_c_mtmarine03_d.png,11820055_c_mtmarine03_c.png,Scene Root,
11820056,갈매기 해적단 길잡이 (여),11820055,76,105,181,23,40,79,11820055_C_MTMarine03.gltf,11820055_c_mtmarine03_d.png,11820055_c_mtmarine03_c.png,Scene Root,
11820057,선인장 풍선 망토 (남),11850155,170,47,47,96,19,19,11850155_C_MTCowPuncher.gltf,11850155_c_mtcowpuncher_d.png,11850155_c_mtcowpuncher_c.png,Bip01 Spine1,
11820058,선인장 풍선 망토 (여),11850156,170,47,47,96,19,19,11850155_C_MTCowPuncher.gltf,11850155_c_mtcowpuncher_d.png,11850155_c_mtcowpuncher_c.png,Bip01 Spine1,
11820059,스트리트 래퍼 스프레이 (남),11820059,126,204,247,72,94,168,11820059_C_MTIdol03.gltf,11820059_c_mtidol03_d.png,11820059_c_mtidol03_c.png,Scene Root,
11820060,스트리트 래퍼 스프레이 (여),11820060,126,204,247,72,94,168,11820059_C_MTIdol03.gltf,11820059_c_mtidol03_d.png,11820059_c_mtidol03_c.png,Scene Root,
11820061,우주비행사 UFO 망토 (남),11850192,194,209,96,64,104,54,11850192_C_MTSpaceSuit01.gltf,11850192_c_mtspacesuit01_d.png,11850192_c_mtspacesuit01_c.png,Scene Root,
11820062,우주비행사 UFO 망토 (여),11850193,194,209,96,64,104,54,11850192_C_MTSpaceSuit01.gltf,11850192_c_mtspacesuit01_d.png,11850192_c_mtspacesuit01_c.png,Scene Root,
11820063,푸른 바다 갈매기 친구 (남),11820063,126,204,247,72,94,168,11820063_C_MTMarine04.gltf,11820063_c_mtmarine04_d.png,11820063_c_mtmarine04_c.png,Scene Root,
11820064,푸른 바다 갈매기 친구 (여),11820063,126,204,247,72,94,168,11820063_C_MTMarine04.gltf,11820063_c_mtmarine04_d.png,11820063_c_mtmarine04_c.png,Scene Root,
11820065,트로피컬 썸머 칵테일 (남),11850194,147,226,242,89,153,165,11850194_C_MTResortWear.gltf,11850194_c_mtresortwear_d.png,11850194_c_mtresortwear_c.png,Scene Root,
11820066,트로피컬 썸머 칵테일 (여),11850195,147,226,242,89,153,165,11850194_C_MTResortWear.gltf,11850194_c_mtresortwear_d.png,11850194_c_mtresortwear_c.png,Scene Root,
11820067,사박사박 모래 바구니 (남),11820067,76,105,181,23,40,79,11820067_C_MTSwim06.gltf,11820067_c_mtswim06_d.png,11820067_c_mtswim06_c.png,Scene Root,
11820068,사박사박 모래 바구니 (여),11820067,76,105,181,23,40,79,11820067_C_MTSwim06.gltf,11820067_c_mtswim06_d.png,11820067_c_mtswim06_c.png,Scene Root,
11820069,둥실둥실 돌고래 (남),11850153,255,168,203,205,86,106,11850153_C_MTMarine02.gltf,11850153_c_mtmarine02_d.png,11850153_c_mtmarine02_c.png,Bip01 Spine1,
11820070,둥실둥실 돌고래 (여),11850154,255,168,203,205,86,106,11850153_C_MTMarine02.gltf,11850153_c_mtmarine02_d.png,11850153_c_mtmarine02_c.png,Bip01 Spine1,
11820073,이프리트 글리터 윙 (남),11850055,63,59,51,20,18,15,11850055_C_MTIfritGlitterWing.gltf,11850055_c_mtifritglitterwing_d.png,11850055_c_mtifritglitterwing_d.png,Bip01 Spine1,
11820074,이프리트 글리터 윙 (여),11850055,63,59,51,20,18,15,11850055_C_MTIfritGlitterWing.gltf,11850055_c_mtifritglitterwing_d.png,11850055_c_mtifritglitterwing_d.png,Bip01 Spine1,
11820077,마법학교 수련생 망토 (남),11850182,76,105,181,23,40,79,11850182_C_MTMagicalSchool.gltf,11850182_c_mtmagicalschool_d.png,11850182_c_mtmagicalschool_c.png,Scene Root,
11820078,마법학교 수련생 망토 (여),11850183,76,105,181,23,40,79,11850182_C_MTMagicalSchool.gltf,11850182_c_mtmagicalschool_d.png,11850182_c_mtmagicalschool_c.png,Scene Root,
11820081,크리스탈 드롭 망토 (남),11850131,180,165,248,108,96,176,11850131_C_MTRococo01.gltf,11850131_c_mtrococo01_d.png,11850131_c_mtrococo01_c.png,Bip01 Spine1,
11820082,크리스탈 드롭 망토 (여),11850131,180,165,248,108,96,176,11850131_C_MTRococo01.gltf,11850131_c_mtrococo01_d.png,11850131_c_mtrococo01_c.png,Bip01 Spine1,
11820085,궁중 셰프 마법 조리기구 (남),11850252,119,147,68,32,51,30,11850252_C_MTCook02.gltf,11850252_c_mtcook02_d.png,11850252_c_mtcook02_c.png,Scene Root,
11820086,궁중 셰프 마법 조리기구 (여),11850253,119,147,68,32,51,30,11850252_C_MTCook02.gltf,11850252_c_mtcook02_d.png,11850252_c_mtcook02_c.png,Scene Root,
11820089,아크 엔젤 윙 (남),11850054,63,59,51,20,18,15,11850055_C_ArkAngelWingsR.gltf,11850054_c_arkangelwings_d.png,11850054_c_arkangelwings_c.png,Bip01 Spine1,
11820090,다크 엔젤 윙 (여),11850061,63,59,51,20,18,15,11850054_C_ArkAngelWingsL.gltf,11850054_c_arkangelwings_d.png,11850054_c_arkangelwings_c.png,Bip01 Spine1,
11820093,데들리 스위트 주스 (남),11850065,170,47,47,96,19,19,11850065_C_MTDevilWingPack.gltf,11850065_c_mtdevilwingpack_d.png,11850065_c_mtdevilwingpack_c.png,Bip01 Spine1,
11820094,데들리 스위트 주스 (여),11850068,170,47,47,96,19,19,11850065_C_MTDevilWingPack.gltf,11850065_c_mtdevilwingpack_d.png,11850065_c_mtdevilwingpack_c.png,Bip01 Spine1,
11820095,여행자 가방 (남),11850018,133,81,165,53,42,71,11850018_C_AdventurerSack.gltf,11850018_c_adventurersack_d.png,11850018_c_adventurersack_c.png,Bip01 Spine1,
11820096,여행자 가방 (여),11850018,133,81,165,53,42,71,11850018_C_AdventurerSack.gltf,11850018_c_adventurersack_d.png,11850018_c_adventurersack_c.png,Bip01 Spine1,
11820097,우주비행사 UFO 망토 (남),11850192,194,209,96,64,104,54,11850192_C_MTSpaceSuit01.gltf,11850192_c_mtspacesuit01_d.png,11850192_c_mtspacesuit01_c.png,Scene Root,
11820098,우주비행사 UFO 망토 (여),11850193,194,209,96,64,104,54,11850192_C_MTSpaceSuit01.gltf,11850192_c_mtspacesuit01_d.png,11850192_c_mtspacesuit01_c.png,Scene Root,
11820099,코튼 캔디 해피 문 망토 (남),11820027,126,204,247,72,94,168,11820027_C_MTPajamas02.gltf,11820027_c_mtpajamas02_d.png,11820027_c_mtpajamas02_c.png,Scene Root,
11820100,코튼 캔디 해피 문 망토 (여),11820028,126,204,247,72,94,168,11820027_C_MTPajamas02.gltf,11820027_c_mtpajamas02_d.png,11820027_c_mtpajamas02_c.png,Scene Root,
11820101,큐티 더키볼 삼색 풍선 망토 (남),11850190,239,112,145,153,66,82,11850190_C_MTChildren01.gltf,11850190_c_mtchildren01_d.png,11850190_c_mtchildren01_c.png,Scene Root,
11820102,큐티 더키볼 삼색 풍선 망토 (여),11850191,239,112,145,153,66,82,11850190_C_MTChildren01.gltf,11850190_c_mtchildren01_d.png,11850190_c_mtchildren01_c.png,Scene Root,
11820103,앙큼 생쥐 꼬리 (남),11800146,132,130,120,68,68,65,11800146_C_MTDoll_Mouse01.gltf,11800146_c_mtdoll_mouse01_d.png,11800146_c_mtdoll_mouse01_c.png,Bip01 Pelvis,
11820104,앙큼 생쥐 꼬리 (여),11800147,132,130,120,68,68,65,11800146_C_MTDoll_Mouse01.gltf,11800146_c_mtdoll_mouse01_d.png,11800146_c_mtdoll_mouse01_c.png,Bip01 Pelvis,
11820105,앙큼 생쥐 꼬리 (남),11800146,132,130,120,68,68,65,11800146_C_MTDoll_Mouse01.gltf,11800146_c_mtdoll_mouse01_d.png,11800146_c_mtdoll_mouse01_c.png,Bip01 Pelvis,
11820106,앙큼 생쥐 꼬리 (여),11800147,132,130,120,68,68,65,11800146_C_MTDoll_Mouse01.gltf,11800146_c_mtdoll_mouse01_d.png,11800146_c_mtdoll_mouse01_c.png,Bip01 Pelvis,
11820107,아크 엔젤 윙 (남),11850054,63,59,51,20,18,15,11850055_C_ArkAngelWingsR.gltf,11850054_c_arkangelwings_d.png,11850054_c_arkangelwings_c.png,Bip01 Spine1,
11820108,다크 엔젤 윙 (여),11850061,63,59,51,20,18,15,11850054_C_ArkAngelWingsL.gltf,11850054_c_arkangelwings_d.png,11850054_c_arkangelwings_c.png,Bip01 Spine1,
11820109,코코 퍼피 테일 (남),11850115,126,204,247,72,94,168,11850115_C_MTPuppy01.gltf,11850115_c_mtpuppy01_d.png,11850115_c_mtpuppy01_c.png,Bip01 Pelvis,
11820110,코코 퍼피 테일 (여),11850115,126,204,247,72,94,168,11850115_C_MTPuppy01.gltf,11850115_c_mtpuppy01_d.png,11850115_c_mtpuppy01_c.png,Bip01 Pelvis,
11820111,트로피컬 썸머 칵테일 (남),11850194,147,226,242,89,153,165,11850194_C_MTResortWear.gltf,11850194_c_mtresortwear_d.png,11850194_c_mtresortwear_c.png,Scene Root,
11820112,트로피컬 썸머 칵테일 (여),11850195,147,226,242,89,153,165,11850194_C_MTResortWear.gltf,11850194_c_mtresortwear_d.png,11850194_c_mtresortwear_c.png,Scene Root,
11820113,푸른 바다 갈매기 친구 (남),11820063,126,204,247,72,94,168,11820063_C_MTMarine04.gltf,11820063_c_mtmarine04_d.png,11820063_c_mtmarine04_c.png,Scene Root,
11820114,푸른 바다 갈매기 친구 (여),11820063,126,204,247,72,94,168,11820063_C_MTMarine04.gltf,11820063_c_mtmarine04_d.png,11820063_c_mtmarine04_c.png,Scene Root,
11820115,(PC방) 로켓 날개,11850006,63,59,51,20,18,15,01800006_C_RocketWing.gltf,01800006_c_rocketwing_d.png,01800006_c_rocketwing_d.png,Bip01 Spine2,
11820116,(PC방) 해골 관,11850019,170,47,47,96,19,19,11850019_C_SkeletonCoffin.gltf,11850019_c_skeletoncoffin_d.png,11850019_c_skeletoncoffin_c.png,Bip01 Spine1,
11820117,(PC방) 악마 꼬리,11850029,63,59,51,20,18,15,11850029_C_DevilTail.gltf,11850029_c_deviltail_d.png,11850029_c_deviltail_c.png,Bip01 Pelvis,
11820118,(PC방) 밀리터리 륙색,11850015,63,59,51,20,18,15,11850015_C_MilitaryRucksack.gltf,11850015_c_militaryrucksack_d.png,11850015_c_militaryrucksack_d.png,Bip01 Spine1,
11820119,호박 유령 망토 (남),11800119,133,81,165,53,42,71,11800119_C_PumpkinGhost.gltf,11800119_c_pumpkinghost_d.png,11800119_c_pumpkinghost_c.png,Bip01 Spine1,
11820120,호박 유령 망토 (여),11800119,133,81,165,53,42,71,11800119_C_PumpkinGhost.gltf,11800119_c_pumpkinghost_d.png,11800119_c_pumpkinghost_c.png,Bip01 Spine1,
11820125,호박 유령 망토 (남),11800119,133,81,165,53,42,71,11800119_C_PumpkinGhost.gltf,11800119_c_pumpkinghost_d.png,11800119_c_pumpkinghost_c.png,Bip01 Spine1,
11820126,호박 유령 망토 (여),11800119,133,81,165,53,42,71,11800119_C_PumpkinGhost.gltf,11800119_c_pumpkinghost_d.png,11800119_c_pumpkinghost_c.png,Bip01 Spine1,
11820127,아쿠아 썸머 열대어 망토 (남),11850244,249,137,77,147,60,20,11850244_C_MTSwim05.gltf,11850244_c_mtswim05_d.png,11850244_c_mtswim05_c.png,Bip01 Spine1,
11820128,아쿠아 썸머 열대어 망토 (여),11850244,249,137,77,147,60,20,11850244_C_MTSwim05.gltf,11850244_c_mtswim05_d.png,11850244_c_mtswim05_c.png,Bip01 Spine1,
11820133,아쿠아 썸머 열대어 망토 (남),11850244,249,137,77,147,60,20,11850244_C_MTSwim05.gltf,11850244_c_mtswim05_d.png,11850244_c_mtswim05_c.png,Bip01 Spine1,
11820134,아쿠아 썸머 열대어 망토 (여),11850244,249,137,77,147,60,20,11850244_C_MTSwim05.gltf,11850244_c_mtswim05_d.png,11850244_c_mtswim05_c.png,Bip01 Spine1,
11820135,메투날드 햄버거 가방 (남),11850139,63,59,51,20,18,15,11850139_C_MTM2nald.gltf,11850139_c_mtm2nald_d.png,11850139_c_mtm2nald_d.png,Bip01 Spine1,
11820136,메투날드 햄버거 가방 (여),11850139,63,59,51,20,18,15,11850139_C_MTM2nald.gltf,11850139_c_mtm2nald_d.png,11850139_c_mtm2nald_d.png,Bip01 Spine1,
11820137,은하수 별빛 날개 (남),11850146,126,204,247,72,94,168,11850146_C_MTGalaxyFox.gltf,11850146_c_mtgalaxyfox_d.png,11850146_c_mtgalaxyfox_c.png,Bip01 Spine1,
11820138,은하수 별빛 날개 (여),11850146,126,204,247,72,94,168,11850146_C_MTGalaxyFox.gltf,11850146_c_mtgalaxyfox_d.png,11850146_c_mtgalaxyfox_c.png,Bip01 Spine1,
11820139,프로즌 글리터 윙 (남),11850046,63,59,51,20,18,15,11850046_C_MTFrozenGlitterWing.gltf,11850046_c_mtfrozenglitterwing_d.png,11850046_c_mtfrozenglitterwing_d.png,Bip01 Spine1,
11820140,프로즌 글리터 윙 (여),11850046,63,59,51,20,18,15,11850046_C_MTFrozenGlitterWing.gltf,11850046_c_mtfrozenglitterwing_d.png,11850046_c_mtfrozenglitterwing_d.png,Bip01 Spine1,
11820141,휴대용 소화기 (남),11820141,170,47,47,96,19,19,11850267_C_MTFireFighter01.gltf,11850267_c_mtfirefighter01_d.png,11850267_c_mtfirefighter01_c.png,Bip01 Spine1,
11820142,휴대용 소화기 (여),11820141,170,47,47,96,19,19,11850267_C_MTFireFighter01.gltf,11850267_c_mtfirefighter01_d.png,11850267_c_mtfirefighter01_c.png,Bip01 Spine1,
11820143,할로윈 박쥐 망토 (남),11800111,133,81,165,53,42,71,11800111_C_PumpkinBat.gltf,11800111_c_pumpkinbat_d.png,11800111_c_pumpkinbat_c.png,Bip01 Spine1,
11820144,할로윈 박쥐 망토 (여),11800111,133,81,165,53,42,71,11800111_C_PumpkinBat.gltf,11800111_c_pumpkinbat_d.png,11800111_c_pumpkinbat_c.png,Bip01 Spine1,
11820145,할로윈 박쥐 망토 (남),11800111,133,81,165,53,42,71,11800111_C_PumpkinBat.gltf,11800111_c_pumpkinbat_d.png,11800111_c_pumpkinbat_c.png,Bip01 Spine1,
11820146,할로윈 박쥐 망토 (여),11800111,133,81,165,53,42,71,11800111_C_PumpkinBat.gltf,11800111_c_pumpkinbat_d.png,11800111_c_pumpkinbat_c.png,Bip01 Spine1,
11820147,크림슨 데빌 윙 (남),11850028,63,59,51,20,18,15,11850028_C_DragonBoneWing.gltf,11850028_c_dragonbonewing_d.png,11850028_c_dragonbonewing_c.png,Bip01 Spine1,
11820148,스노우 테일 글로우 윙 (남),11850163,76,105,181,23,40,79,11850163_C_MTFrozen02.gltf,11850163_c_mtfrozen02_d.png,11850163_c_mtfrozen02_d.png,Bip01 Spine1,
11820149,스노우 테일 글로우 윙 (여),11850163,76,105,181,23,40,79,11850163_C_MTFrozen02.gltf,11850163_c_mtfrozen02_d.png,11850163_c_mtfrozen02_d.png,Bip01 Spine1,
11820150,아크 엔젤 윙 (남),11850054,63,59,51,20,18,15,11850055_C_ArkAngelWingsR.gltf,11850054_c_arkangelwings_d.png,11850054_c_arkangelwings_c.png,Bip01 Spine1,
11820151,다크 엔젤 윙 (여),11850061,63,59,51,20,18,15,11850054_C_ArkAngelWingsL.gltf,11850054_c_arkangelwings_d.png,11850054_c_arkangelwings_c.png,Bip01 Spine1,
11820152,크림슨 데빌 윙 (여),11850028,63,59,51,20,18,15,11850028_C_DragonBoneWing.gltf,11850028_c_dragonbonewing_d.png,11850028_c_dragonbonewing_c.png,Bip01 Spine1,
11820153,발렌타인 하트 네온사인 (남),11820023,170,47,47,96,19,19,11850281_C_MTValentine04.gltf,11850281_c_mtvalentine04_d.png,11850281_c_mtvalentine04_c.png,Scene Root,
11820154,발렌타인 하트 네온사인 (여),11820024,170,47,47,96,19,19,11850281_C_MTValentine04.gltf,11850281_c_mtvalentine04_d.png,11850281_c_mtvalentine04_c.png,Scene Root,
11820155,팬시 고딕 코튼 베어 (남),11850261,170,47,47,96,19,19,11850261_C_MTGothic02.gltf,11850261_c_mtgothic02_d.png,11850261_c_mtgothic02_c.png,Scene Root,
11820156,팬시 고딕 코튼 베어 (여),11850262,170,47,47,96,19,19,11850261_C_MTGothic02.gltf,11850261_c_mtgothic02_d.png,11850261_c_mtgothic02_c.png,Scene Root,
11820157,루시퍼 윙 (남),11850022,63,59,51,20,18,15,11850022_F_LuciferWing.gltf,11850022_c_luciferwing_d.png,11850022_c_luciferwing_d.png,Bip01 Spine2,
11820158,루시퍼 윙 (여),11850022,63,59,51,20,18,15,11850022_F_LuciferWing.gltf,11850022_c_luciferwing_d.png,11850022_c_luciferwing_d.png,Bip01 Spine2,
11820159,샤인 하트 윙 (남),11850097,126,204,247,72,94,168,11850097_C_MTIdolBand.gltf,11850097_c_mtidolband_d.png,11850097_c_mtidolband_c.png,Bip01 Spine1,
11820160,샤인 하트 윙 (여),11850098,126,204,247,72,94,168,11850097_C_MTIdolBand.gltf,11850097_c_mtidolband_d.png,11850097_c_mtidolband_c.png,Bip01 Spine1,
11820161,풍성한 삼미호 꼬리 (남),11850038,63,59,51,20,18,15,11850038_C_3FoxTails.gltf,11850038_c_3foxtails_d.png,11850038_c_3foxtails_d.png,Bip01 Pelvis,
11820162,풍성한 삼미호 꼬리 (여),11850038,63,59,51,20,18,15,11850038_C_3FoxTails.gltf,11850038_c_3foxtails_d.png,11850038_c_3foxtails_d.png,Bip01 Pelvis,
11820163,홀리 엔젤 윙 (남),11850059,242,224,191,165,127,96,11850059_C_ArchangelWing.gltf,11850059_c_archangelwing_d.png,11850059_c_archangelwing_c.png,Bip01 Spine1,
11820164,홀리 엔젤 윙 (여),11850059,242,224,191,165,127,96,11850059_C_ArchangelWing.gltf,11850059_c_archangelwing_d.png,11850059_c_archangelwing_c.png,Bip01 Spine1,
11820165,코튼 캔디 해피 문 망토 (남),11820027,126,204,247,72,94,168,11820027_C_MTPajamas02.gltf,11820027_c_mtpajamas02_d.png,11820027_c_mtpajamas02_c.png,Scene Root,
11820166,코튼 캔디 해피 문 망토 (여),11820028,126,204,247,72,94,168,11820027_C_MTPajamas02.gltf,11820027_c_mtpajamas02_d.png,11820027_c_mtpajamas02_c.png,Scene Root,
11820169,엔젤 윙 (남),11850021,63,59,51,20,18,15,11850021_F_AngelWing.gltf,11850021_c_angelwing_d.png,11850021_c_angelwing_d.png,Bip01 Spine2,
11820170,엔젤 윙 (여),11850021,63,59,51,20,18,15,11850021_F_AngelWing.gltf,11850021_c_angelwing_d.png,11850021_c_angelwing_d.png,Bip01 Spine2,
11820175,다람쥐 꼬리 (남),11850017,63,59,51,20,18,15,11850017_C_SquirrelTail.gltf,11850017_c_squirreltail_d.png,11850017_c_squirreltail_d.png,Bip01 Pelvis,
11820176,다람쥐 꼬리 (여),11850017,63,59,51,20,18,15,11850017_C_SquirrelTail.gltf,11850017_c_squirreltail_d.png,11850017_c_squirreltail_d.png,Bip01 Pelvis,
11820185,하얀 토끼 꼬리 (남),11850023,63,59,51,20,18,15,11850023_C_WhiteRabbitTail.gltf,11850023_c_whiterabbittail_d.png,11850023_c_whiterabbittail_d.png,Bip01 Pelvis,
11820186,하얀 토끼 꼬리 (여),11850023,63,59,51,20,18,15,11850023_C_WhiteRabbitTail.gltf,11850023_c_whiterabbittail_d.png,11850023_c_whiterabbittail_d.png,Bip01 Pelvis,
11820187,검은 토끼 꼬리 (남),11850024,63,59,51,20,18,15,11850024_C_BlackRabbitTail.gltf,11850024_c_blackrabbittail_d.png,11850024_c_blackrabbittail_d.png,Bip01 Pelvis,
11820188,검은 토끼 꼬리 (여),11850024,63,59,51,20,18,15,11850024_C_BlackRabbitTail.gltf,11850024_c_blackrabbittail_d.png,11850024_c_blackrabbittail_d.png,Bip01 Pelvis,
11820191,하얀 리본 고양이 꼬리 (남),11850025,63,59,51,20,18,15,11850025_C_WhiteRibbonTail.gltf,11850025_c_whiteribbontail_d.png,11850025_c_whiteribbontail_d.png,Bip01 Pelvis,
11820192,하얀 리본 고양이 꼬리 (여),11850025,63,59,51,20,18,15,11850025_C_WhiteRibbonTail.gltf,11850025_c_whiteribbontail_d.png,11850025_c_whiteribbontail_d.png,Bip01 Pelvis,
11820193,하얀 리본 고양이 꼬리 (남),11850025,63,59,51,20,18,15,11850025_C_WhiteRibbonTail.gltf,11850025_c_whiteribbontail_d.png,11850025_c_whiteribbontail_d.png,Bip01 Pelvis,
11820194,하얀 리본 고양이 꼬리 (여),11850025,63,59,51,20,18,15,11850025_C_WhiteRibbonTail.gltf,11850025_c_whiteribbontail_d.png,11850025_c_whiteribbontail_d.png,Bip01 Pelvis,
11820199,하얀 리본 고양이 꼬리 (남),11850025,63,59,51,20,18,15,11850025_C_WhiteRibbonTail.gltf,11850025_c_whiteribbontail_d.png,11850025_c_whiteribbontail_d.png,Bip01 Pelvis,
11820200,하얀 리본 고양이 꼬리 (여),11850025,63,59,51,20,18,15,11850025_C_WhiteRibbonTail.gltf,11850025_c_whiteribbontail_d.png,11850025_c_whiteribbontail_d.png,Bip01 Pelvis,
11820205,하얀 삼미호 꼬리 (남),11850037,63,59,51,20,18,15,11850037_C_White3FoxTails.gltf,11850037_c_white3foxtails_d.png,11850037_c_white3foxtails_d.png,Bip01 Pelvis,
11820206,하얀 삼미호 꼬리 (여),11850037,63,59,51,20,18,15,11850037_C_White3FoxTails.gltf,11850037_c_white3foxtails_d.png,11850037_c_white3foxtails_d.png,Bip01 Pelvis,
11820211,화구통 (남),11850142,63,59,51,20,18,15,11850142_C_DrawingTube.gltf,11850142_c_drawingtube_d.png,11850142_c_drawingtube_c.png,Bip01 Spine1,
11820212,화구통 (여),11850142,63,59,51,20,18,15,11850142_C_DrawingTube.gltf,11850142_c_drawingtube_d.png,11850142_c_drawingtube_c.png,Bip01 Spine1,
11820213,화구통 (남),11850142,63,59,51,20,18,15,11850142_C_DrawingTube.gltf,11850142_c_drawingtube_d.png,11850142_c_drawingtube_c.png,Bip01 Spine1,
11820214,화구통 (여),11850142,63,59,51,20,18,15,11850142_C_DrawingTube.gltf,11850142_c_drawingtube_d.png,11850142_c_drawingtube_c.png,Bip01 Spine1,
11820217,아이리스 페어리 윙 (남),11850082,194,209,96,64,104,54,11850082_C_MTBudsFairy.gltf,11850082_c_mtbudsfairy_d.png,11850082_c_mtbudsfairy_c.png,Bip01 Spine1,
11820218,아이리스 페어리 윙 (여),11850082,194,209,96,64,104,54,11850082_C_MTBudsFairy.gltf,11850082_c_mtbudsfairy_d.png,11850082_c_mtbudsfairy_c.png,Bip01 Spine1,
11820219,아이리스 페어리 윙 (남),11850082,194,209,96,64,104,54,11850082_C_MTBudsFairy.gltf,11850082_c_mtbudsfairy_d.png,11850082_c_mtbudsfairy_c.png,Bip01 Spine1,
11820220,아이리스 페어리 윙 (여),11850082,194,209,96,64,104,54,11850082_C_MTBudsFairy.gltf,11850082_c_mtbudsfairy_d.png,11850082_c_mtbudsfairy_c.png,Bip01 Spine1,
11820231,가벼운 요정 날개 (남),11850140,126,204,247,72,94,168,11850140_C_FairyWings.gltf,11850140_c_fairywings_d.png,11850140_c_fairywings_c.png,Bip01 Spine1,
11820232,가벼운 요정 날개 (여),11850140,126,204,247,72,94,168,11850140_C_FairyWings.gltf,11850140_c_fairywings_d.png,11850140_c_fairywings_c.png,Bip01 Spine1,
11820233,슬리핑 베어 (남),11850060,122,92,77,53,39,29,11850060_C_SleepingBear.gltf,11850060_c_sleepingbear_d.png,11850060_c_sleepingbear_c.png,Bip01 Spine1,
11820234,슬리핑 베어 (여),11850060,122,92,77,53,39,29,11850060_C_SleepingBear.gltf,11850060_c_sleepingbear_d.png,11850060_c_sleepingbear_c.png,Bip01 Spine1,
11820235,슬리핑 베어 (남),11850060,122,92,77,53,39,29,11850060_C_SleepingBear.gltf,11850060_c_sleepingbear_d.png,11850060_c_sleepingbear_c.png,Bip01 Spine1,
11820236,슬리핑 베어 (여),11850060,122,92,77,53,39,29,11850060_C_SleepingBear.gltf,11850060_c_sleepingbear_d.png,11850060_c_sleepingbear_c.png,Bip01 Spine1,
11820237,병아리 가방 (남),11850003,63,59,51,20,18,15,01800003_C_Chick.gltf,01800003_c_chick_d.png,01800003_c_chick_d.png,Bip01 Spine1,
11820238,병아리 가방 (여),11850003,63,59,51,20,18,15,01800003_C_Chick.gltf,01800003_c_chick_d.png,01800003_c_chick_d.png,Bip01 Spine1,
11820241,플라밍고 풍선 망토 (남),11800115,255,168,203,205,86,106,11800115_C_FlamingoBalloon.gltf,11800115_c_flamingoballoon_d.png,11800115_c_flamingoballoon_c.png,Bip01 Spine1,
11820242,플라밍고 풍선 망토 (여),11800115,255,168,203,205,86,106,11800115_C_FlamingoBalloon.gltf,11800115_c_flamingoballoon_d.png,11800115_c_flamingoballoon_c.png,Bip01 Spine1,
11820243,날카로운 드래곤 꼬리 (남),11850141,170,47,47,96,19,19,11850141_C_DragonTail.gltf,11850141_c_dragontail_d.png,11850141_c_dragontail_c.png,Bip01 Pelvis,
11820244,날카로운 드래곤 꼬리 (여),11850141,170,47,47,96,19,19,11850141_C_DragonTail.gltf,11850141_c_dragontail_d.png,11850141_c_dragontail_c.png,Bip01 Pelvis,
11820245,가벼운 요정 날개 (남),11850140,126,204,247,72,94,168,11850140_C_FairyWings.gltf,11850140_c_fairywings_d.png,11850140_c_fairywings_c.png,Bip01 Spine1,
11820246,가벼운 요정 날개 (여),11850140,126,204,247,72,94,168,11850140_C_FairyWings.gltf,11850140_c_fairywings_d.png,11850140_c_fairywings_c.png,Bip01 Spine1,
11820247,네모 책가방 (남),11850004,239,112,145,153,66,82,01800004_C_StudySquare.gltf,01800004_c_studysquare_d.png,01800004_c_studysquare_c.png,Bip01 Spine1,
11820248,네모 책가방 (여),11850004,239,112,145,153,66,82,01800004_C_StudySquare.gltf,01800004_c_studysquare_d.png,01800004_c_studysquare_c.png,Bip01 Spine1,
11820287,현자냥이의 개복치 튜브 (남),11850064,126,204,247,72,94,168,11850064_C_MTSummerEvent01.gltf,11850064_c_mtsummerevent01_d.png,11850064_c_mtsummerevent01_c.png,Bip01 Spine1,
11820288,현자냥이의 개복치 튜브 (여),11850064,126,204,247,72,94,168,11850064_C_MTSummerEvent01.gltf,11850064_c_mtsummerevent01_d.png,11850064_c_mtsummerevent01_c.png,Bip01 Spine1,
11820289,현자냥이의 개복치 튜브 (남),11850064,126,204,247,72,94,168,11850064_C_MTSummerEvent01.gltf,11850064_c_mtsummerevent01_d.png,11850064_c_mtsummerevent01_c.png,Bip01 Spine1,
11820290,현자냥이의 개복치 튜브 (여),11850064,126,204,247,72,94,168,11850064_C_MTSummerEvent01.gltf,11850064_c_mtsummerevent01_d.png,11850064_c_mtsummerevent01_c.png,Bip01 Spine1,
11820295,밀리터리 륙색 (남),11850015,63,59,51,20,18,15,11850015_C_MilitaryRucksack.gltf,11850015_c_militaryrucksack_d.png,11850015_c_militaryrucksack_d.png,Bip01 Spine1,
11820296,밀리터리 륙색 (여),11850015,63,59,51,20,18,15,11850015_C_MilitaryRucksack.gltf,11850015_c_militaryrucksack_d.png,11850015_c_militaryrucksack_d.png,Bip01 Spine1,
11820313,악마 꼬리 (남),11850029,63,59,51,20,18,15,11850029_C_DevilTail.gltf,11850029_c_deviltail_d.png,11850029_c_deviltail_c.png,Bip01 Pelvis,
11820314,악마 꼬리 (여),11850029,63,59,51,20,18,15,11850029_C_DevilTail.gltf,11850029_c_deviltail_d.png,11850029_c_deviltail_c.png,Bip01 Pelvis,
11820317,로열 윈터 크리스탈 윙 (남),11850273,62,73,117,27,26,48,11850273_C_MiddleAges01.gltf,11850273_c_mtmiddleages01_d.png,11850273_c_mtmiddleages01_c.png,Bip01 Spine1,
11820318,로열 윈터 크리스탈 윙 (여),11850274,62,73,117,27,26,48,11850273_C_MiddleAges01.gltf,11850273_c_mtmiddleages01_d.png,11850273_c_mtmiddleages01_c.png,Bip01 Spine1,
11820319,로열 윈터 크리스탈 윙 (남),11850273,62,73,117,27,26,48,11850273_C_MiddleAges01.gltf,11850273_c_mtmiddleages01_d.png,11850273_c_mtmiddleages01_c.png,Bip01 Spine1,
11820320,로열 윈터 크리스탈 윙 (여),11850274,62,73,117,27,26,48,11850273_C_MiddleAges01.gltf,11850273_c_mtmiddleages01_d.png,11850273_c_mtmiddleages01_c.png,Bip01 Spine1,
11820349,빛나는 군악대 드럼 (남),11820349,76,105,181,23,40,79,11820349_C_MTBand01.gltf,11820349_c_mtband01_d.png,11820349_c_mtband01_c.png,Scene Root,
11820350,빛나는 군악대 드럼 (여),11820350,76,105,181,23,40,79,11820349_C_MTBand01.gltf,11820349_c_mtband01_d.png,11820349_c_mtband01_c.png,Scene Root,
11820357,올림포스 신의 날개 (남),11850133,242,224,191,165,127,96,11850133_C_MTOlympos01.gltf,11850133_c_mtolympos01_d.png,11850133_c_mtolympos01_c.png,Bip01 Spine1,
11820358,올림포스 신의 날개 (여),11850133,242,224,191,165,127,96,11850133_C_MTOlympos01.gltf,11850133_c_mtolympos01_d.png,11850133_c_mtolympos01_c.png,Bip01 Spine1,
11820361,일루셔니스트 피죤 가렌더 (남),11850159,170,47,47,96,19,19,11850159_C_MTFairyMagician.gltf,11850159_c_mtfairymagician_d.png,11850159_c_mtfairymagician_c.png,Bip01 Spine1,
11820362,일루셔니스트 피죤 가렌더 (여),11850160,170,47,47,96,19,19,11850159_C_MTFairyMagician.gltf,11850159_c_mtfairymagician_d.png,11850159_c_mtfairymagician_c.png,Bip01 Spine1,
11820367,댄싱 그레이스 샤이니 윙(남),11820367,133,81,165,53,42,71,11820367_C_MTSports04.gltf,11820367_c_mtsports04_d.png,11820367_c_mtsports04_c.png,Bip01 Spine1,
11820368,댄싱 그레이스 샤이니 윙(여),11820368,133,81,165,53,42,71,11820367_C_MTSports04.gltf,11820367_c_mtsports04_d.png,11820367_c_mtsports04_c.png,Bip01 Spine1,
11820369,세이레네스 윙(남),11820369,126,204,247,72,94,168,11820369_C_MTSummer02.gltf,11820369_c_mtsummer02_d.png,11820369_c_mtsummer02_c.png,Bip01 Spine1,
11820370,세이레네스 윙 (여),11820369,126,204,247,72,94,168,11820369_C_MTSummer02.gltf,11820369_c_mtsummer02_d.png,11820369_c_mtsummer02_c.png,Bip01 Spine1,
11820381,숲의 정령 꽃잎 날개 (남),11820381,119,147,68,32,51,30,11820381_C_MTFairy04.gltf,11820381_c_mtfairy04_d.png,11820381_c_mtfairy04_c.png,Bip01 Spine1,
11820382,숲의 정령 꽃잎 날개 (여),11820382,119,147,68,32,51,30,11820381_C_MTFairy04.gltf,11820381_c_mtfairy04_d.png,11820381_c_mtfairy04_c.png,Bip01 Spine1,
11820383,성실한 모험가의 망토,11800020,63,59,51,20,18,15,11800017_F_MTRagsMantle.gltf,11800017_c_mtragsmantle_d.png,11800017_c_mtragsmantle_d.png,Bip01 Spine2,
11820387,글로우 엔젤 윙 (남),11850126,126,204,247,72,94,168,11850126_C_MTChristmas02.gltf,11850126_c_mtchristmas02_d.png,11850126_c_mtchristmas02_c.png,Bip01 Spine1,
11820388,글로우 엔젤 윙 (여),11850127,126,204,247,72,94,168,11850126_C_MTChristmas02.gltf,11850126_c_mtchristmas02_d.png,11850126_c_mtchristmas02_c.png,Bip01 Spine1,
11820389,발랄한 앨리스 티포트 (남),11820389,126,204,247,72,94,168,11820389_C_MTFairyTale02.gltf,11820389_c_mtfairytale02_d.png,11820389_c_mtfairytale02_c.png,Scene Root,
11820390,발랄한 앨리스 티포트 (여),11820389,126,204,247,72,94,168,11820389_C_MTFairyTale02.gltf,11820389_c_mtfairytale02_d.png,11820389_c_mtfairytale02_c.png,Scene Root,
11820395,포근한 솜뭉치 구름 (남),11820395,230,230,230,150,150,150,11820395_C_MTWinter01.gltf,11820395_c_mtwinter01_d.png,11820395_c_mtwinter01_c.png,Scene Root,
11820396,포근한 솜뭉치 구름 (여),11820395,230,230,230,150,150,150,11820395_C_MTWinter01.gltf,11820395_c_mtwinter01_d.png,11820395_c_mtwinter01_c.png,Scene Root,
11820399,째깍째깍 태엽 가방 (남),11820399,62,73,117,27,26,48,11820399_C_MTTechwear02.gltf,11820399_c_mttechwear02_d.png,11820399_c_mttechwear02_c.png,Scene Root,
11820400,째깍째깍 태엽 가방 (여),11820399,62,73,117,27,26,48,11820399_C_MTTechwear02.gltf,11820399_c_mttechwear02_d.png,11820399_c_mttechwear02_c.png,Scene Root,
11820427,메이플로드 승마학교 트로피 (남),11820427,170,47,47,96,19,19,11820427_C_MTUniform04.gltf,11820427_c_mtuniform04_d.png,11820427_c_mtuniform04_c.png,Scene Root,
11820428,메이플로드 승마학교 트로피 (여),11820427,170,47,47,96,19,19,11820427_C_MTUniform04.gltf,11820427_c_mtuniform04_d.png,11820427_c_mtuniform04_c.png,Scene Root,
11820429,커닝 집배원의 든든한 조수 (남),11820429,214,147,100,186,113,50,11820429_C_MTUniform03.gltf,11820429_c_mtuniform03_d.png,11820429_c_mtuniform03_c.png,Scene Root,
11820430,커닝 집배원의 든든한 조수 (여),11820429,214,147,100,186,113,50,11820429_C_MTUniform03.gltf,11820429_c_mtuniform03_d.png,11820429_c_mtuniform03_c.png,Scene Root,
11820431,폴 래빗 매직 스카프 (남),11820431,132,130,120,68,68,65,11820431_C_MTBunny02.gltf,11820431_c_mtbunny02_d.png,11820431_c_mtbunny02_c.png,Scene Root,
11820432,폴 래빗 매직 스카프 (여),11820431,132,130,120,68,68,65,11820431_C_MTBunny02.gltf,11820431_c_mtbunny02_d.png,11820431_c_mtbunny02_c.png,Scene Root,
11820433,미스터리 클럽 가방,11800291,244,189,88,163,121,39,11800291_C_MTSherlock02.gltf,11800291_c_mtsherlock02_d.png,11800291_c_mtsherlock02_c.png,Bip01 Spine1,
11820449,펑키 캣 버디 (남),11850151,133,81,165,53,42,71,11850151_C_MTFunkyNeonCat.gltf,11850151_c_mtfunkyneoncat_d.png,11850151_c_mtfunkyneoncat_c.png,Bip01 Spine1,
11820450,펑키 캣 버디 (여),11850152,133,81,165,53,42,71,11850151_C_MTFunkyNeonCat.gltf,11850151_c_mtfunkyneoncat_d.png,11850151_c_mtfunkyneoncat_c.png,Bip01 Spine1,
11820451,스트리트 래퍼 스프레이 (남),11820059,126,204,247,72,94,168,11820059_C_MTIdol03.gltf,11820059_c_mtidol03_d.png,11820059_c_mtidol03_c.png,Scene Root,
11820452,스트리트 래퍼 스프레이 (여),11820060,126,204,247,72,94,168,11820059_C_MTIdol03.gltf,11820059_c_mtidol03_d.png,11820059_c_mtidol03_c.png,Scene Root,
11820453,푸른 바다 갈매기 친구 (남),11820063,126,204,247,72,94,168,11820063_C_MTMarine04.gltf,11820063_c_mtmarine04_d.png,11820063_c_mtmarine04_c.png,Scene Root,
11820454,푸른 바다 갈매기 친구 (여),11820063,126,204,247,72,94,168,11820063_C_MTMarine04.gltf,11820063_c_mtmarine04_d.png,11820063_c_mtmarine04_c.png,Scene Root,
11820461,슬라임 복주머니 (남),11850027,126,204,247,72,94,168,11850027_C_SlimePocket.gltf,11850027_c_slimepocket_d.png,11850027_c_slimepocket_c.png,Bip01 Spine1,
11820462,슬라임 복주머니 (여),11850027,126,204,247,72,94,168,11850027_C_SlimePocket.gltf,11850027_c_slimepocket_d.png,11850027_c_slimepocket_c.png,Bip01 Spine1,
11820463,튼튼한 방패연 (남),11850118,62,73,117,27,26,48,11850118_C_MTHanbok03.gltf,11850118_c_mthanbok03_d.png,11850118_c_mthanbok03_c.png,Bip01 Spine1,
11820464,튼튼한 방패연 (여),11850119,244,189,88,163,121,39,11850118_C_MTHanbok03.gltf,11850118_c_mthanbok03_d.png,11850118_c_mthanbok03_c.png,Bip01 Spine1,
11820465,돼지 모기향 망토 (남),11850246,63,59,51,20,18,15,11850246_C_MTTraditionalNative04.gltf,11850246_c_mttraditionalnative04_d.png,11850246_c_mttraditionalnative04_c.png,Scene Root,
11820466,돼지 모기향 망토 (여),11850247,230,230,230,150,150,150,11850246_C_MTTraditionalNative04.gltf,11850246_c_mttraditionalnative04_d.png,11850246_c_mttraditionalnative04_c.png,Scene Root,
11820471,깨어난 더키볼 망토,11820461,63,59,51,20,18,15,11820461_C_MTDoll_Chick02.gltf,15600531_duckyballeventorb_d.png,15600531_duckyballeventorb_d.png,Scene Root,
11820474,나비의 꿈 망토 (남),11850113,170,47,47,96,19,19,11850113_C_MTNewYear02.gltf,11850113_c_mtnewyear02_d.png,11850113_c_mtnewyear02_c.png,Bip01 Spine2,
11820475,나비의 꿈 망토 (여),11850113,170,47,47,96,19,19,11850113_C_MTNewYear02.gltf,11850113_c_mtnewyear02_d.png,11850113_c_mtnewyear02_c.png,Bip01 Spine2,
11820476,펌킨 위치 윙 (남),11850121,249,137,77,147,60,20,11850121_C_MTHalloween03.gltf,11850121_c_mthalloween03_d.png,11850121_c_mthalloween03_c.png,Bip01 Spine1,
11820477,펌킨 위치 윙 (여),11850122,249,137,77,147,60,20,11850121_C_MTHalloween03.gltf,11850121_c_mthalloween03_d.png,11850121_c_mthalloween03_c.png,Bip01 Spine1,
11820478,오리엔탈 엔젤 윙 (남),11850128,239,112,145,153,66,82,11850128_C_MTOrientalAngel.gltf,11850128_c_mtorientalangel_d.png,11850128_c_mtorientalangel_c.png,Bip01 Spine1,
11820479,오리엔탈 엔젤 윙 (여),11850145,239,112,145,153,66,82,11850128_C_MTOrientalAngel.gltf,11850128_c_mtorientalangel_d.png,11850128_c_mtorientalangel_c.png,Bip01 Spine1,
11820480,펌킨 위치 윙 (남),11850121,249,137,77,147,60,20,11850121_C_MTHalloween03.gltf,11850121_c_mthalloween03_d.png,11850121_c_mthalloween03_c.png,Bip01 Spine1,
11820481,펌킨 위치 윙 (여),11850122,249,137,77,147,60,20,11850121_C_MTHalloween03.gltf,11850121_c_mthalloween03_d.png,11850121_c_mthalloween03_c.png,Bip01 Spine1,
11820482,오리엔탈 엔젤 윙 (남),11850128,239,112,145,153,66,82,11850128_C_MTOrientalAngel.gltf,11850128_c_mtorientalangel_d.png,11850128_c_mtorientalangel_c.png,Bip01 Spine1,
11820483,오리엔탈 엔젤 윙 (여),11850145,239,112,145,153,66,82,11850128_C_MTOrientalAngel.gltf,11850128_c_mtorientalangel_d.png,11850128_c_mtorientalangel_c.png,Bip01 Spine1,
11820498,루미나리에 망토 (남),11800124,76,105,181,23,40,79,11800124_C_MTLuminous.gltf,11800124_c_mtluminous_d.png,11800124_c_mtluminous_c.png,Bip01 Spine1,
11820499,루미나리에 망토 (여),11800125,76,105,181,23,40,79,11800124_C_MTLuminous.gltf,11800124_c_mtluminous_d.png,11800124_c_mtluminous_c.png,Bip01 Spine1,
11820500,몽글몽글 구름망토 (남),11850130,239,112,145,153,66,82,11850130_C_MTWhiteFox.gltf,11850130_c_mtwhitefox_d.png,11850130_c_mtwhitefox_c.png,Bip01 Spine1,
11820501,몽글몽글 구름망토 (여),11850130,239,112,145,153,66,82,11850130_C_MTWhiteFox.gltf,11850130_c_mtwhitefox_d.png,11850130_c_mtwhitefox_c.png,Bip01 Spine1,
11820502,키튼 리본 방울 꼬리 (남),11850157,63,59,51,20,18,15,11850157_C_MTMaid01.gltf,11850157_c_mtmaid01_d.png,11850157_c_mtmaid01_c.png,Bip01 Pelvis,
11820503,키튼 리본 방울 꼬리 (여),11850158,63,59,51,20,18,15,11850157_C_MTMaid01.gltf,11850157_c_mtmaid01_d.png,11850157_c_mtmaid01_c.png,Bip01 Pelvis,
11820504,통통 핑크빈 꼬리 (남),11850103,63,59,51,20,18,15,11850103_C_MTPinkbean01.gltf,11850103_c_mtpinkbean01_d.png,11850103_c_mtpinkbean01_d.png,Bip01 Pelvis,
11820505,통통 핑크빈 꼬리 (여),11850103,63,59,51,20,18,15,11850103_C_MTPinkbean01.gltf,11850103_c_mtpinkbean01_d.png,11850103_c_mtpinkbean01_d.png,Bip01 Pelvis,
11820506,통통 핑크빈 꼬리 (남),11850103,63,59,51,20,18,15,11850103_C_MTPinkbean01.gltf,11850103_c_mtpinkbean01_d.png,11850103_c_mtpinkbean01_d.png,Bip01 Pelvis,
11820507,통통 핑크빈 꼬리 (여),11850103,63,59,51,20,18,15,11850103_C_MTPinkbean01.gltf,11850103_c_mtpinkbean01_d.png,11850103_c_mtpinkbean01_d.png,Bip01 Pelvis,
11820508,골든 리본 윙 (남),11850135,170,47,47,96,19,19,11850135_C_MTValentine02.gltf,11850135_c_mtvalentine02_d.png,11850135_c_mtvalentine02_c.png,Bip01 Spine1,
11820509,골든 리본 윙 (여),11850143,170,47,47,96,19,19,11850135_C_MTValentine02.gltf,11850135_c_mtvalentine02_d.png,11850135_c_mtvalentine02_c.png,Bip01 Spine1,
11820510,알파인 스노우보드 망토 (남),11800126,76,105,181,23,40,79,11800126_C_MTSkiWear.gltf,11800126_c_mtskiwear_d.png,11800126_c_mtskiwear_c.png,Bip01 Spine1,
11820511,알파인 스노우보드 망토 (여),11800126,76,105,181,23,40,79,11800126_C_MTSkiWear.gltf,11800126_c_mtskiwear_d.png,11800126_c_mtskiwear_c.png,Bip01 Spine1,
11820512,글로우 엔젤 윙 (남),11850126,126,204,247,72,94,168,11850126_C_MTChristmas02.gltf,11850126_c_mtchristmas02_d.png,11850126_c_mtchristmas02_c.png,Bip01 Spine1,
11820513,글로우 엔젤 윙 (여),11850127,126,204,247,72,94,168,11850126_C_MTChristmas02.gltf,11850126_c_mtchristmas02_d.png,11850126_c_mtchristmas02_c.png,Bip01 Spine1,
11820514,이프리트 글리터 윙 (남),11850055,63,59,51,20,18,15,11850055_C_MTIfritGlitterWing.gltf,11850055_c_mtifritglitterwing_d.png,11850055_c_mtifritglitterwing_d.png,Bip01 Spine1,
11820515,이프리트 글리터 윙 (여),11850055,63,59,51,20,18,15,11850055_C_MTIfritGlitterWing.gltf,11850055_c_mtifritglitterwing_d.png,11850055_c_mtifritglitterwing_d.png,Bip01 Spine1,
11820516,통통 블랙빈 꼬리 (남),11800368,63,59,51,20,18,15,11800368_C_MTBlackbean.gltf,11800368_c_mtblackbean_d.png,11800368_c_mtblackbean_d.png,Bip01 Pelvis,
11820517,통통 블랙빈 꼬리 (여),11800368,63,59,51,20,18,15,11800368_C_MTBlackbean.gltf,11800368_c_mtblackbean_d.png,11800368_c_mtblackbean_d.png,Bip01 Pelvis,
11820518,둥둥 블랙빈 풍선,11800047,63,59,51,20,18,15,11800047_C_MTBlackbeanBalloon.gltf,11800047_c_mtblackbeanballoon_d.png,11800047_c_mtblackbeanballoon_d.png,Bip01 Spine1,
11820519,선인장 풍선 망토 (남),11850155,170,47,47,96,19,19,11850155_C_MTCowPuncher.gltf,11850155_c_mtcowpuncher_d.png,11850155_c_mtcowpuncher_c.png,Bip01 Spine1,
11820520,선인장 풍선 망토 (여),11850156,170,47,47,96,19,19,11850155_C_MTCowPuncher.gltf,11850155_c_mtcowpuncher_d.png,11850155_c_mtcowpuncher_c.png,Bip01 Spine1,
11820521,둥둥 핑크빈 풍선,11850104,63,59,51,20,18,15,11850105_C_MTPinkbeanBalloon.gltf,11850105_c_mtpinkbeanballoon_d.png,11850105_c_mtpinkbeanballoon_d.png,Bip01 Spine1,
11820522,머스커티어 케이프,11820522,62,73,117,27,26,48,11800108_C_MTDartagnan.gltf,11800108_c_mtdartagnan_d.png,11800108_c_mtdartagnan_c.png,Bip01 Spine1,
11820523,통통 핑크빈 꼬리 (남),11850103,63,59,51,20,18,15,11850103_C_MTPinkbean01.gltf,11850103_c_mtpinkbean01_d.png,11850103_c_mtpinkbean01_d.png,Bip01 Pelvis,
11820524,통통 핑크빈 꼬리 (여),11850103,63,59,51,20,18,15,11850103_C_MTPinkbean01.gltf,11850103_c_mtpinkbean01_d.png,11850103_c_mtpinkbean01_d.png,Bip01 Pelvis,
11820525,알파인 스노우보드 망토 (남),11800126,76,105,181,23,40,79,11800126_C_MTSkiWear.gltf,11800126_c_mtskiwear_d.png,11800126_c_mtskiwear_c.png,Bip01 Spine1,
11820526,알파인 스노우보드 망토 (여),11800126,76,105,181,23,40,79,11800126_C_MTSkiWear.gltf,11800126_c_mtskiwear_d.png,11800126_c_mtskiwear_c.png,Bip01 Spine1,
11820527,둥둥 블랙빈 풍선,11800047,63,59,51,20,18,15,11800047_C_MTBlackbeanBalloon.gltf,11800047_c_mtblackbeanballoon_d.png,11800047_c_mtblackbeanballoon_d.png,Bip01 Spine1,
11820528,통통 블랙빈 꼬리 (남),11800368,63,59,51,20,18,15,11800368_C_MTBlackbean.gltf,11800368_c_mtblackbean_d.png,11800368_c_mtblackbean_d.png,Bip01 Pelvis,
11820529,통통 블랙빈 꼬리 (여),11800368,63,59,51,20,18,15,11800368_C_MTBlackbean.gltf,11800368_c_mtblackbean_d.png,11800368_c_mtblackbean_d.png,Bip01 Pelvis,
11820628,오퍼레이터 태블릿 (남),11800265,147,226,242,89,153,165,11800265_C_MTTechwear03.gltf,11800265_c_mttechwear03_d.png,11800265_c_mttechwear03_c.png,Scene Root,
11820629,오퍼레이터 태블릿 (여),11800265,147,226,242,89,153,165,11800265_C_MTTechwear03.gltf,11800265_c_mttechwear03_d.png,11800265_c_mttechwear03_c.png,Scene Root,
11820630,해피 멜로디 스피커 (남),11820031,239,112,145,153,66,82,11820031_C_MTIdol02.gltf,11820031_c_mtidol02_d.png,11820031_c_mtidol02_c.png,Scene Root,
11820631,해피 멜로디 스피커 (여),11820031,239,112,145,153,66,82,11820031_C_MTIdol02.gltf,11820031_c_mtidol02_d.png,11820031_c_mtidol02_c.png,Scene Root,
11820632,레드 후드 빵 바구니 (남),11820039,214,147,100,186,113,50,11820039_C_MTFairyTale01.gltf,11820039_c_mtfairytale01_d.png,11820039_c_mtfairytale01_c.png,Scene Root,
11820633,레드 후드 빵 바구니 (여),11820040,214,147,100,186,113,50,11820039_C_MTFairyTale01.gltf,11820039_c_mtfairytale01_d.png,11820039_c_mtfairytale01_c.png,Scene Root,
11820634,레드 후드 빵 바구니 (남),11820039,214,147,100,186,113,50,11820039_C_MTFairyTale01.gltf,11820039_c_mtfairytale01_d.png,11820039_c_mtfairytale01_c.png,Scene Root,
11820635,레드 후드 빵 바구니 (여),11820040,214,147,100,186,113,50,11820039_C_MTFairyTale01.gltf,11820039_c_mtfairytale01_d.png,11820039_c_mtfairytale01_c.png,Scene Root,
11820638,올림포스 신의 날개 (남),11850133,242,224,191,165,127,96,11850133_C_MTOlympos01.gltf,11850133_c_mtolympos01_d.png,11850133_c_mtolympos01_c.png,Bip01 Spine1,
11820639,올림포스 신의 날개 (여),11850133,242,224,191,165,127,96,11850133_C_MTOlympos01.gltf,11850133_c_mtolympos01_d.png,11850133_c_mtolympos01_c.png,Bip01 Spine1,
11820640,상큼 레몬 망토 (남),11820457,180,165,248,108,96,176,11820457_C_MTPicnic03.gltf,11820457_c_mtpicnic03_d.png,11820457_c_mtpicnic03_c.png,Scene Root,
11820641,상큼 레몬 망토 (여),11820457,180,165,248,108,96,176,11820457_C_MTPicnic03.gltf,11820457_c_mtpicnic03_d.png,11820457_c_mtpicnic03_c.png,Scene Root,
11820642,펑키 캣 버디 (남),11850151,133,81,165,53,42,71,11850151_C_MTFunkyNeonCat.gltf,11850151_c_mtfunkyneoncat_d.png,11850151_c_mtfunkyneoncat_c.png,Bip01 Spine1,
11820643,펑키 캣 버디 (여),11850152,133,81,165,53,42,71,11850151_C_MTFunkyNeonCat.gltf,11850151_c_mtfunkyneoncat_d.png,11850151_c_mtfunkyneoncat_c.png,Bip01 Spine1,
11820644,올림포스 신의 날개 (남),11850133,242,224,191,165,127,96,11850133_C_MTOlympos01.gltf,11850133_c_mtolympos01_d.png,11850133_c_mtolympos01_c.png,Bip01 Spine1,
11820645,올림포스 신의 날개 (여),11850133,242,224,191,165,127,96,11850133_C_MTOlympos01.gltf,11850133_c_mtolympos01_d.png,11850133_c_mtolympos01_c.png,Bip01 Spine1,
11820646,상큼 레몬 망토 (남),11820457,180,165,248,108,96,176,11820457_C_MTPicnic03.gltf,11820457_c_mtpicnic03_d.png,11820457_c_mtpicnic03_c.png,Scene Root,
11820647,상큼 레몬 망토 (여),11820457,180,165,248,108,96,176,11820457_C_MTPicnic03.gltf,11820457_c_mtpicnic03_d.png,11820457_c_mtpicnic03_c.png,Scene Root,
11820648,사박사박 모래 바구니 (남),11820067,76,105,181,23,40,79,11820067_C_MTSwim06.gltf,11820067_c_mtswim06_d.png,11820067_c_mtswim06_c.png,Scene Root,
11820649,사박사박 모래 바구니 (여),11820067,76,105,181,23,40,79,11820067_C_MTSwim06.gltf,11820067_c_mtswim06_d.png,11820067_c_mtswim06_c.png,Scene Root,
11820650,달콤한 초콜릿 리본 (남),11820051,239,112,145,153,66,82,11820051_C_MTFood02.gltf,11820051_c_mtfood02_d.png,11820051_c_mtfood02_c.png,Bip01 Spine1,
11820651,달콤한 초콜릿 리본 (여),11820052,239,112,145,153,66,82,11820051_C_MTFood02.gltf,11820051_c_mtfood02_d.png,11820051_c_mtfood02_c.png,Bip01 Spine1,
11820653,숲의 정령 꽃잎 날개 (남),11820381,119,147,68,32,51,30,11820381_C_MTFairy04.gltf,11820381_c_mtfairy04_d.png,11820381_c_mtfairy04_c.png,Bip01 Spine1,
11820654,숲의 정령 꽃잎 날개 (여),11820382,119,147,68,32,51,30,11820381_C_MTFairy04.gltf,11820381_c_mtfairy04_d.png,11820381_c_mtfairy04_c.png,Bip01 Spine1,
11820655,다크캣 펑키 교복 장검 (남),11850263,230,230,230,150,150,150,11850263_C_MTSchoolLook02.gltf,11850263_c_mtschoollook02_d.png,11850263_c_mtschoollook02_c.png,Scene Root,
11820656,다크캣 펑키 교복 장검 (여),11850264,230,230,230,150,150,150,11850263_C_MTSchoolLook02.gltf,11850263_c_mtschoollook02_d.png,11850263_c_mtschoollook02_c.png,Scene Root,
11820657,데들리 스위트 주스 (남),11850065,170,47,47,96,19,19,11850065_C_MTDevilWingPack.gltf,11850065_c_mtdevilwingpack_d.png,11850065_c_mtdevilwingpack_c.png,Bip01 Spine1,
11820658,데들리 스위트 주스 (여),11850068,170,47,47,96,19,19,11850065_C_MTDevilWingPack.gltf,11850065_c_mtdevilwingpack_d.png,11850065_c_mtdevilwingpack_c.png,Bip01 Spine1,
11820661,다크문 키튼 망토 (남),11800263,180,165,248,108,96,176,11800263_C_MTMaid02.gltf,11800263_c_mtmaid02_d.png,11800263_c_mtmaid02_c.png,Scene Root,
11820662,다크문 키튼 망토 (여),11800263,180,165,248,108,96,176,11800263_C_MTMaid02.gltf,11800263_c_mtmaid02_d.png,11800263_c_mtmaid02_c.png,Scene Root,
11820663,나비 군주 날개 (남),11820053,170,47,47,96,19,19,11850248_C_MTBlackButterfly.gltf,11850248_c_mtblackbutterfly_d.png,11850248_c_mtblackbutterfly_c.png,Bip01 Spine1,
11820664,나비 군주 날개 (여),11820054,170,47,47,96,19,19,11850248_C_MTBlackButterfly.gltf,11850248_c_mtblackbutterfly_d.png,11850248_c_mtblackbutterfly_c.png,Bip01 Spine1,
11820666,스트리트 래퍼 스프레이 (남),11820059,126,204,247,72,94,168,11820059_C_MTIdol03.gltf,11820059_c_mtidol03_d.png,11820059_c_mtidol03_c.png,Scene Root,
11820667,스트리트 래퍼 스프레이 (여),11820060,126,204,247,72,94,168,11820059_C_MTIdol03.gltf,11820059_c_mtidol03_d.png,11820059_c_mtidol03_c.png,Scene Root,
11820668,하트 버니돌 (남),11820043,255,168,203,205,86,106,11820043_C_MTIdol04.gltf,11820043_c_mtidol04_d.png,11820043_c_mtidol04_c.png,Scene Root,
11820669,하트 버니돌 (여),11820043,255,168,203,205,86,106,11820043_C_MTIdol04.gltf,11820043_c_mtidol04_d.png,11820043_c_mtidol04_c.png,Scene Root,
11820670,아기 공룡 꼬리 (남),11800133,194,209,96,64,104,54,11800133_C_MTDoll_Dinosaur01.gltf,11800133_c_mtdoll_dinosaur01_d.png,11800133_c_mtdoll_dinosaur01_c.png,Bip01 Pelvis,
11820671,아기 공룡 꼬리 (여),11800133,194,209,96,64,104,54,11800133_C_MTDoll_Dinosaur01.gltf,11800133_c_mtdoll_dinosaur01_d.png,11800133_c_mtdoll_dinosaur01_c.png,Bip01 Pelvis,
11820674,은하수 별빛 날개 (남),11850146,126,204,247,72,94,168,11850146_C_MTGalaxyFox.gltf,11850146_c_mtgalaxyfox_d.png,11850146_c_mtgalaxyfox_c.png,Bip01 Spine1,
11820675,은하수 별빛 날개 (여),11850146,126,204,247,72,94,168,11850146_C_MTGalaxyFox.gltf,11850146_c_mtgalaxyfox_d.png,11850146_c_mtgalaxyfox_c.png,Bip01 Spine1,
11820676,살랑 나비 날개 (남),11850259,244,189,88,163,121,39,11850259_C_MTGentlyButterfly.gltf,11850259_c_mtgentlybutterfly_d.png,11850259_c_mtgentlybutterfly_c.png,Bip01 Spine1,
11820677,살랑 나비 날개 (여),11850260,244,189,88,163,121,39,11850259_C_MTGentlyButterfly.gltf,11850259_c_mtgentlybutterfly_d.png,11850259_c_mtgentlybutterfly_c.png,Bip01 Spine1,
11820678,머스커티어 케이프,11800108,62,73,117,27,26,48,11800108_C_MTDartagnan.gltf,11800108_c_mtdartagnan_d.png,11800108_c_mtdartagnan_c.png,Bip01 Spine1,
11820679,메투날드 햄버거 가방,11850139,63,59,51,20,18,15,11850139_C_MTM2nald.gltf,11850139_c_mtm2nald_d.png,11850139_c_mtm2nald_d.png,Bip01 Spine1,
11820680,궁중 셰프 마법 조리기구 (남),11850252,119,147,68,32,51,30,11850252_C_MTCook02.gltf,11850252_c_mtcook02_d.png,11850252_c_mtcook02_c.png,Scene Root,
11820681,궁중 셰프 마법 조리기구 (여),11850253,119,147,68,32,51,30,11850252_C_MTCook02.gltf,11850252_c_mtcook02_d.png,11850252_c_mtcook02_c.png,Scene Root,
11820682,코코 퍼피 테일,11850115,126,204,247,72,94,168,11850115_C_MTPuppy01.gltf,11850115_c_mtpuppy01_d.png,11850115_c_mtpuppy01_c.png,Bip01 Pelvis,
11820683,선인장 풍선 망토 (남),11850155,170,47,47,96,19,19,11850155_C_MTCowPuncher.gltf,11850155_c_mtcowpuncher_d.png,11850155_c_mtcowpuncher_c.png,Bip01 Spine1,
11820684,선인장 풍선 망토 (여),11850156,170,47,47,96,19,19,11850155_C_MTCowPuncher.gltf,11850155_c_mtcowpuncher_d.png,11850155_c_mtcowpuncher_c.png,Bip01 Spine1,
11820688,다크문 키튼 망토 (남),11800263,180,165,248,108,96,176,11800263_C_MTMaid02.gltf,11800263_c_mtmaid02_d.png,11800263_c_mtmaid02_c.png,Scene Root,
11820689,다크문 키튼 망토 (여),11800263,180,165,248,108,96,176,11800263_C_MTMaid02.gltf,11800263_c_mtmaid02_d.png,11800263_c_mtmaid02_c.png,Scene Root,
11820690,스트리트 래퍼 스프레이 (남),11820059,126,204,247,72,94,168,11820059_C_MTIdol03.gltf,11820059_c_mtidol03_d.png,11820059_c_mtidol03_c.png,Scene Root,
11820691,스트리트 래퍼 스프레이 (여),11820060,126,204,247,72,94,168,11820059_C_MTIdol03.gltf,11820059_c_mtidol03_d.png,11820059_c_mtidol03_c.png,Scene Root,
11820692,하트 버니돌 (남),11820043,255,168,203,205,86,106,11820043_C_MTIdol04.gltf,11820043_c_mtidol04_d.png,11820043_c_mtidol04_c.png,Scene Root,
11820693,하트 버니돌 (여),11820043,255,168,203,205,86,106,11820043_C_MTIdol04.gltf,11820043_c_mtidol04_d.png,11820043_c_mtidol04_c.png,Scene Root,
11820694,아기 공룡 꼬리 (남),11800133,194,209,96,64,104,54,11800133_C_MTDoll_Dinosaur01.gltf,11800133_c_mtdoll_dinosaur01_d.png,11800133_c_mtdoll_dinosaur01_c.png,Bip01 Pelvis,
11820695,아기 공룡 꼬리 (여),11800133,194,209,96,64,104,54,11800133_C_MTDoll_Dinosaur01.gltf,11800133_c_mtdoll_dinosaur01_d.png,11800133_c_mtdoll_dinosaur01_c.png,Bip01 Pelvis,
11820696,나비 군주 날개 (남),11820053,170,47,47,96,19,19,11850248_C_MTBlackButterfly.gltf,11850248_c_mtblackbutterfly_d.png,11850248_c_mtblackbutterfly_c.png,Bip01 Spine1,
11820697,나비 군주 날개 (여),11820054,170,47,47,96,19,19,11850248_C_MTBlackButterfly.gltf,11850248_c_mtblackbutterfly_d.png,11850248_c_mtblackbutterfly_c.png,Bip01 Spine1,
11820698,살랑 나비 날개 (남),11850259,244,189,88,163,121,39,11850259_C_MTGentlyButterfly.gltf,11850259_c_mtgentlybutterfly_d.png,11850259_c_mtgentlybutterfly_c.png,Bip01 Spine1,
11820699,살랑 나비 날개 (여),11850260,244,189,88,163,121,39,11850259_C_MTGentlyButterfly.gltf,11850259_c_mtgentlybutterfly_d.png,11850259_c_mtgentlybutterfly_c.png,Bip01 Spine1,
11830046,앱솔루트 망토,11800046,63,59,51,20,18,15,11800026_F_MTCheckMantle.gltf,11800026_c_mtcheckmantle_d.png,11800026_c_mtcheckmantle_d.png,Bip01 Spine2,
11830060,흉포한 망토,11800030,63,59,51,20,18,15,11800027_F_MTMateMantle.gltf,11800027_c_mtmatemantle_d.png,11800027_c_mtmatemantle_d.png,Bip01 Spine2,
11840060,빛나는 흉포의 망토,11800030,63,59,51,20,18,15,11800027_F_MTMateMantle.gltf,11800027_c_mtmatemantle_d.png,11800027_c_mtmatemantle_d.png,Bip01 Spine2,
11840081,빛나는 검은 불꽃의 망토,11800037,63,59,51,20,18,15,11800021_F_MTAssassinateMantle.gltf,11800021_c_mtassassinatemantle_d.png,11800021_c_mtassassinatemantle_d.png,Bip01 Spine2,
11850003,병아리 가방,11850003,63,59,51,20,18,15,01800003_C_Chick.gltf,01800003_c_chick_d.png,01800003_c_chick_d.png,Bip01 Spine1,
11850004,네모 책가방,11850004,239,112,145,153,66,82,01800004_C_StudySquare.gltf,01800004_c_studysquare_d.png,01800004_c_studysquare_c.png,Bip01 Spine1,
11850005,디자인 책가방,01800005,63,59,51,20,18,15,01800005_C_UGC02.gltf,01800005_c_ugc02_d.png,01800005_c_ugc02_d.png,Bip01 Spine1,
11850006,로켓 날개,11850006,63,59,51,20,18,15,01800006_C_RocketWing.gltf,01800006_c_rocketwing_d.png,01800006_c_rocketwing_d.png,Bip01 Spine2,
11850009,파이널 테스트 망토,11850009,63,59,51,20,18,15,11850009_F_FinalTest.gltf,11850009_c_finaltest_d.png,11850009_c_finaltest_d.png,Bip01 Spine2,
11850010,알파 테스트 망토,11850010,63,59,51,20,18,15,11850010_F_ABTOccupation.gltf,11850010_c_abtoccupation_d.png,11850010_c_abtoccupation_d.png,Bip01 Spine2,
11850011,나비 날개,11850011,239,112,145,153,66,82,11850011_C_ButterflyWings.gltf,11850011_c_butterflywings_d.png,11850011_c_butterflywings_c.png,Bip01 Spine1,
11850014,여우 꼬리,11850014,63,59,51,20,18,15,11850014_C_FoxTail.gltf,11850014_c_foxtail_d.png,11850014_c_foxtail_d.png,Bip01 Pelvis,
11850015,밀리터리 륙색,11850015,63,59,51,20,18,15,11850015_C_MilitaryRucksack.gltf,11850015_c_militaryrucksack_d.png,11850015_c_militaryrucksack_d.png,Bip01 Spine1,
11850017,다람쥐 꼬리,11850017,63,59,51,20,18,15,11850017_C_SquirrelTail.gltf,11850017_c_squirreltail_d.png,11850017_c_squirreltail_d.png,Bip01 Pelvis,
11850018,여행자 가방,11850018,133,81,165,53,42,71,11850018_C_AdventurerSack.gltf,11850018_c_adventurersack_d.png,11850018_c_adventurersack_c.png,Bip01 Spine1,
11850019,해골 관,11850019,170,47,47,96,19,19,11850019_C_SkeletonCoffin.gltf,11850019_c_skeletoncoffin_d.png,11850019_c_skeletoncoffin_c.png,Bip01 Spine1,
11850020,제트 윙,11850020,126,204,247,72,94,168,11850020_C_JetWing.gltf,11850020_c_jetwing_d.png,11850020_c_jetwing_c.png,Bip01 Spine1,
11850021,엔젤 윙,11850021,63,59,51,20,18,15,11850021_F_AngelWing.gltf,11850021_c_angelwing_d.png,11850021_c_angelwing_d.png,Bip01 Spine2,
11850022,루시퍼 윙,11850022,63,59,51,20,18,15,11850022_F_LuciferWing.gltf,11850022_c_luciferwing_d.png,11850022_c_luciferwing_d.png,Bip01 Spine2,
11850023,하얀 토끼 꼬리,11850023,63,59,51,20,18,15,11850023_C_WhiteRabbitTail.gltf,11850023_c_whiterabbittail_d.png,11850023_c_whiterabbittail_d.png,Bip01 Pelvis,
11850024,검은 토끼 꼬리,11850024,63,59,51,20,18,15,11850024_C_BlackRabbitTail.gltf,11850024_c_blackrabbittail_d.png,11850024_c_blackrabbittail_d.png,Bip01 Pelvis,
11850025,하얀 리본 고양이 꼬리,11850025,63,59,51,20,18,15,11850025_C_WhiteRibbonTail.gltf,11850025_c_whiteribbontail_d.png,11850025_c_whiteribbontail_d.png,Bip01 Pelvis,
11850026,검은 고양이 배낭,11850026,63,59,51,20,18,15,11850026_C_CatSack.gltf,11850026_c_catsack_d.png,11850026_c_catsack_d.png,Bip01 Spine1,
11850027,슬라임 복주머니,11850027,126,204,247,72,94,168,11850027_C_SlimePocket.gltf,11850027_c_slimepocket_d.png,11850027_c_slimepocket_c.png,Bip01 Spine1,
11850028,크림슨 데빌 윙,11850028,63,59,51,20,18,15,11850028_C_DragonBoneWing.gltf,11850028_c_dragonbonewing_d.png,11850028_c_dragonbonewing_c.png,Bip01 Spine1,
11850029,악마 꼬리,11850029,63,59,51,20,18,15,11850029_C_DevilTail.gltf,11850029_c_deviltail_d.png,11850029_c_deviltail_c.png,Bip01 Pelvis,
11850030,MAPLESTORE 기념 망토,11850030,63,59,51,20,18,15,11850030_F_Event100.gltf,11850030_c_event100_d.png,11850030_c_event100_d.png,Bip01 Spine2,
11850031,MAPLESTORE 기념 망토,11850031,63,59,51,20,18,15,11850030_F_Event100.gltf,11850030_c_event100_d.png,11850030_c_event100_d.png,Bip01 Spine2,
11850032,MAPLESTORE 기념 망토,11850032,63,59,51,20,18,15,11850030_F_Event100.gltf,11850030_c_event100_d.png,11850030_c_event100_d.png,Bip01 Spine2,
11850033,MAPLESTORE 기념 망토,11850033,63,59,51,20,18,15,11850030_F_Event100.gltf,11850030_c_event100_d.png,11850030_c_event100_d.png,Bip01 Spine2,
11850034,스타 기타 하드 케이스,11850034,170,47,47,96,19,19,11850034_C_StarGuitarHardCase.gltf,11850034_c_starguitarhardcase_d.png,11850034_c_starguitarhardcase_c.png,Bip01 Spine1,
11850035,해골 관,11850019,170,47,47,96,19,19,11850019_C_SkeletonCoffin.gltf,11850019_c_skeletoncoffin_d.png,11850019_c_skeletoncoffin_c.png,Bip01 Spine1,
11850036,다람쥐 꼬리,11850017,63,59,51,20,18,15,11850017_C_SquirrelTail.gltf,11850017_c_squirreltail_d.png,11850017_c_squirreltail_d.png,Bip01 Pelvis,
11850037,하얀 삼미호 꼬리,11850037,63,59,51,20,18,15,11850037_C_White3FoxTails.gltf,11850037_c_white3foxtails_d.png,11850037_c_white3foxtails_d.png,Bip01 Pelvis,
11850038,풍성한 삼미호 꼬리,11850038,63,59,51,20,18,15,11850038_C_3FoxTails.gltf,11850038_c_3foxtails_d.png,11850038_c_3foxtails_d.png,Bip01 Pelvis,
11850039,그리폰의 날개,11850039,63,59,51,20,18,15,11800011_MTGriffonWings.gltf,11800011_mtgriffonwings_d.png,11800011_mtgriffonwings_d.png,Bip01 Spine1,
11850040,그리피나의 날개,11850040,63,59,51,20,18,15,11800012_MTGrifinaWings.gltf,11800012_mtgrifinawings_d.png,11800012_mtgrifinawings_d.png,Bip01 Spine1,
11850041,호루스의 날개,11850041,63,59,51,20,18,15,11800013_MTGriffWings.gltf,11800013_mtgriffwings_d.png,11800013_mtgriffwings_d.png,Bip01 Spine1,
11850042,마크52 알파의 추진기,11850042,63,59,51,20,18,15,11800008_MTAlphaBooster.gltf,11800008_mtalphabooster_d.png,11800008_mtalphabooster_d.png,Bip01 Spine1,
11850043,마크52 베타의 추진기,11850043,63,59,51,20,18,15,11800009_MTBetaBooster.gltf,11800009_mtbetabooster_d.png,11800009_mtbetabooster_d.png,Bip01 Spine1,
11850046,프로즌 글리터 윙,11850046,63,59,51,20,18,15,11850046_C_MTFrozenGlitterWing.gltf,11850046_c_mtfrozenglitterwing_d.png,11850046_c_mtfrozenglitterwing_d.png,Bip01 Spine1,
11850047,행운의 붉은 원숭이 가방,11850047,63,59,51,20,18,15,11850047_C_RedMonkeySack.gltf,11850047_c_redmonkeysack_d.png,11850047_c_redmonkeysack_d.png,Bip01 Spine1,
11850048,크리스탈 나비 날개,11850048,63,59,51,20,18,15,11850048_C_CrystalButterFlyWings.gltf,11850048_c_crystalbutterflywings_d.png,11850048_c_crystalbutterflywings_d.png,Bip01 Spine1,
11850049,부드러운 선녀 날개,11850049,255,168,203,205,86,106,11850049_C_SoftTaoistFairyWing.gltf,11850049_c_softtaoistfairywing_d.png,11850049_c_softtaoistfairywing_c.png,Bip01 Spine2,
11850050,녹티스 아이즈 윙,11850050,133,81,165,53,42,71,11850050_C_NoctisEyesWings.gltf,11850050_c_noctiseyeswings_d.png,11850050_c_noctiseyeswings_c.png,Bip01 Spine1,
11850051,스파이럴 스프링 윙,11850051,63,59,51,20,18,15,11850051_C_SpiralSpringWings.gltf,11850051_c_spiralspringwings_d.png,11850051_c_spiralspringwings_d.png,Bip01 Spine1,
11850052,레드 크리스탈 나비 날개,11850052,63,59,51,20,18,15,11850052_C_RedCrystalButterFlyWings.gltf,11850052_c_redcrystalbutterflywings_d.png,11850052_c_redcrystalbutterflywings_d.png,Bip01 Spine1,
11850053,다크 크리스탈 나비 날개,11850053,63,59,51,20,18,15,11850053_C_DarkCrystalButterFlyWings.gltf,11850053_c_darkcrystalbutterflywings_d.png,11850053_c_darkcrystalbutterflywings_d.png,Bip01 Spine1,
11850054,아크 엔젤 윙 (남),11850054,63,59,51,20,18,15,11850055_C_ArkAngelWingsR.gltf,11850054_c_arkangelwings_d.png,11850054_c_arkangelwings_c.png,Bip01 Spine1,
11850055,이프리트 글리터 윙 (남),11850055,63,59,51,20,18,15,11850055_C_MTIfritGlitterWing.gltf,11850055_c_mtifritglitterwing_d.png,11850055_c_mtifritglitterwing_d.png,Bip01 Spine1,
11850056,퓨어 이터널 윙 (남),11850056,126,204,247,72,94,168,11850056_C_MTPureEternalWing.gltf,11850056_c_mtpureeternalwing_d.png,11850056_c_mtpureeternalwing_c.png,Bip01 Spine1,
11850057,하얀 삼미호 꼬리,11850037,63,59,51,20,18,15,11850037_C_White3FoxTails.gltf,11850037_c_white3foxtails_d.png,11850037_c_white3foxtails_d.png,Bip01 Pelvis,
11850058,해피 슬라임 가방,11850058,126,204,247,72,94,168,11850058_C_MTSlimeBag.gltf,11850058_c_mtslimebag_d.png,11850058_c_mtslimebag_c.png,Bip01 Spine1,
11850059,홀리 엔젤 윙,11850059,242,224,191,165,127,96,11850059_C_ArchangelWing.gltf,11850059_c_archangelwing_d.png,11850059_c_archangelwing_c.png,Bip01 Spine1,
11850060,슬리핑 베어,11850060,122,92,77,53,39,29,11850060_C_SleepingBear.gltf,11850060_c_sleepingbear_d.png,11850060_c_sleepingbear_c.png,Bip01 Spine1,
11850061,다크 엔젤 윙 (여),11850061,63,59,51,20,18,15,11850054_C_ArkAngelWingsL.gltf,11850054_c_arkangelwings_d.png,11850054_c_arkangelwings_c.png,Bip01 Spine1,
11850062,치파오 리본,11850062,170,47,47,96,19,19,11850062_C_MTChinaUserEvent01.gltf,11850062_c_mtchinauserevent01_d.png,11850062_c_mtchinauserevent01_c.png,Bip01 Spine1,
11850063,이프리트 글리터 윙 (여),11850055,63,59,51,20,18,15,11850055_C_MTIfritGlitterWing.gltf,11850055_c_mtifritglitterwing_d.png,11850055_c_mtifritglitterwing_d.png,Bip01 Spine1,
11850064,현자냥이의 개복치 튜브,11850064,126,204,247,72,94,168,11850064_C_MTSummerEvent01.gltf,11850064_c_mtsummerevent01_d.png,11850064_c_mtsummerevent01_c.png,Bip01 Spine1,
11850065,데들리 스위트 주스 (남),11850065,170,47,47,96,19,19,11850065_C_MTDevilWingPack.gltf,11850065_c_mtdevilwingpack_d.png,11850065_c_mtdevilwingpack_c.png,Bip01 Spine1,
11850066,퓨어 이터널 윙 (여),11850066,126,204,247,72,94,168,11850056_C_MTPureEternalWing.gltf,11850056_c_mtpureeternalwing_d.png,11850056_c_mtpureeternalwing_c.png,Bip01 Spine1,
11850067,살랑살랑 단풍 깃발,11850067,170,47,47,96,19,19,11850067_C_MTAutumnColors.gltf,11850067_c_mtautumncolors_d.png,11850067_c_mtautumncolors_c.png,Bip01 Spine1,
11850068,데들리 스위트 주스 (여),11850068,170,47,47,96,19,19,11850065_C_MTDevilWingPack.gltf,11850065_c_mtdevilwingpack_d.png,11850065_c_mtdevilwingpack_c.png,Bip01 Spine1,
11850069,인페르노 드래곤 윙,11850069,170,47,47,96,19,19,11850028_C_DragonBoneWing.gltf,11850028_c_dragonbonewing_d.png,11850028_c_dragonbonewing_c.png,Bip01 Spine1,
11850070,밀키즈 카우 테일,11850070,63,59,51,20,18,15,11850070_C_MTLivestock01.gltf,11850070_c_mtlivestock_d.png,11850070_c_mtlivestock_c.png,Bip01 Pelvis,
11850071,메리메리 홀리 페어리 윙 (남),11850071,244,189,88,163,121,39,11850071_C_MTChristmas01.gltf,11850071_c_mtchristmas01_d.png,11850071_c_mtchristmas01_c.png,Bip01 Spine1,
11850072,메리메리 홀리 페어리 윙 (여),11850072,244,189,88,163,121,39,11850071_C_MTChristmas01.gltf,11850071_c_mtchristmas01_d.png,11850071_c_mtchristmas01_c.png,Bip01 Spine1,
11850073,냥냥 줄무늬 고양이 꼬리,11850073,63,59,51,20,18,15,11850073_C_MTGrayStripedCat.gltf,11850073_c_mtgraystripedcat_d.png,11850073_c_mtgraystripedcat_d.png,Bip01 Pelvis,
11850074,냥냥 점박이 고양이 꼬리,11850074,63,59,51,20,18,15,11850074_C_MT3ColorsCat.gltf,11850074_c_mt3colorscat_d.png,11850074_c_mt3colorscat_d.png,Bip01 Pelvis,
11850075,냥냥 얼룩 고양이 꼬리,11850075,63,59,51,20,18,15,11850075_C_MTLeopardCat.gltf,11850075_c_mtleopardcat_d.png,11850075_c_mtleopardcat_d.png,Bip01 Pelvis,
11850076,냥냥 얼룩 고양이 꼬리 (3일),11850075,63,59,51,20,18,15,11850075_C_MTLeopardCat.gltf,11850075_c_mtleopardcat_d.png,11850075_c_mtleopardcat_d.png,Bip01 Pelvis,
11850077,레더바우 캐롯 백팩,11850077,249,137,77,147,60,20,11850077_C_MTFarming01.gltf,11850077_c_mtfarming01_d.png,11850077_c_mtfarming01_c.png,Bip01 Spine1,
11850078,마드리아의 날개,11850078,63,59,51,20,18,15,11850078_C_MadriaWing.gltf,11850078_c_madriawing_d.png,11850078_c_madriawing_d.png,Bip01 Spine1,
11850079,단풍 문양 망토,11850079,244,189,88,163,121,39,11850079_F_MTMapleArmor.gltf,11850079_c_mtmaplearmor_d.png,11850079_c_mtmaplearmor_c.png,Bip01 Spine2,
11850081,폴 프랭크 가방,11850081,194,209,96,64,104,54,11850082_C_MTBudsFairy.gltf,11850082_c_mtbudsfairy_d.png,11850082_c_mtbudsfairy_c.png,Bip01 Spine1,
11850082,아이리스 페어리 윙,11850082,194,209,96,64,104,54,11850082_C_MTBudsFairy.gltf,11850082_c_mtbudsfairy_d.png,11850082_c_mtbudsfairy_c.png,Bip01 Spine1,
11850085,아크 엔젤 윙 (남),11850054,63,59,51,20,18,15,11850055_C_ArkAngelWingsR.gltf,11850054_c_arkangelwings_d.png,11850054_c_arkangelwings_c.png,Bip01 Spine1,
11850086,다크 엔젤 윙 (여),11850061,63,59,51,20,18,15,11850054_C_ArkAngelWingsL.gltf,11850054_c_arkangelwings_d.png,11850054_c_arkangelwings_c.png,Bip01 Spine1,
11850087,이프리트 글리터 윙 (남),11850055,63,59,51,20,18,15,11850055_C_MTIfritGlitterWing.gltf,11850055_c_mtifritglitterwing_d.png,11850055_c_mtifritglitterwing_d.png,Bip01 Spine1,
11850088,이프리트 글리터 윙 (여),11850055,63,59,51,20,18,15,11850055_C_MTIfritGlitterWing.gltf,11850055_c_mtifritglitterwing_d.png,11850055_c_mtifritglitterwing_d.png,Bip01 Spine1,
11850089,퓨어 이터널 윙 (남),11850056,126,204,247,72,94,168,11850056_C_MTPureEternalWing.gltf,11850056_c_mtpureeternalwing_d.png,11850056_c_mtpureeternalwing_c.png,Bip01 Spine1,
11850090,퓨어 이터널 윙 (여),11850066,126,204,247,72,94,168,11850056_C_MTPureEternalWing.gltf,11850056_c_mtpureeternalwing_d.png,11850056_c_mtpureeternalwing_c.png,Bip01 Spine1,
11850091,데들리 스위트 주스 (남),11850065,170,47,47,96,19,19,11850065_C_MTDevilWingPack.gltf,11850065_c_mtdevilwingpack_d.png,11850065_c_mtdevilwingpack_c.png,Bip01 Spine1,
11850092,데들리 스위트 주스 (여),11850068,170,47,47,96,19,19,11850065_C_MTDevilWingPack.gltf,11850065_c_mtdevilwingpack_d.png,11850065_c_mtdevilwingpack_c.png,Bip01 Spine1,
11850093,메리메리 홀리 페어리 윙 (남),11850071,244,189,88,163,121,39,11850071_C_MTChristmas01.gltf,11850071_c_mtchristmas01_d.png,11850071_c_mtchristmas01_c.png,Bip01 Spine1,
11850094,메리메리 홀리 페어리 윙 (여),11850072,244,189,88,163,121,39,11850071_C_MTChristmas01.gltf,11850071_c_mtchristmas01_d.png,11850071_c_mtchristmas01_c.png,Bip01 Spine1,
11850095,홀리 엔젤 윙,11850059,242,224,191,165,127,96,11850059_C_ArchangelWing.gltf,11850059_c_archangelwing_d.png,11850059_c_archangelwing_c.png,Bip01 Spine1,
11850096,슬리핑 베어,11850060,122,92,77,53,39,29,11850060_C_SleepingBear.gltf,11850060_c_sleepingbear_d.png,11850060_c_sleepingbear_c.png,Bip01 Spine1,
11850097,샤인 하트 윙 (남),11850097,126,204,247,72,94,168,11850097_C_MTIdolBand.gltf,11850097_c_mtidolband_d.png,11850097_c_mtidolband_c.png,Bip01 Spine1,
11850098,샤인 하트 윙 (여),11850098,126,204,247,72,94,168,11850097_C_MTIdolBand.gltf,11850097_c_mtidolband_d.png,11850097_c_mtidolband_c.png,Bip01 Spine1,
11850101,자쿰의 손 망토,11850101,63,59,51,20,18,15,11850101_C_MTZakumMantle02.gltf,11850101_c_mtzakummantle02_d.png,11850101_c_mtzakummantle02_d.png,Bip01 Spine1,
11850102,동물의 왕 사자 꼬리,11850102,63,59,51,20,18,15,11850102_C_MTLionDoll.gltf,11850102_c_mtliondoll_d.png,11850102_c_mtliondoll_d.png,Bip01 Pelvis,
11850103,통통 핑크빈 꼬리,11850103,63,59,51,20,18,15,11850103_C_MTPinkbean01.gltf,11850103_c_mtpinkbean01_d.png,11850103_c_mtpinkbean01_d.png,Bip01 Pelvis,
11850104,둥둥 핑크빈 풍선,11850104,63,59,51,20,18,15,11850105_C_MTPinkbeanBalloon.gltf,11850105_c_mtpinkbeanballoon_d.png,11850105_c_mtpinkbeanballoon_d.png,Bip01 Spine1,
11850105,새롭게 교역된 망토,11800046,63,59,51,20,18,15,11800026_F_MTCheckMantle.gltf,11800026_c_mtcheckmantle_d.png,11800026_c_mtcheckmantle_d.png,Bip01 Spine2,
11850107,(PC방) 엔젤 윙,11850021,63,59,51,20,18,15,11850021_F_AngelWing.gltf,11850021_c_angelwing_d.png,11850021_c_angelwing_d.png,Bip01 Spine2,
11850108,고대신 자쿰의 장식,11850108,63,59,51,20,18,15,11850108_C_MTZakumMantle03.gltf,11850108_c_mtzakummantle03_d.png,11850108_c_mtzakummantle03_d.png,Bip01 Spine1,
11850109,귀여운 풍선 망토,11800068,63,59,51,20,18,15,11800068_C_MT3Balloons01.gltf,11800068_c_mt3balloons01_d.png,11800068_c_mt3balloons01_d.png,Bip01 Spine1,
11850110,시크한 풍선 망토,11800069,63,59,51,20,18,15,11800069_C_MT3Balloons02.gltf,11800069_c_mt3balloons02_d.png,11800069_c_mt3balloons02_d.png,Bip01 Spine1,
11850111,창피한 풍선 망토,11800070,63,59,51,20,18,15,11800070_C_MT3Balloons03.gltf,11800070_c_mt3balloons03_d.png,11800070_c_mt3balloons03_d.png,Bip01 Spine1,
11850112,메리메리 홀리 페어리 윙 (남),11850071,244,189,88,163,121,39,11850071_C_MTChristmas01.gltf,11850071_c_mtchristmas01_d.png,11850071_c_mtchristmas01_c.png,Bip01 Spine1,
11850113,나비의 꿈 망토 (남),11850113,170,47,47,96,19,19,11850113_C_MTNewYear02.gltf,11850113_c_mtnewyear02_d.png,11850113_c_mtnewyear02_c.png,Bip01 Spine2,
11850114,나비의 꿈 망토 (여),11850113,170,47,47,96,19,19,11850113_C_MTNewYear02.gltf,11850113_c_mtnewyear02_d.png,11850113_c_mtnewyear02_c.png,Bip01 Spine2,
11850115,코코 퍼피 테일,11850115,126,204,247,72,94,168,11850115_C_MTPuppy01.gltf,11850115_c_mtpuppy01_d.png,11850115_c_mtpuppy01_c.png,Bip01 Pelvis,
11850116,샤인 하트 윙 (남),11850097,126,204,247,72,94,168,11850097_C_MTIdolBand.gltf,11850097_c_mtidolband_d.png,11850097_c_mtidolband_c.png,Bip01 Spine1,
11850117,샤인 하트 윙 (여),11850098,126,204,247,72,94,168,11850097_C_MTIdolBand.gltf,11850097_c_mtidolband_d.png,11850097_c_mtidolband_c.png,Bip01 Spine1,
11850118,튼튼한 방패연 (남),11850118,62,73,117,27,26,48,11850118_C_MTHanbok03.gltf,11850118_c_mthanbok03_d.png,11850118_c_mthanbok03_c.png,Bip01 Spine1,
11850119,튼튼한 방패연 (여),11850119,244,189,88,163,121,39,11850118_C_MTHanbok03.gltf,11850118_c_mthanbok03_d.png,11850118_c_mthanbok03_c.png,Bip01 Spine1,
11850120,동물의 왕 사자 꼬리,11850102,63,59,51,20,18,15,11850102_C_MTLionDoll.gltf,11850102_c_mtliondoll_d.png,11850102_c_mtliondoll_d.png,Bip01 Pelvis,
11850121,펌킨 위치 윙 (남),11850121,249,137,77,147,60,20,11850121_C_MTHalloween03.gltf,11850121_c_mthalloween03_d.png,11850121_c_mthalloween03_c.png,Bip01 Spine1,
11850122,펌킨 위치 윙 (여),11850122,249,137,77,147,60,20,11850121_C_MTHalloween03.gltf,11850121_c_mthalloween03_d.png,11850121_c_mthalloween03_c.png,Bip01 Spine1,
11850123,냥냥 얼룩 고양이 꼬리,11850075,63,59,51,20,18,15,11850075_C_MTLeopardCat.gltf,11850075_c_mtleopardcat_d.png,11850075_c_mtleopardcat_d.png,Bip01 Pelvis,
11850124,엔젤 윙,11850021,63,59,51,20,18,15,11850021_F_AngelWing.gltf,11850021_c_angelwing_d.png,11850021_c_angelwing_d.png,Bip01 Spine2,
11850125,고대신 자쿰의 장식,11850125,126,204,247,72,94,168,11850126_C_MTChristmas02.gltf,11850126_c_mtchristmas02_d.png,11850126_c_mtchristmas02_c.png,Bip01 Spine1,
11850126,글로우 엔젤 윙 (남),11850126,126,204,247,72,94,168,11850126_C_MTChristmas02.gltf,11850126_c_mtchristmas02_d.png,11850126_c_mtchristmas02_c.png,Bip01 Spine1,
11850127,글로우 엔젤 윙 (여),11850127,126,204,247,72,94,168,11850126_C_MTChristmas02.gltf,11850126_c_mtchristmas02_d.png,11850126_c_mtchristmas02_c.png,Bip01 Spine1,
11850128,오리엔탈 엔젤 윙 (남),11850128,239,112,145,153,66,82,11850128_C_MTOrientalAngel.gltf,11850128_c_mtorientalangel_d.png,11850128_c_mtorientalangel_c.png,Bip01 Spine1,
11850129,천계의 선인 리본망토 (남),11850129,242,224,191,165,127,96,11850129_C_MTOrientalFairy.gltf,11850129_c_mtorientalfairy_d.png,11850129_c_mtorientalfairy_c.png,Bip01 Spine1,
11850130,몽글몽글 구름망토 (남),11850130,239,112,145,153,66,82,11850130_C_MTWhiteFox.gltf,11850130_c_mtwhitefox_d.png,11850130_c_mtwhitefox_c.png,Bip01 Spine1,
11850131,크리스탈 드롭 망토 (남),11850131,180,165,248,108,96,176,11850131_C_MTRococo01.gltf,11850131_c_mtrococo01_d.png,11850131_c_mtrococo01_c.png,Bip01 Spine1,
11850132,크리스탈 드롭 망토 (여),11850131,180,165,248,108,96,176,11850131_C_MTRococo01.gltf,11850131_c_mtrococo01_d.png,11850131_c_mtrococo01_c.png,Bip01 Spine1,
11850133,올림포스 신의 날개 (남),11850133,242,224,191,165,127,96,11850133_C_MTOlympos01.gltf,11850133_c_mtolympos01_d.png,11850133_c_mtolympos01_c.png,Bip01 Spine1,
11850134,올림포스 신의 날개 (여),11850133,242,224,191,165,127,96,11850133_C_MTOlympos01.gltf,11850133_c_mtolympos01_d.png,11850133_c_mtolympos01_c.png,Bip01 Spine1,
11850135,골든 리본 윙 (남),11850135,170,47,47,96,19,19,11850135_C_MTValentine02.gltf,11850135_c_mtvalentine02_d.png,11850135_c_mtvalentine02_c.png,Bip01 Spine1,
11850136,큐트 블러썸 윙 (남),11850136,180,165,248,108,96,176,11850136_C_MTGreenDay01.gltf,11850136_c_mtgreenday01_d.png,11850136_c_mtgreenday01_c.png,Bip01 Spine1,
11850137,큐트 블러썸 윙 (여),11850136,180,165,248,108,96,176,11850136_C_MTGreenDay01.gltf,11850136_c_mtgreenday01_d.png,11850136_c_mtgreenday01_c.png,Bip01 Spine1,
11850138,몽글몽글 구름망토 (여),11850130,239,112,145,153,66,82,11850130_C_MTWhiteFox.gltf,11850130_c_mtwhitefox_d.png,11850130_c_mtwhitefox_c.png,Bip01 Spine1,
11850139,메투날드 햄버거 가방,11850139,63,59,51,20,18,15,11850139_C_MTM2nald.gltf,11850139_c_mtm2nald_d.png,11850139_c_mtm2nald_d.png,Bip01 Spine1,
11850140,가벼운 요정 날개,11850140,126,204,247,72,94,168,11850140_C_FairyWings.gltf,11850140_c_fairywings_d.png,11850140_c_fairywings_c.png,Bip01 Spine1,
11850141,날카로운 드래곤 꼬리,11850141,170,47,47,96,19,19,11850141_C_DragonTail.gltf,11850141_c_dragontail_d.png,11850141_c_dragontail_c.png,Bip01 Pelvis,
11850142,화구통,11850142,63,59,51,20,18,15,11850142_C_DrawingTube.gltf,11850142_c_drawingtube_d.png,11850142_c_drawingtube_c.png,Bip01 Spine1,
11850143,골든 리본 윙 (여),11850143,170,47,47,96,19,19,11850135_C_MTValentine02.gltf,11850135_c_mtvalentine02_d.png,11850135_c_mtvalentine02_c.png,Bip01 Spine1,
11850144,천계의 선녀 리본망토 (여),11850144,242,224,191,165,127,96,11850129_C_MTOrientalFairy.gltf,11850129_c_mtorientalfairy_d.png,11850129_c_mtorientalfairy_c.png,Bip01 Spine1,
11850145,오리엔탈 엔젤 윙 (여),11850145,239,112,145,153,66,82,11850128_C_MTOrientalAngel.gltf,11850128_c_mtorientalangel_d.png,11850128_c_mtorientalangel_c.png,Bip01 Spine1,
11850146,은하수 별빛 날개 (남),11850146,126,204,247,72,94,168,11850146_C_MTGalaxyFox.gltf,11850146_c_mtgalaxyfox_d.png,11850146_c_mtgalaxyfox_c.png,Bip01 Spine1,
11850147,은하수 별빛 날개 (여),11850146,126,204,247,72,94,168,11850146_C_MTGalaxyFox.gltf,11850146_c_mtgalaxyfox_d.png,11850146_c_mtgalaxyfox_c.png,Bip01 Spine1,
11850148,마이스터 라이트 윙,11850148,242,224,191,165,127,96,11850148_C_MeisterLightWing.gltf,11850148_c_meisterlightwing_d.png,11850148_c_meisterlightwing_c.png,Bip01 Spine1,
11850149,디그니티 아머 윙 (남),11850149,170,47,47,96,19,19,11850149_C_MTOrientalDignity.gltf,11850149_c_mtorientaldignity_d.png,11850149_c_mtorientaldignity_c.png,Bip01 Spine1,
11850150,디그니티 아머 윙 (여),11850150,170,47,47,96,19,19,11850149_C_MTOrientalDignity.gltf,11850149_c_mtorientaldignity_d.png,11850149_c_mtorientaldignity_c.png,Bip01 Spine1,
11850151,펑키 캣 버디 (남),11850151,133,81,165,53,42,71,11850151_C_MTFunkyNeonCat.gltf,11850151_c_mtfunkyneoncat_d.png,11850151_c_mtfunkyneoncat_c.png,Bip01 Spine1,
11850152,펑키 캣 버디 (여),11850152,133,81,165,53,42,71,11850151_C_MTFunkyNeonCat.gltf,11850151_c_mtfunkyneoncat_d.png,11850151_c_mtfunkyneoncat_c.png,Bip01 Spine1,
11850153,둥실둥실 돌고래 (남),11850153,255,168,203,205,86,106,11850153_C_MTMarine02.gltf,11850153_c_mtmarine02_d.png,11850153_c_mtmarine02_c.png,Bip01 Spine1,
11850154,둥실둥실 돌고래 (여),11850154,255,168,203,205,86,106,11850153_C_MTMarine02.gltf,11850153_c_mtmarine02_d.png,11850153_c_mtmarine02_c.png,Bip01 Spine1,
11850155,선인장 풍선 망토 (남),11850155,170,47,47,96,19,19,11850155_C_MTCowPuncher.gltf,11850155_c_mtcowpuncher_d.png,11850155_c_mtcowpuncher_c.png,Bip01 Spine1,
11850156,선인장 풍선 망토 (여),11850156,170,47,47,96,19,19,11850155_C_MTCowPuncher.gltf,11850155_c_mtcowpuncher_d.png,11850155_c_mtcowpuncher_c.png,Bip01 Spine1,
11850157,키튼 리본 방울 꼬리 (남),11850157,63,59,51,20,18,15,11850157_C_MTMaid01.gltf,11850157_c_mtmaid01_d.png,11850157_c_mtmaid01_c.png,Bip01 Pelvis,
11850158,키튼 리본 방울 꼬리 (여),11850158,63,59,51,20,18,15,11850157_C_MTMaid01.gltf,11850157_c_mtmaid01_d.png,11850157_c_mtmaid01_c.png,Bip01 Pelvis,
11850159,일루셔니스트 피죤 가렌더 (남),11850159,170,47,47,96,19,19,11850159_C_MTFairyMagician.gltf,11850159_c_mtfairymagician_d.png,11850159_c_mtfairymagician_c.png,Bip01 Spine1,
11850160,일루셔니스트 피죤 가렌더 (여),11850160,170,47,47,96,19,19,11850159_C_MTFairyMagician.gltf,11850159_c_mtfairymagician_d.png,11850159_c_mtfairymagician_c.png,Bip01 Spine1,
11850163,스노우 테일 글로우 윙 (남),11850163,76,105,181,23,40,79,11850163_C_MTFrozen02.gltf,11850163_c_mtfrozen02_d.png,11850163_c_mtfrozen02_d.png,Bip01 Spine1,
11850164,스노우 테일 글로우 윙 (여),11850163,76,105,181,23,40,79,11850163_C_MTFrozen02.gltf,11850163_c_mtfrozen02_d.png,11850163_c_mtfrozen02_d.png,Bip01 Spine1,
11850165,둥둥 달토끼,11850165,63,59,51,20,18,15,11850165_MoonRabbit.gltf,11850165_c_moonrabbit_d.png,11850165_c_moonrabbit_d.png,Bip01 Spine1,
11850169,쫑즈 팬더 망토,11850169,63,59,51,20,18,15,11850169_C_JjongjjeuPanda.gltf,11850169_c_jjongjjeupanda_d.png,11850169_c_jjongjjeupanda_d.png,Bip01 Spine1,
11850170,메리메리 홀리 페어리 윙 (여),11850072,244,189,88,163,121,39,11850071_C_MTChristmas01.gltf,11850071_c_mtchristmas01_d.png,11850071_c_mtchristmas01_c.png,Bip01 Spine1,
11850171,둥둥 달토끼,11850165,63,59,51,20,18,15,11850165_MoonRabbit.gltf,11850165_c_moonrabbit_d.png,11850165_c_moonrabbit_d.png,Bip01 Spine1,
11850172,풍성한 삼미호 꼬리,11850038,63,59,51,20,18,15,11850038_C_3FoxTails.gltf,11850038_c_3foxtails_d.png,11850038_c_3foxtails_d.png,Bip01 Pelvis,
11850174,하얀 리본 고양이 꼬리,11850025,63,59,51,20,18,15,11850025_C_WhiteRibbonTail.gltf,11850025_c_whiteribbontail_d.png,11850025_c_whiteribbontail_d.png,Bip01 Pelvis,
11850175,둥둥 핑크빈 풍선,11850104,63,59,51,20,18,15,11850105_C_MTPinkbeanBalloon.gltf,11850105_c_mtpinkbeanballoon_d.png,11850105_c_mtpinkbeanballoon_d.png,Bip01 Spine1,
11850176,플루토 망토,11800092,63,59,51,20,18,15,11800092_F_MTLegendary02.gltf,11800092_c_mtlegendary02_d.png,11800092_c_mtlegendary02_c.png,Bip01 Spine2,
11850177,천계의 선인 리본망토 (남),11850129,242,224,191,165,127,96,11850129_C_MTOrientalFairy.gltf,11850129_c_mtorientalfairy_d.png,11850129_c_mtorientalfairy_c.png,Bip01 Spine1,
11850178,블랙키튼 리본 방울 꼬리 (남),11850178,170,47,47,96,19,19,11850178_C_MTMaid01Black.gltf,11850178_c_mtmaid01black_d.png,11850157_c_mtmaid01_c.png,Bip01 Pelvis,
11850179,블랙키튼 리본 방울 꼬리 (여),11850179,170,47,47,96,19,19,11850178_C_MTMaid01Black.gltf,11850178_c_mtmaid01black_d.png,11850157_c_mtmaid01_c.png,Bip01 Pelvis,
11850180,디자인 숏 망토,11850180,63,59,51,20,18,15,11850180_F_UGC03.gltf,11850180_c_ugc03_d.png,11850180_c_ugc03_d.png,Bip01 Spine2,
11850181,천계의 선녀 리본망토 (여),11850144,242,224,191,165,127,96,11850129_C_MTOrientalFairy.gltf,11850129_c_mtorientalfairy_d.png,11850129_c_mtorientalfairy_c.png,Bip01 Spine1,
11850182,마법학교 수련생 망토 (남),11850182,76,105,181,23,40,79,11850182_C_MTMagicalSchool.gltf,11850182_c_mtmagicalschool_d.png,11850182_c_mtmagicalschool_c.png,Scene Root,
11850183,마법학교 수련생 망토 (여),11850183,76,105,181,23,40,79,11850182_C_MTMagicalSchool.gltf,11850182_c_mtmagicalschool_d.png,11850182_c_mtmagicalschool_c.png,Scene Root,
11850184,마법학교 수련생 망토 (남),11850182,76,105,181,23,40,79,11850182_C_MTMagicalSchool.gltf,11850182_c_mtmagicalschool_d.png,11850182_c_mtmagicalschool_c.png,Scene Root,
11850185,마법학교 수련생 망토 (여),11850183,76,105,181,23,40,79,11850182_C_MTMagicalSchool.gltf,11850182_c_mtmagicalschool_d.png,11850182_c_mtmagicalschool_c.png,Scene Root,
11850186,바니 플라워 무지개 망토 (남),11850186,230,230,230,150,150,150,11850186_C_MTFlowerRabbit.gltf,11850186_c_mtflowerrabbit_d.png,11850186_c_mtflowerrabbit_c.png,Scene Root,
11850187,바니 플라워 무지개 망토 (여),11850187,230,230,230,150,150,150,11850186_C_MTFlowerRabbit.gltf,11850186_c_mtflowerrabbit_d.png,11850186_c_mtflowerrabbit_c.png,Scene Root,
11850188,병아리 가방,11850003,63,59,51,20,18,15,01800003_C_Chick.gltf,01800003_c_chick_d.png,01800003_c_chick_d.png,Bip01 Spine1,
11850190,큐티 더키볼 삼색 풍선 망토 (남),11850190,239,112,145,153,66,82,11850190_C_MTChildren01.gltf,11850190_c_mtchildren01_d.png,11850190_c_mtchildren01_c.png,Scene Root,
11850191,큐티 더키볼 삼색 풍선 망토 (여),11850191,239,112,145,153,66,82,11850190_C_MTChildren01.gltf,11850190_c_mtchildren01_d.png,11850190_c_mtchildren01_c.png,Scene Root,
11850192,우주비행사 UFO 망토 (남),11850192,194,209,96,64,104,54,11850192_C_MTSpaceSuit01.gltf,11850192_c_mtspacesuit01_d.png,11850192_c_mtspacesuit01_c.png,Scene Root,
11850193,우주비행사 UFO 망토 (여),11850193,194,209,96,64,104,54,11850192_C_MTSpaceSuit01.gltf,11850192_c_mtspacesuit01_d.png,11850192_c_mtspacesuit01_c.png,Scene Root,
11850194,트로피컬 썸머 칵테일 (남),11850194,147,226,242,89,153,165,11850194_C_MTResortWear.gltf,11850194_c_mtresortwear_d.png,11850194_c_mtresortwear_c.png,Scene Root,
11850195,트로피컬 썸머 칵테일 (여),11850195,147,226,242,89,153,165,11850194_C_MTResortWear.gltf,11850194_c_mtresortwear_d.png,11850194_c_mtresortwear_c.png,Scene Root,
11850197,해피 슬라임 가방,11850058,126,204,247,72,94,168,11850058_C_MTSlimeBag.gltf,11850058_c_mtslimebag_d.png,11850058_c_mtslimebag_c.png,Bip01 Spine1,
11850244,아쿠아 썸머 열대어 망토,11850244,249,137,77,147,60,20,11850244_C_MTSwim05.gltf,11850244_c_mtswim05_d.png,11850244_c_mtswim05_c.png,Bip01 Spine1,
11850246,돼지 모기향 망토 (남),11850246,63,59,51,20,18,15,11850246_C_MTTraditionalNative04.gltf,11850246_c_mttraditionalnative04_d.png,11850246_c_mttraditionalnative04_c.png,Scene Root,
11850247,돼지 모기향 망토 (여),11850247,230,230,230,150,150,150,11850246_C_MTTraditionalNative04.gltf,11850246_c_mttraditionalnative04_d.png,11850246_c_mttraditionalnative04_c.png,Scene Root,
11850248,큐티 더키볼 삼색 풍선 망토 (남),11850190,239,112,145,153,66,82,11850190_C_MTChildren01.gltf,11850190_c_mtchildren01_d.png,11850190_c_mtchildren01_c.png,Scene Root,
11850249,큐티 더키볼 삼색 풍선 망토 (여),11850191,239,112,145,153,66,82,11850190_C_MTChildren01.gltf,11850190_c_mtchildren01_d.png,11850190_c_mtchildren01_c.png,Scene Root,
11850252,궁중 셰프 마법 조리기구 (남),11850252,119,147,68,32,51,30,11850252_C_MTCook02.gltf,11850252_c_mtcook02_d.png,11850252_c_mtcook02_c.png,Scene Root,
11850253,궁중 셰프 마법 조리기구 (여),11850253,119,147,68,32,51,30,11850252_C_MTCook02.gltf,11850252_c_mtcook02_d.png,11850252_c_mtcook02_c.png,Scene Root,
11850254,테크웨어 스카우트 쌍검 망토 (남),11850254,170,47,47,96,19,19,11850254_C_MTTechWear.gltf,11850254_c_mttechwear_d.png,11850254_c_mttechwear_c.png,Bip01 Spine1,
11850255,테크웨어 스카우트 쌍검 망토 (여),11850255,170,47,47,96,19,19,11850254_C_MTTechWear.gltf,11850254_c_mttechwear_d.png,11850254_c_mttechwear_c.png,Bip01 Spine1,
11850259,살랑 나비 날개 (남),11850259,244,189,88,163,121,39,11850259_C_MTGentlyButterfly.gltf,11850259_c_mtgentlybutterfly_d.png,11850259_c_mtgentlybutterfly_c.png,Bip01 Spine1,
11850260,살랑 나비 날개 (여),11850260,244,189,88,163,121,39,11850259_C_MTGentlyButterfly.gltf,11850259_c_mtgentlybutterfly_d.png,11850259_c_mtgentlybutterfly_c.png,Bip01 Spine1,
11850261,팬시 고딕 코튼 베어 (남),11850261,170,47,47,96,19,19,11850261_C_MTGothic02.gltf,11850261_c_mtgothic02_d.png,11850261_c_mtgothic02_c.png,Scene Root,
11850262,팬시 고딕 코튼 베어 (여),11850262,170,47,47,96,19,19,11850261_C_MTGothic02.gltf,11850261_c_mtgothic02_d.png,11850261_c_mtgothic02_c.png,Scene Root,
11850263,다크캣 펑키 교복 장검 (남),11850263,230,230,230,150,150,150,11850263_C_MTSchoolLook02.gltf,11850263_c_mtschoollook02_d.png,11850263_c_mtschoollook02_c.png,Scene Root,
11850264,다크캣 펑키 교복 장검 (여),11850264,230,230,230,150,150,150,11850263_C_MTSchoolLook02.gltf,11850263_c_mtschoollook02_d.png,11850263_c_mtschoollook02_c.png,Scene Root,
11860060,복제된 흉포의 망토,11800030,63,59,51,20,18,15,11800027_F_MTMateMantle.gltf,11800027_c_mtmatemantle_d.png,11800027_c_mtmatemantle_d.png,Bip01 Spine2,
11860061,오색빛깔 무지개,11860061,63,59,51,20,18,15,11860061_C_RainbowCloud.gltf,11860061_c_rainbowcloud_d.png,11860061_c_rainbowcloud_d.png,Bip01 Spine1,
11860062,해피 벌룬 푸들,11860062,126,204,247,72,94,168,11860062_C_PoodleBalloon.gltf,11860062_c_poodleballoon_d.png,11860062_c_poodleballoon_c.png,Bip01 Spine1,
11860063,천사의 속삭임,11860063,242,224,191,165,127,96,11860063_C_AngelLight.gltf,11860063_c_angellight_d.png,11860063_c_angellight_c.png,Bip01 Spine1,
11860064,아이언 윙,11860064,244,189,88,163,121,39,11860064_C_MetalWing.gltf,11860064_c_metalwing_d.png,11860064_c_metalwing_c.png,Bip01 Spine1,
11860113,블랙퓨리티 리버티윙,11800109,63,59,51,20,18,15,11800109_C_MTDarkTutor.gltf,11800109_c_mtdarktutor_d.png,11800109_c_mtdarktutor_c.png,Bip01 Spine1,
11860116,떠돌이 모험가의 유산 : 낡은 담요 망토,11800046,63,59,51,20,18,15,11800026_F_MTCheckMantle.gltf,11800026_c_mtcheckmantle_d.png,11800026_c_mtcheckmantle_d.png,Bip01 Spine2,
11860117,센츄리온 제너럴 클록,11800117,63,59,51,20,18,15,11800117_F_MTLegendary02.gltf,11800117_c_mtlegendary02_d.png,11800117_c_mtlegendary02_c.png,Bip01 Spine2,
11860118,떠돌이 모험가의 유산 : 낡은 담요 망토,11800046,63,59,51,20,18,15,11800026_F_MTCheckMantle.gltf,11800026_c_mtcheckmantle_d.png,11800026_c_mtcheckmantle_d.png,Bip01 Spine2,
11860123,강화된 품위의 망토,11800023,63,59,51,20,18,15,11800020_F_MTArtilleryMantle.gltf,11800020_c_mtartillerymantle_d.png,11800020_c_mtartillerymantle_d.png,Bip01 Spine2,
11880060,흉포의 망토,11800030,63,59,51,20,18,15,11800027_F_MTMateMantle.gltf,11800027_c_mtmatemantle_d.png,11800027_c_mtmatemantle_d.png,Bip01 Spine2,
11880081,검은 불꽃의 망토,11800037,63,59,51,20,18,15,11800021_F_MTAssassinateMantle.gltf,11800021_c_mtassassinatemantle_d.png,11800021_c_mtassassinatemantle_d.png,Bip01 Spine2,
11880123,타이렌 로열 망토,11800112,63,59,51,20,18,15,11800112_C_MTLappenshad.gltf,11800112_c_mtlappenshad_d.png,11800112_c_mtlappenshad_c.png,Bip01 Spine1,
11880130,시공의 인페르녹 날개,11800130,63,59,51,20,18,15,11800130_C_MTBalrogMagicBursterWing.gltf,11800130_c_mtbalrogmagicbursterwing_d.png,11800130_c_mtbalrogmagicbursterwing_d.png,Bip01 Spine1,
11880176,플루토 망토,11800092,63,59,51,20,18,15,11800092_F_MTLegendary02.gltf,11800092_c_mtlegendary02_d.png,11800092_c_mtlegendary02_c.png,Bip01 Spine2,
11890008,마크52 알파의 추진기,11800008,63,59,51,20,18,15,11800008_MTAlphaBooster.gltf,11800008_mtalphabooster_d.png,11800008_mtalphabooster_d.png,Bip01 Spine1,
11890009,마크52 베타의 추진기,11800009,63,59,51,20,18,15,11800009_MTBetaBooster.gltf,11800009_mtbetabooster_d.png,11800009_mtbetabooster_d.png,Bip01 Spine1,
11890010,마크52 오메가의 추진기,11800010,63,59,51,20,18,15,11800010_MTOmegaBooster.gltf,11800010_mtomegabooster_d.png,11800010_mtomegabooster_d.png,Bip01 Spine1,
11890011,그리폰의 날개,11800011,63,59,51,20,18,15,11800011_MTGriffonWings.gltf,11800011_mtgriffonwings_d.png,11800011_mtgriffonwings_d.png,Bip01 Spine1,
11890012,그리피나의 날개,11800012,63,59,51,20,18,15,11800012_MTGrifinaWings.gltf,11800012_mtgrifinawings_d.png,11800012_mtgrifinawings_d.png,Bip01 Spine1,
11890013,호루스의 날개,11800013,63,59,51,20,18,15,11800013_MTGriffWings.gltf,11800013_mtgriffwings_d.png,11800013_mtgriffwings_d.png,Bip01 Spine1,
11890025,바포메트의 망토,11800025,63,59,51,20,18,15,11800022_F_MTBaphometMantle.gltf,11800022_c_mtbaphometmantle_d.png,11800022_c_mtbaphometmantle_d.png,Bip01 Spine2,
11890032,발록의 날개,11800032,63,59,51,20,18,15,11800032_MTBalrogWing.gltf,11800032_mtbalrogwing_d.png,11800032_mtbalrogwing_d.png,Bip01 Spine1,
11890033,자쿰의 망토,11800033,63,59,51,20,18,15,11800033_F_MTZakumMantle.gltf,11800033_mtzakummantle_d.png,11800033_mtzakummantle_d.png,Bip01 Spine2,
11890056,레르노스의 망토,11800056,63,59,51,20,18,15,11800056_MTLernosMentle.gltf,11800056_c_mtlernosmentle_d.png,11800056_c_mtlernosmentle_d.png,Bip01 Pelvis,
11890065,카트반의 날개,11800065,63,59,51,20,18,15,11800065_KatvanWing.gltf,11800065_mtkatvanwing_d.png,11800065_mtkatvanwing_d.png,Bip01 Spine1,
11890066,바르칸트의 날개,11800066,63,59,51,20,18,15,11800066_C_MTBarkhantWing.gltf,11800066_barkhantwing_d.png,11800066_barkhantwing_d.png,Bip01 Spine1,
11890068,귀여운 풍선 망토,11800068,63,59,51,20,18,15,11800068_C_MT3Balloons01.gltf,11800068_c_mt3balloons01_d.png,11800068_c_mt3balloons01_d.png,Bip01 Spine1,
11890069,시크한 풍선 망토,11800069,63,59,51,20,18,15,11800069_C_MT3Balloons02.gltf,11800069_c_mt3balloons02_d.png,11800069_c_mt3balloons02_d.png,Bip01 Spine1,
11890070,창피한 풍선 망토,11800070,63,59,51,20,18,15,11800070_C_MT3Balloons03.gltf,11800070_c_mt3balloons03_d.png,11800070_c_mt3balloons03_d.png,Bip01 Spine1,
11890073,별빛 원정대 망토,11800073,63,59,51,20,18,15,11800073_F_MTExpedition.gltf,11800073_c_mtexpedition_d.png,11800073_c_mtexpedition_c.png,Bip01 Spine2,
11890074,이슈라의 망토,11800074,63,59,51,20,18,15,11800074_F_MTIshuraMantle.gltf,11800074_c_mtishuramantle_d.png,11800074_c_mtishuramantle_c.png,Bip01 Spine2,
11890076,파풀라투스의 시계태엽,11800061,63,59,51,20,18,15,11800061_PapulatusWatchspring.gltf,11800061_c_mtpapulatuswatchspring_d.png,11800061_c_mtpapulatuswatchspring_d.png,Bip01 Spine1,
11890080,마드라칸 군주의 그림자,11800080,63,59,51,20,18,15,11800080_F_MTDarkSteel.gltf,11800080_c_mtdarksteel_d.png,11800080_c_mtdarksteel_c.png,Bip01 Spine2,
11890081,검은 불꽃의 망토,11800037,63,59,51,20,18,15,11800021_F_MTAssassinateMantle.gltf,11800021_c_mtassassinatemantle_d.png,11800021_c_mtassassinatemantle_d.png,Bip01 Spine2,
11890091,아리엘의 날개,11800091,63,59,51,20,18,15,11800091_PinkbeanMantle01.gltf,11800091_c_mtpinkbeanmantle01_d.png,11800091_c_mtpinkbeanmantle01_d.png,Bip01 Spine1,
11890093,마르스 망토,11800093,63,59,51,20,18,15,11800093_F_MTLegendary01.gltf,11800093_c_mtlegendary01_d.png,11800093_c_mtlegendary01_c.png,Bip01 Spine2,
11890094,진 바르칸트의 날개,11800066,63,59,51,20,18,15,11800066_C_MTBarkhantWing.gltf,11800066_barkhantwing_d.png,11800066_barkhantwing_d.png,Bip01 Spine1,
11890095,진 발록의 날개,11800032,63,59,51,20,18,15,11800032_MTBalrogWing.gltf,11800032_mtbalrogwing_d.png,11800032_mtbalrogwing_d.png,Bip01 Spine1,
11890118,떠돌이 모험가의 유산 : 낡은 담요 망토,11800046,63,59,51,20,18,15,11800026_F_MTCheckMantle.gltf,11800026_c_mtcheckmantle_d.png,11800026_c_mtcheckmantle_d.png,Bip01 Spine2,
11890119,센츄리온 제너럴 클록,11800117,63,59,51,20,18,15,11800117_F_MTLegendary02.gltf,11800117_c_mtlegendary02_d.png,11800117_c_mtlegendary02_c.png,Bip01 Spine2,
11890120,블랙퓨리티 리버티윙,11800109,63,59,51,20,18,15,11800109_C_MTDarkTutor.gltf,11800109_c_mtdarktutor_d.png,11800109_c_mtdarktutor_c.png,Bip01 Spine1,
11890121,마드라칸 군주의 그림자,11800080,63,59,51,20,18,15,11800080_F_MTDarkSteel.gltf,11800080_c_mtdarksteel_d.png,11800080_c_mtdarksteel_c.png,Bip01 Spine2,
11890122,아리엘의 날개,11800091,63,59,51,20,18,15,11800091_PinkbeanMantle01.gltf,11800091_c_mtpinkbeanmantle01_d.png,11800091_c_mtpinkbeanmantle01_d.png,Bip01 Spine1,
11890123,강화된 품위의 망토,11800023,63,59,51,20,18,15,11800020_F_MTArtilleryMantle.gltf,11800020_c_mtartillerymantle_d.png,11800020_c_mtartillerymantle_d.png,Bip01 Spine2,
11890170,앱솔루트 망토,11800046,63,59,51,20,18,15,11800026_F_MTCheckMantle.gltf,11800026_c_mtcheckmantle_d.png,11800026_c_mtcheckmantle_d.png,Bip01 Spine2,
11890171,흉포한 망토,11800030,63,59,51,20,18,15,11800027_F_MTMateMantle.gltf,11800027_c_mtmatemantle_d.png,11800027_c_mtmatemantle_d.png,Bip01 Spine2,
11890172,마크52 오메가의 추진기,11800010,63,59,51,20,18,15,11800010_MTOmegaBooster.gltf,11800010_mtomegabooster_d.png,11800010_mtomegabooster_d.png,Bip01 Spine1,
11890173,발록의 날개,11800032,63,59,51,20,18,15,11800032_MTBalrogWing.gltf,11800032_mtbalrogwing_d.png,11800032_mtbalrogwing_d.png,Bip01 Spine1,
11890174,카트반의 날개,11800065,63,59,51,20,18,15,11800065_KatvanWing.gltf,11800065_mtkatvanwing_d.png,11800065_mtkatvanwing_d.png,Bip01 Spine1,
11890175,바르칸트의 날개,11800066,63,59,51,20,18,15,11800066_C_MTBarkhantWing.gltf,11800066_barkhantwing_d.png,11800066_barkhantwing_d.png,Bip01 Spine1,
11890176,타이렌 렌샤 망토,11800128,63,59,51,20,18,15,11800128_C_MTGiganTikaA01.gltf,11800128_c_mtgigantikaa01_d.png,11800128_c_mtgigantikaa01_c.png,Bip01 Spine1,
11890177,게오르크 카이 망토,11800129,63,59,51,20,18,15,11800129_C_MTKritias01.gltf,11800129_c_mtkritias01_d.png,11800129_c_mtkritias01_c.png,Bip01 Spine1,