#id,name,icon,r1,g1,b1,r2,g2,b2,gltf,ddsd,ddsc,haircutting,
-1,없음,-1,0,0,0,0,0,0,
11500001,초보자 운동복 하의,11500001,63,59,51,20,18,15,11500001_F_BasicSportwearPants.gltf,11500001_f_basicsportwearpants_d.png,11500001_f_basicsportwearpants_c.png,0,
11500002,반바지 레깅스,11500002,63,59,51,20,18,15,11500002_F_CasualShortPants.gltf,11500002_f_casualshortpants_d.png,11500002_f_casualshortpants_c.png,0,
11500003,가죽 다리 보호구,11500003,63,59,51,20,18,15,11500014_F_ProbationWarrior.gltf,11500014_f_probationwarrior_d.png,11500014_f_probationwarrior_c.png,0,
11500004,포인트 가죽 다리 보호구,11500004,63,59,51,20,18,15,11500003_F_BronzeWarrior.gltf,11500003_f_bronzewarrior_d.png,11500003_f_bronzewarrior_c.png,0,
11500005,스파이크 가죽 다리 보호구,11500005,63,59,51,20,18,15,11500004_F_RollingThunderSpike.gltf,11500004_f_rollingthunderspike_d.png,11500004_f_rollingthunderspike_c.png,0,
11500006,투박한 바이킹 보호대,11500006,63,59,51,20,18,15,11500005_F_LittleBone.gltf,11500005_f_littlebone_d.png,11500005_f_littlebone_c.png,0,
11500007,캐리비안 팬츠,11500007,63,59,51,20,18,15,11500006_F_Viking.gltf,11500006_f_viking_d.png,11500006_f_viking_c.png,0,
11500008,크란츠 보호대,11500008,63,59,51,20,18,15,11500005_F_LittleBone.gltf,11500005_f_littlebone_d.png,11500005_f_littlebone_c.png,0,
11500009,좀도둑 하의,11500009,63,59,51,20,18,15,11500028_F_ProbationThief.gltf,11500028_f_probationthief_d.png,11500028_f_probationthief_c.png,0,
11500010,가죽 좀도둑 하의,11500010,63,59,51,20,18,15,11500013_F_ProbationThief.gltf,11500013_f_probationthief_d.png,11500013_f_probationthief_c.png,0,
11500011,세련된 좀도둑 하의,11500011,63,59,51,20,18,15,11500029_F_BlackEyeGoldline.gltf,11500029_f_blackeyegoldline_d.png,11500029_f_blackeyegoldline_c.png,0,
11500012,닌자 도복 하의,11500012,63,59,51,20,18,15,11500030_F_Junior.gltf,11500030_m_junior_d.png,11500030_m_junior_c.png,0,
11500013,가죽 닌자 도복 하의,11500013,63,59,51,20,18,15,11500031_F_FirstDegree.gltf,11500031_m_firstdegree_d.png,11500031_m_firstdegree_c.png,0,
11500014,자객 하의,11500014,63,59,51,20,18,15,11500030_F_Junior.gltf,11500030_m_junior_d.png,11500030_m_junior_c.png,0,
11500015,해적 보호구,11500015,63,59,51,20,18,15,11500033_F_PAPirateBottom.gltf,11500033_f_papiratebottom_d.png,11500033_f_papiratebottom_c.png,0,
11500016,숙련 자객 보호구,11500016,63,59,51,20,18,15,11500031_F_FirstDegree.gltf,11500031_m_firstdegree_d.png,11500031_m_firstdegree_c.png,0,
11500017,십자 해적 보호구,11500017,63,59,51,20,18,15,11500035_F_PACrossPirate.gltf,11500035_f_pacrosspirate_d.png,11500035_f_pacrosspirate_c.png,0,
11500018,숲지기 수렵 하의,11500018,63,59,51,20,18,15,11500011_F_ProbationRanger.gltf,11500011_f_probationranger_d.png,11500011_f_probationranger_c.png,0,
11500019,금빛 숲지기 수렵 하의,11500019,63,59,51,20,18,15,11500017_F_LeatherFeather.gltf,11500017_f_leatherfeather_d.png,11500018_f_helenaeagleeye_c.png,0,
11500020,로빈훗 수렵 하의,11500020,63,59,51,20,18,15,11500018_F_HelenaEagleEye.gltf,11500018_f_helenaeagleeye_d.png,11500018_f_helenaeagleeye_c.png,0,
11500021,체인 청바지 (남),11500021,63,59,51,20,18,15,01500011_M_ChainSkinny.gltf,01500011_m_chainskinny_d.png,01500011_m_chainskinny_d.png,0,
11500022,레이스 청치마 (여),11500022,63,59,51,20,18,15,01500012_F_LaceDenim.gltf,01500012_f_lacedenim_d.png,01500012_f_lacedenim_d.png,0,
11500023,더블 포켓 카고 숏팬츠,11500023,63,59,51,20,18,15,11550022_F_PAPocketCargoPants.gltf,11550022_m_papocketcargopants_d.png,11550022_m_papocketcargopants_c.png,0,
11500024,디자인 반바지 (남),11500024,63,59,51,20,18,15,01500007_M_UGC01.gltf,01500007_m_ugc01_d.png,01500007_m_ugc01_d.png,0,
11500025,디자인 반바지 (여),11500025,63,59,51,20,18,15,01500008_F_UGC01.gltf,01500008_f_ugc01_d.png,01500008_f_ugc01_d.png,0,
11500026,디자인 쫄바지 (남),11500026,63,59,51,20,18,15,01500009_M_UGC02.gltf,01500009_m_ugc02_d.png,01500009_m_ugc02_d.png,0,
11500027,디자인 쫄바지 (여),11500027,63,59,51,20,18,15,01500010_F_UGC02.gltf,01500010_f_ugc02_d.png,01500010_f_ugc02_d.png,0,
11500028,유치원 하의 (남),11500028,133,81,165,53,42,71,01500001_M_Preschool.gltf,01500001_m_preschool_d.png,01500001_m_preschool_c.png,0,
11500029,유치원 하의 (여),11500029,133,81,165,53,42,71,01500002_F_Preschool.gltf,01500002_f_preschool_d.png,01500002_f_preschool_c.png,0,
11500030,럭셔리 교복 하의 (남),11500030,158,83,63,68,31,19,01500007_M_PrestigiousSchool.gltf,01500007_m_prestigiousschool_d.png,01500007_m_prestigiousschool_c.png,0,
11500031,럭셔리 교복 하의 (여),11500031,158,83,63,68,31,19,01500008_F_PrestigiousSchool.gltf,01500008_f_prestigiousschool_d.png,01500008_f_prestigiousschool_c.png,0,
11500032,메이플 스타 하의 (남),11500032,76,105,181,23,40,79,01500005_M_MapleStarBaseball.gltf,01500005_m_maplestarbaseball_d.png,01500005_m_maplestarbaseball_c.png,0,
11500033,메이플 스타 하의 (여),11500033,244,189,88,163,121,39,01500006_F_MapleStarBaseball.gltf,01500006_f_maplestarbaseball_d.png,01500006_f_maplestarbaseball_c.png,0,
11500034,마린 하의 (남),11500034,62,73,117,27,26,48,01500013_M_MarineShort.gltf,01500013_m_marineshort_d.png,01500013_m_marineshort_c.png,0,
11500035,마린 하의 (여),11500035,62,73,117,27,26,48,01500014_F_MarineSkirt.gltf,01500014_f_marineskirt_d.png,01500014_f_marineskirt_c.png,0,
11500036,승무원 하의 (남),11500036,76,105,181,23,40,79,01500015_M_CaptainPants.gltf,01500015_m_captainpants_d.png,01500015_m_captainpants_c.png,0,
11500037,승무원 하의 (여),11500037,76,105,181,23,40,79,01500016_F_CrewSkirt.gltf,01500016_f_crewskirt_d.png,01500016_f_crewskirt_c.png,0,
11500038,해골 배기 팬츠 (남),11500038,63,59,51,20,18,15,01500017_M_SkeletonSkinny.gltf,01500017_m_skeletonskinny_d.png,01500017_m_skeletonskinny_c.png,0,
11500042,인디고 청바지 (남),11500042,63,59,51,20,18,15,11550029_M_PAIndigoJeans.gltf,11550029_m_indigojeans_d.png,11550029_m_indigojeans_d.png,0,
11500043,트레이닝 팬츠 (남),11500043,76,105,181,23,40,79,11550023_M_PATraining.gltf,11550023_m_patraining_d.png,11550023_m_patraining_c.png,0,
11500044,트레이닝 숏팬츠 (여),11500044,239,112,145,153,66,82,11550023_F_PATraining.gltf,11550023_f_patraining_d.png,11550023_f_patraining_c.png,0,
11500045,스키니 진 (여),11500045,170,47,47,96,19,19,11550024_F_PASkinnyJeans.gltf,11550024_f_paskinnyjeans_d.png,11550024_f_paskinnyjeans_c.png,0,
11500046,배기 바지,11500046,63,59,51,20,18,15,11550025_F_PABaggyPants.gltf,11550025_c_pabaggypants_d.png,11550025_f_pabaggypants_c.png,0,
11500047,다크 스위프트 바지,11500047,63,59,51,20,18,15,11500042_F_PADarkSwiftPants.gltf,11500042_f_padarkswiftpants_d.png,11500042_f_padarkswiftpants_c.png,0,
11500048,십자군 판갑,11500048,63,59,51,20,18,15,11500048_F_PACrusadesPlate.gltf,11500048_c_pacrusadesplate_d.png,11500048_c_pacrusadesplate_c.png,0,
11500049,은빛 크란츠 판갑,11500049,63,59,51,20,18,15,11500006_F_Viking.gltf,11500006_f_viking_d.png,11500006_f_viking_c.png,0,
11500050,금빛 십자군 판갑,11500050,63,59,51,20,18,15,11500050_F_PAGoldenCrusadesPlate.gltf,11500050_c_pagoldencrusadesplate_d.png,11500050_c_pagoldencrusadesplate_c.png,0,
11500051,벨벳 하의,11500051,63,59,51,20,18,15,11500040_F_PAVelvetSkirt.gltf,11500040_f_pavelvetskirt_d.png,11500040_f_pavelvetskirt_c.png,0,
11500052,큐빅 벨벳 하의,11500052,63,59,51,20,18,15,11500041_F_PACubicVelvet.gltf,11500041_f_pacubicvelvet_d.png,11500041_f_pacubicvelvet_c.png,0,
11500053,쉐도우 스파이크 팬츠,11500053,63,59,51,20,18,15,11500053_F_ShadowSpike.gltf,11500053_f_shadowspike_d.png,11500053_f_shadowspike_c.png,0,
11500054,디멘티드 타이 가드,11500054,63,59,51,20,18,15,11500054_F_PADementedThighGuard.gltf,11500054_c_padementedthighguard_d.png,11500054_c_padementedthighguard_c.png,0,
11500055,운영자 하의 (여),11500055,63,59,51,20,18,15,11500055_F_PAGm.gltf,11500055_f_pagm_d.png,11500055_f_pagm_d.png,0,
11500056,고급 피혁 하의,11500056,63,59,51,20,18,15,11500014_F_ProbationWarrior.gltf,11500014_f_probationwarrior_d.png,11500014_f_probationwarrior_c.png,0,
11500057,포인트 고급 피혁 하의,11500057,63,59,51,20,18,15,11500003_F_BronzeWarrior.gltf,11500003_f_bronzewarrior_d.png,11500003_f_bronzewarrior_c.png,0,
11500058,스파이크 고급 피혁 하의,11500058,63,59,51,20,18,15,11500004_F_RollingThunderSpike.gltf,11500004_f_rollingthunderspike_d.png,11500004_f_rollingthunderspike_c.png,0,
11500059,투박한 캐리비안 팬츠,11500059,63,59,51,20,18,15,11500005_F_LittleBone.gltf,11500005_f_littlebone_d.png,11500005_f_littlebone_c.png,0,
11500060,노스 캐리비안 팬츠,11500060,63,59,51,20,18,15,11500006_F_Viking.gltf,11500006_f_viking_d.png,11500006_f_viking_c.png,0,
11500061,나이트 팬츠,11500061,63,59,51,20,18,15,11500048_F_PACrusadesPlate.gltf,11500048_c_pacrusadesplate_d.png,11500048_c_pacrusadesplate_c.png,0,
11500062,슬럼가의 하의,11500062,63,59,51,20,18,15,11500028_F_ProbationThief.gltf,11500028_f_probationthief_d.png,11500028_f_probationthief_c.png,0,
11500063,슬럼 스타일 레더 팬츠,11500063,63,59,51,20,18,15,11500013_F_ProbationThief.gltf,11500013_f_probationthief_d.png,11500013_f_probationthief_c.png,0,
11500064,슬럼 스타일 팬츠,11500064,63,59,51,20,18,15,11500029_F_BlackEyeGoldline.gltf,11500029_f_blackeyegoldline_d.png,11500029_f_blackeyegoldline_c.png,0,
11500065,암살 특화 하의,11500065,63,59,51,20,18,15,11500030_F_Junior.gltf,11500030_m_junior_d.png,11500030_m_junior_c.png,0,
11500066,고급 피혁 도복 하의,11500066,63,59,51,20,18,15,11500031_F_FirstDegree.gltf,11500031_m_firstdegree_d.png,11500031_m_firstdegree_c.png,0,
11500067,밴디트 하의,11500067,63,59,51,20,18,15,11500033_F_PAPirateBottom.gltf,11500033_f_papiratebottom_d.png,11500033_f_papiratebottom_c.png,0,
11500068,바다 모험가 하의,11500068,63,59,51,20,18,15,11500033_F_PAPirateBottom.gltf,11500033_f_papiratebottom_d.png,11500033_f_papiratebottom_c.png,0,
11500069,바다모험가 가죽 하의,11500069,63,59,51,20,18,15,11500034_F_PALeatherPirate.gltf,11500034_f_paleatherpirate_d.png,11500034_f_paleatherpirate_c.png,0,
11500070,우드랜드 팬츠,11500070,63,59,51,20,18,15,11500011_F_ProbationRanger.gltf,11500011_f_probationranger_d.png,11500011_f_probationranger_c.png,0,
11500071,골든 우드랜드 팬츠,11500071,63,59,51,20,18,15,11500017_F_LeatherFeather.gltf,11500017_f_leatherfeather_d.png,11500018_f_helenaeagleeye_c.png,0,
11500072,명사수의 하의,11500072,63,59,51,20,18,15,11500018_F_HelenaEagleEye.gltf,11500018_f_helenaeagleeye_d.png,11500018_f_helenaeagleeye_c.png,0,
11500073,기사단 하의,11500073,63,59,51,20,18,15,11500048_F_PACrusadesPlate.gltf,11500048_c_pacrusadesplate_d.png,11500048_c_pacrusadesplate_c.png,0,
11500074,근위대 하의,11500074,63,59,51,20,18,15,11500049_F_PABlackCrusadesPlate.gltf,11500049_c_pablackcrusadesplate_d.png,11500049_c_pablackcrusadesplate_c.png,0,
11500075,스켈레톤 가드,11500075,63,59,51,20,18,15,11500075_F_PASkeletonGuard.gltf,11500075_c_paskeletonguard_d.png,11500075_c_paskeletonguard_c.png,0,
11500076,블러디 더스크 가드,11500076,63,59,51,20,18,15,11500076_F_PABloodyDuskGuard.gltf,11500076_f_pabloodyduskguard_d.png,11500076_f_pabloodyduskguard_c.png,0,
11500078,팬텀 팬츠,11500078,63,59,51,20,18,15,11500078_F_PAPhantomPants.gltf,11500078_f_paphantompants_d.png,11500078_f_paphantompants_c.png,0,
11500079,감시자 하의,11500079,63,59,51,20,18,15,11500079_F_PAGuardianPants.gltf,11500079_f_paguardianpants_d.png,11500079_f_paguardianpants_c.png,0,
11500080,스터드 팬츠,11500080,63,59,51,20,18,15,11500080_F_PAStuddedPants.gltf,11500080_f_pastuddedpants_d.png,11500080_f_pastuddedpants_c.png,0,
11500081,디자인 치마 (남),11500081,63,59,51,20,18,15,11500081_M_UGC03.gltf,11500081_m_ugc03_d.png,11500081_m_ugc03_d.png,0,
11500082,디자인 치마 (여),11500082,63,59,51,20,18,15,11500082_F_UGC03.gltf,11500082_f_ugc03_d.png,11500082_f_ugc03_d.png,0,
11500083,검은 크란츠 보호대,11500083,63,59,51,20,18,15,11500007_F_RollingThunderBlackbone.gltf,11500007_f_rollingthunderblackbone_d.png,11500007_f_rollingthunderblackbone_c.png,0,
11500084,강한 자객 하의,11500084,63,59,51,20,18,15,11500032_F_NinjaUniform.gltf,11500032_m_ninjauniform_d.png,11500032_m_ninjauniform_c.png,0,
11500085,블랙 나이트 보호대,11500085,63,59,51,20,18,15,11500049_F_PABlackCrusadesPlate.gltf,11500049_c_pablackcrusadesplate_d.png,11500049_c_pablackcrusadesplate_c.png,0,
11500086,어퍼 밴디트 하의,11500086,63,59,51,20,18,15,11500034_F_PALeatherPirate.gltf,11500034_f_paleatherpirate_d.png,11500034_f_paleatherpirate_c.png,0,
11500087,골든 나이트 보호대,11500087,63,59,51,20,18,15,11500050_F_PAGoldenCrusadesPlate.gltf,11500050_c_pagoldencrusadesplate_d.png,11500050_c_pagoldencrusadesplate_c.png,0,
11500088,모스트 밴디트 보호구,11500088,63,59,51,20,18,15,11500035_F_PACrossPirate.gltf,11500035_f_pacrosspirate_d.png,11500035_f_pacrosspirate_c.png,0,
11500089,체크 7부 바지 (남),11500089,158,83,63,68,31,19,11500089_M_PACheck7Pants.gltf,11500089_m_pacheck7pants_d.png,11500089_m_pacheck7pants_c.png,0,
11500090,벨티드 스커트 (여),11500090,158,83,63,68,31,19,11500090_F_PABeltedSkirt.gltf,11500090_f_pabeltedskirt_d.png,11500090_f_pabeltedskirt_c.png,0,
11500091,쿨 아이싱 진 (남),11500091,63,59,51,20,18,15,11500091_M_PACoolIce.gltf,11500091_m_pacoolice_d.png,11500091_m_pacoolice_d.png,0,
11500092,볼륨 숏 팬츠 (여),11500092,76,105,181,23,40,79,11500092_F_PAVolumeShorts.gltf,11500092_f_pavolumeshorts_d.png,11500092_f_pavolumeshorts_c.png,0,
11500093,제라르의 작업 바지,11500046,63,59,51,20,18,15,11550025_F_PABaggyPants.gltf,11550025_c_pabaggypants_d.png,11550025_f_pabaggypants_c.png,0,
11500094,정장 바지 (남),11500094,63,59,51,20,18,15,11500093_M_PAClassicSuit.gltf,11500093_m_paclassicsuit_d.png,11500093_m_paclassicsuit_c.png,0,
11500096,크러스트 하의,11500083,63,59,51,20,18,15,11500007_F_RollingThunderBlackbone.gltf,11500007_f_rollingthunderblackbone_d.png,11500007_f_rollingthunderblackbone_c.png,0,
11500097,디비전 하의,11500061,63,59,51,20,18,15,11500048_F_PACrusadesPlate.gltf,11500048_c_pacrusadesplate_d.png,11500048_c_pacrusadesplate_c.png,0,
11500098,블랙 크러스트 하의,11500085,63,59,51,20,18,15,11500049_F_PABlackCrusadesPlate.gltf,11500049_c_pablackcrusadesplate_d.png,11500049_c_pablackcrusadesplate_c.png,0,
11500099,다이너스 하의,11500087,63,59,51,20,18,15,11500050_F_PAGoldenCrusadesPlate.gltf,11500050_c_pagoldencrusadesplate_d.png,11500050_c_pagoldencrusadesplate_c.png,0,
11500100,브루탈 하의,11500073,63,59,51,20,18,15,11500048_F_PACrusadesPlate.gltf,11500048_c_pacrusadesplate_d.png,11500048_c_pacrusadesplate_c.png,0,
11500101,블랙 다이너스 하의,11500087,63,59,51,20,18,15,11500050_F_PAGoldenCrusadesPlate.gltf,11500050_c_pagoldencrusadesplate_d.png,11500050_c_pagoldencrusadesplate_c.png,0,
11500102,스키퍼 하의,11500084,63,59,51,20,18,15,11500032_F_NinjaUniform.gltf,11500032_m_ninjauniform_d.png,11500032_m_ninjauniform_c.png,0,
11500103,머깅 하의,11500067,63,59,51,20,18,15,11500033_F_PAPirateBottom.gltf,11500033_f_papiratebottom_d.png,11500033_f_papiratebottom_c.png,0,
11500104,트루 스키퍼 하의,11500086,63,59,51,20,18,15,11500034_F_PALeatherPirate.gltf,11500034_f_paleatherpirate_d.png,11500034_f_paleatherpirate_c.png,0,
11500105,마스트 하의,11500088,63,59,51,20,18,15,11500035_F_PACrossPirate.gltf,11500035_f_pacrosspirate_d.png,11500035_f_pacrosspirate_c.png,0,
11500106,크루 하의,11500068,63,59,51,20,18,15,11500033_F_PAPirateBottom.gltf,11500033_f_papiratebottom_d.png,11500033_f_papiratebottom_c.png,0,
11500107,포어 마스트 하의,11500088,63,59,51,20,18,15,11500035_F_PACrossPirate.gltf,11500035_f_pacrosspirate_d.png,11500035_f_pacrosspirate_c.png,0,
11500108,스포츠 레깅스 (남),11500108,76,105,181,23,40,79,11500108_M_PASportsLeggings.gltf,11500108_m_pasportsleggings_d.png,11500108_m_pasportsleggings_c.png,0,
11500109,포인트 코튼 쇼츠 (남),11500109,122,92,77,53,39,29,11500109_M_PAPointShorts.gltf,11500109_m_papointshorts_d.png,11500109_m_papointshorts_c.png,0,
11500110,프릴 미니 스커트 (여),11500110,132,130,120,68,68,65,11500110_F_PAFrillMiniSkirt.gltf,11500110_f_pafrillminiskirt_d.png,11500110_f_pafrillminiskirt_c.png,0,
11500111,스티치 셀비지 진 (남),11500111,63,59,51,20,18,15,11500111_M_PASelvedgeJeans.gltf,11500111_m_paselvedgejeans_d.png,11500111_m_paselvedgejeans_d.png,0,
11500112,슬림 피트 진 (여),11500112,63,59,51,20,18,15,11500112_F_PASlimFitJeans.gltf,11500112_f_paslimfitjeans_d.png,11500112_f_paslimfitjeans_d.png,0,
11500113,스포츠 레깅스 (여),11500113,255,168,203,205,86,106,11500108_F_PASportsLeggings.gltf,11500108_f_pasportsleggings_d.png,11500108_f_pasportsleggings_c.png,0,
11500114,거대 전사의 팬츠,11500003,63,59,51,20,18,15,11500014_F_ProbationWarrior.gltf,11500014_f_probationwarrior_d.png,11500014_f_probationwarrior_c.png,0,
11500115,강력한 전사의 팬츠,11500004,63,59,51,20,18,15,11500003_F_BronzeWarrior.gltf,11500003_f_bronzewarrior_d.png,11500003_f_bronzewarrior_c.png,0,
11500116,거대 도적의 팬츠,11500009,63,59,51,20,18,15,11500028_F_ProbationThief.gltf,11500028_f_probationthief_d.png,11500028_f_probationthief_c.png,0,
11500117,강력한 도적의 팬츠,11500010,63,59,51,20,18,15,11500013_F_ProbationThief.gltf,11500013_f_probationthief_d.png,11500013_f_probationthief_c.png,0,
11500118,거대 궁수의 팬츠,11500018,63,59,51,20,18,15,11500011_F_ProbationRanger.gltf,11500011_f_probationranger_d.png,11500011_f_probationranger_c.png,0,
11500119,강력한 궁수의 팬츠,11500019,63,59,51,20,18,15,11500017_F_LeatherFeather.gltf,11500017_f_leatherfeather_d.png,11500018_f_helenaeagleeye_c.png,0,
11500120,모직 체크 반바지 (남),11500120,133,81,165,53,42,71,11500120_M_PACheckShorts.gltf,11500120_m_pacheckshorts_d.png,11500120_m_pacheckshorts_c.png,0,
11500121,버튼 플레어 스커트 (여),11500121,133,81,165,53,42,71,11500121_F_PAButtonFlare.gltf,11500121_f_pabuttonflare_d.png,11500121_f_pabuttonflare_c.png,0,
11500122,밴딩 배기 팬츠 (남),11500122,76,105,181,23,40,79,11500122_M_PABandingBaggy.gltf,11500122_c_pabandingbaggy_d.png,11500122_c_pabandingbaggy_c.png,0,
11500123,밴딩 배기 팬츠 (여),11500123,249,137,77,147,60,20,11500123_F_PABandingBaggy.gltf,11500122_c_pabandingbaggy_d.png,11500122_c_pabandingbaggy_c.png,0,
11500124,명예로운 용사의 전투팬츠,11509996,63,59,51,20,18,15,11500006_F_PASavagery.gltf,11500007_c_pasavagery_d.png,11500007_c_pasavagery_c.png,0,
11500125,명예로운 용사의 집중팬츠,11509998,63,59,51,20,18,15,11500065_F_PAPhoenixPiette.gltf,11500065_f_paphoenixpiette_d.png,11500065_f_paphoenixpiette_c.png,0,
11500126,명예로운 용사의 혼란팬츠,11500039,63,59,51,20,18,15,01500019_F_FunkRaderShortPants.gltf,01500019_f_funkradershortpants_d.png,01500019_f_funkradershortpants_c.png,0,
11500127,광선의 전사 하의,11500007,63,59,51,20,18,15,11500006_F_Viking.gltf,11500006_f_viking_d.png,11500006_f_viking_c.png,0,
11500128,광선의 도적 하의,11500013,63,59,51,20,18,15,11500031_F_FirstDegree.gltf,11500031_m_firstdegree_d.png,11500031_m_firstdegree_c.png,0,
11500129,경량의 전사 하의,11500083,63,59,51,20,18,15,11500007_F_RollingThunderBlackbone.gltf,11500007_f_rollingthunderblackbone_d.png,11500007_f_rollingthunderblackbone_c.png,0,
11500130,경량의 도적 하의,11500084,63,59,51,20,18,15,11500032_F_NinjaUniform.gltf,11500032_m_ninjauniform_d.png,11500032_m_ninjauniform_c.png,0,
11500131,견고한 전사 하의,11500048,63,59,51,20,18,15,11500048_F_PACrusadesPlate.gltf,11500048_c_pacrusadesplate_d.png,11500048_c_pacrusadesplate_c.png,0,
11500132,견고한 도적 하의,11500015,63,59,51,20,18,15,11500033_F_PAPirateBottom.gltf,11500033_f_papiratebottom_d.png,11500033_f_papiratebottom_c.png,0,
11500133,야수의 전사 하의,11500007,63,59,51,20,18,15,11500006_F_Viking.gltf,11500006_f_viking_d.png,11500006_f_viking_c.png,0,
11500134,야수의 도적 하의,11500013,63,59,51,20,18,15,11500031_F_FirstDegree.gltf,11500031_m_firstdegree_d.png,11500031_m_firstdegree_c.png,0,
11500135,거구의 전사 하의,11500083,63,59,51,20,18,15,11500007_F_RollingThunderBlackbone.gltf,11500007_f_rollingthunderblackbone_d.png,11500007_f_rollingthunderblackbone_c.png,0,
11500136,거구의 도적 하의,11500084,63,59,51,20,18,15,11500032_F_NinjaUniform.gltf,11500032_m_ninjauniform_d.png,11500032_m_ninjauniform_c.png,0,
11500137,짐승의 전사 하의,11500048,63,59,51,20,18,15,11500048_F_PACrusadesPlate.gltf,11500048_c_pacrusadesplate_d.png,11500048_c_pacrusadesplate_c.png,0,
11500138,짐승의 도적 하의,11500015,63,59,51,20,18,15,11500033_F_PAPirateBottom.gltf,11500033_f_papiratebottom_d.png,11500033_f_papiratebottom_c.png,0,
11500139,야생의 전사 하의,11500074,63,59,51,20,18,15,11500049_F_PABlackCrusadesPlate.gltf,11500049_c_pablackcrusadesplate_d.png,11500049_c_pablackcrusadesplate_c.png,0,
11500140,야생의 도적 하의,11500069,63,59,51,20,18,15,11500034_F_PALeatherPirate.gltf,11500034_f_paleatherpirate_d.png,11500034_f_paleatherpirate_c.png,0,
11500141,스티치 셀비지 진 (남),11500111,63,59,51,20,18,15,11500111_M_PASelvedgeJeans.gltf,11500111_m_paselvedgejeans_d.png,11500111_m_paselvedgejeans_d.png,0,
11500142,슬림 피트 진 (여),11500112,63,59,51,20,18,15,11500112_F_PASlimFitJeans.gltf,11500112_f_paslimfitjeans_d.png,11500112_f_paslimfitjeans_d.png,0,
11500143,코튼 반바지 (남),11500143,63,59,51,20,18,15,11500143_M_FabricShorts.gltf,11500143_m_fabricshorts_d.png,11500143_m_fabricshorts_c.png,0,
11500144,코튼 반바지 (여),11500144,63,59,51,20,18,15,11500144_F_FabricShorts.gltf,11500144_f_fabricshorts_d.png,11500144_f_fabricshorts_c.png,0,
11500145,코튼 스키니 팬츠 (남),11500145,63,59,51,20,18,15,11500145_M_FabricSkinnyPants.gltf,11500145_m_fabricskinnypants_d.png,11500145_m_fabricskinnypants_c.png,0,
11500146,코튼 스키니 팬츠 (여),11500146,63,59,51,20,18,15,11500146_F_FabricSkinnyPants.gltf,11500146_f_fabricskinnypants_d.png,11500146_f_fabricskinnypants_c.png,0,
11500147,코튼 팬츠 (남),11500147,63,59,51,20,18,15,11500147_M_FabricPants.gltf,11500147_m_fabricpants_d.png,11500147_m_fabricpants_c.png,0,
11500148,코튼 팬츠 (여),11500148,63,59,51,20,18,15,11500148_F_FabricPants.gltf,11500148_f_fabricpants_d.png,11500148_f_fabricpants_c.png,0,
11500149,스티치 셀비지 진 (남),11500111,63,59,51,20,18,15,11500111_M_PASelvedgeJeans.gltf,11500111_m_paselvedgejeans_d.png,11500111_m_paselvedgejeans_d.png,0,
11500150,슬림 피트 진 (여),11500112,63,59,51,20,18,15,11500112_F_PASlimFitJeans.gltf,11500112_f_paslimfitjeans_d.png,11500112_f_paslimfitjeans_d.png,0,
11500153,가죽 스키니 팬츠 (남),11500153,63,59,51,20,18,15,11500153_M_LeatherSkinnyPants.gltf,11500153_m_leatherskinnypants_d.png,11500153_m_leatherskinnypants_d.png,0,
11500154,가죽 스키니 팬츠 (여),11500154,63,59,51,20,18,15,11500154_F_LeatherSkinnyPants.gltf,11500154_f_leatherskinnypants_d.png,11500154_f_leatherskinnypants_d.png,0,
11500158,H라인 코튼 미들 스커트 (여),11500158,63,59,51,20,18,15,11500158_F_HLineCottonMiddleSkirt.gltf,11500158_f_hlinecottonmiddleskirt_d.png,11500158_f_hlinecottonmiddleskirt_c.png,0,
11500162,A라인 코튼 롱 스커트 (여),11500162,63,59,51,20,18,15,11500162_F_ALineCottonLongSkirt.gltf,11500162_f_alinecottonlongskirt_d.png,11500162_f_alinecottonlongskirt_c.png,0,
11500163,코튼 숏 플레어 스커트 (여),11500163,63,59,51,20,18,15,11500163_F_CottonShortFlareSkirt.gltf,11500163_f_cottonshortflareskirt_d.png,11500163_f_cottonshortflareskirt_c.png,0,
11500169,A라인 가죽 숏 스커트 (여),11500169,63,59,51,20,18,15,11500169_F_ALineLeatherShortSkirt.gltf,11500169_f_alineleathershortskirt_d.png,11500169_f_alineleathershortskirt_d.png,0,
11500175,캡틴 모크의 하의,11500047,63,59,51,20,18,15,11500042_F_PADarkSwiftPants.gltf,11500042_f_padarkswiftpants_d.png,11500042_f_padarkswiftpants_c.png,0,
11500186,H라인 인디고 미들 스커트 (여),11500186,63,59,51,20,18,15,11500186_F_HlineIndigoMiddleSkirt.gltf,11500186_f_hlineindigomiddleskirt_d.png,11500186_f_hlineindigomiddleskirt_d.png,0,
11500212,연청 숏팬츠 (남),11500212,63,59,51,20,18,15,11500212_M_LightBlueHotpants.gltf,11500212_m_lightbluehotpants_d.png,11500212_m_lightbluehotpants_d.png,0,
11500213,연청 숏팬츠 (여),11500213,63,59,51,20,18,15,11500213_F_LightBlueHotpants.gltf,11500213_f_lightbluehotpants.png,11500213_f_lightbluehotpants.png,0,
11500214,연청 반바지 (남),11500214,63,59,51,20,18,15,11500214_M_LightBlueShorts.gltf,11500214_m_lightblueshorts_d.png,11500214_m_lightblueshorts_d.png,0,
11500215,연청 반바지 (여),11500215,63,59,51,20,18,15,11500215_F_LightBlueShorts.gltf,11500215_f_lightblueshorts_d.png,11500215_f_lightblueshorts_d.png,0,
11500216,연청 스키니 팬츠 (남),11500216,63,59,51,20,18,15,11500216_M_LightBlueSkinnyPants.gltf,11500216_m_lightblueskinnypants_d.png,11500216_m_lightblueskinnypants_d.png,0,
11500217,연청 스키니 팬츠 (여),11500217,63,59,51,20,18,15,11500217_F_LightBlueSkinnyPants.gltf,11500217_f_lightblueskinnypants_d.png,11500217_f_lightblueskinnypants_d.png,0,
11500236,블랙 숏팬츠 (남),11500236,63,59,51,20,18,15,11500236_M_BlackHotpants.gltf,11500236_m_blackhotpants_d.png,11500236_m_blackhotpants_d.png,0,
11500237,블랙 숏팬츠 (여),11500237,63,59,51,20,18,15,11500237_F_BlackHotpants.gltf,11500237_f_blackhotpants_d.png,11500237_f_blackhotpants_d.png,0,
11500238,블랙 반바지 (남),11500238,63,59,51,20,18,15,11500238_M_BlackShorts.gltf,11500238_m_blackshorts_d.png,11500238_m_blackshorts_d.png,0,
11500239,블랙 반바지 (여),11500239,63,59,51,20,18,15,11500239_F_BlackShorts.gltf,11500239_f_blackshorts_d.png,11500239_f_blackshorts_d.png,0,
11500240,블랙 스키니 팬츠 (남),11500240,63,59,51,20,18,15,11500240_M_BlackSkinnyPants.gltf,11500240_m_blackskinnypants_d.png,11500240_m_blackskinnypants_d.png,0,
11500241,블랙 스키니 팬츠 (여),11500241,63,59,51,20,18,15,11500241_F_BlackSkinnyPants.gltf,11500241_f_blackskinnypants_d.png,11500241_f_blackskinnypants_d.png,0,
11500242,블랙 스키니 팬츠 (남),11500240,63,59,51,20,18,15,11500240_M_BlackSkinnyPants.gltf,11500240_m_blackskinnypants_d.png,11500240_m_blackskinnypants_d.png,0,
11500243,블랙 스키니 팬츠 (여),11500241,63,59,51,20,18,15,11500241_F_BlackSkinnyPants.gltf,11500241_f_blackskinnypants_d.png,11500241_f_blackskinnypants_d.png,0,
11500244,코튼 팬츠 (남),11500244,230,230,230,150,150,150,11500147_M_FabricPants.gltf,11500147_m_fabricpants_d.png,11500147_m_fabricpants_c.png,0,
11500245,코튼 팬츠 (여),11500245,230,230,230,150,150,150,11500148_F_FabricPants.gltf,11500148_f_fabricpants_d.png,11500148_f_fabricpants_c.png,0,
11500246,코튼 스키니 팬츠 (남),11500246,230,230,230,150,150,150,11500145_M_FabricSkinnyPants.gltf,11500145_m_fabricskinnypants_d.png,11500145_m_fabricskinnypants_c.png,0,
11500247,코튼 스키니 팬츠 (여),11500247,230,230,230,150,150,150,11500146_F_FabricSkinnyPants.gltf,11500146_f_fabricskinnypants_d.png,11500146_f_fabricskinnypants_c.png,0,
11500248,코튼 반바지 (남),11500248,230,230,230,150,150,150,11500143_M_FabricShorts.gltf,11500143_m_fabricshorts_d.png,11500143_m_fabricshorts_c.png,0,
11500249,코튼 반바지 (여),11500249,230,230,230,150,150,150,11500144_F_FabricShorts.gltf,11500144_f_fabricshorts_d.png,11500144_f_fabricshorts_c.png,0,
11500250,H라인 코튼 미들 스커트 (여),11500250,230,230,230,150,150,150,11500158_F_HLineCottonMiddleSkirt.gltf,11500158_f_hlinecottonmiddleskirt_d.png,11500158_f_hlinecottonmiddleskirt_c.png,0,
11500251,코튼 숏 플레어 스커트 (여),11500251,230,230,230,150,150,150,11500163_F_CottonShortFlareSkirt.gltf,11500163_f_cottonshortflareskirt_d.png,11500163_f_cottonshortflareskirt_c.png,0,
11500252,A라인 코튼 롱 스커트 (여),11500252,230,230,230,150,150,150,11500162_F_ALineCottonLongSkirt.gltf,11500162_f_alinecottonlongskirt_d.png,11500162_f_alinecottonlongskirt_c.png,0,
11500253,희미한 전사 하의,11500007,63,59,51,20,18,15,11500006_F_Viking.gltf,11500006_f_viking_d.png,11500006_f_viking_c.png,0,
11500254,희미한 도적 하의,11500013,63,59,51,20,18,15,11500031_F_FirstDegree.gltf,11500031_m_firstdegree_d.png,11500031_m_firstdegree_c.png,0,
11500255,혼탁한 전사 하의,11500007,63,59,51,20,18,15,11500006_F_Viking.gltf,11500006_f_viking_d.png,11500006_f_viking_c.png,0,
11500256,혼탁한 도적 하의,11500013,63,59,51,20,18,15,11500031_F_FirstDegree.gltf,11500031_m_firstdegree_d.png,11500031_m_firstdegree_c.png,0,
11500257,수집된 전사 하의,11500048,63,59,51,20,18,15,11500048_F_PACrusadesPlate.gltf,11500048_c_pacrusadesplate_d.png,11500048_c_pacrusadesplate_c.png,0,
11500258,수집된 도적 하의,11500015,63,59,51,20,18,15,11500033_F_PAPirateBottom.gltf,11500033_f_papiratebottom_d.png,11500033_f_papiratebottom_c.png,0,
11500259,가치있는 전사 하의,11500075,63,59,51,20,18,15,11500075_F_PASkeletonGuard.gltf,11500075_c_paskeletonguard_d.png,11500075_c_paskeletonguard_c.png,0,
11500261,탐험가 바지,11500261,119,147,68,32,51,30,11500262_F_PAExplore.gltf,11500261_c_paexplore_d.png,11500261_c_paexplore_c.png,0,
11500262,블랙 스키니 팬츠 (남),11500240,63,59,51,20,18,15,11500240_M_BlackSkinnyPants.gltf,11500240_m_blackskinnypants_d.png,11500240_m_blackskinnypants_d.png,0,
11500263,장교 바지 (남),11500263,63,59,51,20,18,15,11500263_M_PAOfficer.gltf,11500263_m_paofficer_d.png,11500263_m_paofficer_c.png,0,
11500264,장교 반바지 (여),11500264,63,59,51,20,18,15,11500264_F_PAOfficer.gltf,11500264_f_paofficer_d.png,11500264_f_paofficer_c.png,0,
11500265,블랙 스키니 팬츠 (여),11500241,63,59,51,20,18,15,11500241_F_BlackSkinnyPants.gltf,11500241_f_blackskinnypants_d.png,11500241_f_blackskinnypants_d.png,0,
11500267,모던 체크 바지 (남),11500267,63,59,51,20,18,15,11500267_M_PAModernCheck.gltf,11500267_m_pamoderncheck_d.png,11500267_m_pamoderncheck_d.png,0,
11500268,오리할콘 하의 (남),11500268,63,59,51,20,18,15,11500002_M_PASilverOrihalcon.gltf,11500002_m_pasilverorihalcon_d.png,11500002_m_pasilverorihalcon_d.png,0,
11500269,오리할콘 하의 (여),11500269,63,59,51,20,18,15,11500003_F_PASilverOrihalcon.gltf,11500003_f_pasilverorihalcon_d.png,11500003_f_pasilverorihalcon_d.png,0,
11500270,진열된 전사 하의,11500007,63,59,51,20,18,15,11500006_F_Viking.gltf,11500006_f_viking_d.png,11500006_f_viking_c.png,0,
11500271,진열된 도적 하의,11500013,63,59,51,20,18,15,11500031_F_FirstDegree.gltf,11500031_m_firstdegree_d.png,11500031_m_firstdegree_c.png,0,
11500272,귀중한 전사 하의,11500083,63,59,51,20,18,15,11500007_F_RollingThunderBlackbone.gltf,11500007_f_rollingthunderblackbone_d.png,11500007_f_rollingthunderblackbone_c.png,0,
11500273,귀중한 도적 하의,11500084,63,59,51,20,18,15,11500032_F_NinjaUniform.gltf,11500032_m_ninjauniform_d.png,11500032_m_ninjauniform_c.png,0,
11500275,메이플 운동복 하의 (여),11500275,170,47,47,96,19,19,11500275_F_PAMapleSportswear.gltf,11500275_f_pamaplesportswear_d.png,11500275_f_pamaplesportswear_c.png,0,
11500276,스터드 가죽 팬츠 (남),11500276,62,73,117,27,26,48,11500080_M_PAStuddedPants.gltf,11500080_m_pastuddedpants_d.png,11500080_m_pastuddedpants_c.png,0,
11500277,스터드 가죽 팬츠 (여),11500277,62,73,117,27,26,48,11500080_F_PAStuddedPants.gltf,11500080_f_pastuddedpants_d.png,11500080_f_pastuddedpants_c.png,0,
11500278,빛바랜 그레이 숏팬츠 (남),11500278,63,59,51,20,18,15,11500228_M_GreyHotPants.gltf,11500228_m_greyhotpants_d.png,11500228_m_greyhotpants_d.png,0,
11500279,빛바랜 그레이 숏팬츠 (여),11500279,63,59,51,20,18,15,11500229_F_GreyHotPants.gltf,11500229_f_greyhotpants_d.png,11500229_f_greyhotpants_d.png,0,
11500280,흉포한 전사 하의,11500050,63,59,51,20,18,15,11500050_F_PAGoldenCrusadesPlate.gltf,11500050_c_pagoldencrusadesplate_d.png,11500050_c_pagoldencrusadesplate_c.png,0,
11500281,흉포한 도적 하의,11500017,63,59,51,20,18,15,11500035_F_PACrossPirate.gltf,11500035_f_pacrosspirate_d.png,11500035_f_pacrosspirate_c.png,0,
11500282,탐식의 스터드 팬츠,11500080,63,59,51,20,18,15,11500080_F_PAStuddedPants.gltf,11500080_f_pastuddedpants_d.png,11500080_f_pastuddedpants_c.png,0,
11500283,어둠의 전사 하의,11500083,63,59,51,20,18,15,11500007_F_RollingThunderBlackbone.gltf,11500007_f_rollingthunderblackbone_d.png,11500007_f_rollingthunderblackbone_c.png,0,
11500284,어둠의 도적 하의,11500084,63,59,51,20,18,15,11500032_F_NinjaUniform.gltf,11500032_m_ninjauniform_d.png,11500032_m_ninjauniform_c.png,0,
11500285,다크 스위프트 하의 (남),11500285,170,47,47,96,19,19,11500042_M_PADarkSwiftPants.gltf,11500042_m_padarkswiftpants_d.png,11500042_m_padarkswiftpants_c.png,0,
11500286,다크 스위프트 하의 (여),11500286,170,47,47,96,19,19,11500042_F_PADarkSwiftPants.gltf,11500042_f_padarkswiftpants_d.png,11500042_f_padarkswiftpants_c.png,0,
11500287,포효하는 용사의 전투팬츠,11509996,63,59,51,20,18,15,11500006_F_PASavagery.gltf,11500007_c_pasavagery_d.png,11500007_c_pasavagery_c.png,0,
11500288,포효하는 용사의 집중팬츠,11509998,63,59,51,20,18,15,11500065_F_PAPhoenixPiette.gltf,11500065_f_paphoenixpiette_d.png,11500065_f_paphoenixpiette_c.png,0,
11500289,포효하는 용사의 혼란팬츠,11500039,63,59,51,20,18,15,01500019_F_FunkRaderShortPants.gltf,01500019_f_funkradershortpants_d.png,01500019_f_funkradershortpants_c.png,0,
11500290,소리치는 전사의 하의,11500007,63,59,51,20,18,15,11500006_F_Viking.gltf,11500006_f_viking_d.png,11500006_f_viking_c.png,0,
11500291,소리치는 도적의 하의,11500013,63,59,51,20,18,15,11500031_F_FirstDegree.gltf,11500031_m_firstdegree_d.png,11500031_m_firstdegree_c.png,0,
11500292,포효하는 용사의 광란팬츠,11509996,63,59,51,20,18,15,11500006_F_PASavagery.gltf,11500007_c_pasavagery_d.png,11500007_c_pasavagery_c.png,0,
11500293,포효하는 용사의 포격팬츠,11509998,63,59,51,20,18,15,11500065_F_PAPhoenixPiette.gltf,11500065_f_paphoenixpiette_d.png,11500065_f_paphoenixpiette_c.png,0,
11500294,포효하는 용사의 암살팬츠,11500039,63,59,51,20,18,15,01500019_F_FunkRaderShortPants.gltf,01500019_f_funkradershortpants_d.png,01500019_f_funkradershortpants_c.png,0,
11500295,난폭한 영혼의 하의,11500789,63,59,51,20,18,15,11500789_F_PAViolent.gltf,11500789_f_paviolent_d.png,11500789_c_paviolent_c.png,0,
11500296,핏빛 선장의 하의,11500047,63,59,51,20,18,15,11500042_F_PADarkSwiftPants.gltf,11500042_f_padarkswiftpants_d.png,11500042_f_padarkswiftpants_c.png,0,
11500303,인페르노 갑옷 하의 (남),11500303,170,47,47,96,19,19,11500303_M_PAInferno.gltf,11500303_m_painferno_d.png,11500303_m_painferno_c.png,0,
11500304,인페르노 갑옷 하의 (여),11500304,170,47,47,96,19,19,11500304_F_PAInferno.gltf,11500304_f_painferno_d.png,11500304_f_painferno_c.png,0,
11500305,테룬칼리브 보급형 하의,11500305,63,59,51,20,18,15,11500305_F_PARuneBlader01.gltf,11500305_f_paruneblader01_d.png,11500305_f_paruneblader01_d.png,0,
11500306,이슈라의 하의,11500306,63,59,51,20,18,15,11500306_F_PARuneBlader02.gltf,11500306_f_paruneblader02_d.png,11500306_f_paruneblader02_d.png,0,
11500307,커머스 하의,11500307,63,59,51,20,18,15,11500307_F_PARuneBlader03.gltf,11500307_f_paruneblader03_d.png,11500307_f_paruneblader03_d.png,0,
11500308,펠기아 하의,11500308,63,59,51,20,18,15,11500308_F_PARuneBlader04.gltf,11500308_c_paruneblader04_d.png,11500308_c_paruneblader04_d.png,0,
11500309,테룬칼리브 고급형 하의,11500309,63,59,51,20,18,15,11500309_F_PARuneBlader05.gltf,11500309_c_paruneblader05_d.png,11500309_c_paruneblader05_d.png,0,
11500310,바즈의 하의,11500310,63,59,51,20,18,15,11500310_F_PARuneBlader06.gltf,11500310_c_paruneblader06_d.png,11500310_c_paruneblader06_d.png,0,
11500311,낚시꾼 팬츠,11500311,63,59,51,20,18,15,11500311_F_PAFishing_01.gltf,11500311_f_pafishing_d.png,11500311_f_pafishing_d.png,0,
11500312,난폭한 파멸의 하의,11500789,63,59,51,20,18,15,11500789_F_PAViolent.gltf,11500789_f_paviolent_d.png,11500789_c_paviolent_c.png,0,
11500313,단련된 더블 팬츠,11500306,63,59,51,20,18,15,11500306_F_PARuneBlader02.gltf,11500306_f_paruneblader02_d.png,11500306_f_paruneblader02_d.png,0,
11500314,탐식의 트리밍 팬츠,11500307,63,59,51,20,18,15,11500307_F_PARuneBlader03.gltf,11500307_f_paruneblader03_d.png,11500307_f_paruneblader03_d.png,0,
11500315,새벽의 보이드 팬츠,11500308,63,59,51,20,18,15,11500308_F_PARuneBlader04.gltf,11500308_c_paruneblader04_d.png,11500308_c_paruneblader04_d.png,0,
11500316,검은 불꽃의 데크 팬츠,11500309,63,59,51,20,18,15,11500309_F_PARuneBlader05.gltf,11500309_c_paruneblader05_d.png,11500309_c_paruneblader05_d.png,0,
11500317,루미 드 코르 가드,11500299,63,59,51,20,18,15,11500299_F_PADragonScalesGuard.gltf,11500299_c_padragonscalesguard_d.png,11500299_c_padragonscalesguard_c.png,0,
11500318,루미 드 라비에르 가드,11500299,63,59,51,20,18,15,11500299_F_PADragonScalesGuard.gltf,11500299_c_padragonscalesguard_d.png,11500299_c_padragonscalesguard_c.png,0,
11500319,루미 드 마기아 팬츠,11500300,63,59,51,20,18,15,11500300_F_PAAngelicTelaPants.gltf,11500300_c_paangelictelapants_d.png,11500300_c_paangelictelapants_c.png,0,
11500320,루미 드 데우스 팬츠,11500300,63,59,51,20,18,15,11500300_F_PAAngelicTelaPants.gltf,11500300_c_paangelictelapants_d.png,11500300_c_paangelictelapants_c.png,0,
11500321,루미 드 테로 팬츠,11500301,63,59,51,20,18,15,11500301_F_PAPadlockCueroPants.gltf,11500301_f_papadlockcueropants_d.png,11500301_f_papadlockcueropants_d.png,0,
11500322,루미 드 리브라토 팬츠,11500301,63,59,51,20,18,15,11500301_F_PAPadlockCueroPants.gltf,11500301_f_papadlockcueropants_d.png,11500301_f_papadlockcueropants_d.png,0,
11500323,루미 드 에레보스 팬츠,11500302,63,59,51,20,18,15,11500302_F_PABuckledStrapPants.gltf,11500302_c_pabuckledstrappants_d.png,11500302_c_pabuckledstrappants_c.png,0,
11500324,루미 드 시카 팬츠,11500302,63,59,51,20,18,15,11500302_F_PABuckledStrapPants.gltf,11500302_c_pabuckledstrappants_d.png,11500302_c_pabuckledstrappants_c.png,0,
11500325,루미 드 폴루스 가드,11500299,63,59,51,20,18,15,11500299_F_PADragonScalesGuard.gltf,11500299_c_padragonscalesguard_d.png,11500299_c_padragonscalesguard_c.png,0,
11500326,광포한 전투 하의,11500791,63,59,51,20,18,15,11500791_F_PAFury.gltf,11500791_f_pafury_d.png,11500791_c_pafury_c.png,0,
11500327,광포한 광란 하의,11500791,63,59,51,20,18,15,11500791_F_PAFury.gltf,11500791_f_pafury_d.png,11500791_c_pafury_c.png,0,
11500328,광포한 혼란 하의,11500791,63,59,51,20,18,15,11500791_F_PAFury.gltf,11500791_f_pafury_d.png,11500791_c_pafury_c.png,0,
11500329,광포한 암살 하의,11500791,63,59,51,20,18,15,11500791_F_PAFury.gltf,11500791_f_pafury_d.png,11500791_c_pafury_c.png,0,
11500330,광포한 주술 하의,11500791,63,59,51,20,18,15,11500791_F_PAFury.gltf,11500791_f_pafury_d.png,11500791_c_pafury_c.png,0,
11500336,엠파이어 나이트 판갑,11500336,249,137,77,147,60,20,11500336_F_PAEmpireKnight.gltf,11500336_c_paempireknight_d.png,11500336_c_paempireknight_c.png,0,
11500337,디아볼루스 슬레이어 판갑,11500337,63,59,51,20,18,15,11500337_F_PADiabolusSlayer.gltf,11500337_c_padiabolusslayer_d.png,11500337_c_padiabolusslayer_c.png,0,
11500338,디자인 핫팬츠 (남),11500338,63,59,51,20,18,15,11500338_M_UGC04.gltf,11500338_m_ugc04_d.png,11500338_m_ugc04_d.png,0,
11500339,디자인 핫팬츠 (여),11500339,63,59,51,20,18,15,11500339_F_UGC05.gltf,11500339_f_ugc05_d.png,11500339_f_ugc05_d.png,0,
11500340,튼튼 전사 하의,11500003,63,59,51,20,18,15,11500014_F_ProbationWarrior.gltf,11500014_f_probationwarrior_d.png,11500014_f_probationwarrior_c.png,0,
11500341,튼튼 궁수 하의,11500018,63,59,51,20,18,15,11500011_F_ProbationRanger.gltf,11500011_f_probationranger_d.png,11500011_f_probationranger_c.png,0,
11500342,튼튼 도적 하의,11500009,63,59,51,20,18,15,11500028_F_ProbationThief.gltf,11500028_f_probationthief_d.png,11500028_f_probationthief_c.png,0,
11500343,편안한 작업 바지,11500046,63,59,51,20,18,15,11550025_F_PABaggyPants.gltf,11550025_c_pabaggypants_d.png,11550025_f_pabaggypants_c.png,0,
11500348,주렁주렁 미역 하의,11500348,249,137,77,147,60,20,11500348_F_PASeaweedPants.gltf,11500348_c_paseaweedpants_d.png,11500348_c_paseaweedpants_c.png,0,
11500349,주렁주렁 미역 하의,11500348,249,137,77,147,60,20,11500348_F_PASeaweedPants.gltf,11500348_c_paseaweedpants_d.png,11500348_c_paseaweedpants_c.png,0,
11500350,주렁주렁 미역 하의,11500348,249,137,77,147,60,20,11500348_F_PASeaweedPants.gltf,11500348_c_paseaweedpants_d.png,11500348_c_paseaweedpants_c.png,0,
11500363,편한 작업 바지,11500046,63,59,51,20,18,15,11550025_F_PABaggyPants.gltf,11550025_c_pabaggypants_d.png,11550025_f_pabaggypants_c.png,0,
11500364,고요한 전투 하의,11509996,63,59,51,20,18,15,11500006_F_PASavagery.gltf,11500007_c_pasavagery_d.png,11500007_c_pasavagery_c.png,0,
11500365,고요한 광란 하의,11509996,63,59,51,20,18,15,11500006_F_PASavagery.gltf,11500007_c_pasavagery_d.png,11500007_c_pasavagery_c.png,0,
11500366,고요한 집중 하의,11509998,63,59,51,20,18,15,11500065_F_PAPhoenixPiette.gltf,11500065_f_paphoenixpiette_d.png,11500065_f_paphoenixpiette_c.png,0,
11500367,고요한 포격 하의,11509998,63,59,51,20,18,15,11500065_F_PAPhoenixPiette.gltf,11500065_f_paphoenixpiette_d.png,11500065_f_paphoenixpiette_c.png,0,
11500368,고요한 혼란 하의,11500039,63,59,51,20,18,15,01500019_F_FunkRaderShortPants.gltf,01500019_f_funkradershortpants_d.png,01500019_f_funkradershortpants_c.png,0,
11500369,고요한 암살 하의,11500039,63,59,51,20,18,15,01500019_F_FunkRaderShortPants.gltf,01500019_f_funkradershortpants_d.png,01500019_f_funkradershortpants_c.png,0,
11500370,고요한 주술 하의,11509996,63,59,51,20,18,15,11500006_F_PASavagery.gltf,11500007_c_pasavagery_d.png,11500007_c_pasavagery_c.png,0,
11500371,적막한 전투 하의,11500336,63,59,51,20,18,15,11500336_F_PAEmpireKnight.gltf,11500336_c_paempireknight_d.png,11500336_c_paempireknight_c.png,0,
11500372,적막한 광란 하의,11500336,63,59,51,20,18,15,11500336_F_PAEmpireKnight.gltf,11500336_c_paempireknight_d.png,11500336_c_paempireknight_c.png,0,
11500373,적막한 마법 하의,11500336,63,59,51,20,18,15,11500336_F_PAEmpireKnight.gltf,11500336_c_paempireknight_d.png,11500336_c_paempireknight_c.png,0,
11500374,적막한 신성 하의,11500336,63,59,51,20,18,15,11500336_F_PAEmpireKnight.gltf,11500336_c_paempireknight_d.png,11500336_c_paempireknight_c.png,0,
11500375,적막한 집중 하의,11500336,63,59,51,20,18,15,11500336_F_PAEmpireKnight.gltf,11500336_c_paempireknight_d.png,11500336_c_paempireknight_c.png,0,
11500376,적막한 포격 하의,11500336,63,59,51,20,18,15,11500336_F_PAEmpireKnight.gltf,11500336_c_paempireknight_d.png,11500336_c_paempireknight_c.png,0,
11500377,적막한 혼란 하의,11500336,63,59,51,20,18,15,11500336_F_PAEmpireKnight.gltf,11500336_c_paempireknight_d.png,11500336_c_paempireknight_c.png,0,
11500378,적막한 암살 하의,11500336,63,59,51,20,18,15,11500336_F_PAEmpireKnight.gltf,11500336_c_paempireknight_d.png,11500336_c_paempireknight_c.png,0,
11500379,적막한 주술 하의,11500336,63,59,51,20,18,15,11500336_F_PAEmpireKnight.gltf,11500336_c_paempireknight_d.png,11500336_c_paempireknight_c.png,0,
11500380,썸머 래쉬가드 하의 (남),11500391,126,204,247,72,94,168,11500391_M_PARashGuardSwim.gltf,11500391_m_parashguardswim_d.png,11500391_m_parashguardswim_c.png,0,
11500381,썸머 래쉬가드 하의 (여),11500393,255,168,203,205,86,106,11500391_F_PARashGuardSwim.gltf,11500391_f_parashguardswim_d.png,11500391_f_parashguardswim_c.png,0,
11500382,버블 바스 하의 (남),11500392,242,224,191,165,127,96,11500392_M_PABubbleUnder.gltf,11500392_c_pabubbleunder_d.png,11500392_c_pabubbleunder_c.png,0,
11500383,버블 바스 하의 (여),11500394,242,224,191,165,127,96,11500392_F_PABubbleUnder.gltf,11500392_c_pabubbleunder_d.png,11500392_c_pabubbleunder_c.png,0,
11500389,아련한 그리움의 전사 하의,11500050,63,59,51,20,18,15,11500050_F_PAGoldenCrusadesPlate.gltf,11500050_c_pagoldencrusadesplate_d.png,11500050_c_pagoldencrusadesplate_c.png,0,
11500390,아련한 그리움의 도적 하의,11500017,63,59,51,20,18,15,11500035_F_PACrossPirate.gltf,11500035_f_pacrosspirate_d.png,11500035_f_pacrosspirate_c.png,0,
11500391,썸머 래쉬가드 하의 (남),11500391,126,204,247,72,94,168,11500391_M_PARashGuardSwim.gltf,11500391_m_parashguardswim_d.png,11500391_m_parashguardswim_c.png,0,
11500392,버블 바스 하의 (남),11500392,242,224,191,165,127,96,11500392_M_PABubbleUnder.gltf,11500392_c_pabubbleunder_d.png,11500392_c_pabubbleunder_c.png,0,
11500393,썸머 래쉬가드 하의 (여),11500393,255,168,203,205,86,106,11500391_F_PARashGuardSwim.gltf,11500391_f_parashguardswim_d.png,11500391_f_parashguardswim_c.png,0,
11500394,버블 바스 하의 (여),11500394,242,224,191,165,127,96,11500392_F_PABubbleUnder.gltf,11500392_c_pabubbleunder_d.png,11500392_c_pabubbleunder_c.png,0,
11500395,무딘 격투 하의,11500380,63,59,51,20,18,15,11500380_F_PAFighter01.gltf,11500380_c_pafighter01_d.png,11500382_c_pafighter03_c.png,0,
11500396,기초 격투 하의,11500380,63,59,51,20,18,15,11500380_F_PAFighter01.gltf,11500380_c_pafighter01_d.png,11500382_c_pafighter03_c.png,0,
11500397,기초 무투 하의,11500381,63,59,51,20,18,15,11500381_F_PAFighter02.gltf,11500381_c_pafighter02_d.png,11500382_c_pafighter03_c.png,0,
11500398,기초 사투 하의,11500382,63,59,51,20,18,15,11500382_F_PAFighter03.gltf,11500382_c_pafighter03_d.png,11500382_c_pafighter03_c.png,0,
11500399,초급 격투 하의,11500383,63,59,51,20,18,15,11500383_F_PAFighter04.gltf,11500383_c_pafighter04_d.png,11500383_c_pafighter04_c.png,0,
11500400,초급 무투 하의,11500384,63,59,51,20,18,15,11500384_F_PAFighter05.gltf,11500384_c_pafighter05_d.png,11500384_c_pafighter05_c.png,0,
11500401,초급 사투 하의,11500385,63,59,51,20,18,15,11500385_F_PAFighter06.gltf,11500385_c_pafighter06_d.png,11500385_c_pafighter06_c.png,0,
11500402,중급 격투 하의,11500386,63,59,51,20,18,15,11500386_F_PAFighter07.gltf,11500386_c_pafighter07_d.png,11500386_c_pafighter07_c.png,0,
11500403,중급 무투 하의,11500387,63,59,51,20,18,15,11500387_F_PAFighter08.gltf,11500387_c_pafighter08_d.png,11500387_c_pafighter08_c.png,0,
11500404,중급 사투 하의,11500388,63,59,51,20,18,15,11500388_F_PAFighter09.gltf,11500388_c_pafighter09_d.png,11500388_c_pafighter09_c.png,0,
11500405,숙련 격투 하의,11500381,63,59,51,20,18,15,11500381_F_PAFighter02.gltf,11500381_c_pafighter02_d.png,11500382_c_pafighter03_c.png,0,
11500406,숙련 무투 하의,11500382,63,59,51,20,18,15,11500382_F_PAFighter03.gltf,11500382_c_pafighter03_d.png,11500382_c_pafighter03_c.png,0,
11500407,숙련 사투 하의,11500384,63,59,51,20,18,15,11500384_F_PAFighter05.gltf,11500384_c_pafighter05_d.png,11500384_c_pafighter05_c.png,0,
11500408,상급 격투 하의,11500385,63,59,51,20,18,15,11500385_F_PAFighter06.gltf,11500385_c_pafighter06_d.png,11500385_c_pafighter06_c.png,0,
11500409,상급 무투 하의,11500386,63,59,51,20,18,15,11500386_F_PAFighter07.gltf,11500386_c_pafighter07_d.png,11500386_c_pafighter07_c.png,0,
11500410,상급 사투 하의,11500387,63,59,51,20,18,15,11500387_F_PAFighter08.gltf,11500387_c_pafighter08_d.png,11500387_c_pafighter08_c.png,0,
11500411,고급 격투 하의,11500388,63,59,51,20,18,15,11500388_F_PAFighter09.gltf,11500388_c_pafighter09_d.png,11500388_c_pafighter09_c.png,0,
11500412,베이직 격투 하의,11500352,63,59,51,20,18,15,11500352_F_PAStriker02.gltf,11500352_c_pastriker02_d.png,11500352_c_pastriker02_c.png,0,
11500413,거대 격투가 하의,11500380,63,59,51,20,18,15,11500380_F_PAFighter01.gltf,11500380_c_pafighter01_d.png,11500382_c_pafighter03_c.png,0,
11500414,강력한 격투가 하의,11500381,63,59,51,20,18,15,11500381_F_PAFighter02.gltf,11500381_c_pafighter02_d.png,11500382_c_pafighter03_c.png,0,
11500415,광선의 격투가 하의,11500382,63,59,51,20,18,15,11500382_F_PAFighter03.gltf,11500382_c_pafighter03_d.png,11500382_c_pafighter03_c.png,0,
11500416,경량의 격투가 하의,11500383,63,59,51,20,18,15,11500383_F_PAFighter04.gltf,11500383_c_pafighter04_d.png,11500383_c_pafighter04_c.png,0,
11500417,견고한 격투가 하의,11500384,63,59,51,20,18,15,11500384_F_PAFighter05.gltf,11500384_c_pafighter05_d.png,11500384_c_pafighter05_c.png,0,
11500418,야수의 격투가 하의,11500385,63,59,51,20,18,15,11500385_F_PAFighter06.gltf,11500385_c_pafighter06_d.png,11500385_c_pafighter06_c.png,0,
11500419,광석의 격투가 하의,11500386,63,59,51,20,18,15,11500386_F_PAFighter07.gltf,11500386_c_pafighter07_d.png,11500386_c_pafighter07_c.png,0,
11500420,거구의 격투가 하의,11500387,63,59,51,20,18,15,11500387_F_PAFighter08.gltf,11500387_c_pafighter08_d.png,11500387_c_pafighter08_c.png,0,
11500421,짐승의 격투가 하의,11500387,63,59,51,20,18,15,11500387_F_PAFighter08.gltf,11500387_c_pafighter08_d.png,11500387_c_pafighter08_c.png,0,
11500422,야생의 격투가 하의,11500388,63,59,51,20,18,15,11500388_F_PAFighter09.gltf,11500388_c_pafighter09_d.png,11500388_c_pafighter09_c.png,0,
11500423,단련된 격투가 하의,11500388,63,59,51,20,18,15,11500388_F_PAFighter09.gltf,11500388_c_pafighter09_d.png,11500388_c_pafighter09_c.png,0,
11500424,흉포한 격투가 하의,11500385,63,59,51,20,18,15,11500385_F_PAFighter06.gltf,11500385_c_pafighter06_d.png,11500385_c_pafighter06_c.png,0,
11500425,탐식의 격투가 하의,11500388,63,59,51,20,18,15,11500388_F_PAFighter09.gltf,11500388_c_pafighter09_d.png,11500388_c_pafighter09_c.png,0,
11500426,새벽의 격투 하의,11500351,63,59,51,20,18,15,11500351_F_PAStriker01.gltf,11500351_c_pastriker01_d.png,11500351_c_pastriker01_c.png,0,
11500427,검은 불꽃의 격투 하의,11500354,63,59,51,20,18,15,11500354_F_PAStriker04.gltf,11500354_c_pastriker04_d.png,11500354_c_pastriker04_c.png,0,
11500428,아련한 그리움의 격투 하의,11500382,63,59,51,20,18,15,11500382_F_PAFighter03.gltf,11500382_c_pafighter03_d.png,11500382_c_pafighter03_c.png,0,
11500429,어둠의 격투 하의,11500382,63,59,51,20,18,15,11500382_F_PAFighter03.gltf,11500382_c_pafighter03_d.png,11500382_c_pafighter03_c.png,0,
11500430,난폭한 절멸의 하의,11500789,63,59,51,20,18,15,11500789_F_PAViolent.gltf,11500789_f_paviolent_d.png,11500789_c_paviolent_c.png,0,
11500431,튼튼 격투 하의,11500380,63,59,51,20,18,15,11500380_F_PAFighter01.gltf,11500380_c_pafighter01_d.png,11500382_c_pafighter03_c.png,0,
11500432,광포한 난투 하의,11500791,63,59,51,20,18,15,11500791_F_PAFury.gltf,11500791_f_pafury_d.png,11500791_c_pafury_c.png,0,
11500434,고요한 난투 하의,11500382,63,59,51,20,18,15,11500382_F_PAFighter03.gltf,11500382_c_pafighter03_d.png,11500382_c_pafighter03_c.png,0,
11500435,적막한 난투 하의,11500336,63,59,51,20,18,15,11500336_F_PAEmpireKnight.gltf,11500336_c_paempireknight_d.png,11500336_c_paempireknight_c.png,0,
11500436,루미 드 마누스 하의,11500356,63,59,51,20,18,15,11500356_F_PAStriker06.gltf,11500356_c_pastriker06_d.png,11500356_c_pastriker06_c.png,0,
11500437,한 주먹 하의,11500381,63,59,51,20,18,15,11500381_F_PAFighter02.gltf,11500381_c_pafighter02_d.png,11500382_c_pafighter03_c.png,0,
11500438,검은 별 가죽 하의,11500382,63,59,51,20,18,15,11500382_F_PAFighter03.gltf,11500382_c_pafighter03_d.png,11500382_c_pafighter03_c.png,0,
11500439,뒷골목 형제의 하의,11500383,63,59,51,20,18,15,11500383_F_PAFighter04.gltf,11500383_c_pafighter04_d.png,11500383_c_pafighter04_c.png,0,
11500440,블랙 스톤 장식 하의,11500384,63,59,51,20,18,15,11500384_F_PAFighter05.gltf,11500384_c_pafighter05_d.png,11500384_c_pafighter05_c.png,0,
11500441,잿빛 격투 하의,11500385,63,59,51,20,18,15,11500385_F_PAFighter06.gltf,11500385_c_pafighter06_d.png,11500385_c_pafighter06_c.png,0,
11500442,와일드 플레임 팬츠 (남),11500442,63,59,51,20,18,15,11500356_M_PAStriker06.gltf,11500356_c_pastriker06_d.png,11500356_c_pastriker06_c.png,0,
11500443,와일드 플레임 팬츠 (여),11500443,63,59,51,20,18,15,11500356_M_PAStriker06.gltf,11500356_c_pastriker06_d.png,11500356_c_pastriker06_c.png,0,
11500462,베이스볼 유니폼 하의 (남),11500462,62,73,117,27,26,48,11500462_M_PABaseball01.gltf,11500462_m_pabaseball01_d.png,11500462_m_pabaseball01_c.png,0,
11500463,베이스볼 유니폼 하의 (여),11500463,62,73,117,27,26,48,11500463_F_PABaseball01.gltf,11500463_f_pabaseball01_d.png,11500463_f_pabaseball01_c.png,0,
11500464,보이 스카우트 하의 (남),11500464,230,230,230,150,150,150,11500464_M_PAScouts01.gltf,11500464_c_pascouts01_d.png,11500464_c_pascouts01_c.png,0,
11500465,걸 스카우트 하의 (여),11500465,230,230,230,150,150,150,11500465_F_PAScouts01.gltf,11500464_c_pascouts01_d.png,11500464_c_pascouts01_c.png,0,
11500466,스피릿 원 팬츠 (남),11500466,76,105,181,23,40,79,11500361_M_PASoulbinder05.gltf,11500361_c_pasoulbinder05_d.png,11500361_c_pasoulbinder05_c.png,0,
11500467,스피릿 원 팬츠 (여),11500467,76,105,181,23,40,79,11500361_F_PASoulbinder05.gltf,11500361_c_pasoulbinder05_d.png,11500361_c_pasoulbinder05_c.png,0,
11500469,베이직 기공 하의,11500360,63,59,51,20,18,15,11500360_F_PASoulbinder04.gltf,11500360_c_pasoulbinder04_d.png,11500360_c_pasoulbinder04_c.png,0,
11500470,단련된 기공사 하의,11500388,63,59,51,20,18,15,11500388_F_PAFighter09.gltf,11500388_c_pafighter09_d.png,11500388_c_pafighter09_c.png,0,
11500471,탐식의 기공사 하의,11500388,63,59,51,20,18,15,11500388_F_PAFighter09.gltf,11500388_c_pafighter09_d.png,11500388_c_pafighter09_c.png,0,
11500472,새벽의 기공 하의,11500357,63,59,51,20,18,15,11500357_F_PASoulbinder01.gltf,11500358_m_pasoulbinder02_d.png,11500358_m_pasoulbinder02_c.png,0,
11500473,검은 불꽃의 기공 하의,11500360,63,59,51,20,18,15,11500360_F_PASoulbinder04.gltf,11500360_c_pasoulbinder04_d.png,11500360_c_pasoulbinder04_c.png,0,
11500474,난폭한 공세의 하의,11500789,63,59,51,20,18,15,11500789_F_PAViolent.gltf,11500789_f_paviolent_d.png,11500789_c_paviolent_c.png,0,
11500475,광포한 의식 하의,11500791,63,59,51,20,18,15,11500791_F_PAFury.gltf,11500791_f_pafury_d.png,11500791_c_pafury_c.png,0,
11500477,고요한 의식 하의,11500382,63,59,51,20,18,15,11500382_F_PAFighter03.gltf,11500382_c_pafighter03_d.png,11500382_c_pafighter03_c.png,0,
11500478,적막한 의식 하의,11500336,63,59,51,20,18,15,11500336_F_PAEmpireKnight.gltf,11500336_c_paempireknight_d.png,11500336_c_paempireknight_c.png,0,
11500479,루미 드 애니마르 하의,11500362,63,59,51,20,18,15,11500362_F_PASoulbinder06.gltf,11500362_c_pasoulbinder06_d.png,11500362_c_pasoulbinder06_c.png,0,
11500480,수련자의 하의,11500381,63,59,51,20,18,15,11500381_F_PAFighter02.gltf,11500381_c_pafighter02_d.png,11500382_c_pafighter03_c.png,0,
11500481,수행자의 하의,11500382,63,59,51,20,18,15,11500382_F_PAFighter03.gltf,11500382_c_pafighter03_d.png,11500382_c_pafighter03_c.png,0,
11500482,너울빛 하의,11500383,63,59,51,20,18,15,11500383_F_PAFighter04.gltf,11500383_c_pafighter04_d.png,11500383_c_pafighter04_c.png,0,
11500483,어스름 달빛 하의,11500384,63,59,51,20,18,15,11500384_F_PAFighter05.gltf,11500384_c_pafighter05_d.png,11500384_c_pafighter05_c.png,0,
11500484,고요한 새벽의 하의,11500385,63,59,51,20,18,15,11500385_F_PAFighter06.gltf,11500385_c_pafighter06_d.png,11500385_c_pafighter06_c.png,0,
11500485,나르바샨의 전투 하의,11500344,63,59,51,20,18,15,11500344_F_PAWarriorClassSetPants01.gltf,11500344_c_pawarriorclasssetpants01_d.png,11500344_c_pawarriorclasssetpants01_c.png,0,
11500486,나르바샨의 광란 하의,11500344,63,59,51,20,18,15,11500344_F_PAWarriorClassSetPants01.gltf,11500344_c_pawarriorclasssetpants01_d.png,11500344_c_pawarriorclasssetpants01_c.png,0,
11500487,나르바샨의 마법 하의,11500345,63,59,51,20,18,15,11500345_F_PAMageClassSetPants01.gltf,11500345_c_pamageclasssetpants01_d.png,11500345_c_pamageclasssetpants01_c.png,0,
11500488,나르바샨의 신성 하의,11500345,63,59,51,20,18,15,11500345_F_PAMageClassSetPants01.gltf,11500345_c_pamageclasssetpants01_d.png,11500345_c_pamageclasssetpants01_c.png,0,
11500489,나르바샨의 집중 하의,11500346,63,59,51,20,18,15,11500346_F_PAHunterClassSetPants01.gltf,11500346_c_pahunterclasssetpants01_d.png,11500346_c_pahunterclasssetpants01_c.png,0,
11500490,나르바샨의 포격 하의,11500346,63,59,51,20,18,15,11500346_F_PAHunterClassSetPants01.gltf,11500346_c_pahunterclasssetpants01_d.png,11500346_c_pahunterclasssetpants01_c.png,0,
11500491,나르바샨의 혼란 하의,11500347,63,59,51,20,18,15,11500347_F_PABrigandClassSetPants01.gltf,11500347_f_pabrigandclasssetpants01_d.png,11500347_f_pabrigandclasssetpants01_c.png,0,
11500492,나르바샨의 암살 하의,11500347,63,59,51,20,18,15,11500347_F_PABrigandClassSetPants01.gltf,11500347_f_pabrigandclasssetpants01_d.png,11500347_f_pabrigandclasssetpants01_c.png,0,
11500493,나르바샨의 주술 하의,11500344,63,59,51,20,18,15,11500344_F_PAWarriorClassSetPants01.gltf,11500344_c_pawarriorclasssetpants01_d.png,11500344_c_pawarriorclasssetpants01_c.png,0,
11500494,나르바샨의 난투 하의,11500461,63,59,51,20,18,15,11500461_F_PAFighter10.gltf,11500461_c_pafighter10_d.png,11500461_c_pafighter10_c.png,0,
11500495,나르바샨의 의식 하의,11500461,63,59,51,20,18,15,11500461_F_PAFighter10.gltf,11500461_c_pafighter10_d.png,11500461_c_pafighter10_c.png,0,
11500496,맹렬한 전투 하의,11500076,63,59,51,20,18,15,11500076_F_PABloodyDuskGuard.gltf,11500076_f_pabloodyduskguard_d.png,11500076_f_pabloodyduskguard_c.png,0,
11500497,맹렬한 광란 하의,11500054,63,59,51,20,18,15,11500054_F_PADementedThighGuard.gltf,11500054_c_padementedthighguard_d.png,11500054_c_padementedthighguard_c.png,0,
11500502,맹렬한 혼란 하의,11500080,63,59,51,20,18,15,11500080_F_PAStuddedPants.gltf,11500080_f_pastuddedpants_d.png,11500080_f_pastuddedpants_c.png,0,
11500503,맹렬한 암살 하의,11500078,63,59,51,20,18,15,11500078_F_PAPhantomPants.gltf,11500078_f_paphantompants_d.png,11500078_f_paphantompants_c.png,0,
11500504,맹렬한 주술 하의,11500307,63,59,51,20,18,15,11500307_F_PARuneBlader03.gltf,11500307_f_paruneblader03_d.png,11500307_f_paruneblader03_d.png,0,
11500505,맹렬한 난투 하의,11500353,63,59,51,20,18,15,11500353_F_PAStriker03.gltf,11500353_c_pastriker03_d.png,11500353_c_pastriker03_c.png,0,
11500506,맹렬한 의식 하의,11500359,63,59,51,20,18,15,11500359_F_PASoulbinder03.gltf,11500359_c_pasoulbinder03_d.png,11500359_c_pasoulbinder03_c.png,0,
11500507,침묵하는 전투 하의,11500337,63,59,51,20,18,15,11500337_F_PADiabolusSlayer.gltf,11500337_c_padiabolusslayer_d.png,11500337_c_padiabolusslayer_c.png,0,
11500508,침묵하는 광란 하의,11500337,63,59,51,20,18,15,11500337_F_PADiabolusSlayer.gltf,11500337_c_padiabolusslayer_d.png,11500337_c_padiabolusslayer_c.png,0,
11500509,침묵하는 마법 하의,11500337,63,59,51,20,18,15,11500337_F_PADiabolusSlayer.gltf,11500337_c_padiabolusslayer_d.png,11500337_c_padiabolusslayer_c.png,0,
11500510,침묵하는 신성 하의,11500337,63,59,51,20,18,15,11500337_F_PADiabolusSlayer.gltf,11500337_c_padiabolusslayer_d.png,11500337_c_padiabolusslayer_c.png,0,
11500511,침묵하는 집중 하의,11500337,63,59,51,20,18,15,11500337_F_PADiabolusSlayer.gltf,11500337_c_padiabolusslayer_d.png,11500337_c_padiabolusslayer_c.png,0,
11500512,침묵하는 포격 하의,11500337,63,59,51,20,18,15,11500337_F_PADiabolusSlayer.gltf,11500337_c_padiabolusslayer_d.png,11500337_c_padiabolusslayer_c.png,0,
11500513,침묵하는 혼란 하의,11500337,63,59,51,20,18,15,11500337_F_PADiabolusSlayer.gltf,11500337_c_padiabolusslayer_d.png,11500337_c_padiabolusslayer_c.png,0,
11500514,침묵하는 암살 하의,11500337,63,59,51,20,18,15,11500337_F_PADiabolusSlayer.gltf,11500337_c_padiabolusslayer_d.png,11500337_c_padiabolusslayer_c.png,0,
11500515,침묵하는 주술 하의,11500337,63,59,51,20,18,15,11500337_F_PADiabolusSlayer.gltf,11500337_c_padiabolusslayer_d.png,11500337_c_padiabolusslayer_c.png,0,
11500516,침묵하는 난투 하의,11500337,63,59,51,20,18,15,11500337_F_PADiabolusSlayer.gltf,11500337_c_padiabolusslayer_d.png,11500337_c_padiabolusslayer_c.png,0,
11500517,침묵하는 의식 하의,11500337,63,59,51,20,18,15,11500337_F_PADiabolusSlayer.gltf,11500337_c_padiabolusslayer_d.png,11500337_c_padiabolusslayer_c.png,0,
11500521,밀키즈 데님 하의,11500521,62,73,117,27,26,48,11500521_F_PALivestock01.gltf,11500521_f_palivestock_d.png,11500521_f_palivestock_c.png,0,
11500522,디자인 반바지 (남),11500024,63,59,51,20,18,15,01500007_M_UGC01.gltf,01500007_m_ugc01_d.png,01500007_m_ugc01_d.png,0,
11500523,디자인 반바지 (여),11500025,63,59,51,20,18,15,01500008_F_UGC01.gltf,01500008_f_ugc01_d.png,01500008_f_ugc01_d.png,0,
11500524,금빛 정복자 하의,11500524,76,105,181,23,40,79,11500524_F_PAChaosRaid01.gltf,11500524_f_pachaosraid01_d.png,11500524_f_pachaosraid01_c.png,0,
11500525,탐험 전문가 하의,11500525,214,147,100,186,113,50,11500525_F_PAMapGoal.gltf,11500525_f_pamapgoal_d.png,11500525_f_pamapgoal_c.png,0,
11500526,희미하게 난폭한 영혼의 하의,11500789,63,59,51,20,18,15,11500789_F_PAViolent.gltf,11500789_f_paviolent_d.png,11500789_c_paviolent_c.png,0,
11500527,희미하게 난폭한 파멸의 하의,11500789,63,59,51,20,18,15,11500789_F_PAViolent.gltf,11500789_f_paviolent_d.png,11500789_c_paviolent_c.png,0,
11500528,희미하게 난폭한 절멸의 하의,11500789,63,59,51,20,18,15,11500789_F_PAViolent.gltf,11500789_f_paviolent_d.png,11500789_c_paviolent_c.png,0,
11500529,희미하게 난폭한 공세의 하의,11500789,63,59,51,20,18,15,11500789_F_PAViolent.gltf,11500789_f_paviolent_d.png,11500789_c_paviolent_c.png,0,
11500530,코튼 스키니 팬츠 (남),11500530,63,59,51,20,18,15,11500145_M_FabricSkinnyPants.gltf,11500145_m_fabricskinnypants_d.png,11500145_m_fabricskinnypants_c.png,0,
11500531,코튼 숏 플레어 스커트 (여),11500531,63,59,51,20,18,15,11500163_F_CottonShortFlareSkirt.gltf,11500163_f_cottonshortflareskirt_d.png,11500163_f_cottonshortflareskirt_c.png,0,
11500532,마린 하의 (남),11500532,62,73,117,27,26,48,01500013_M_MarineShort.gltf,01500013_m_marineshort_d.png,01500013_m_marineshort_c.png,0,
11500533,마린 하의 (여),11500533,62,73,117,27,26,48,01500014_F_MarineSkirt.gltf,01500014_f_marineskirt_d.png,01500014_f_marineskirt_c.png,0,
11500534,체크 7부 바지 (남),11500534,158,83,63,68,31,19,11500089_M_PACheck7Pants.gltf,11500089_m_pacheck7pants_d.png,11500089_m_pacheck7pants_c.png,0,
11500535,레이스 청치마 (여),11500535,63,59,51,20,18,15,01500012_F_LaceDenim.gltf,01500012_f_lacedenim_d.png,01500012_f_lacedenim_d.png,0,
11500536,블랙 숏팬츠 (남),11500536,63,59,51,20,18,15,11500236_M_BlackHotpants.gltf,11500236_m_blackhotpants_d.png,11500236_m_blackhotpants_d.png,0,
11500537,블랙 숏팬츠 (여),11500537,63,59,51,20,18,15,11500237_F_BlackHotpants.gltf,11500237_f_blackhotpants_d.png,11500237_f_blackhotpants_d.png,0,
11500538,연청 스키니 팬츠 (남),11500538,63,59,51,20,18,15,11500216_M_LightBlueSkinnyPants.gltf,11500216_m_lightblueskinnypants_d.png,11500216_m_lightblueskinnypants_d.png,0,
11500539,연청 스키니 팬츠 (여),11500539,63,59,51,20,18,15,11500217_F_LightBlueSkinnyPants.gltf,11500217_f_lightblueskinnypants_d.png,11500217_f_lightblueskinnypants_d.png,0,
11500540,메이플 스타 하의 (남),11500540,76,105,181,23,40,79,01500005_M_MapleStarBaseball.gltf,01500005_m_maplestarbaseball_d.png,01500005_m_maplestarbaseball_c.png,0,
11500541,프릴 미니 스커트 (여),11500541,132,130,120,68,68,65,11500110_F_PAFrillMiniSkirt.gltf,11500110_f_pafrillminiskirt_d.png,11500110_f_pafrillminiskirt_c.png,0,
11500542,럭셔리 교복 하의 (남),11500542,158,83,63,68,31,19,01500007_M_PrestigiousSchool.gltf,01500007_m_prestigiousschool_d.png,01500007_m_prestigiousschool_c.png,0,
11500543,럭셔리 교복 하의 (여),11500543,158,83,63,68,31,19,01500008_F_PrestigiousSchool.gltf,01500008_f_prestigiousschool_d.png,01500008_f_prestigiousschool_c.png,0,
11500544,모직 체크 반바지 (남),11500544,133,81,165,53,42,71,11500120_M_PACheckShorts.gltf,11500120_m_pacheckshorts_d.png,11500120_m_pacheckshorts_c.png,0,
11500545,벨티드 스커트 (여),11500545,158,83,63,68,31,19,11500090_F_PABeltedSkirt.gltf,11500090_f_pabeltedskirt_d.png,11500090_f_pabeltedskirt_c.png,0,
11500546,정장 하의 (남),11500546,63,59,51,20,18,15,11500093_M_PAClassicSuit.gltf,11500093_m_paclassicsuit_d.png,11500093_m_paclassicsuit_c.png,0,
11500549,메이플 운동복 하의 (여),11500549,170,47,47,96,19,19,11500275_F_PAMapleSportswear.gltf,11500275_f_pamaplesportswear_d.png,11500275_f_pamaplesportswear_c.png,0,
11500550,베르크 숏 팬츠,11500550,62,73,117,27,26,48,11500550_F_PAMining01.gltf,11500550_f_pamining01_d.png,11500550_c_pamining01_c.png,0,
11500551,알키미 코튼 하의,11500551,62,73,117,27,26,48,11500551_F_PACollecting01.gltf,11500551_f_pacollecting01_d.png,11500551_f_pacollecting01_c.png,0,
11500552,레더바우 레더 하의,11500552,119,147,68,32,51,30,11500552_F_PAFarming01.gltf,11500552_f_pafarming01_d.png,11500552_f_pafarming01_c.png,0,
11500558,파도의 전투 하의,11500553,63,59,51,20,18,15,11500461_F_PAPirate.gltf,11500461_f_papirate_d.png,11500461_f_papirate_c.png,0,
11500559,파도의 광란 하의,11500553,63,59,51,20,18,15,11500461_F_PAPirate.gltf,11500461_f_papirate_d.png,11500461_f_papirate_c.png,0,
11500560,파도의 마법 하의,11500553,63,59,51,20,18,15,11500461_F_PAPirate.gltf,11500461_f_papirate_d.png,11500461_f_papirate_c.png,0,
11500561,파도의 신성 하의,11500553,63,59,51,20,18,15,11500461_F_PAPirate.gltf,11500461_f_papirate_d.png,11500461_f_papirate_c.png,0,
11500562,파도의 집중 하의,11500553,63,59,51,20,18,15,11500461_F_PAPirate.gltf,11500461_f_papirate_d.png,11500461_f_papirate_c.png,0,
11500563,파도의 포격 하의,11500553,63,59,51,20,18,15,11500461_F_PAPirate.gltf,11500461_f_papirate_d.png,11500461_f_papirate_c.png,0,
11500564,파도의 혼란 하의,11500553,63,59,51,20,18,15,11500461_F_PAPirate.gltf,11500461_f_papirate_d.png,11500461_f_papirate_c.png,0,
11500565,파도의 암살 하의,11500553,63,59,51,20,18,15,11500461_F_PAPirate.gltf,11500461_f_papirate_d.png,11500461_f_papirate_c.png,0,
11500566,파도의 주술 하의,11500553,63,59,51,20,18,15,11500461_F_PAPirate.gltf,11500461_f_papirate_d.png,11500461_f_papirate_c.png,0,
11500567,파도의 난투 하의,11500553,63,59,51,20,18,15,11500461_F_PAPirate.gltf,11500461_f_papirate_d.png,11500461_f_papirate_c.png,0,
11500568,파도의 의식 하의,11500553,63,59,51,20,18,15,11500461_F_PAPirate.gltf,11500461_f_papirate_d.png,11500461_f_papirate_c.png,0,
11500569,사라진 왕국의 전투 하의,11500518,63,59,51,20,18,15,11500518_F_PADragon.gltf,11500518_f_padragon_d.png,11500518_f_padragon_c.png,0,
11500570,사라진 왕국의 광란 하의,11500518,63,59,51,20,18,15,11500518_F_PADragon.gltf,11500518_f_padragon_d.png,11500518_f_padragon_c.png,0,
11500571,사라진 왕국의 마법 하의,11500518,63,59,51,20,18,15,11500518_F_PADragon.gltf,11500518_f_padragon_d.png,11500518_f_padragon_c.png,0,
11500572,사라진 왕국의 신성 하의,11500518,63,59,51,20,18,15,11500518_F_PADragon.gltf,11500518_f_padragon_d.png,11500518_f_padragon_c.png,0,
11500573,사라진 왕국의 집중 하의,11500518,63,59,51,20,18,15,11500518_F_PADragon.gltf,11500518_f_padragon_d.png,11500518_f_padragon_c.png,0,
11500574,사라진 왕국의 포격 하의,11500518,63,59,51,20,18,15,11500518_F_PADragon.gltf,11500518_f_padragon_d.png,11500518_f_padragon_c.png,0,
11500575,사라진 왕국의 혼란 하의,11500518,63,59,51,20,18,15,11500518_F_PADragon.gltf,11500518_f_padragon_d.png,11500518_f_padragon_c.png,0,
11500576,사라진 왕국의 암살 하의,11500518,63,59,51,20,18,15,11500518_F_PADragon.gltf,11500518_f_padragon_d.png,11500518_f_padragon_c.png,0,
11500577,사라진 왕국의 주술 하의,11500518,63,59,51,20,18,15,11500518_F_PADragon.gltf,11500518_f_padragon_d.png,11500518_f_padragon_c.png,0,
11500578,사라진 왕국의 난투 하의,11500518,63,59,51,20,18,15,11500518_F_PADragon.gltf,11500518_f_padragon_d.png,11500518_f_padragon_c.png,0,
11500579,사라진 왕국의 의식 하의,11500518,63,59,51,20,18,15,11500518_F_PADragon.gltf,11500518_f_padragon_d.png,11500518_f_padragon_c.png,0,
11500580,루미에라곤 전투 하의,11500468,63,59,51,20,18,15,11500468_F_PADarkSteel.gltf,11500468_f_padarksteel_d.png,11500468_f_padarksteel_c.png,0,
11500581,루미에라곤 광란 하의,11500468,63,59,51,20,18,15,11500468_F_PADarkSteel.gltf,11500468_f_padarksteel_d.png,11500468_f_padarksteel_c.png,0,
11500582,루미에라곤 마법 하의,11500468,63,59,51,20,18,15,11500468_F_PADarkSteel.gltf,11500468_f_padarksteel_d.png,11500468_f_padarksteel_c.png,0,
11500583,루미에라곤 신성 하의,11500468,63,59,51,20,18,15,11500468_F_PADarkSteel.gltf,11500468_f_padarksteel_d.png,11500468_f_padarksteel_c.png,0,
11500584,루미에라곤 집중 하의,11500468,63,59,51,20,18,15,11500468_F_PADarkSteel.gltf,11500468_f_padarksteel_d.png,11500468_f_padarksteel_c.png,0,
11500585,루미에라곤 포격 하의,11500468,63,59,51,20,18,15,11500468_F_PADarkSteel.gltf,11500468_f_padarksteel_d.png,11500468_f_padarksteel_c.png,0,
11500586,루미에라곤 혼란 하의,11500468,63,59,51,20,18,15,11500468_F_PADarkSteel.gltf,11500468_f_padarksteel_d.png,11500468_f_padarksteel_c.png,0,
11500587,루미에라곤 암살 하의,11500468,63,59,51,20,18,15,11500468_F_PADarkSteel.gltf,11500468_f_padarksteel_d.png,11500468_f_padarksteel_c.png,0,
11500588,루미에라곤 주술 하의,11500468,63,59,51,20,18,15,11500468_F_PADarkSteel.gltf,11500468_f_padarksteel_d.png,11500468_f_padarksteel_c.png,0,
11500589,루미에라곤 난투 하의,11500468,63,59,51,20,18,15,11500468_F_PADarkSteel.gltf,11500468_f_padarksteel_d.png,11500468_f_padarksteel_c.png,0,
11500590,루미에라곤 의식 하의,11500468,63,59,51,20,18,15,11500468_F_PADarkSteel.gltf,11500468_f_padarksteel_d.png,11500468_f_padarksteel_c.png,0,
11500591,초월의 루미에라곤 전투 하의,11500468,63,59,51,20,18,15,11500468_F_PADarkSteel.gltf,11500468_f_padarksteel_d.png,11500468_f_padarksteel_c.png,0,
11500592,초월의 루미에라곤 광란 하의,11500468,63,59,51,20,18,15,11500468_F_PADarkSteel.gltf,11500468_f_padarksteel_d.png,11500468_f_padarksteel_c.png,0,
11500593,초월의 루미에라곤 마법 하의,11500468,63,59,51,20,18,15,11500468_F_PADarkSteel.gltf,11500468_f_padarksteel_d.png,11500468_f_padarksteel_c.png,0,
11500594,초월의 루미에라곤 신성 하의,11500468,63,59,51,20,18,15,11500468_F_PADarkSteel.gltf,11500468_f_padarksteel_d.png,11500468_f_padarksteel_c.png,0,
11500595,초월의 루미에라곤 집중 하의,11500468,63,59,51,20,18,15,11500468_F_PADarkSteel.gltf,11500468_f_padarksteel_d.png,11500468_f_padarksteel_c.png,0,
11500596,초월의 루미에라곤 포격 하의,11500468,63,59,51,20,18,15,11500468_F_PADarkSteel.gltf,11500468_f_padarksteel_d.png,11500468_f_padarksteel_c.png,0,
11500597,초월의 루미에라곤 혼란 하의,11500468,63,59,51,20,18,15,11500468_F_PADarkSteel.gltf,11500468_f_padarksteel_d.png,11500468_f_padarksteel_c.png,0,
11500598,초월의 루미에라곤 암살 하의,11500468,63,59,51,20,18,15,11500468_F_PADarkSteel.gltf,11500468_f_padarksteel_d.png,11500468_f_padarksteel_c.png,0,
11500599,초월의 루미에라곤 주술 하의,11500468,63,59,51,20,18,15,11500468_F_PADarkSteel.gltf,11500468_f_padarksteel_d.png,11500468_f_padarksteel_c.png,0,
11500600,초월의 루미에라곤 난투 하의,11500468,63,59,51,20,18,15,11500468_F_PADarkSteel.gltf,11500468_f_padarksteel_d.png,11500468_f_padarksteel_c.png,0,
11500601,초월의 루미에라곤 의식 하의,11500468,63,59,51,20,18,15,11500468_F_PADarkSteel.gltf,11500468_f_padarksteel_d.png,11500468_f_padarksteel_c.png,0,
11500602,검증하는 전투 하의,11500337,63,59,51,20,18,15,11500337_F_PADiabolusSlayer.gltf,11500337_c_padiabolusslayer_d.png,11500337_c_padiabolusslayer_c.png,0,
11500603,검증하는 광란 하의,11500337,63,59,51,20,18,15,11500337_F_PADiabolusSlayer.gltf,11500337_c_padiabolusslayer_d.png,11500337_c_padiabolusslayer_c.png,0,
11500604,검증하는 마법 하의,11500337,63,59,51,20,18,15,11500337_F_PADiabolusSlayer.gltf,11500337_c_padiabolusslayer_d.png,11500337_c_padiabolusslayer_c.png,0,
11500605,검증하는 신성 하의,11500337,63,59,51,20,18,15,11500337_F_PADiabolusSlayer.gltf,11500337_c_padiabolusslayer_d.png,11500337_c_padiabolusslayer_c.png,0,
11500606,검증하는 집중 하의,11500337,63,59,51,20,18,15,11500337_F_PADiabolusSlayer.gltf,11500337_c_padiabolusslayer_d.png,11500337_c_padiabolusslayer_c.png,0,
11500607,검증하는 포격 하의,11500337,63,59,51,20,18,15,11500337_F_PADiabolusSlayer.gltf,11500337_c_padiabolusslayer_d.png,11500337_c_padiabolusslayer_c.png,0,
11500608,검증하는 혼란 하의,11500337,63,59,51,20,18,15,11500337_F_PADiabolusSlayer.gltf,11500337_c_padiabolusslayer_d.png,11500337_c_padiabolusslayer_c.png,0,
11500609,검증하는 암살 하의,11500337,63,59,51,20,18,15,11500337_F_PADiabolusSlayer.gltf,11500337_c_padiabolusslayer_d.png,11500337_c_padiabolusslayer_c.png,0,
11500610,검증하는 주술 하의,11500337,63,59,51,20,18,15,11500337_F_PADiabolusSlayer.gltf,11500337_c_padiabolusslayer_d.png,11500337_c_padiabolusslayer_c.png,0,
11500611,검증하는 난투 하의,11500337,63,59,51,20,18,15,11500337_F_PADiabolusSlayer.gltf,11500337_c_padiabolusslayer_d.png,11500337_c_padiabolusslayer_c.png,0,
11500612,검증하는 의식 하의,11500337,63,59,51,20,18,15,11500337_F_PADiabolusSlayer.gltf,11500337_c_padiabolusslayer_d.png,11500337_c_padiabolusslayer_c.png,0,
11500613,메이플 연합 나이트 배틀팬츠,11500520,63,59,51,20,18,15,11500520_F_PAEmerald.gltf,11500520_f_paemerald_d.png,11500520_f_paemerald_c.png,0,
11500614,메이플 연합 버서커 배틀팬츠,11500520,63,59,51,20,18,15,11500520_F_PAEmerald.gltf,11500520_f_paemerald_d.png,11500520_f_paemerald_c.png,0,
11500615,메이플 연합 위자드 배틀팬츠,11500520,63,59,51,20,18,15,11500520_F_PAEmerald.gltf,11500520_f_paemerald_d.png,11500520_f_paemerald_c.png,0,
11500616,메이플 연합 프리스트 배틀팬츠,11500520,63,59,51,20,18,15,11500520_F_PAEmerald.gltf,11500520_f_paemerald_d.png,11500520_f_paemerald_c.png,0,
11500617,메이플 연합 레인저 배틀팬츠,11500520,63,59,51,20,18,15,11500520_F_PAEmerald.gltf,11500520_f_paemerald_d.png,11500520_f_paemerald_c.png,0,
11500618,메이플 연합 헤비거너 배틀팬츠,11500520,63,59,51,20,18,15,11500520_F_PAEmerald.gltf,11500520_f_paemerald_d.png,11500520_f_paemerald_c.png,0,
11500619,메이플 연합 시프 배틀팬츠,11500520,63,59,51,20,18,15,11500520_F_PAEmerald.gltf,11500520_f_paemerald_d.png,11500520_f_paemerald_c.png,0,
11500620,메이플 연합 어쌔신 배틀팬츠,11500520,63,59,51,20,18,15,11500520_F_PAEmerald.gltf,11500520_f_paemerald_d.png,11500520_f_paemerald_c.png,0,
11500621,메이플 연합 블레이더 배틀팬츠,11500520,63,59,51,20,18,15,11500520_F_PAEmerald.gltf,11500520_f_paemerald_d.png,11500520_f_paemerald_c.png,0,
11500622,메이플 연합 스트라이커 배틀팬츠,11500520,63,59,51,20,18,15,11500520_F_PAEmerald.gltf,11500520_f_paemerald_d.png,11500520_f_paemerald_c.png,0,
11500623,메이플 연합 소울바인더 배틀팬츠,11500520,63,59,51,20,18,15,11500520_F_PAEmerald.gltf,11500520_f_paemerald_d.png,11500520_f_paemerald_c.png,0,
11500624,품위의 전투 하의,11500556,63,59,51,20,18,15,11500556_F_PAArenaA01.gltf,11500556_c_paarenaa01_d.png,11500556_c_paarenaa01_c.png,0,
11500625,품위의 광란 하의,11500556,63,59,51,20,18,15,11500556_F_PAArenaA01.gltf,11500556_c_paarenaa01_d.png,11500556_c_paarenaa01_c.png,0,
11500626,품위의 마법 하의,11500556,63,59,51,20,18,15,11500556_F_PAArenaA01.gltf,11500556_c_paarenaa01_d.png,11500556_c_paarenaa01_c.png,0,
11500627,품위의 신성 하의,11500556,63,59,51,20,18,15,11500556_F_PAArenaA01.gltf,11500556_c_paarenaa01_d.png,11500556_c_paarenaa01_c.png,0,
11500628,품위의 집중 하의,11500556,63,59,51,20,18,15,11500556_F_PAArenaA01.gltf,11500556_c_paarenaa01_d.png,11500556_c_paarenaa01_c.png,0,
11500629,품위의 포격 하의,11500556,63,59,51,20,18,15,11500556_F_PAArenaA01.gltf,11500556_c_paarenaa01_d.png,11500556_c_paarenaa01_c.png,0,
11500630,품위의 혼란 하의,11500556,63,59,51,20,18,15,11500556_F_PAArenaA01.gltf,11500556_c_paarenaa01_d.png,11500556_c_paarenaa01_c.png,0,
11500631,품위의 암살 하의,11500556,63,59,51,20,18,15,11500556_F_PAArenaA01.gltf,11500556_c_paarenaa01_d.png,11500556_c_paarenaa01_c.png,0,
11500632,품위의 주술 하의,11500556,63,59,51,20,18,15,11500556_F_PAArenaA01.gltf,11500556_c_paarenaa01_d.png,11500556_c_paarenaa01_c.png,0,
11500633,품위의 난투 하의,11500556,63,59,51,20,18,15,11500556_F_PAArenaA01.gltf,11500556_c_paarenaa01_d.png,11500556_c_paarenaa01_c.png,0,
11500634,품위의 의식 하의,11500556,63,59,51,20,18,15,11500556_F_PAArenaA01.gltf,11500556_c_paarenaa01_d.png,11500556_c_paarenaa01_c.png,0,
11500635,존엄의 전투 하의,11500557,63,59,51,20,18,15,11500557_F_PAArenaA02.gltf,11500557_c_paarenaa02_d.png,11500556_c_paarenaa01_c.png,0,
11500636,존엄의 광란 하의,11500557,63,59,51,20,18,15,11500557_F_PAArenaA02.gltf,11500557_c_paarenaa02_d.png,11500556_c_paarenaa01_c.png,0,
11500637,존엄의 마법 하의,11500557,63,59,51,20,18,15,11500557_F_PAArenaA02.gltf,11500557_c_paarenaa02_d.png,11500556_c_paarenaa01_c.png,0,
11500638,존엄의 신성 하의,11500557,63,59,51,20,18,15,11500557_F_PAArenaA02.gltf,11500557_c_paarenaa02_d.png,11500556_c_paarenaa01_c.png,0,
11500639,존엄의 집중 하의,11500557,63,59,51,20,18,15,11500557_F_PAArenaA02.gltf,11500557_c_paarenaa02_d.png,11500556_c_paarenaa01_c.png,0,
11500640,존엄의 포격 하의,11500557,63,59,51,20,18,15,11500557_F_PAArenaA02.gltf,11500557_c_paarenaa02_d.png,11500556_c_paarenaa01_c.png,0,
11500641,존엄의 혼란 하의,11500557,63,59,51,20,18,15,11500557_F_PAArenaA02.gltf,11500557_c_paarenaa02_d.png,11500556_c_paarenaa01_c.png,0,
11500642,존엄의 암살 하의,11500557,63,59,51,20,18,15,11500557_F_PAArenaA02.gltf,11500557_c_paarenaa02_d.png,11500556_c_paarenaa01_c.png,0,
11500643,존엄의 주술 하의,11500557,63,59,51,20,18,15,11500557_F_PAArenaA02.gltf,11500557_c_paarenaa02_d.png,11500556_c_paarenaa01_c.png,0,
11500644,존엄의 난투 하의,11500557,63,59,51,20,18,15,11500557_F_PAArenaA02.gltf,11500557_c_paarenaa02_d.png,11500556_c_paarenaa01_c.png,0,
11500645,존엄의 의식 하의,11500557,63,59,51,20,18,15,11500557_F_PAArenaA02.gltf,11500557_c_paarenaa02_d.png,11500556_c_paarenaa01_c.png,0,
11500646,썸머 래쉬가드 하의 (남),11500391,126,204,247,72,94,168,11500391_M_PARashGuardSwim.gltf,11500391_m_parashguardswim_d.png,11500391_m_parashguardswim_c.png,0,
11500647,썸머 래쉬가드 하의 (여),11500393,255,168,203,205,86,106,11500391_F_PARashGuardSwim.gltf,11500391_f_parashguardswim_d.png,11500391_f_parashguardswim_c.png,0,
11500648,버블 바스 하의 (남),11500392,242,224,191,165,127,96,11500392_M_PABubbleUnder.gltf,11500392_c_pabubbleunder_d.png,11500392_c_pabubbleunder_c.png,0,
11500649,버블 바스 하의 (여),11500394,242,224,191,165,127,96,11500392_F_PABubbleUnder.gltf,11500392_c_pabubbleunder_d.png,11500392_c_pabubbleunder_c.png,0,
11500650,트라이아 기사단 아머레깅스,11500650,76,105,181,23,40,79,11500049_F_PABlackCrusadesPlate.gltf,11500049_c_pablackcrusadesplate_d.png,11500049_c_pablackcrusadesplate_c.png,0,
11500651,트라이아 기사단 아머레깅스,11500651,76,105,181,23,40,79,11500049_F_PABlackCrusadesPlate.gltf,11500049_c_pablackcrusadesplate_d.png,11500049_c_pablackcrusadesplate_c.png,0,
11500652,리린이 만든 바지,11500652,170,47,47,96,19,19,11500006_F_Viking.gltf,11500006_f_viking_d.png,11500006_f_viking_c.png,0,
11500653,리린이 만든 바지,11500653,170,47,47,96,19,19,11500006_F_Viking.gltf,11500006_f_viking_d.png,11500006_f_viking_c.png,0,
11500654,커닝나라에서 산 바지,11500654,63,59,51,20,18,15,11500034_F_PALeatherPirate.gltf,11500034_f_paleatherpirate_d.png,11500034_f_paleatherpirate_c.png,0,
11500655,커닝나라에서 산 바지,11500655,63,59,51,20,18,15,11500034_F_PALeatherPirate.gltf,11500034_f_paleatherpirate_d.png,11500034_f_paleatherpirate_c.png,0,
11500656,로그스 잠행복 하의,11500656,133,81,165,53,42,71,11500032_F_NinjaUniform.gltf,11500032_m_ninjauniform_d.png,11500032_m_ninjauniform_c.png,0,
11500657,로그스 잠행복 하의,11500657,133,81,165,53,42,71,11500032_F_NinjaUniform.gltf,11500032_m_ninjauniform_d.png,11500032_m_ninjauniform_c.png,0,
11500659,기사단 훈련복 하의 (여),11500275,170,47,47,96,19,19,11500275_F_PAMapleSportswear.gltf,11500275_f_pamaplesportswear_d.png,11500275_f_pamaplesportswear_c.png,0,
11500660,블레이더 슬랙스,11500660,63,59,51,20,18,15,11500305_F_PARuneBlader01.gltf,11500305_f_paruneblader01_d.png,11500305_f_paruneblader01_d.png,0,
11500661,블레이더 팬츠,11500661,63,59,51,20,18,15,11500305_F_PARuneBlader01.gltf,11500305_f_paruneblader01_d.png,11500305_f_paruneblader01_d.png,0,
11500662,격투용 수련복 하의,11500662,249,137,77,147,60,20,11500386_F_PAFighter07.gltf,11500386_c_pafighter07_d.png,11500386_c_pafighter07_c.png,0,
11500663,격투용 수련복 하의,11500663,249,137,77,147,60,20,11500386_F_PAFighter07.gltf,11500386_c_pafighter07_d.png,11500386_c_pafighter07_c.png,0,
11500664,가이던스 도복 하의,11500664,242,224,191,165,127,96,11500383_F_PAFighter04.gltf,11500383_c_pafighter04_d.png,11500383_c_pafighter04_c.png,0,
11500665,가이던스 도복 하의,11500665,242,224,191,165,127,96,11500383_F_PAFighter04.gltf,11500383_c_pafighter04_d.png,11500383_c_pafighter04_c.png,0,
11500666,품격의 전투 하의,11500557,63,59,51,20,18,15,11500557_F_PAArenaA02.gltf,11500557_c_paarenaa02_d.png,11500556_c_paarenaa01_c.png,0,
11500667,품격의 광란 하의,11500557,63,59,51,20,18,15,11500557_F_PAArenaA02.gltf,11500557_c_paarenaa02_d.png,11500556_c_paarenaa01_c.png,0,
11500668,품격의 마법 하의,11500557,63,59,51,20,18,15,11500557_F_PAArenaA02.gltf,11500557_c_paarenaa02_d.png,11500556_c_paarenaa01_c.png,0,
11500669,품격의 신성 하의,11500557,63,59,51,20,18,15,11500557_F_PAArenaA02.gltf,11500557_c_paarenaa02_d.png,11500556_c_paarenaa01_c.png,0,
11500670,품격의 집중 하의,11500557,63,59,51,20,18,15,11500557_F_PAArenaA02.gltf,11500557_c_paarenaa02_d.png,11500556_c_paarenaa01_c.png,0,
11500671,품격의 포격 하의,11500557,63,59,51,20,18,15,11500557_F_PAArenaA02.gltf,11500557_c_paarenaa02_d.png,11500556_c_paarenaa01_c.png,0,
11500672,품격의 혼란 하의,11500557,63,59,51,20,18,15,11500557_F_PAArenaA02.gltf,11500557_c_paarenaa02_d.png,11500556_c_paarenaa01_c.png,0,
11500673,품격의 암살 하의,11500557,63,59,51,20,18,15,11500557_F_PAArenaA02.gltf,11500557_c_paarenaa02_d.png,11500556_c_paarenaa01_c.png,0,
11500674,품격의 주술 하의,11500557,63,59,51,20,18,15,11500557_F_PAArenaA02.gltf,11500557_c_paarenaa02_d.png,11500556_c_paarenaa01_c.png,0,
11500675,품격의 난투 하의,11500557,63,59,51,20,18,15,11500557_F_PAArenaA02.gltf,11500557_c_paarenaa02_d.png,11500556_c_paarenaa01_c.png,0,
11500676,품격의 의식 하의,11500557,63,59,51,20,18,15,11500557_F_PAArenaA02.gltf,11500557_c_paarenaa02_d.png,11500556_c_paarenaa01_c.png,0,
11500699,낡은 가죽 다리 보호구,11500003,63,59,51,20,18,15,11500014_F_ProbationWarrior.gltf,11500014_f_probationwarrior_d.png,11500014_f_probationwarrior_c.png,0,
11500700,낡은 좀도둑 하의,11500009,63,59,51,20,18,15,11500028_F_ProbationThief.gltf,11500028_f_probationthief_d.png,11500028_f_probationthief_c.png,0,
11500701,낡은 숲지기 수렵 하의,11500018,63,59,51,20,18,15,11500011_F_ProbationRanger.gltf,11500011_f_probationranger_d.png,11500011_f_probationranger_c.png,0,
11500702,낡은 무딘 격투 하의,11500380,63,59,51,20,18,15,11500380_F_PAFighter01.gltf,11500380_c_pafighter01_d.png,11500382_c_pafighter03_c.png,0,
11500703,(PC방) 모던 체크 바지 (남),11500267,63,59,51,20,18,15,11500267_M_PAModernCheck.gltf,11500267_m_pamoderncheck_d.png,11500267_m_pamoderncheck_d.png,0,
11500704,(PC방) 럭셔리 교복 하의 (여),11500031,158,83,63,68,31,19,01500008_F_PrestigiousSchool.gltf,01500008_f_prestigiousschool_d.png,01500008_f_prestigiousschool_c.png,0,
11500705,리버스 나이트 컴뱃가드 (LV50),11500519,63,59,51,20,18,15,11500519_F_PABrightStar.gltf,11500519_c_pabrightstar_d.png,11500519_c_pabrightstar_c.png,0,
11500706,리버스 버서커 컴뱃가드 (LV50),11500519,63,59,51,20,18,15,11500519_F_PABrightStar.gltf,11500519_c_pabrightstar_d.png,11500519_c_pabrightstar_c.png,0,
11500707,리버스 위자드 컴뱃가드 (LV50),11500519,63,59,51,20,18,15,11500519_F_PABrightStar.gltf,11500519_c_pabrightstar_d.png,11500519_c_pabrightstar_c.png,0,
11500708,리버스 프리스트 컴뱃가드 (LV50),11500519,63,59,51,20,18,15,11500519_F_PABrightStar.gltf,11500519_c_pabrightstar_d.png,11500519_c_pabrightstar_c.png,0,
11500709,리버스 레인저 컴뱃가드 (LV50),11500519,63,59,51,20,18,15,11500519_F_PABrightStar.gltf,11500519_c_pabrightstar_d.png,11500519_c_pabrightstar_c.png,0,
11500710,리버스 헤비거너 컴뱃가드 (LV50),11500519,63,59,51,20,18,15,11500519_F_PABrightStar.gltf,11500519_c_pabrightstar_d.png,11500519_c_pabrightstar_c.png,0,
11500711,리버스 시프 컴뱃가드 (LV50),11500519,63,59,51,20,18,15,11500519_F_PABrightStar.gltf,11500519_c_pabrightstar_d.png,11500519_c_pabrightstar_c.png,0,
11500712,리버스 어쌔신 컴뱃가드 (LV50),11500519,63,59,51,20,18,15,11500519_F_PABrightStar.gltf,11500519_c_pabrightstar_d.png,11500519_c_pabrightstar_c.png,0,
11500713,리버스 룬 블레이더 컴뱃가드 (LV50),11500519,63,59,51,20,18,15,11500519_F_PABrightStar.gltf,11500519_c_pabrightstar_d.png,11500519_c_pabrightstar_c.png,0,
11500714,리버스 스트라이커 컴뱃가드 (LV50),11500519,63,59,51,20,18,15,11500519_F_PABrightStar.gltf,11500519_c_pabrightstar_d.png,11500519_c_pabrightstar_c.png,0,
11500715,리버스 소울바인더 컴뱃가드 (LV50),11500519,63,59,51,20,18,15,11500519_F_PABrightStar.gltf,11500519_c_pabrightstar_d.png,11500519_c_pabrightstar_c.png,0,
11500716,리버스 나이트 컴뱃가드 (LV56),11500519,63,59,51,20,18,15,11500519_F_PABrightStar.gltf,11500519_c_pabrightstar_d.png,11500519_c_pabrightstar_c.png,0,
11500717,리버스 버서커 컴뱃가드 (LV56),11500519,63,59,51,20,18,15,11500519_F_PABrightStar.gltf,11500519_c_pabrightstar_d.png,11500519_c_pabrightstar_c.png,0,
11500718,리버스 위자드 컴뱃가드 (LV56),11500519,63,59,51,20,18,15,11500519_F_PABrightStar.gltf,11500519_c_pabrightstar_d.png,11500519_c_pabrightstar_c.png,0,
11500719,리버스 프리스트 컴뱃가드 (LV56),11500519,63,59,51,20,18,15,11500519_F_PABrightStar.gltf,11500519_c_pabrightstar_d.png,11500519_c_pabrightstar_c.png,0,
11500720,리버스 레인저 컴뱃가드 (LV56),11500519,63,59,51,20,18,15,11500519_F_PABrightStar.gltf,11500519_c_pabrightstar_d.png,11500519_c_pabrightstar_c.png,0,
11500721,리버스 헤비거너 컴뱃가드 (LV56),11500519,63,59,51,20,18,15,11500519_F_PABrightStar.gltf,11500519_c_pabrightstar_d.png,11500519_c_pabrightstar_c.png,0,
11500722,리버스 시프 컴뱃가드 (LV56),11500519,63,59,51,20,18,15,11500519_F_PABrightStar.gltf,11500519_c_pabrightstar_d.png,11500519_c_pabrightstar_c.png,0,
11500723,리버스 어쌔신 컴뱃가드 (LV56),11500519,63,59,51,20,18,15,11500519_F_PABrightStar.gltf,11500519_c_pabrightstar_d.png,11500519_c_pabrightstar_c.png,0,
11500724,리버스 룬 블레이더 컴뱃가드 (LV56),11500519,63,59,51,20,18,15,11500519_F_PABrightStar.gltf,11500519_c_pabrightstar_d.png,11500519_c_pabrightstar_c.png,0,
11500725,리버스 스트라이커 컴뱃가드 (LV56),11500519,63,59,51,20,18,15,11500519_F_PABrightStar.gltf,11500519_c_pabrightstar_d.png,11500519_c_pabrightstar_c.png,0,
11500726,리버스 소울바인더 컴뱃가드 (LV56),11500519,63,59,51,20,18,15,11500519_F_PABrightStar.gltf,11500519_c_pabrightstar_d.png,11500519_c_pabrightstar_c.png,0,
11500727,주렁주렁 미역 하의,11500348,249,137,77,147,60,20,11500348_F_PASeaweedPants.gltf,11500348_c_paseaweedpants_d.png,11500348_c_paseaweedpants_c.png,0,
11500728,(입문용) 가죽 다리 보호구,11500003,63,59,51,20,18,15,11500014_F_ProbationWarrior.gltf,11500014_f_probationwarrior_d.png,11500014_f_probationwarrior_c.png,0,
11500729,(입문용) 포인트 가죽 다리 보호구,11500004,63,59,51,20,18,15,11500003_F_BronzeWarrior.gltf,11500003_f_bronzewarrior_d.png,11500003_f_bronzewarrior_c.png,0,
11500730,(입문용) 스파이크 가죽 다리 보호구,11500005,63,59,51,20,18,15,11500004_F_RollingThunderSpike.gltf,11500004_f_rollingthunderspike_d.png,11500004_f_rollingthunderspike_c.png,0,
11500731,(입문용) 투박한 바이킹 보호대,11500006,63,59,51,20,18,15,11500005_F_LittleBone.gltf,11500005_f_littlebone_d.png,11500005_f_littlebone_c.png,0,
11500732,(입문용) 크란츠 보호대,11500008,63,59,51,20,18,15,11500005_F_LittleBone.gltf,11500005_f_littlebone_d.png,11500005_f_littlebone_c.png,0,
11500733,(입문용) 좀도둑 하의,11500009,63,59,51,20,18,15,11500028_F_ProbationThief.gltf,11500028_f_probationthief_d.png,11500028_f_probationthief_c.png,0,
11500734,(입문용) 가죽 좀도둑 하의,11500010,63,59,51,20,18,15,11500013_F_ProbationThief.gltf,11500013_f_probationthief_d.png,11500013_f_probationthief_c.png,0,
11500735,(입문용) 세련된 좀도둑 하의,11500011,63,59,51,20,18,15,11500029_F_BlackEyeGoldline.gltf,11500029_f_blackeyegoldline_d.png,11500029_f_blackeyegoldline_c.png,0,
11500736,(입문용) 닌자 도복 하의,11500012,63,59,51,20,18,15,11500030_F_Junior.gltf,11500030_m_junior_d.png,11500030_m_junior_c.png,0,
11500737,(입문용) 자객 하의,11500014,63,59,51,20,18,15,11500030_F_Junior.gltf,11500030_m_junior_d.png,11500030_m_junior_c.png,0,
11500738,(입문용) 숙련 자객 보호구,11500016,63,59,51,20,18,15,11500031_F_FirstDegree.gltf,11500031_m_firstdegree_d.png,11500031_m_firstdegree_c.png,0,
11500739,(입문용) 숲지기 수렵 하의,11500018,63,59,51,20,18,15,11500011_F_ProbationRanger.gltf,11500011_f_probationranger_d.png,11500011_f_probationranger_c.png,0,
11500740,(입문용) 금빛 숲지기 수렵 하의,11500019,63,59,51,20,18,15,11500017_F_LeatherFeather.gltf,11500017_f_leatherfeather_d.png,11500018_f_helenaeagleeye_c.png,0,
11500741,(입문용) 로빈훗 수렵 하의,11500020,63,59,51,20,18,15,11500018_F_HelenaEagleEye.gltf,11500018_f_helenaeagleeye_d.png,11500018_f_helenaeagleeye_c.png,0,
11500742,(입문용) 은빛 크란츠 판갑,11500049,63,59,51,20,18,15,11500006_F_Viking.gltf,11500006_f_viking_d.png,11500006_f_viking_c.png,0,
11500745,(입문용) 나이트 팬츠,11500061,63,59,51,20,18,15,11500048_F_PACrusadesPlate.gltf,11500048_c_pacrusadesplate_d.png,11500048_c_pacrusadesplate_c.png,0,
11500746,(입문용) 밴디트 하의,11500067,63,59,51,20,18,15,11500033_F_PAPirateBottom.gltf,11500033_f_papiratebottom_d.png,11500033_f_papiratebottom_c.png,0,
11500747,(입문용) 바다 모험가 하의,11500068,63,59,51,20,18,15,11500033_F_PAPirateBottom.gltf,11500033_f_papiratebottom_d.png,11500033_f_papiratebottom_c.png,0,
11500748,(입문용) 기사단 하의,11500073,63,59,51,20,18,15,11500048_F_PACrusadesPlate.gltf,11500048_c_pacrusadesplate_d.png,11500048_c_pacrusadesplate_c.png,0,
11500749,(입문용) 검은 크란츠 보호대,11500083,63,59,51,20,18,15,11500007_F_RollingThunderBlackbone.gltf,11500007_f_rollingthunderblackbone_d.png,11500007_f_rollingthunderblackbone_c.png,0,
11500750,(입문용) 강한 자객 하의,11500084,63,59,51,20,18,15,11500032_F_NinjaUniform.gltf,11500032_m_ninjauniform_d.png,11500032_m_ninjauniform_c.png,0,
11500751,(입문용) 블랙 나이트 보호대,11500085,63,59,51,20,18,15,11500049_F_PABlackCrusadesPlate.gltf,11500049_c_pablackcrusadesplate_d.png,11500049_c_pablackcrusadesplate_c.png,0,
11500752,(입문용) 어퍼 밴디트 하의,11500086,63,59,51,20,18,15,11500034_F_PALeatherPirate.gltf,11500034_f_paleatherpirate_d.png,11500034_f_paleatherpirate_c.png,0,
11500753,(입문용) 골든 나이트 보호대,11500087,63,59,51,20,18,15,11500050_F_PAGoldenCrusadesPlate.gltf,11500050_c_pagoldencrusadesplate_d.png,11500050_c_pagoldencrusadesplate_c.png,0,
11500754,(입문용) 모스트 밴디트 보호구,11500088,63,59,51,20,18,15,11500035_F_PACrossPirate.gltf,11500035_f_pacrosspirate_d.png,11500035_f_pacrosspirate_c.png,0,
11500755,(입문용) 크러스트 하의,11500083,63,59,51,20,18,15,11500007_F_RollingThunderBlackbone.gltf,11500007_f_rollingthunderblackbone_d.png,11500007_f_rollingthunderblackbone_c.png,0,
11500756,(입문용) 디비전 하의,11500061,63,59,51,20,18,15,11500048_F_PACrusadesPlate.gltf,11500048_c_pacrusadesplate_d.png,11500048_c_pacrusadesplate_c.png,0,
11500757,(입문용) 블랙 크러스트 하의,11500085,63,59,51,20,18,15,11500049_F_PABlackCrusadesPlate.gltf,11500049_c_pablackcrusadesplate_d.png,11500049_c_pablackcrusadesplate_c.png,0,
11500758,(입문용) 다이너스 하의,11500087,63,59,51,20,18,15,11500050_F_PAGoldenCrusadesPlate.gltf,11500050_c_pagoldencrusadesplate_d.png,11500050_c_pagoldencrusadesplate_c.png,0,
11500759,(입문용) 브루탈 하의,11500073,63,59,51,20,18,15,11500048_F_PACrusadesPlate.gltf,11500048_c_pacrusadesplate_d.png,11500048_c_pacrusadesplate_c.png,0,
11500760,(입문용) 블랙 다이너스 하의,11500087,63,59,51,20,18,15,11500050_F_PAGoldenCrusadesPlate.gltf,11500050_c_pagoldencrusadesplate_d.png,11500050_c_pagoldencrusadesplate_c.png,0,
11500761,(입문용) 스키퍼 하의,11500084,63,59,51,20,18,15,11500032_F_NinjaUniform.gltf,11500032_m_ninjauniform_d.png,11500032_m_ninjauniform_c.png,0,
11500762,(입문용) 머깅 하의,11500067,63,59,51,20,18,15,11500033_F_PAPirateBottom.gltf,11500033_f_papiratebottom_d.png,11500033_f_papiratebottom_c.png,0,
11500763,(입문용) 트루 스키퍼 하의,11500086,63,59,51,20,18,15,11500034_F_PALeatherPirate.gltf,11500034_f_paleatherpirate_d.png,11500034_f_paleatherpirate_c.png,0,
11500764,(입문용) 마스트 하의,11500088,63,59,51,20,18,15,11500035_F_PACrossPirate.gltf,11500035_f_pacrosspirate_d.png,11500035_f_pacrosspirate_c.png,0,
11500765,(입문용) 크루 하의,11500068,63,59,51,20,18,15,11500033_F_PAPirateBottom.gltf,11500033_f_papiratebottom_d.png,11500033_f_papiratebottom_c.png,0,
11500766,(입문용) 포어 마스트 하의,11500088,63,59,51,20,18,15,11500035_F_PACrossPirate.gltf,11500035_f_pacrosspirate_d.png,11500035_f_pacrosspirate_c.png,0,
11500767,(입문용) 무딘 격투 하의,11500380,63,59,51,20,18,15,11500380_F_PAFighter01.gltf,11500380_c_pafighter01_d.png,11500382_c_pafighter03_c.png,0,
11500768,(입문용) 기초 격투 하의,11500380,63,59,51,20,18,15,11500380_F_PAFighter01.gltf,11500380_c_pafighter01_d.png,11500382_c_pafighter03_c.png,0,
11500769,(입문용) 기초 무투 하의,11500381,63,59,51,20,18,15,11500381_F_PAFighter02.gltf,11500381_c_pafighter02_d.png,11500382_c_pafighter03_c.png,0,
11500770,(입문용) 기초 사투 하의,11500382,63,59,51,20,18,15,11500382_F_PAFighter03.gltf,11500382_c_pafighter03_d.png,11500382_c_pafighter03_c.png,0,
11500771,(입문용) 초급 격투 하의,11500383,63,59,51,20,18,15,11500383_F_PAFighter04.gltf,11500383_c_pafighter04_d.png,11500383_c_pafighter04_c.png,0,
11500772,(입문용) 초급 무투 하의,11500384,63,59,51,20,18,15,11500384_F_PAFighter05.gltf,11500384_c_pafighter05_d.png,11500384_c_pafighter05_c.png,0,
11500773,(입문용) 초급 사투 하의,11500385,63,59,51,20,18,15,11500385_F_PAFighter06.gltf,11500385_c_pafighter06_d.png,11500385_c_pafighter06_c.png,0,
11500774,(입문용) 중급 격투 하의,11500386,63,59,51,20,18,15,11500386_F_PAFighter07.gltf,11500386_c_pafighter07_d.png,11500386_c_pafighter07_c.png,0,
11500775,(입문용) 중급 무투 하의,11500387,63,59,51,20,18,15,11500387_F_PAFighter08.gltf,11500387_c_pafighter08_d.png,11500387_c_pafighter08_c.png,0,
11500776,(입문용) 중급 사투 하의,11500388,63,59,51,20,18,15,11500388_F_PAFighter09.gltf,11500388_c_pafighter09_d.png,11500388_c_pafighter09_c.png,0,
11500777,(입문용) 숙련 격투 하의,11500381,63,59,51,20,18,15,11500381_F_PAFighter02.gltf,11500381_c_pafighter02_d.png,11500382_c_pafighter03_c.png,0,
11500778,(입문용) 숙련 무투 하의,11500382,63,59,51,20,18,15,11500382_F_PAFighter03.gltf,11500382_c_pafighter03_d.png,11500382_c_pafighter03_c.png,0,
11500779,(입문용) 숙련 사투 하의,11500384,63,59,51,20,18,15,11500384_F_PAFighter05.gltf,11500384_c_pafighter05_d.png,11500384_c_pafighter05_c.png,0,
11500780,(입문용) 상급 격투 하의,11500385,63,59,51,20,18,15,11500385_F_PAFighter06.gltf,11500385_c_pafighter06_d.png,11500385_c_pafighter06_c.png,0,
11500781,(입문용) 상급 무투 하의,11500386,63,59,51,20,18,15,11500386_F_PAFighter07.gltf,11500386_c_pafighter07_d.png,11500386_c_pafighter07_c.png,0,
11500782,(입문용) 상급 사투 하의,11500387,63,59,51,20,18,15,11500387_F_PAFighter08.gltf,11500387_c_pafighter08_d.png,11500387_c_pafighter08_c.png,0,
11500783,(입문용) 고급 격투 하의,11500388,63,59,51,20,18,15,11500388_F_PAFighter09.gltf,11500388_c_pafighter09_d.png,11500388_c_pafighter09_c.png,0,
11500798,다크윈드 아텐토 하의 (남),11500798,63,59,51,20,18,15,11500798_M_PADarkWind01.gltf,11500798_m_padarkwind01_d.png,11500798_m_padarkwind01_d.png,0,
11500799,루미나이츠 오네스타 하의 (남),11500799,63,59,51,20,18,15,11500799_F_PALumiKnight01.gltf,11500799_c_palumiknight01_d.png,11500799_c_palumiknight01_d.png,0,
11500800,트라이아 근위대 리네아르 하의 (남),11500800,63,59,51,20,18,15,11500800_F_PATriaRoyalGuard01.gltf,11500800_c_patriaroyalguard01_d.png,11500800_c_patriaroyalguard01_d.png,0,
11500801,그린후드 자경단 피오레 하의 (남),11500801,63,59,51,20,18,15,11500801_F_PAGreenHood01.gltf,11500801_f_pagreenhood01_d.png,11500801_f_pagreenhood01_d.png,0,
11500805,매직 스톤 하의,11500805,133,81,165,53,42,71,11500805_F_PAMagicStone.gltf,11500805_c_pamagicstone_d.png,11500805_c_pamagicstone_c.png,0,
11500806,은빛 기사단 하의,11500806,76,105,181,23,40,79,11500806_F_PASaveArmorA01.gltf,11500806_c_pasavearmora01_d.png,11500806_c_pasavearmora01_c.png,0,
11500807,금빛 기사단 하의,11500807,76,105,181,23,40,79,11500807_F_PASaveArmorA02.gltf,11500807_c_pasavearmora02_d.png,11500806_c_pasavearmora01_c.png,0,
11500808,검은빛 방랑무사 바지,11500808,170,47,47,96,19,19,11500808_F_PASaveArmorB01.gltf,11500808_f_pasavearmorb01_d.png,11500808_c_pasavearmorb01_c.png,0,
11500809,은빛 방랑무사 바지,11500809,170,47,47,96,19,19,11500809_F_PASaveArmorB02.gltf,11500809_f_pasavearmorb02_d.png,11500808_c_pasavearmorb01_c.png,0,
11500810,윈디 어드벤처 팬츠,11500810,76,105,181,23,40,79,11500810_F_PASaveArmorC01.gltf,11500810_c_pasavearmorc01_d.png,11500810_c_pasavearmorc01_c.png,0,
11500816,인페르노 갑옷 하의 (남),11500303,170,47,47,96,19,19,11500303_M_PAInferno.gltf,11500303_m_painferno_d.png,11500303_m_painferno_c.png,0,
11500817,인페르노 갑옷 하의 (여),11500304,170,47,47,96,19,19,11500304_F_PAInferno.gltf,11500304_f_painferno_d.png,11500304_f_painferno_c.png,0,
11500826,주렁주렁 미역 하의,11500348,249,137,77,147,60,20,11500348_F_PASeaweedPants.gltf,11500348_c_paseaweedpants_d.png,11500348_c_paseaweedpants_c.png,0,
11500831,(길라잡이) 포인트 가죽 다리 보호구,11500004,63,59,51,20,18,15,11500003_F_BronzeWarrior.gltf,11500003_f_bronzewarrior_d.png,11500003_f_bronzewarrior_c.png,0,
11500832,(길라잡이) 스파이크 가죽 다리 보호구,11500005,63,59,51,20,18,15,11500004_F_RollingThunderSpike.gltf,11500004_f_rollingthunderspike_d.png,11500004_f_rollingthunderspike_c.png,0,
11500833,(길라잡이) 크란츠 보호대,11500008,63,59,51,20,18,15,11500005_F_LittleBone.gltf,11500005_f_littlebone_d.png,11500005_f_littlebone_c.png,0,
11500834,(길라잡이) 은빛 크란츠 판갑,11500049,63,59,51,20,18,15,11500006_F_Viking.gltf,11500006_f_viking_d.png,11500006_f_viking_c.png,0,
11500835,(길라잡이) 나이트 팬츠,11500061,63,59,51,20,18,15,11500048_F_PACrusadesPlate.gltf,11500048_c_pacrusadesplate_d.png,11500048_c_pacrusadesplate_c.png,0,
11500836,(길라잡이) 검은 크란츠 보호대,11500083,63,59,51,20,18,15,11500007_F_RollingThunderBlackbone.gltf,11500007_f_rollingthunderblackbone_d.png,11500007_f_rollingthunderblackbone_c.png,0,
11500837,(길라잡이) 블랙 나이트 보호대,11500085,63,59,51,20,18,15,11500049_F_PABlackCrusadesPlate.gltf,11500049_c_pablackcrusadesplate_d.png,11500049_c_pablackcrusadesplate_c.png,0,
11500838,(길라잡이) 골든 나이트 보호대,11500087,63,59,51,20,18,15,11500050_F_PAGoldenCrusadesPlate.gltf,11500050_c_pagoldencrusadesplate_d.png,11500050_c_pagoldencrusadesplate_c.png,0,
11500846,완성된 힘의 전사 하의,11509997,63,59,51,20,18,15,11500003_F_PASilverOrihalcon.gltf,11500003_f_pasilverorihalcon_d.png,11500003_f_pasilverorihalcon_d.png,0,
11500847,완성된 힘의 격투가 하의,11500386,63,59,51,20,18,15,11500386_F_PAFighter07.gltf,11500386_c_pafighter07_d.png,11500386_c_pafighter07_c.png,0,
11500848,완성된 힘의 기공사 하의,11500386,63,59,51,20,18,15,11500386_F_PAFighter07.gltf,11500386_c_pafighter07_d.png,11500386_c_pafighter07_c.png,0,
11500849,메이플 연합 골든 파워 하의 (남),11500849,63,59,51,20,18,15,11500849_M_PAMapleUnion01.gltf,11500849_m_pamapleunion01_d.png,11500849_m_pamapleunion01_d.png,0,
11500861,크림슨 발록의 전투 하의,11500797,63,59,51,20,18,15,11500797_F_PABalrogB01.gltf,11500797_c_pabalrogb01_d.png,11500797_c_pabalrogb01_c.png,0,
11500862,크림슨 발록의 광란 하의,11500797,63,59,51,20,18,15,11500797_F_PABalrogB01.gltf,11500797_c_pabalrogb01_d.png,11500797_c_pabalrogb01_c.png,0,
11500863,크림슨 발록의 마법 하의,11500797,63,59,51,20,18,15,11500797_F_PABalrogB01.gltf,11500797_c_pabalrogb01_d.png,11500797_c_pabalrogb01_c.png,0,
11500864,크림슨 발록의 신성 하의,11500797,63,59,51,20,18,15,11500797_F_PABalrogB01.gltf,11500797_c_pabalrogb01_d.png,11500797_c_pabalrogb01_c.png,0,
11500865,크림슨 발록의 집중 하의,11500797,63,59,51,20,18,15,11500797_F_PABalrogB01.gltf,11500797_c_pabalrogb01_d.png,11500797_c_pabalrogb01_c.png,0,
11500866,크림슨 발록의 포격 하의,11500797,63,59,51,20,18,15,11500797_F_PABalrogB01.gltf,11500797_c_pabalrogb01_d.png,11500797_c_pabalrogb01_c.png,0,
11500867,크림슨 발록의 혼란 하의,11500797,63,59,51,20,18,15,11500797_F_PABalrogB01.gltf,11500797_c_pabalrogb01_d.png,11500797_c_pabalrogb01_c.png,0,
11500868,크림슨 발록의 암살 하의,11500797,63,59,51,20,18,15,11500797_F_PABalrogB01.gltf,11500797_c_pabalrogb01_d.png,11500797_c_pabalrogb01_c.png,0,
11500869,크림슨 발록의 주술 하의,11500797,63,59,51,20,18,15,11500797_F_PABalrogB01.gltf,11500797_c_pabalrogb01_d.png,11500797_c_pabalrogb01_c.png,0,
11500870,크림슨 발록의 난투 하의,11500797,63,59,51,20,18,15,11500797_F_PABalrogB01.gltf,11500797_c_pabalrogb01_d.png,11500797_c_pabalrogb01_c.png,0,
11500871,크림슨 발록의 의식 하의,11500797,63,59,51,20,18,15,11500797_F_PABalrogB01.gltf,11500797_c_pabalrogb01_d.png,11500797_c_pabalrogb01_c.png,0,
11500874,타이드 캡틴 팬츠 (나이트),11500553,63,59,51,20,18,15,11500461_F_PAPirate.gltf,11500461_f_papirate_d.png,11500461_f_papirate_c.png,0,
11500875,타이드 캡틴 팬츠 (버서커),11500553,63,59,51,20,18,15,11500461_F_PAPirate.gltf,11500461_f_papirate_d.png,11500461_f_papirate_c.png,0,
11500876,타이드 캡틴 팬츠 (위자드),11500553,63,59,51,20,18,15,11500461_F_PAPirate.gltf,11500461_f_papirate_d.png,11500461_f_papirate_c.png,0,
11500877,타이드 캡틴 팬츠 (프리스트),11500553,63,59,51,20,18,15,11500461_F_PAPirate.gltf,11500461_f_papirate_d.png,11500461_f_papirate_c.png,0,
11500878,타이드 캡틴 팬츠 (레인저),11500553,63,59,51,20,18,15,11500461_F_PAPirate.gltf,11500461_f_papirate_d.png,11500461_f_papirate_c.png,0,
11500879,타이드 캡틴 팬츠 (헤비거너),11500553,63,59,51,20,18,15,11500461_F_PAPirate.gltf,11500461_f_papirate_d.png,11500461_f_papirate_c.png,0,
11500880,타이드 캡틴 팬츠 (시프),11500553,63,59,51,20,18,15,11500461_F_PAPirate.gltf,11500461_f_papirate_d.png,11500461_f_papirate_c.png,0,
11500881,타이드 캡틴 팬츠 (어쌔신),11500553,63,59,51,20,18,15,11500461_F_PAPirate.gltf,11500461_f_papirate_d.png,11500461_f_papirate_c.png,0,
11500882,타이드 캡틴 팬츠 (룬블레이더),11500553,63,59,51,20,18,15,11500461_F_PAPirate.gltf,11500461_f_papirate_d.png,11500461_f_papirate_c.png,0,
11500883,타이드 캡틴 팬츠 (스트라이커),11500553,63,59,51,20,18,15,11500461_F_PAPirate.gltf,11500461_f_papirate_d.png,11500461_f_papirate_c.png,0,
11500884,타이드 캡틴 팬츠 (소울바인더),11500553,63,59,51,20,18,15,11500461_F_PAPirate.gltf,11500461_f_papirate_d.png,11500461_f_papirate_c.png,0,
11500885,프론티어 레깅스 (나이트),11500520,63,59,51,20,18,15,11500520_F_PAEmerald.gltf,11500520_f_paemerald_d.png,11500520_f_paemerald_c.png,0,
11500886,프론티어 레깅스 (버서커),11500520,63,59,51,20,18,15,11500520_F_PAEmerald.gltf,11500520_f_paemerald_d.png,11500520_f_paemerald_c.png,0,
11500887,프론티어 레깅스 (위자드),11500520,63,59,51,20,18,15,11500520_F_PAEmerald.gltf,11500520_f_paemerald_d.png,11500520_f_paemerald_c.png,0,
11500888,프론티어 레깅스 (프리스트),11500520,63,59,51,20,18,15,11500520_F_PAEmerald.gltf,11500520_f_paemerald_d.png,11500520_f_paemerald_c.png,0,
11500889,프론티어 레깅스 (레인저),11500520,63,59,51,20,18,15,11500520_F_PAEmerald.gltf,11500520_f_paemerald_d.png,11500520_f_paemerald_c.png,0,
11500890,프론티어 레깅스 (헤비거너),11500520,63,59,51,20,18,15,11500520_F_PAEmerald.gltf,11500520_f_paemerald_d.png,11500520_f_paemerald_c.png,0,
11500891,프론티어 레깅스 (시프),11500520,63,59,51,20,18,15,11500520_F_PAEmerald.gltf,11500520_f_paemerald_d.png,11500520_f_paemerald_c.png,0,
11500892,프론티어 레깅스 (어쌔신),11500520,63,59,51,20,18,15,11500520_F_PAEmerald.gltf,11500520_f_paemerald_d.png,11500520_f_paemerald_c.png,0,
11500893,프론티어 레깅스 (룬블레이더),11500520,63,59,51,20,18,15,11500520_F_PAEmerald.gltf,11500520_f_paemerald_d.png,11500520_f_paemerald_c.png,0,
11500894,프론티어 레깅스 (스트라이커),11500520,63,59,51,20,18,15,11500520_F_PAEmerald.gltf,11500520_f_paemerald_d.png,11500520_f_paemerald_c.png,0,
11500895,프론티어 레깅스 (소울바인더),11500520,63,59,51,20,18,15,11500520_F_PAEmerald.gltf,11500520_f_paemerald_d.png,11500520_f_paemerald_c.png,0,
11500896,윙드 데몬 레그 아머 (나이트),11500518,63,59,51,20,18,15,11500518_F_PADragon.gltf,11500518_f_padragon_d.png,11500518_f_padragon_c.png,0,
11500897,윙드 데몬 레그 아머 (버서커),11500518,63,59,51,20,18,15,11500518_F_PADragon.gltf,11500518_f_padragon_d.png,11500518_f_padragon_c.png,0,
11500898,윙드 데몬 레그 아머 (위자드),11500518,63,59,51,20,18,15,11500518_F_PADragon.gltf,11500518_f_padragon_d.png,11500518_f_padragon_c.png,0,
11500899,윙드 데몬 레그 아머 (프리스트),11500518,63,59,51,20,18,15,11500518_F_PADragon.gltf,11500518_f_padragon_d.png,11500518_f_padragon_c.png,0,
11500900,윙드 데몬 레그 아머 (레인저),11500518,63,59,51,20,18,15,11500518_F_PADragon.gltf,11500518_f_padragon_d.png,11500518_f_padragon_c.png,0,
11500901,윙드 데몬 레그 아머 (헤비거너),11500518,63,59,51,20,18,15,11500518_F_PADragon.gltf,11500518_f_padragon_d.png,11500518_f_padragon_c.png,0,
11500902,윙드 데몬 레그 아머 (시프),11500518,63,59,51,20,18,15,11500518_F_PADragon.gltf,11500518_f_padragon_d.png,11500518_f_padragon_c.png,0,
11500903,윙드 데몬 레그 아머 (어쌔신),11500518,63,59,51,20,18,15,11500518_F_PADragon.gltf,11500518_f_padragon_d.png,11500518_f_padragon_c.png,0,
11500904,윙드 데몬 레그 아머 (룬블레이더),11500518,63,59,51,20,18,15,11500518_F_PADragon.gltf,11500518_f_padragon_d.png,11500518_f_padragon_c.png,0,
11500905,윙드 데몬 레그 아머 (스트라이커),11500518,63,59,51,20,18,15,11500518_F_PADragon.gltf,11500518_f_padragon_d.png,11500518_f_padragon_c.png,0,
11500906,윙드 데몬 레그 아머 (소울바인더),11500518,63,59,51,20,18,15,11500518_F_PADragon.gltf,11500518_f_padragon_d.png,11500518_f_padragon_c.png,0,
11500907,베히모스 스킨 팬츠 (나이트),11500792,63,59,51,20,18,15,11500792_F_PAVehement.gltf,11500792_c_pavehement_d.png,11500792_c_pavehement_c.png,0,
11500908,베히모스 스킨 팬츠 (버서커),11500792,63,59,51,20,18,15,11500792_F_PAVehement.gltf,11500792_c_pavehement_d.png,11500792_c_pavehement_c.png,0,
11500909,베히모스 스킨 팬츠 (위자드),11500792,63,59,51,20,18,15,11500792_F_PAVehement.gltf,11500792_c_pavehement_d.png,11500792_c_pavehement_c.png,0,
11500910,베히모스 스킨 팬츠 (프리스트),11500792,63,59,51,20,18,15,11500792_F_PAVehement.gltf,11500792_c_pavehement_d.png,11500792_c_pavehement_c.png,0,
11500911,베히모스 스킨 팬츠 (레인저),11500792,63,59,51,20,18,15,11500792_F_PAVehement.gltf,11500792_c_pavehement_d.png,11500792_c_pavehement_c.png,0,
11500912,베히모스 스킨 팬츠 (헤비거너),11500792,63,59,51,20,18,15,11500792_F_PAVehement.gltf,11500792_c_pavehement_d.png,11500792_c_pavehement_c.png,0,
11500913,베히모스 스킨 팬츠 (시프),11500792,63,59,51,20,18,15,11500792_F_PAVehement.gltf,11500792_c_pavehement_d.png,11500792_c_pavehement_c.png,0,
11500914,베히모스 스킨 팬츠 (어쌔신),11500792,63,59,51,20,18,15,11500792_F_PAVehement.gltf,11500792_c_pavehement_d.png,11500792_c_pavehement_c.png,0,
11500915,베히모스 스킨 팬츠 (룬블레이더),11500792,63,59,51,20,18,15,11500792_F_PAVehement.gltf,11500792_c_pavehement_d.png,11500792_c_pavehement_c.png,0,
11500916,베히모스 스킨 팬츠 (스트라이커),11500792,63,59,51,20,18,15,11500792_F_PAVehement.gltf,11500792_c_pavehement_d.png,11500792_c_pavehement_c.png,0,
11500917,베히모스 스킨 팬츠 (소울바인더),11500792,63,59,51,20,18,15,11500792_F_PAVehement.gltf,11500792_c_pavehement_d.png,11500792_c_pavehement_c.png,0,
11500918,에일리온 사이드 스커트 (나이트),11500677,63,59,51,20,18,15,11500677_F_PAReverseRaidA02.gltf,11500677_c_pareverseraida02_d.png,11500677_c_pareverseraida02_c.png,0,
11500919,에일리온 사이드 스커트 (버서커),11500677,63,59,51,20,18,15,11500677_F_PAReverseRaidA02.gltf,11500677_c_pareverseraida02_d.png,11500677_c_pareverseraida02_c.png,0,
11500920,에일리온 사이드 스커트 (위자드),11500677,63,59,51,20,18,15,11500677_F_PAReverseRaidA02.gltf,11500677_c_pareverseraida02_d.png,11500677_c_pareverseraida02_c.png,0,
11500921,에일리온 사이드 스커트 (프리스트),11500677,63,59,51,20,18,15,11500677_F_PAReverseRaidA02.gltf,11500677_c_pareverseraida02_d.png,11500677_c_pareverseraida02_c.png,0,
11500922,에일리온 사이드 스커트 (레인저),11500677,63,59,51,20,18,15,11500677_F_PAReverseRaidA02.gltf,11500677_c_pareverseraida02_d.png,11500677_c_pareverseraida02_c.png,0,
11500923,에일리온 사이드 스커트 (헤비거너),11500677,63,59,51,20,18,15,11500677_F_PAReverseRaidA02.gltf,11500677_c_pareverseraida02_d.png,11500677_c_pareverseraida02_c.png,0,
11500924,에일리온 사이드 스커트 (시프),11500677,63,59,51,20,18,15,11500677_F_PAReverseRaidA02.gltf,11500677_c_pareverseraida02_d.png,11500677_c_pareverseraida02_c.png,0,
11500925,에일리온 사이드 스커트 (어쌔신),11500677,63,59,51,20,18,15,11500677_F_PAReverseRaidA02.gltf,11500677_c_pareverseraida02_d.png,11500677_c_pareverseraida02_c.png,0,
11500926,에일리온 사이드 스커트 (룬블레이더),11500677,63,59,51,20,18,15,11500677_F_PAReverseRaidA02.gltf,11500677_c_pareverseraida02_d.png,11500677_c_pareverseraida02_c.png,0,
11500927,에일리온 사이드 스커트 (스트라이커),11500677,63,59,51,20,18,15,11500677_F_PAReverseRaidA02.gltf,11500677_c_pareverseraida02_d.png,11500677_c_pareverseraida02_c.png,0,
11500928,에일리온 사이드 스커트 (소울바인더),11500677,63,59,51,20,18,15,11500677_F_PAReverseRaidA02.gltf,11500677_c_pareverseraida02_d.png,11500677_c_pareverseraida02_c.png,0,
11500929,블랙 뱅가드 태싯 (나이트),11500468,63,59,51,20,18,15,11500468_F_PADarkSteel.gltf,11500468_f_padarksteel_d.png,11500468_f_padarksteel_c.png,0,
11500930,블랙 뱅가드 태싯 (버서커),11500468,63,59,51,20,18,15,11500468_F_PADarkSteel.gltf,11500468_f_padarksteel_d.png,11500468_f_padarksteel_c.png,0,
11500931,블랙 뱅가드 태싯 (위자드),11500468,63,59,51,20,18,15,11500468_F_PADarkSteel.gltf,11500468_f_padarksteel_d.png,11500468_f_padarksteel_c.png,0,
11500932,블랙 뱅가드 태싯 (프리스트),11500468,63,59,51,20,18,15,11500468_F_PADarkSteel.gltf,11500468_f_padarksteel_d.png,11500468_f_padarksteel_c.png,0,
11500933,블랙 뱅가드 태싯 (레인저),11500468,63,59,51,20,18,15,11500468_F_PADarkSteel.gltf,11500468_f_padarksteel_d.png,11500468_f_padarksteel_c.png,0,
11500934,블랙 뱅가드 태싯 (헤비거너),11500468,63,59,51,20,18,15,11500468_F_PADarkSteel.gltf,11500468_f_padarksteel_d.png,11500468_f_padarksteel_c.png,0,
11500935,블랙 뱅가드 태싯 (시프),11500468,63,59,51,20,18,15,11500468_F_PADarkSteel.gltf,11500468_f_padarksteel_d.png,11500468_f_padarksteel_c.png,0,
11500936,블랙 뱅가드 태싯 (어쌔신),11500468,63,59,51,20,18,15,11500468_F_PADarkSteel.gltf,11500468_f_padarksteel_d.png,11500468_f_padarksteel_c.png,0,
11500937,블랙 뱅가드 태싯 (룬블레이더),11500468,63,59,51,20,18,15,11500468_F_PADarkSteel.gltf,11500468_f_padarksteel_d.png,11500468_f_padarksteel_c.png,0,
11500938,블랙 뱅가드 태싯 (스트라이커),11500468,63,59,51,20,18,15,11500468_F_PADarkSteel.gltf,11500468_f_padarksteel_d.png,11500468_f_padarksteel_c.png,0,
11500939,블랙 뱅가드 태싯 (소울바인더),11500468,63,59,51,20,18,15,11500468_F_PADarkSteel.gltf,11500468_f_padarksteel_d.png,11500468_f_padarksteel_c.png,0,
11500940,블랙퓨리티 래더 핏츠 (나이트),11500873,63,59,51,20,18,15,11500873_F_PADarkTutor.gltf,11500873_f_padarktutor_d.png,11500873_f_padarktutor_c.png,0,
11500941,블랙퓨리티 래더 핏츠 (버서커),11500873,63,59,51,20,18,15,11500873_F_PADarkTutor.gltf,11500873_f_padarktutor_d.png,11500873_f_padarktutor_c.png,0,
11500942,블랙퓨리티 래더 핏츠 (위자드),11500873,63,59,51,20,18,15,11500873_F_PADarkTutor.gltf,11500873_f_padarktutor_d.png,11500873_f_padarktutor_c.png,0,
11500943,블랙퓨리티 래더 핏츠 (프리스트),11500873,63,59,51,20,18,15,11500873_F_PADarkTutor.gltf,11500873_f_padarktutor_d.png,11500873_f_padarktutor_c.png,0,
11500944,블랙퓨리티 래더 핏츠 (레인저),11500873,63,59,51,20,18,15,11500873_F_PADarkTutor.gltf,11500873_f_padarktutor_d.png,11500873_f_padarktutor_c.png,0,
11500945,블랙퓨리티 래더 핏츠 (헤비거너),11500873,63,59,51,20,18,15,11500873_F_PADarkTutor.gltf,11500873_f_padarktutor_d.png,11500873_f_padarktutor_c.png,0,
11500946,블랙퓨리티 래더 핏츠 (시프),11500873,63,59,51,20,18,15,11500873_F_PADarkTutor.gltf,11500873_f_padarktutor_d.png,11500873_f_padarktutor_c.png,0,
11500947,블랙퓨리티 래더 핏츠 (어쌔신),11500873,63,59,51,20,18,15,11500873_F_PADarkTutor.gltf,11500873_f_padarktutor_d.png,11500873_f_padarktutor_c.png,0,
11500948,블랙퓨리티 래더 핏츠 (룬블레이더),11500873,63,59,51,20,18,15,11500873_F_PADarkTutor.gltf,11500873_f_padarktutor_d.png,11500873_f_padarktutor_c.png,0,
11500949,블랙퓨리티 래더 핏츠 (스트라이커),11500873,63,59,51,20,18,15,11500873_F_PADarkTutor.gltf,11500873_f_padarktutor_d.png,11500873_f_padarktutor_c.png,0,
11500950,블랙퓨리티 래더 핏츠 (소울바인더),11500873,63,59,51,20,18,15,11500873_F_PADarkTutor.gltf,11500873_f_padarktutor_d.png,11500873_f_padarktutor_c.png,0,
11500963,유치원 하의 (남),11500028,133,81,165,53,42,71,01500001_M_Preschool.gltf,01500001_m_preschool_d.png,01500001_m_preschool_c.png,0,
11500964,유치원 하의 (여),11500029,133,81,165,53,42,71,01500002_F_Preschool.gltf,01500002_f_preschool_d.png,01500002_f_preschool_c.png,0,
11500965,엘리트 어드벤쳐 배틀 사이드 (나이트),11509997,63,59,51,20,18,15,11500003_F_PASilverOrihalcon.gltf,11500003_f_pasilverorihalcon_d.png,11500003_f_pasilverorihalcon_d.png,0,
11500966,엘리트 어드벤쳐 배틀 사이드 (버서커),11509997,63,59,51,20,18,15,11500003_F_PASilverOrihalcon.gltf,11500003_f_pasilverorihalcon_d.png,11500003_f_pasilverorihalcon_d.png,0,
11500967,엘리트 어드벤쳐 배틀 사이드 (룬블레이더),11509997,63,59,51,20,18,15,11500003_F_PASilverOrihalcon.gltf,11500003_f_pasilverorihalcon_d.png,11500003_f_pasilverorihalcon_d.png,0,
11500968,엘리트 어드벤쳐 마샬 팬츠 (스트라이커),11500386,63,59,51,20,18,15,11500386_F_PAFighter07.gltf,11500386_c_pafighter07_d.png,11500386_c_pafighter07_c.png,0,
11500969,엘리트 어드벤쳐 마샬 팬츠 (소울바인더),11500386,63,59,51,20,18,15,11500386_F_PAFighter07.gltf,11500386_c_pafighter07_d.png,11500386_c_pafighter07_c.png,0,
11500971,디자인 반바지 (남),11500024,63,59,51,20,18,15,01500007_M_UGC01.gltf,01500007_m_ugc01_d.png,01500007_m_ugc01_d.png,0,
11500972,디자인 반바지 (여),11500025,63,59,51,20,18,15,01500008_F_UGC01.gltf,01500008_f_ugc01_d.png,01500008_f_ugc01_d.png,0,
11500979,안티크 에라곤 팬츠 (나이트),11500804,63,59,51,20,18,15,11500804_F_PADarkStream.gltf,11500804_c_padarkstream_d.png,11500804_c_padarkstream_d.png,0,
11500980,안티크 에라곤 팬츠 (버서커),11500804,63,59,51,20,18,15,11500804_F_PADarkStream.gltf,11500804_c_padarkstream_d.png,11500804_c_padarkstream_d.png,0,
11500981,안티크 에라곤 팬츠 (위자드),11500804,63,59,51,20,18,15,11500804_F_PADarkStream.gltf,11500804_c_padarkstream_d.png,11500804_c_padarkstream_d.png,0,
11500982,안티크 에라곤 팬츠 (프리스트),11500804,63,59,51,20,18,15,11500804_F_PADarkStream.gltf,11500804_c_padarkstream_d.png,11500804_c_padarkstream_d.png,0,
11500983,안티크 에라곤 팬츠 (레인저),11500804,63,59,51,20,18,15,11500804_F_PADarkStream.gltf,11500804_c_padarkstream_d.png,11500804_c_padarkstream_d.png,0,
11500984,안티크 에라곤 팬츠 (헤비거너),11500804,63,59,51,20,18,15,11500804_F_PADarkStream.gltf,11500804_c_padarkstream_d.png,11500804_c_padarkstream_d.png,0,
11500985,안티크 에라곤 팬츠 (시프),11500804,63,59,51,20,18,15,11500804_F_PADarkStream.gltf,11500804_c_padarkstream_d.png,11500804_c_padarkstream_d.png,0,
11500986,안티크 에라곤 팬츠 (어쌔신),11500804,63,59,51,20,18,15,11500804_F_PADarkStream.gltf,11500804_c_padarkstream_d.png,11500804_c_padarkstream_d.png,0,
11500987,안티크 에라곤 팬츠 (룬블레이더),11500804,63,59,51,20,18,15,11500804_F_PADarkStream.gltf,11500804_c_padarkstream_d.png,11500804_c_padarkstream_d.png,0,
11500988,안티크 에라곤 팬츠 (스트라이커),11500804,63,59,51,20,18,15,11500804_F_PADarkStream.gltf,11500804_c_padarkstream_d.png,11500804_c_padarkstream_d.png,0,
11500989,안티크 에라곤 팬츠 (소울바인더),11500804,63,59,51,20,18,15,11500804_F_PADarkStream.gltf,11500804_c_padarkstream_d.png,11500804_c_padarkstream_d.png,0,
11500990,타이렌 컴뱃 팬츠 (나이트),11500795,63,59,51,20,18,15,11500795_F_PAGiganTikaA01.gltf,11500795_c_pagigantikaa01_d.png,11500795_c_pagigantikaa01_c.png,0,
11500991,타이렌 컴뱃 팬츠 (버서커),11500795,63,59,51,20,18,15,11500795_F_PAGiganTikaA01.gltf,11500795_c_pagigantikaa01_d.png,11500795_c_pagigantikaa01_c.png,0,
11500992,타이렌 컴뱃 팬츠 (위자드),11500795,63,59,51,20,18,15,11500795_F_PAGiganTikaA01.gltf,11500795_c_pagigantikaa01_d.png,11500795_c_pagigantikaa01_c.png,0,
11500993,타이렌 컴뱃 팬츠 (프리스트),11500795,63,59,51,20,18,15,11500795_F_PAGiganTikaA01.gltf,11500795_c_pagigantikaa01_d.png,11500795_c_pagigantikaa01_c.png,0,
11500994,타이렌 컴뱃 팬츠 (레인저),11500795,63,59,51,20,18,15,11500795_F_PAGiganTikaA01.gltf,11500795_c_pagigantikaa01_d.png,11500795_c_pagigantikaa01_c.png,0,
11500995,타이렌 컴뱃 팬츠 (헤비거너),11500795,63,59,51,20,18,15,11500795_F_PAGiganTikaA01.gltf,11500795_c_pagigantikaa01_d.png,11500795_c_pagigantikaa01_c.png,0,
11500996,타이렌 컴뱃 팬츠 (시프),11500795,63,59,51,20,18,15,11500795_F_PAGiganTikaA01.gltf,11500795_c_pagigantikaa01_d.png,11500795_c_pagigantikaa01_c.png,0,
11500997,타이렌 컴뱃 팬츠 (어쌔신),11500795,63,59,51,20,18,15,11500795_F_PAGiganTikaA01.gltf,11500795_c_pagigantikaa01_d.png,11500795_c_pagigantikaa01_c.png,0,
11500998,타이렌 컴뱃 팬츠 (룬블레이더),11500795,63,59,51,20,18,15,11500795_F_PAGiganTikaA01.gltf,11500795_c_pagigantikaa01_d.png,11500795_c_pagigantikaa01_c.png,0,
11500999,타이렌 컴뱃 팬츠 (스트라이커),11500795,63,59,51,20,18,15,11500795_F_PAGiganTikaA01.gltf,11500795_c_pagigantikaa01_d.png,11500795_c_pagigantikaa01_c.png,0,
11501000,타이렌 컴뱃 팬츠 (소울바인더),11500795,63,59,51,20,18,15,11500795_F_PAGiganTikaA01.gltf,11500795_c_pagigantikaa01_d.png,11500795_c_pagigantikaa01_c.png,0,
11501012,타이렌 커맨더 컴뱃 팬츠 (나이트),11500796,63,59,51,20,18,15,11500796_F_PAGiganTikaA02.gltf,11500796_c_pagigantikaa02_d.png,11500796_c_pagigantikaa02_c.png,0,
11501013,타이렌 커맨더 컴뱃 팬츠 (버서커),11500796,63,59,51,20,18,15,11500796_F_PAGiganTikaA02.gltf,11500796_c_pagigantikaa02_d.png,11500796_c_pagigantikaa02_c.png,0,
11501014,타이렌 커맨더 컴뱃 팬츠 (위자드),11500796,63,59,51,20,18,15,11500796_F_PAGiganTikaA02.gltf,11500796_c_pagigantikaa02_d.png,11500796_c_pagigantikaa02_c.png,0,
11501015,타이렌 커맨더 컴뱃 팬츠 (프리스트),11500796,63,59,51,20,18,15,11500796_F_PAGiganTikaA02.gltf,11500796_c_pagigantikaa02_d.png,11500796_c_pagigantikaa02_c.png,0,
11501016,타이렌 커맨더 컴뱃 팬츠 (레인저),11500796,63,59,51,20,18,15,11500796_F_PAGiganTikaA02.gltf,11500796_c_pagigantikaa02_d.png,11500796_c_pagigantikaa02_c.png,0,
11501017,타이렌 커맨더 컴뱃 팬츠 (헤비거너),11500796,63,59,51,20,18,15,11500796_F_PAGiganTikaA02.gltf,11500796_c_pagigantikaa02_d.png,11500796_c_pagigantikaa02_c.png,0,
11501018,타이렌 커맨더 컴뱃 팬츠 (시프),11500796,63,59,51,20,18,15,11500796_F_PAGiganTikaA02.gltf,11500796_c_pagigantikaa02_d.png,11500796_c_pagigantikaa02_c.png,0,
11501019,타이렌 커맨더 컴뱃 팬츠 (어쌔신),11500796,63,59,51,20,18,15,11500796_F_PAGiganTikaA02.gltf,11500796_c_pagigantikaa02_d.png,11500796_c_pagigantikaa02_c.png,0,
11501020,타이렌 커맨더 컴뱃 팬츠 (룬블레이더),11500796,63,59,51,20,18,15,11500796_F_PAGiganTikaA02.gltf,11500796_c_pagigantikaa02_d.png,11500796_c_pagigantikaa02_c.png,0,
11501021,타이렌 커맨더 컴뱃 팬츠 (스트라이커),11500796,63,59,51,20,18,15,11500796_F_PAGiganTikaA02.gltf,11500796_c_pagigantikaa02_d.png,11500796_c_pagigantikaa02_c.png,0,
11501022,타이렌 커맨더 컴뱃 팬츠 (소울바인더),11500796,63,59,51,20,18,15,11500796_F_PAGiganTikaA02.gltf,11500796_c_pagigantikaa02_d.png,11500796_c_pagigantikaa02_c.png,0,
11501023,안티크 인페누크 팬츠 (나이트),11500843,63,59,51,20,18,15,11500843_F_PABalrogB02.gltf,11500843_c_pabalrogb02_d.png,11500843_c_pabalrogb02_c.png,0,
11501024,안티크 인페누크 팬츠 (버서커),11500843,63,59,51,20,18,15,11500843_F_PABalrogB02.gltf,11500843_c_pabalrogb02_d.png,11500843_c_pabalrogb02_c.png,0,
11501025,안티크 인페누크 팬츠 (위자드),11500843,63,59,51,20,18,15,11500843_F_PABalrogB02.gltf,11500843_c_pabalrogb02_d.png,11500843_c_pabalrogb02_c.png,0,
11501026,안티크 인페누크 팬츠 (프리스트),11500843,63,59,51,20,18,15,11500843_F_PABalrogB02.gltf,11500843_c_pabalrogb02_d.png,11500843_c_pabalrogb02_c.png,0,
11501027,안티크 인페누크 팬츠 (레인저),11500843,63,59,51,20,18,15,11500843_F_PABalrogB02.gltf,11500843_c_pabalrogb02_d.png,11500843_c_pabalrogb02_c.png,0,
11501028,안티크 인페누크 팬츠 (헤비거너),11500843,63,59,51,20,18,15,11500843_F_PABalrogB02.gltf,11500843_c_pabalrogb02_d.png,11500843_c_pabalrogb02_c.png,0,
11501029,안티크 인페누크 팬츠 (시프),11500843,63,59,51,20,18,15,11500843_F_PABalrogB02.gltf,11500843_c_pabalrogb02_d.png,11500843_c_pabalrogb02_c.png,0,
11501030,안티크 인페누크 팬츠 (어쌔신),11500843,63,59,51,20,18,15,11500843_F_PABalrogB02.gltf,11500843_c_pabalrogb02_d.png,11500843_c_pabalrogb02_c.png,0,
11501031,안티크 인페누크 팬츠 (룬블레이더),11500843,63,59,51,20,18,15,11500843_F_PABalrogB02.gltf,11500843_c_pabalrogb02_d.png,11500843_c_pabalrogb02_c.png,0,
11501032,안티크 인페누크 팬츠 (스트라이커),11500843,63,59,51,20,18,15,11500843_F_PABalrogB02.gltf,11500843_c_pabalrogb02_d.png,11500843_c_pabalrogb02_c.png,0,
11501033,안티크 인페누크 팬츠 (소울바인더),11500843,63,59,51,20,18,15,11500843_F_PABalrogB02.gltf,11500843_c_pabalrogb02_d.png,11500843_c_pabalrogb02_c.png,0,
11501034,파이어 프리즘 팬츠 (나이트),11500977,63,59,51,20,18,15,11500977_F_PAFirePrism.gltf,11500977_c_pafireprism_d.png,11500977_c_pafireprism_c.png,0,
11501035,파이어 프리즘 팬츠 (버서커),11500977,63,59,51,20,18,15,11500977_F_PAFirePrism.gltf,11500977_c_pafireprism_d.png,11500977_c_pafireprism_c.png,0,
11501036,파이어 프리즘 팬츠 (위자드),11500977,63,59,51,20,18,15,11500977_F_PAFirePrism.gltf,11500977_c_pafireprism_d.png,11500977_c_pafireprism_c.png,0,
11501037,파이어 프리즘 팬츠 (프리스트),11500977,63,59,51,20,18,15,11500977_F_PAFirePrism.gltf,11500977_c_pafireprism_d.png,11500977_c_pafireprism_c.png,0,
11501038,파이어 프리즘 팬츠 (레인저),11500977,63,59,51,20,18,15,11500977_F_PAFirePrism.gltf,11500977_c_pafireprism_d.png,11500977_c_pafireprism_c.png,0,
11501039,파이어 프리즘 팬츠 (헤비거너),11500977,63,59,51,20,18,15,11500977_F_PAFirePrism.gltf,11500977_c_pafireprism_d.png,11500977_c_pafireprism_c.png,0,
11501040,파이어 프리즘 팬츠 (시프),11500977,63,59,51,20,18,15,11500977_F_PAFirePrism.gltf,11500977_c_pafireprism_d.png,11500977_c_pafireprism_c.png,0,
11501041,파이어 프리즘 팬츠 (어쌔신),11500977,63,59,51,20,18,15,11500977_F_PAFirePrism.gltf,11500977_c_pafireprism_d.png,11500977_c_pafireprism_c.png,0,
11501042,파이어 프리즘 팬츠 (룬블레이더),11500977,63,59,51,20,18,15,11500977_F_PAFirePrism.gltf,11500977_c_pafireprism_d.png,11500977_c_pafireprism_c.png,0,
11501043,파이어 프리즘 팬츠 (스트라이커),11500977,63,59,51,20,18,15,11500977_F_PAFirePrism.gltf,11500977_c_pafireprism_d.png,11500977_c_pafireprism_c.png,0,
11501044,파이어 프리즘 팬츠 (소울바인더),11500977,63,59,51,20,18,15,11500977_F_PAFirePrism.gltf,11500977_c_pafireprism_d.png,11500977_c_pafireprism_c.png,0,
11501045,타이렌 로열 팬츠 (나이트),11500970,63,59,51,20,18,15,11500970_F_PALappenshad01.gltf,11500970_f_palappenshad01_d.png,11500970_c_palappenshad01_c.png,0,
11501046,타이렌 로열 팬츠 (버서커),11500970,63,59,51,20,18,15,11500970_F_PALappenshad01.gltf,11500970_f_palappenshad01_d.png,11500970_c_palappenshad01_c.png,0,
11501047,타이렌 로열 팬츠 (위자드),11500970,63,59,51,20,18,15,11500970_F_PALappenshad01.gltf,11500970_f_palappenshad01_d.png,11500970_c_palappenshad01_c.png,0,
11501048,타이렌 로열 팬츠 (프리스트),11500970,63,59,51,20,18,15,11500970_F_PALappenshad01.gltf,11500970_f_palappenshad01_d.png,11500970_c_palappenshad01_c.png,0,
11501049,타이렌 로열 팬츠 (레인저),11500970,63,59,51,20,18,15,11500970_F_PALappenshad01.gltf,11500970_f_palappenshad01_d.png,11500970_c_palappenshad01_c.png,0,
11501050,타이렌 로열 팬츠 (헤비거너),11500970,63,59,51,20,18,15,11500970_F_PALappenshad01.gltf,11500970_f_palappenshad01_d.png,11500970_c_palappenshad01_c.png,0,
11501051,타이렌 로열 팬츠 (시프),11500970,63,59,51,20,18,15,11500970_F_PALappenshad01.gltf,11500970_f_palappenshad01_d.png,11500970_c_palappenshad01_c.png,0,
11501052,타이렌 로열 팬츠 (어쌔신),11500970,63,59,51,20,18,15,11500970_F_PALappenshad01.gltf,11500970_f_palappenshad01_d.png,11500970_c_palappenshad01_c.png,0,
11501053,타이렌 로열 팬츠 (룬블레이더),11500970,63,59,51,20,18,15,11500970_F_PALappenshad01.gltf,11500970_f_palappenshad01_d.png,11500970_c_palappenshad01_c.png,0,
11501054,타이렌 로열 팬츠 (스트라이커),11500970,63,59,51,20,18,15,11500970_F_PALappenshad01.gltf,11500970_f_palappenshad01_d.png,11500970_c_palappenshad01_c.png,0,
11501055,타이렌 로열 팬츠 (소울바인더),11500970,63,59,51,20,18,15,11500970_F_PALappenshad01.gltf,11500970_f_palappenshad01_d.png,11500970_c_palappenshad01_c.png,0,
11501056,엘리트 어드벤쳐 배틀 사이드 (나이트),11509997,63,59,51,20,18,15,11500003_F_PASilverOrihalcon.gltf,11500003_f_pasilverorihalcon_d.png,11500003_f_pasilverorihalcon_d.png,0,
11501057,엘리트 어드벤쳐 배틀 사이드 (버서커),11509997,63,59,51,20,18,15,11500003_F_PASilverOrihalcon.gltf,11500003_f_pasilverorihalcon_d.png,11500003_f_pasilverorihalcon_d.png,0,
11501058,엘리트 어드벤쳐 배틀 사이드 (룬블레이더),11509997,63,59,51,20,18,15,11500003_F_PASilverOrihalcon.gltf,11500003_f_pasilverorihalcon_d.png,11500003_f_pasilverorihalcon_d.png,0,
11501059,엘리트 어드벤쳐 마샬 팬츠 (스트라이커),11500386,63,59,51,20,18,15,11500386_F_PAFighter07.gltf,11500386_c_pafighter07_d.png,11500386_c_pafighter07_c.png,0,
11501060,엘리트 어드벤쳐 마샬 팬츠 (소울바인더),11500386,63,59,51,20,18,15,11500386_F_PAFighter07.gltf,11500386_c_pafighter07_d.png,11500386_c_pafighter07_c.png,0,
11501061,메이플 연합 골든 파워 하의 (여),11501061,63,59,51,20,18,15,11500849_F_PAMapleUnion01.gltf,11500849_f_pamapleunion01_d.png,11500849_f_pamapleunion01_d.png,0,
11501062,그린후드 자경단 피오레 하의 (여),11501062,63,59,51,20,18,15,11500801_F_PAGreenHood01.gltf,11500801_f_pagreenhood01_d.png,11500801_f_pagreenhood01_d.png,0,
11501063,트라이아 근위대 리네아르 하의 (여),11501063,63,59,51,20,18,15,11500800_F_PATriaRoyalGuard01.gltf,11500800_c_patriaroyalguard01_d.png,11500800_c_patriaroyalguard01_d.png,0,
11501064,루미나이츠 오네스타 하의 (여),11501064,63,59,51,20,18,15,11500799_F_PALumiKnight01.gltf,11500799_c_palumiknight01_d.png,11500799_c_palumiknight01_d.png,0,
11501065,존엄의 하의,11500557,76,105,181,23,40,79,11500557_F_PAArenaA02.gltf,11500557_c_paarenaa02_d.png,11500556_c_paarenaa01_c.png,0,
11501066,다크윈드 아텐토 하의 (여),11501066,63,59,51,20,18,15,11500798_F_PADarkWind01.gltf,11500798_f_padarkwind01_d.png,11500798_f_padarkwind01_d.png,0,
11501067,강화된 품위의 전투 하의,11500556,63,59,51,20,18,15,11500556_F_PAArenaA01.gltf,11500556_c_paarenaa01_d.png,11500556_c_paarenaa01_c.png,0,
11501068,강화된 품위의 광란 하의,11500556,63,59,51,20,18,15,11500556_F_PAArenaA01.gltf,11500556_c_paarenaa01_d.png,11500556_c_paarenaa01_c.png,0,
11501069,강화된 품위의 마법 하의,11500556,63,59,51,20,18,15,11500556_F_PAArenaA01.gltf,11500556_c_paarenaa01_d.png,11500556_c_paarenaa01_c.png,0,
11501070,강화된 품위의 신성 하의,11500556,63,59,51,20,18,15,11500556_F_PAArenaA01.gltf,11500556_c_paarenaa01_d.png,11500556_c_paarenaa01_c.png,0,
11501071,강화된 품위의 집중 하의,11500556,63,59,51,20,18,15,11500556_F_PAArenaA01.gltf,11500556_c_paarenaa01_d.png,11500556_c_paarenaa01_c.png,0,
11501072,강화된 품위의 포격 하의,11500556,63,59,51,20,18,15,11500556_F_PAArenaA01.gltf,11500556_c_paarenaa01_d.png,11500556_c_paarenaa01_c.png,0,
11501073,강화된 품위의 혼란 하의,11500556,63,59,51,20,18,15,11500556_F_PAArenaA01.gltf,11500556_c_paarenaa01_d.png,11500556_c_paarenaa01_c.png,0,
11501074,강화된 품위의 암살 하의,11500556,63,59,51,20,18,15,11500556_F_PAArenaA01.gltf,11500556_c_paarenaa01_d.png,11500556_c_paarenaa01_c.png,0,
11501075,강화된 품위의 주술 하의,11500556,63,59,51,20,18,15,11500556_F_PAArenaA01.gltf,11500556_c_paarenaa01_d.png,11500556_c_paarenaa01_c.png,0,
11501076,강화된 품위의 난투 하의,11500556,63,59,51,20,18,15,11500556_F_PAArenaA01.gltf,11500556_c_paarenaa01_d.png,11500556_c_paarenaa01_c.png,0,
11501077,강화된 품위의 의식 하의,11500556,63,59,51,20,18,15,11500556_F_PAArenaA01.gltf,11500556_c_paarenaa01_d.png,11500556_c_paarenaa01_c.png,0,
11501079,에너제틱 스타 하의 (여),11501079,62,73,117,27,26,48,11501079_F_PAEnergeticStar.gltf,11501079_f_paenergeticstar_d.png,11501079_f_paenergeticstar_c.png,0,
11501086,견습 파티셰 하의 (남),11501086,170,47,47,96,19,19,11501086_M_PACook01.gltf,11501086_m_pacook01_d.png,11501086_m_pacook01_c.png,0,
11501087,견습 파티셰 하의 (여),11501087,170,47,47,96,19,19,11501087_F_PACook01.gltf,11501087_f_pacook01_d.png,11501087_f_pacook01_c.png,0,
11501090,성실한 모험가의 하의,11500001,63,59,51,20,18,15,11500001_F_BasicSportwearPants.gltf,11500001_f_basicsportwearpants_d.png,11500001_f_basicsportwearpants_c.png,0,
11501091,(PC방) 엘리트 어드벤쳐 배틀 사이드 (나이트),11509997,63,59,51,20,18,15,11500003_F_PASilverOrihalcon.gltf,11500003_f_pasilverorihalcon_d.png,11500003_f_pasilverorihalcon_d.png,0,
11501092,(PC방) 엘리트 어드벤쳐 배틀 사이드 (버서커),11509997,63,59,51,20,18,15,11500003_F_PASilverOrihalcon.gltf,11500003_f_pasilverorihalcon_d.png,11500003_f_pasilverorihalcon_d.png,0,
11501093,(PC방) 엘리트 어드벤쳐 배틀 사이드 (룬블레이더),11509997,63,59,51,20,18,15,11500003_F_PASilverOrihalcon.gltf,11500003_f_pasilverorihalcon_d.png,11500003_f_pasilverorihalcon_d.png,0,
11501094,(PC방) 엘리트 어드벤쳐 마샬 팬츠 (스트라이커),11500386,63,59,51,20,18,15,11500386_F_PAFighter07.gltf,11500386_c_pafighter07_d.png,11500386_c_pafighter07_c.png,0,
11501095,(PC방) 엘리트 어드벤쳐 마샬 팬츠 (소울바인더),11500386,63,59,51,20,18,15,11500386_F_PAFighter07.gltf,11500386_c_pafighter07_d.png,11500386_c_pafighter07_c.png,0,
11501096,낡은 투기장의 하의,11500556,63,59,51,20,18,15,11500556_F_PAArenaA01.gltf,11500556_c_paarenaa01_d.png,11500556_c_paarenaa01_c.png,0,
11501097,낡은 투기장의 하의,11500556,63,59,51,20,18,15,11500556_F_PAArenaA01.gltf,11500556_c_paarenaa01_d.png,11500556_c_paarenaa01_c.png,0,
11501098,낡은 투기장의 하의,11500556,63,59,51,20,18,15,11500556_F_PAArenaA01.gltf,11500556_c_paarenaa01_d.png,11500556_c_paarenaa01_c.png,0,
11501099,낡은 투기장의 하의,11500556,63,59,51,20,18,15,11500556_F_PAArenaA01.gltf,11500556_c_paarenaa01_d.png,11500556_c_paarenaa01_c.png,0,
11501100,낡은 투기장의 하의,11500556,63,59,51,20,18,15,11500556_F_PAArenaA01.gltf,11500556_c_paarenaa01_d.png,11500556_c_paarenaa01_c.png,0,
11501101,낡은 투기장의 하의,11500556,63,59,51,20,18,15,11500556_F_PAArenaA01.gltf,11500556_c_paarenaa01_d.png,11500556_c_paarenaa01_c.png,0,
11501102,낡은 투기장의 하의,11500556,63,59,51,20,18,15,11500556_F_PAArenaA01.gltf,11500556_c_paarenaa01_d.png,11500556_c_paarenaa01_c.png,0,
11501103,낡은 투기장의 하의,11500556,63,59,51,20,18,15,11500556_F_PAArenaA01.gltf,11500556_c_paarenaa01_d.png,11500556_c_paarenaa01_c.png,0,
11501104,낡은 투기장의 하의,11500556,63,59,51,20,18,15,11500556_F_PAArenaA01.gltf,11500556_c_paarenaa01_d.png,11500556_c_paarenaa01_c.png,0,
11501105,낡은 투기장의 하의,11500556,63,59,51,20,18,15,11500556_F_PAArenaA01.gltf,11500556_c_paarenaa01_d.png,11500556_c_paarenaa01_c.png,0,
11501106,낡은 투기장의 하의,11500556,63,59,51,20,18,15,11500556_F_PAArenaA01.gltf,11500556_c_paarenaa01_d.png,11500556_c_paarenaa01_c.png,0,
11501107,블랙 엠퍼러 하의 (나이트),11500974,63,59,51,20,18,15,11500974_F_PABlackEmperorArmor.gltf,11500974_c_pablackemperorarmor_d.png,11500974_c_pablackemperorarmor_c.png,0,
11501108,블랙 엠퍼러 하의 (버서커),11500974,63,59,51,20,18,15,11500974_F_PABlackEmperorArmor.gltf,11500974_c_pablackemperorarmor_d.png,11500974_c_pablackemperorarmor_c.png,0,
11501109,블랙 엠퍼러 하의 (위자드),11500974,63,59,51,20,18,15,11500974_F_PABlackEmperorArmor.gltf,11500974_c_pablackemperorarmor_d.png,11500974_c_pablackemperorarmor_c.png,0,
11501110,블랙 엠퍼러 하의 (프리스트),11500974,63,59,51,20,18,15,11500974_F_PABlackEmperorArmor.gltf,11500974_c_pablackemperorarmor_d.png,11500974_c_pablackemperorarmor_c.png,0,
11501111,블랙 엠퍼러 하의 (레인저),11500974,63,59,51,20,18,15,11500974_F_PABlackEmperorArmor.gltf,11500974_c_pablackemperorarmor_d.png,11500974_c_pablackemperorarmor_c.png,0,
11501112,블랙 엠퍼러 하의 (헤비거너),11500974,63,59,51,20,18,15,11500974_F_PABlackEmperorArmor.gltf,11500974_c_pablackemperorarmor_d.png,11500974_c_pablackemperorarmor_c.png,0,
11501113,블랙 엠퍼러 하의 (시프),11500974,63,59,51,20,18,15,11500974_F_PABlackEmperorArmor.gltf,11500974_c_pablackemperorarmor_d.png,11500974_c_pablackemperorarmor_c.png,0,
11501114,블랙 엠퍼러 하의 (어쌔신),11500974,63,59,51,20,18,15,11500974_F_PABlackEmperorArmor.gltf,11500974_c_pablackemperorarmor_d.png,11500974_c_pablackemperorarmor_c.png,0,
11501115,블랙 엠퍼러 하의 (룬블레이더),11500974,63,59,51,20,18,15,11500974_F_PABlackEmperorArmor.gltf,11500974_c_pablackemperorarmor_d.png,11500974_c_pablackemperorarmor_c.png,0,
11501116,블랙 엠퍼러 하의 (스트라이커),11500974,63,59,51,20,18,15,11500974_F_PABlackEmperorArmor.gltf,11500974_c_pablackemperorarmor_d.png,11500974_c_pablackemperorarmor_c.png,0,
11501117,블랙 엠퍼러 하의 (소울바인더),11500974,63,59,51,20,18,15,11500974_F_PABlackEmperorArmor.gltf,11500974_c_pablackemperorarmor_d.png,11500974_c_pablackemperorarmor_c.png,0,
11501118,크리스탈 샤인드 하의 (나이트),11500975,63,59,51,20,18,15,11500975_F_PACrystalShine.gltf,11500975_c_pacrystalshine_d.png,11500975_c_pacrystalshine_c.png,0,
11501119,크리스탈 샤인드 하의 (버서커),11500975,63,59,51,20,18,15,11500975_F_PACrystalShine.gltf,11500975_c_pacrystalshine_d.png,11500975_c_pacrystalshine_c.png,0,
11501120,크리스탈 샤인드 하의 (위자드),11500975,63,59,51,20,18,15,11500975_F_PACrystalShine.gltf,11500975_c_pacrystalshine_d.png,11500975_c_pacrystalshine_c.png,0,
11501121,크리스탈 샤인드 하의 (프리스트),11500975,63,59,51,20,18,15,11500975_F_PACrystalShine.gltf,11500975_c_pacrystalshine_d.png,11500975_c_pacrystalshine_c.png,0,
11501122,크리스탈 샤인드 하의 (레인저),11500975,63,59,51,20,18,15,11500975_F_PACrystalShine.gltf,11500975_c_pacrystalshine_d.png,11500975_c_pacrystalshine_c.png,0,
11501123,크리스탈 샤인드 하의 (헤비거너),11500975,63,59,51,20,18,15,11500975_F_PACrystalShine.gltf,11500975_c_pacrystalshine_d.png,11500975_c_pacrystalshine_c.png,0,
11501124,크리스탈 샤인드 하의 (시프),11500975,63,59,51,20,18,15,11500975_F_PACrystalShine.gltf,11500975_c_pacrystalshine_d.png,11500975_c_pacrystalshine_c.png,0,
11501125,크리스탈 샤인드 하의 (어쌔신),11500975,63,59,51,20,18,15,11500975_F_PACrystalShine.gltf,11500975_c_pacrystalshine_d.png,11500975_c_pacrystalshine_c.png,0,
11501126,크리스탈 샤인드 하의 (룬블레이더),11500975,63,59,51,20,18,15,11500975_F_PACrystalShine.gltf,11500975_c_pacrystalshine_d.png,11500975_c_pacrystalshine_c.png,0,
11501127,크리스탈 샤인드 하의 (스트라이커),11500975,63,59,51,20,18,15,11500975_F_PACrystalShine.gltf,11500975_c_pacrystalshine_d.png,11500975_c_pacrystalshine_c.png,0,
11501128,크리스탈 샤인드 하의 (소울바인더),11500975,63,59,51,20,18,15,11500975_F_PACrystalShine.gltf,11500975_c_pacrystalshine_d.png,11500975_c_pacrystalshine_c.png,0,
11501129,성실한 모험가의 하의 (30일),11500001,63,59,51,20,18,15,11500001_F_BasicSportwearPants.gltf,11500001_f_basicsportwearpants_d.png,11500001_f_basicsportwearpants_c.png,0,
11509997,오리할콘 하의,11509997,63,59,51,20,18,15,11500003_F_PASilverOrihalcon.gltf,11500003_f_pasilverorihalcon_d.png,11500003_f_pasilverorihalcon_d.png,0,
11509998,피닉스 하의,11509998,63,59,51,20,18,15,11500065_F_PAPhoenixPiette.gltf,11500065_f_paphoenixpiette_d.png,11500065_f_paphoenixpiette_c.png,0,
11509999,바이킹 하의,11509999,63,59,51,20,18,15,11500004_F_Viking.gltf,11500004_f_viking_d.png,11500004_f_viking_c.png,0,
11520036,(PC방) 승무원 하의,11500036,76,105,181,23,40,79,01500016_F_CrewSkirt.gltf,01500016_f_crewskirt_d.png,01500016_f_crewskirt_c.png,0,
11520045,(PC방) 트레이닝 팬츠,11500043,76,105,181,23,40,79,11550023_F_PATraining.gltf,11550023_f_patraining_d.png,11550023_f_patraining_c.png,0,
11520122,(PC방) 밴딩 배기 팬츠,11500122,76,105,181,23,40,79,11500123_F_PABandingBaggy.gltf,11500122_c_pabandingbaggy_d.png,11500122_c_pabandingbaggy_c.png,0,
11520137,견습 파티셰 하의 (남),11501086,170,47,47,96,19,19,11501086_M_PACook01.gltf,11501086_m_pacook01_d.png,11501086_m_pacook01_c.png,0,
11520138,견습 파티셰 하의 (여),11501087,170,47,47,96,19,19,11501087_F_PACook01.gltf,11501087_f_pacook01_d.png,11501087_f_pacook01_c.png,0,
11520147,해골 배기 팬츠 (남),11500038,63,59,51,20,18,15,01500017_M_SkeletonSkinny.gltf,01500017_m_skeletonskinny_d.png,01500017_m_skeletonskinny_c.png,0,
11520153,(PC방) 가죽 스키니 팬츠,11500153,63,59,51,20,18,15,11500154_F_LeatherSkinnyPants.gltf,11500154_f_leatherskinnypants_d.png,11500154_f_leatherskinnypants_d.png,0,
11520155,버블 바스 하의 (남),11500392,242,224,191,165,127,96,11500392_M_PABubbleUnder.gltf,11500392_c_pabubbleunder_d.png,11500392_c_pabubbleunder_c.png,0,
11520156,버블 바스 하의 (여),11500394,242,224,191,165,127,96,11500392_F_PABubbleUnder.gltf,11500392_c_pabubbleunder_d.png,11500392_c_pabubbleunder_c.png,0,
11520212,연청 숏팬츠 (남),11500212,63,59,51,20,18,15,11500212_M_LightBlueHotpants.gltf,11500212_m_lightbluehotpants_d.png,11500212_m_lightbluehotpants_d.png,0,
11520213,연청 숏팬츠 (여),11500213,63,59,51,20,18,15,11500213_F_LightBlueHotpants.gltf,11500213_f_lightbluehotpants.png,11500213_f_lightbluehotpants.png,0,
11520235,유치원 하의 (남),11500028,133,81,165,53,42,71,01500001_M_Preschool.gltf,01500001_m_preschool_d.png,01500001_m_preschool_c.png,0,
11520236,유치원 하의 (여),11500029,133,81,165,53,42,71,01500002_F_Preschool.gltf,01500002_f_preschool_d.png,01500002_f_preschool_c.png,0,
11520252,에너제틱 스타 하의 (여),11501079,62,73,117,27,26,48,11501079_F_PAEnergeticStar.gltf,11501079_f_paenergeticstar_d.png,11501079_f_paenergeticstar_c.png,0,
11520261,썸머 래쉬가드 하의 (남),11500391,126,204,247,72,94,168,11500391_M_PARashGuardSwim.gltf,11500391_m_parashguardswim_d.png,11500391_m_parashguardswim_c.png,0,
11520262,썸머 래쉬가드 하의 (여),11500393,255,168,203,205,86,106,11500391_F_PARashGuardSwim.gltf,11500391_f_parashguardswim_d.png,11500391_f_parashguardswim_c.png,0,
11520263,썸머 래쉬가드 하의 (남),11500391,126,204,247,72,94,168,11500391_M_PARashGuardSwim.gltf,11500391_m_parashguardswim_d.png,11500391_m_parashguardswim_c.png,0,
11520264,썸머 래쉬가드 하의 (여),11500393,255,168,203,205,86,106,11500391_F_PARashGuardSwim.gltf,11500391_f_parashguardswim_d.png,11500391_f_parashguardswim_c.png,0,
11520277,스터드 가죽 팬츠 (남),11500276,62,73,117,27,26,48,11500080_M_PAStuddedPants.gltf,11500080_m_pastuddedpants_d.png,11500080_m_pastuddedpants_c.png,0,
11520278,스터드 가죽 팬츠 (여),11500277,62,73,117,27,26,48,11500080_F_PAStuddedPants.gltf,11500080_f_pastuddedpants_d.png,11500080_f_pastuddedpants_c.png,0,
11520279,마린 하의 (남),11500034,62,73,117,27,26,48,01500013_M_MarineShort.gltf,01500013_m_marineshort_d.png,01500013_m_marineshort_c.png,0,
11520280,마린 하의 (여),11500035,62,73,117,27,26,48,01500014_F_MarineSkirt.gltf,01500014_f_marineskirt_d.png,01500014_f_marineskirt_c.png,0,
11520281,스터드 가죽 팬츠 (남),11500276,62,73,117,27,26,48,11500080_M_PAStuddedPants.gltf,11500080_m_pastuddedpants_d.png,11500080_m_pastuddedpants_c.png,0,
11520282,스터드 가죽 팬츠 (여),11500277,62,73,117,27,26,48,11500080_F_PAStuddedPants.gltf,11500080_f_pastuddedpants_d.png,11500080_f_pastuddedpants_c.png,0,
11520293,장교 바지 (남),11500263,63,59,51,20,18,15,11500263_M_PAOfficer.gltf,11500263_m_paofficer_d.png,11500263_m_paofficer_c.png,0,
11520294,장교 반바지 (여),11500264,63,59,51,20,18,15,11500264_F_PAOfficer.gltf,11500264_f_paofficer_d.png,11500264_f_paofficer_c.png,0,
11520295,장교 바지 (남),11500263,63,59,51,20,18,15,11500263_M_PAOfficer.gltf,11500263_m_paofficer_d.png,11500263_m_paofficer_c.png,0,
11520296,장교 반바지 (여),11500264,63,59,51,20,18,15,11500264_F_PAOfficer.gltf,11500264_f_paofficer_d.png,11500264_f_paofficer_c.png,0,
11520327,대미지 워싱 팬츠 (남),11520327,63,59,51,20,18,15,11500872_M_DamageDenimShorts.gltf,11500872_m_damagedenimshorts_d.png,11500872_m_damagedenimshorts_c.png,0,
11520328,대미지 워싱 핫팬츠 (여),11520328,63,59,51,20,18,15,11500815_F_PADamageDenimShorts.gltf,11500815_f_padamagedenimshorts_d.png,11500815_f_padamagedenimshorts_c.png,0,
11520329,성실한 모험가의 하의,11500001,63,59,51,20,18,15,11500001_F_BasicSportwearPants.gltf,11500001_f_basicsportwearpants_d.png,11500001_f_basicsportwearpants_c.png,0,
11520401,블랙 스니키 팬츠 (남),11500240,63,59,51,20,18,15,11500240_M_BlackSkinnyPants.gltf,11500240_m_blackskinnypants_d.png,11500240_m_blackskinnypants_d.png,0,
11520402,블랙 스니키 팬츠 (여),11500241,63,59,51,20,18,15,11500241_F_BlackSkinnyPants.gltf,11500241_f_blackskinnypants_d.png,11500241_f_blackskinnypants_d.png,0,
11520403,쿨 아이싱 진 (남),11500091,63,59,51,20,18,15,11500091_M_PACoolIce.gltf,11500091_m_pacoolice_d.png,11500091_m_pacoolice_d.png,0,
11520404,버튼 플레어 스커트 (여),11500121,133,81,165,53,42,71,11500121_F_PAButtonFlare.gltf,11500121_f_pabuttonflare_d.png,11500121_f_pabuttonflare_c.png,0,
11520405,체인 청바지 (남),11500021,63,59,51,20,18,15,01500011_M_ChainSkinny.gltf,01500011_m_chainskinny_d.png,01500011_m_chainskinny_d.png,0,
11520406,스키니 진 (여),11500045,170,47,47,96,19,19,11550024_F_PASkinnyJeans.gltf,11550024_f_paskinnyjeans_d.png,11550024_f_paskinnyjeans_c.png,0,
11520407,연청 반바지 (남),11500214,63,59,51,20,18,15,11500214_M_LightBlueShorts.gltf,11500214_m_lightblueshorts_d.png,11500214_m_lightblueshorts_d.png,0,
11520408,연청 반바지 (여),11500215,63,59,51,20,18,15,11500215_F_LightBlueShorts.gltf,11500215_f_lightblueshorts_d.png,11500215_f_lightblueshorts_d.png,0,
11520409,쿨 아이싱 진 (남),11500091,63,59,51,20,18,15,11500091_M_PACoolIce.gltf,11500091_m_pacoolice_d.png,11500091_m_pacoolice_d.png,0,
11520410,버튼 플레어 스커트 (여),11500121,133,81,165,53,42,71,11500121_F_PAButtonFlare.gltf,11500121_f_pabuttonflare_d.png,11500121_f_pabuttonflare_c.png,0,
11520480,스피릿 원 팬츠 (남),11500466,76,105,181,23,40,79,11500361_M_PASoulbinder05.gltf,11500361_c_pasoulbinder05_d.png,11500361_c_pasoulbinder05_c.png,0,
11520481,스피릿 원 팬츠 (여),11500467,76,105,181,23,40,79,11500361_F_PASoulbinder05.gltf,11500361_c_pasoulbinder05_d.png,11500361_c_pasoulbinder05_c.png,0,
11520482,메이플 연합 골든 파워 하의 (남),11500849,63,59,51,20,18,15,11500849_M_PAMapleUnion01.gltf,11500849_m_pamapleunion01_d.png,11500849_m_pamapleunion01_d.png,0,
11520483,메이플 연합 골든 파워 하의 (여),11501061,63,59,51,20,18,15,11500849_F_PAMapleUnion01.gltf,11500849_f_pamapleunion01_d.png,11500849_f_pamapleunion01_d.png,0,
11520484,트라이아 근위대 리네아르 하의 (남),11500800,63,59,51,20,18,15,11500800_F_PATriaRoyalGuard01.gltf,11500800_c_patriaroyalguard01_d.png,11500800_c_patriaroyalguard01_d.png,0,
11520485,트라이아 근위대 리네아르 하의 (여),11501063,63,59,51,20,18,15,11500800_F_PATriaRoyalGuard01.gltf,11500800_c_patriaroyalguard01_d.png,11500800_c_patriaroyalguard01_d.png,0,
11520486,그린후드 자경단 피오레 하의 (남),11500801,63,59,51,20,18,15,11500801_F_PAGreenHood01.gltf,11500801_f_pagreenhood01_d.png,11500801_f_pagreenhood01_d.png,0,
11520487,그린후드 자경단 피오레 하의 (여),11501062,63,59,51,20,18,15,11500801_F_PAGreenHood01.gltf,11500801_f_pagreenhood01_d.png,11500801_f_pagreenhood01_d.png,0,
11520488,루미나이츠 오네스타 하의 (남),11500799,63,59,51,20,18,15,11500799_F_PALumiKnight01.gltf,11500799_c_palumiknight01_d.png,11500799_c_palumiknight01_d.png,0,
11520489,루미나이츠 오네스타 하의 (여),11501064,63,59,51,20,18,15,11500799_F_PALumiKnight01.gltf,11500799_c_palumiknight01_d.png,11500799_c_palumiknight01_d.png,0,
11520490,다크윈드 아텐토 하의 (남),11500798,63,59,51,20,18,15,11500798_M_PADarkWind01.gltf,11500798_m_padarkwind01_d.png,11500798_m_padarkwind01_d.png,0,
11520491,다크윈드 아텐토 하의 (여),11501066,63,59,51,20,18,15,11500798_F_PADarkWind01.gltf,11500798_f_padarkwind01_d.png,11500798_f_padarkwind01_d.png,0,
11520492,메이플 연합 골든 파워 하의 (남),11500849,63,59,51,20,18,15,11500849_M_PAMapleUnion01.gltf,11500849_m_pamapleunion01_d.png,11500849_m_pamapleunion01_d.png,0,
11520493,메이플 연합 골든 파워 하의 (여),11501061,63,59,51,20,18,15,11500849_F_PAMapleUnion01.gltf,11500849_f_pamapleunion01_d.png,11500849_f_pamapleunion01_d.png,0,
11520494,트라이아 근위대 리네아르 하의 (남),11500800,63,59,51,20,18,15,11500800_F_PATriaRoyalGuard01.gltf,11500800_c_patriaroyalguard01_d.png,11500800_c_patriaroyalguard01_d.png,0,
11520495,트라이아 근위대 리네아르 하의 (여),11501063,63,59,51,20,18,15,11500800_F_PATriaRoyalGuard01.gltf,11500800_c_patriaroyalguard01_d.png,11500800_c_patriaroyalguard01_d.png,0,
11520496,승무원 하의 (남),11500036,76,105,181,23,40,79,01500015_M_CaptainPants.gltf,01500015_m_captainpants_d.png,01500015_m_captainpants_c.png,0,
11520497,승무원 하의 (여),11500037,76,105,181,23,40,79,01500016_F_CrewSkirt.gltf,01500016_f_crewskirt_d.png,01500016_f_crewskirt_c.png,0,
11520498,가죽 스키니 팬츠 (남),11500153,63,59,51,20,18,15,11500153_M_LeatherSkinnyPants.gltf,11500153_m_leatherskinnypants_d.png,11500153_m_leatherskinnypants_d.png,0,
11520499,가죽 스키니 팬츠 (여),11500154,63,59,51,20,18,15,11500154_F_LeatherSkinnyPants.gltf,11500154_f_leatherskinnypants_d.png,11500154_f_leatherskinnypants_d.png,0,
11520500,스포츠 레깅스 (남),11500108,76,105,181,23,40,79,11500108_M_PASportsLeggings.gltf,11500108_m_pasportsleggings_d.png,11500108_m_pasportsleggings_c.png,0,
11520501,스포츠 레깅스 (여),11500113,255,168,203,205,86,106,11500108_F_PASportsLeggings.gltf,11500108_f_pasportsleggings_d.png,11500108_f_pasportsleggings_c.png,0,
11520502,인디고 청바지 (남),11500042,63,59,51,20,18,15,11550029_M_PAIndigoJeans.gltf,11550029_m_indigojeans_d.png,11550029_m_indigojeans_d.png,0,
11520503,스키니 진 (여),11500045,170,47,47,96,19,19,11550024_F_PASkinnyJeans.gltf,11550024_f_paskinnyjeans_d.png,11550024_f_paskinnyjeans_c.png,0,
11520504,베이스볼 유니폼 하의 (남),11500462,62,73,117,27,26,48,11500462_M_PABaseball01.gltf,11500462_m_pabaseball01_d.png,11500462_m_pabaseball01_c.png,0,
11520505,베이스볼 유니폼 하의 (여),11500463,62,73,117,27,26,48,11500463_F_PABaseball01.gltf,11500463_f_pabaseball01_d.png,11500463_f_pabaseball01_c.png,0,
11520506,그린후드 자경단 피오레 하의 (남),11500801,63,59,51,20,18,15,11500801_F_PAGreenHood01.gltf,11500801_f_pagreenhood01_d.png,11500801_f_pagreenhood01_d.png,0,
11520507,그린후드 자경단 피오레 하의 (여),11501062,63,59,51,20,18,15,11500801_F_PAGreenHood01.gltf,11500801_f_pagreenhood01_d.png,11500801_f_pagreenhood01_d.png,0,
11520508,루미나이츠 오네스타 하의 (남),11500799,63,59,51,20,18,15,11500799_F_PALumiKnight01.gltf,11500799_c_palumiknight01_d.png,11500799_c_palumiknight01_d.png,0,
11520509,루미나이츠 오네스타 하의 (여),11501064,63,59,51,20,18,15,11500799_F_PALumiKnight01.gltf,11500799_c_palumiknight01_d.png,11500799_c_palumiknight01_d.png,0,
11520510,다크윈드 아텐토 하의 (남),11500798,63,59,51,20,18,15,11500798_M_PADarkWind01.gltf,11500798_m_padarkwind01_d.png,11500798_m_padarkwind01_d.png,0,
11520511,다크윈드 아텐토 하의 (여),11501066,63,59,51,20,18,15,11500798_F_PADarkWind01.gltf,11500798_f_padarkwind01_d.png,11500798_f_padarkwind01_d.png,0,
11520512,스피릿 원 팬츠 (남),11500466,76,105,181,23,40,79,11500361_M_PASoulbinder05.gltf,11500361_c_pasoulbinder05_d.png,11500361_c_pasoulbinder05_c.png,0,
11520513,스피릿 원 팬츠 (여),11500467,76,105,181,23,40,79,11500361_F_PASoulbinder05.gltf,11500361_c_pasoulbinder05_d.png,11500361_c_pasoulbinder05_c.png,0,
11520646,인페르노 갑옷 하의 (남),11500303,170,47,47,96,19,19,11500303_M_PAInferno.gltf,11500303_m_painferno_d.png,11500303_m_painferno_c.png,0,
11520647,인페르노 갑옷 하의 (여),11500304,170,47,47,96,19,19,11500304_F_PAInferno.gltf,11500304_f_painferno_d.png,11500304_f_painferno_c.png,0,
11520650,인페르노 갑옷 하의 (남),11500303,170,47,47,96,19,19,11500303_M_PAInferno.gltf,11500303_m_painferno_d.png,11500303_m_painferno_c.png,0,
11520651,인페르노 갑옷 하의 (여),11500304,170,47,47,96,19,19,11500304_F_PAInferno.gltf,11500304_f_painferno_d.png,11500304_f_painferno_c.png,0,
11530047,다크 스위프트 바지,11500047,63,59,51,20,18,15,11500042_F_PADarkSwiftPants.gltf,11500042_f_padarkswiftpants_d.png,11500042_f_padarkswiftpants_c.png,0,
11530053,쉐도우 스파이크 팬츠,11500053,63,59,51,20,18,15,11500053_F_ShadowSpike.gltf,11500053_f_shadowspike_d.png,11500053_f_shadowspike_c.png,0,
11530054,디멘티드 타이 가드,11500054,63,59,51,20,18,15,11500054_F_PADementedThighGuard.gltf,11500054_c_padementedthighguard_d.png,11500054_c_padementedthighguard_c.png,0,
11530075,스켈레톤 가드,11500075,63,59,51,20,18,15,11500075_F_PASkeletonGuard.gltf,11500075_c_paskeletonguard_d.png,11500075_c_paskeletonguard_c.png,0,
11530076,블러디 더스크 가드,11500076,63,59,51,20,18,15,11500076_F_PABloodyDuskGuard.gltf,11500076_f_pabloodyduskguard_d.png,11500076_f_pabloodyduskguard_c.png,0,
11530078,팬텀 팬츠,11500078,63,59,51,20,18,15,11500078_F_PAPhantomPants.gltf,11500078_f_paphantompants_d.png,11500078_f_paphantompants_c.png,0,
11530079,감시자 하의,11500079,63,59,51,20,18,15,11500079_F_PAGuardianPants.gltf,11500079_f_paguardianpants_d.png,11500079_f_paguardianpants_c.png,0,
11530280,흉포한 전사 하의,11500050,63,59,51,20,18,15,11500050_F_PAGoldenCrusadesPlate.gltf,11500050_c_pagoldencrusadesplate_d.png,11500050_c_pagoldencrusadesplate_c.png,0,
11530281,흉포한 도적 하의,11500017,63,59,51,20,18,15,11500035_F_PACrossPirate.gltf,11500035_f_pacrosspirate_d.png,11500035_f_pacrosspirate_c.png,0,
11530282,탐식의 스터드 팬츠,11500080,63,59,51,20,18,15,11500080_F_PAStuddedPants.gltf,11500080_f_pastuddedpants_d.png,11500080_f_pastuddedpants_c.png,0,
11530314,탐식의 트리밍 팬츠,11500307,63,59,51,20,18,15,11500307_F_PARuneBlader03.gltf,11500307_f_paruneblader03_d.png,11500307_f_paruneblader03_d.png,0,
11530315,새벽의 보이드 팬츠,11500308,63,59,51,20,18,15,11500308_F_PARuneBlader04.gltf,11500308_c_paruneblader04_d.png,11500308_c_paruneblader04_d.png,0,
11530424,흉포한 격투가 하의,11500385,63,59,51,20,18,15,11500385_F_PAFighter06.gltf,11500385_c_pafighter06_d.png,11500385_c_pafighter06_c.png,0,
11530425,탐식의 격투가 하의,11500388,63,59,51,20,18,15,11500388_F_PAFighter09.gltf,11500388_c_pafighter09_d.png,11500388_c_pafighter09_c.png,0,
11530426,새벽의 격투 하의,11500351,63,59,51,20,18,15,11500351_F_PAStriker01.gltf,11500351_c_pastriker01_d.png,11500351_c_pastriker01_c.png,0,
11530471,탐식의 기공사 하의,11500388,63,59,51,20,18,15,11500388_F_PAFighter09.gltf,11500388_c_pafighter09_d.png,11500388_c_pafighter09_c.png,0,
11530472,새벽의 기공 하의,11500357,63,59,51,20,18,15,11500357_F_PASoulbinder01.gltf,11500358_m_pasoulbinder02_d.png,11500358_m_pasoulbinder02_c.png,0,
11540280,빛나는 흉포의 전사 하의,11500050,63,59,51,20,18,15,11500050_F_PAGoldenCrusadesPlate.gltf,11500050_c_pagoldencrusadesplate_d.png,11500050_c_pagoldencrusadesplate_c.png,0,
11540281,빛나는 흉포의 도적 하의,11500017,63,59,51,20,18,15,11500035_F_PACrossPirate.gltf,11500035_f_pacrosspirate_d.png,11500035_f_pacrosspirate_c.png,0,
11540282,빛나는 탐식의 스터드 팬츠,11500080,63,59,51,20,18,15,11500080_F_PAStuddedPants.gltf,11500080_f_pastuddedpants_d.png,11500080_f_pastuddedpants_c.png,0,
11540314,빛나는 탐식의 트리밍 팬츠,11500307,63,59,51,20,18,15,11500307_F_PARuneBlader03.gltf,11500307_f_paruneblader03_d.png,11500307_f_paruneblader03_d.png,0,
11540317,룬의 전투 하의,11500299,63,59,51,20,18,15,11500299_F_PADragonScalesGuard.gltf,11500299_c_padragonscalesguard_d.png,11500299_c_padragonscalesguard_c.png,0,
11540318,룬의 광란 하의,11500299,63,59,51,20,18,15,11500299_F_PADragonScalesGuard.gltf,11500299_c_padragonscalesguard_d.png,11500299_c_padragonscalesguard_c.png,0,
11540319,룬의 마법 하의,11500300,63,59,51,20,18,15,11500300_F_PAAngelicTelaPants.gltf,11500300_c_paangelictelapants_d.png,11500300_c_paangelictelapants_c.png,0,
11540320,룬의 신성 하의,11500300,63,59,51,20,18,15,11500300_F_PAAngelicTelaPants.gltf,11500300_c_paangelictelapants_d.png,11500300_c_paangelictelapants_c.png,0,
11540321,룬의 집중 하의,11500301,63,59,51,20,18,15,11500301_F_PAPadlockCueroPants.gltf,11500301_f_papadlockcueropants_d.png,11500301_f_papadlockcueropants_d.png,0,
11540322,룬의 포격 하의,11500301,63,59,51,20,18,15,11500301_F_PAPadlockCueroPants.gltf,11500301_f_papadlockcueropants_d.png,11500301_f_papadlockcueropants_d.png,0,
11540323,룬의 혼란 하의,11500302,63,59,51,20,18,15,11500302_F_PABuckledStrapPants.gltf,11500302_c_pabuckledstrappants_d.png,11500302_c_pabuckledstrappants_c.png,0,
11540324,룬의 암살 하의,11500302,63,59,51,20,18,15,11500302_F_PABuckledStrapPants.gltf,11500302_c_pabuckledstrappants_d.png,11500302_c_pabuckledstrappants_c.png,0,
11540325,룬의 주술 하의,11500299,63,59,51,20,18,15,11500299_F_PADragonScalesGuard.gltf,11500299_c_padragonscalesguard_d.png,11500299_c_padragonscalesguard_c.png,0,
11540424,빛나는 흉포의 격투가 하의,11500385,63,59,51,20,18,15,11500385_F_PAFighter06.gltf,11500385_c_pafighter06_d.png,11500385_c_pafighter06_c.png,0,
11540425,빛나는 탐식의 격투가 하의,11500388,63,59,51,20,18,15,11500388_F_PAFighter09.gltf,11500388_c_pafighter09_d.png,11500388_c_pafighter09_c.png,0,
11540436,룬의 난투 하의,11500356,63,59,51,20,18,15,11500356_F_PAStriker06.gltf,11500356_c_pastriker06_d.png,11500356_c_pastriker06_c.png,0,
11540471,빛나는 탐식의 기공사 하의,11500388,63,59,51,20,18,15,11500388_F_PAFighter09.gltf,11500388_c_pafighter09_d.png,11500388_c_pafighter09_c.png,0,
11540479,룬의 의식 하의,11500362,63,59,51,20,18,15,11500362_F_PASoulbinder06.gltf,11500362_c_pasoulbinder06_d.png,11500362_c_pasoulbinder06_c.png,0,
11540485,정교한 전투 하의,11500344,63,59,51,20,18,15,11500344_F_PAWarriorClassSetPants01.gltf,11500344_c_pawarriorclasssetpants01_d.png,11500344_c_pawarriorclasssetpants01_c.png,0,
11540486,정교한 광란 하의,11500344,63,59,51,20,18,15,11500344_F_PAWarriorClassSetPants01.gltf,11500344_c_pawarriorclasssetpants01_d.png,11500344_c_pawarriorclasssetpants01_c.png,0,
11540487,정교한 마법 하의,11500345,63,59,51,20,18,15,11500345_F_PAMageClassSetPants01.gltf,11500345_c_pamageclasssetpants01_d.png,11500345_c_pamageclasssetpants01_c.png,0,
11540488,정교한 신성 하의,11500345,63,59,51,20,18,15,11500345_F_PAMageClassSetPants01.gltf,11500345_c_pamageclasssetpants01_d.png,11500345_c_pamageclasssetpants01_c.png,0,
11540489,정교한 집중 하의,11500346,63,59,51,20,18,15,11500346_F_PAHunterClassSetPants01.gltf,11500346_c_pahunterclasssetpants01_d.png,11500346_c_pahunterclasssetpants01_c.png,0,
11540490,정교한 포격 하의,11500346,63,59,51,20,18,15,11500346_F_PAHunterClassSetPants01.gltf,11500346_c_pahunterclasssetpants01_d.png,11500346_c_pahunterclasssetpants01_c.png,0,
11540491,정교한 혼란 하의,11500347,63,59,51,20,18,15,11500347_F_PABrigandClassSetPants01.gltf,11500347_f_pabrigandclasssetpants01_d.png,11500347_f_pabrigandclasssetpants01_c.png,0,
11540492,정교한 암살 하의,11500347,63,59,51,20,18,15,11500347_F_PABrigandClassSetPants01.gltf,11500347_f_pabrigandclasssetpants01_d.png,11500347_f_pabrigandclasssetpants01_c.png,0,
11540493,정교한 주술 하의,11500344,63,59,51,20,18,15,11500344_F_PAWarriorClassSetPants01.gltf,11500344_c_pawarriorclasssetpants01_d.png,11500344_c_pawarriorclasssetpants01_c.png,0,
11540494,정교한 난투 하의,11500461,63,59,51,20,18,15,11500461_F_PAFighter10.gltf,11500461_c_pafighter10_d.png,11500461_c_pafighter10_c.png,0,
11540495,정교한 의식 하의,11500461,63,59,51,20,18,15,11500461_F_PAFighter10.gltf,11500461_c_pafighter10_d.png,11500461_c_pafighter10_c.png,0,
11550280,빛나는 흉포의 전사 하의,11500050,63,59,51,20,18,15,11500050_F_PAGoldenCrusadesPlate.gltf,11500050_c_pagoldencrusadesplate_d.png,11500050_c_pagoldencrusadesplate_c.png,0,
11550281,빛나는 흉포의 도적 하의,11500017,63,59,51,20,18,15,11500035_F_PACrossPirate.gltf,11500035_f_pacrosspirate_d.png,11500035_f_pacrosspirate_c.png,0,
11550317,룬의 전투 하의,11500299,63,59,51,20,18,15,11500299_F_PADragonScalesGuard.gltf,11500299_c_padragonscalesguard_d.png,11500299_c_padragonscalesguard_c.png,0,
11550318,룬의 광란 하의,11500299,63,59,51,20,18,15,11500299_F_PADragonScalesGuard.gltf,11500299_c_padragonscalesguard_d.png,11500299_c_padragonscalesguard_c.png,0,
11550319,룬의 마법 하의,11500300,63,59,51,20,18,15,11500300_F_PAAngelicTelaPants.gltf,11500300_c_paangelictelapants_d.png,11500300_c_paangelictelapants_c.png,0,
11550320,룬의 신성 하의,11500300,63,59,51,20,18,15,11500300_F_PAAngelicTelaPants.gltf,11500300_c_paangelictelapants_d.png,11500300_c_paangelictelapants_c.png,0,
11550321,룬의 집중 하의,11500301,63,59,51,20,18,15,11500301_F_PAPadlockCueroPants.gltf,11500301_f_papadlockcueropants_d.png,11500301_f_papadlockcueropants_d.png,0,
11550322,룬의 포격 하의,11500301,63,59,51,20,18,15,11500301_F_PAPadlockCueroPants.gltf,11500301_f_papadlockcueropants_d.png,11500301_f_papadlockcueropants_d.png,0,
11550323,룬의 혼란 하의,11500302,63,59,51,20,18,15,11500302_F_PABuckledStrapPants.gltf,11500302_c_pabuckledstrappants_d.png,11500302_c_pabuckledstrappants_c.png,0,
11550324,룬의 암살 하의,11500302,63,59,51,20,18,15,11500302_F_PABuckledStrapPants.gltf,11500302_c_pabuckledstrappants_d.png,11500302_c_pabuckledstrappants_c.png,0,
11550325,룬의 주술 하의,11500299,63,59,51,20,18,15,11500299_F_PADragonScalesGuard.gltf,11500299_c_padragonscalesguard_d.png,11500299_c_padragonscalesguard_c.png,0,
11550326,광포한 전투 하의,11500791,63,59,51,20,18,15,11500791_F_PAFury.gltf,11500791_f_pafury_d.png,11500791_c_pafury_c.png,0,
11550327,광포한 광란 하의,11500791,63,59,51,20,18,15,11500791_F_PAFury.gltf,11500791_f_pafury_d.png,11500791_c_pafury_c.png,0,
11550328,광포한 혼란 하의,11500791,63,59,51,20,18,15,11500791_F_PAFury.gltf,11500791_f_pafury_d.png,11500791_c_pafury_c.png,0,
11550329,광포한 암살 하의,11500791,63,59,51,20,18,15,11500791_F_PAFury.gltf,11500791_f_pafury_d.png,11500791_c_pafury_c.png,0,
11550330,광포한 주술 하의,11500791,63,59,51,20,18,15,11500791_F_PAFury.gltf,11500791_f_pafury_d.png,11500791_c_pafury_c.png,0,
11550424,빛나는 흉포의 격투가 하의,11500385,63,59,51,20,18,15,11500385_F_PAFighter06.gltf,11500385_c_pafighter06_d.png,11500385_c_pafighter06_c.png,0,
11550432,광포한 난투 하의,11500791,63,59,51,20,18,15,11500791_F_PAFury.gltf,11500791_f_pafury_d.png,11500791_c_pafury_c.png,0,
11550475,광포한 의식 하의,11500791,63,59,51,20,18,15,11500791_F_PAFury.gltf,11500791_f_pafury_d.png,11500791_c_pafury_c.png,0,
11550479,룬의 의식 하의,11500362,63,59,51,20,18,15,11500362_F_PASoulbinder06.gltf,11500362_c_pasoulbinder06_d.png,11500362_c_pasoulbinder06_c.png,0,
11550827,광포한 마법 하의,11500791,63,59,51,20,18,15,11500791_F_PAFury.gltf,11500791_f_pafury_d.png,11500791_c_pafury_c.png,0,
11550828,광포한 신성 하의,11500791,63,59,51,20,18,15,11500791_F_PAFury.gltf,11500791_f_pafury_d.png,11500791_c_pafury_c.png,0,
11550829,광포한 집중 하의,11500791,63,59,51,20,18,15,11500791_F_PAFury.gltf,11500791_f_pafury_d.png,11500791_c_pafury_c.png,0,
11550830,광포한 포격 하의,11500791,63,59,51,20,18,15,11500791_F_PAFury.gltf,11500791_f_pafury_d.png,11500791_c_pafury_c.png,0,
11550846,불안정한 힘의 전사 하의,11509997,63,59,51,20,18,15,11500003_F_PASilverOrihalcon.gltf,11500003_f_pasilverorihalcon_d.png,11500003_f_pasilverorihalcon_d.png,0,
11550847,불안정한 힘의 격투가 하의,11500386,63,59,51,20,18,15,11500386_F_PAFighter07.gltf,11500386_c_pafighter07_d.png,11500386_c_pafighter07_c.png,0,
11550848,불안정한 힘의 기공사 하의,11500386,63,59,51,20,18,15,11500386_F_PAFighter07.gltf,11500386_c_pafighter07_d.png,11500386_c_pafighter07_c.png,0,
11550850,브라이트 스타의 전투 하의,11500519,63,59,51,20,18,15,11500519_F_PABrightStar.gltf,11500519_c_pabrightstar_d.png,11500519_c_pabrightstar_c.png,0,
11550851,브라이트 스타의 광란 하의,11500519,63,59,51,20,18,15,11500519_F_PABrightStar.gltf,11500519_c_pabrightstar_d.png,11500519_c_pabrightstar_c.png,0,
11550852,브라이트 스타의 마법 하의,11500519,63,59,51,20,18,15,11500519_F_PABrightStar.gltf,11500519_c_pabrightstar_d.png,11500519_c_pabrightstar_c.png,0,
11550853,브라이트 스타의 신성 하의,11500519,63,59,51,20,18,15,11500519_F_PABrightStar.gltf,11500519_c_pabrightstar_d.png,11500519_c_pabrightstar_c.png,0,
11550854,브라이트 스타의 집중 하의,11500519,63,59,51,20,18,15,11500519_F_PABrightStar.gltf,11500519_c_pabrightstar_d.png,11500519_c_pabrightstar_c.png,0,
11550855,브라이트 스타의 포격 하의,11500519,63,59,51,20,18,15,11500519_F_PABrightStar.gltf,11500519_c_pabrightstar_d.png,11500519_c_pabrightstar_c.png,0,
11550856,브라이트 스타의 혼란 하의,11500519,63,59,51,20,18,15,11500519_F_PABrightStar.gltf,11500519_c_pabrightstar_d.png,11500519_c_pabrightstar_c.png,0,
11550857,브라이트 스타의 암살 하의,11500519,63,59,51,20,18,15,11500519_F_PABrightStar.gltf,11500519_c_pabrightstar_d.png,11500519_c_pabrightstar_c.png,0,
11550858,브라이트 스타의 주술 하의,11500519,63,59,51,20,18,15,11500519_F_PABrightStar.gltf,11500519_c_pabrightstar_d.png,11500519_c_pabrightstar_c.png,0,
11550859,브라이트 스타의 난투 하의,11500519,63,59,51,20,18,15,11500519_F_PABrightStar.gltf,11500519_c_pabrightstar_d.png,11500519_c_pabrightstar_c.png,0,
11550860,브라이트 스타의 의식 하의,11500519,63,59,51,20,18,15,11500519_F_PABrightStar.gltf,11500519_c_pabrightstar_d.png,11500519_c_pabrightstar_c.png,0,
11550861,크림슨 발록의 전투 하의,11500797,63,59,51,20,18,15,11500797_F_PABalrogB01.gltf,11500797_c_pabalrogb01_d.png,11500797_c_pabalrogb01_c.png,0,
11550862,크림슨 발록의 광란 하의,11500797,63,59,51,20,18,15,11500797_F_PABalrogB01.gltf,11500797_c_pabalrogb01_d.png,11500797_c_pabalrogb01_c.png,0,
11550863,크림슨 발록의 마법 하의,11500797,63,59,51,20,18,15,11500797_F_PABalrogB01.gltf,11500797_c_pabalrogb01_d.png,11500797_c_pabalrogb01_c.png,0,
11550864,크림슨 발록의 신성 하의,11500797,63,59,51,20,18,15,11500797_F_PABalrogB01.gltf,11500797_c_pabalrogb01_d.png,11500797_c_pabalrogb01_c.png,0,
11550865,크림슨 발록의 집중 하의,11500797,63,59,51,20,18,15,11500797_F_PABalrogB01.gltf,11500797_c_pabalrogb01_d.png,11500797_c_pabalrogb01_c.png,0,
11550866,크림슨 발록의 포격 하의,11500797,63,59,51,20,18,15,11500797_F_PABalrogB01.gltf,11500797_c_pabalrogb01_d.png,11500797_c_pabalrogb01_c.png,0,
11550867,크림슨 발록의 혼란 하의,11500797,63,59,51,20,18,15,11500797_F_PABalrogB01.gltf,11500797_c_pabalrogb01_d.png,11500797_c_pabalrogb01_c.png,0,
11550868,크림슨 발록의 암살 하의,11500797,63,59,51,20,18,15,11500797_F_PABalrogB01.gltf,11500797_c_pabalrogb01_d.png,11500797_c_pabalrogb01_c.png,0,
11550869,크림슨 발록의 주술 하의,11500797,63,59,51,20,18,15,11500797_F_PABalrogB01.gltf,11500797_c_pabalrogb01_d.png,11500797_c_pabalrogb01_c.png,0,
11550870,크림슨 발록의 난투 하의,11500797,63,59,51,20,18,15,11500797_F_PABalrogB01.gltf,11500797_c_pabalrogb01_d.png,11500797_c_pabalrogb01_c.png,0,
11550871,크림슨 발록의 의식 하의,11500797,63,59,51,20,18,15,11500797_F_PABalrogB01.gltf,11500797_c_pabalrogb01_d.png,11500797_c_pabalrogb01_c.png,0,
11560075,불멸의 스켈레톤 가드,11500075,63,59,51,20,18,15,11500075_F_PASkeletonGuard.gltf,11500075_c_paskeletonguard_d.png,11500075_c_paskeletonguard_c.png,0,
11560076,불멸의 블러디 더스크 가드,11500076,63,59,51,20,18,15,11500076_F_PABloodyDuskGuard.gltf,11500076_f_pabloodyduskguard_d.png,11500076_f_pabloodyduskguard_c.png,0,
11560078,불멸의 팬텀 팬츠,11500078,63,59,51,20,18,15,11500078_F_PAPhantomPants.gltf,11500078_f_paphantompants_d.png,11500078_f_paphantompants_c.png,0,
11560079,불멸의 감시자 하의,11500079,63,59,51,20,18,15,11500079_F_PAGuardianPants.gltf,11500079_f_paguardianpants_d.png,11500079_f_paguardianpants_c.png,0,
11560315,불멸의 보이드 팬츠,11500308,63,59,51,20,18,15,11500308_F_PARuneBlader04.gltf,11500308_c_paruneblader04_d.png,11500308_c_paruneblader04_d.png,0,
11560424,복제된 흉포의 격투가 하의,11500385,63,59,51,20,18,15,11500385_F_PAFighter06.gltf,11500385_c_pafighter06_d.png,11500385_c_pafighter06_c.png,0,
11560426,불멸의 격투 하의,11500351,63,59,51,20,18,15,11500351_F_PAStriker01.gltf,11500351_c_pastriker01_d.png,11500351_c_pastriker01_c.png,0,
11560472,불멸의 기공 하의,11500357,63,59,51,20,18,15,11500357_F_PASoulbinder01.gltf,11500358_m_pasoulbinder02_d.png,11500358_m_pasoulbinder02_c.png,0,
11560705,리버스 나이트 템플레깅스,11500688,63,59,51,20,18,15,11500688_F_PAReverseRaidA01.gltf,11500688_c_pareverseraida01_d.png,11500688_c_pareverseraida01_c.png,0,
11560706,리버스 버서커 템플레깅스,11500688,63,59,51,20,18,15,11500688_F_PAReverseRaidA01.gltf,11500688_c_pareverseraida01_d.png,11500688_c_pareverseraida01_c.png,0,
11560707,리버스 위자드 템플레깅스,11500688,63,59,51,20,18,15,11500688_F_PAReverseRaidA01.gltf,11500688_c_pareverseraida01_d.png,11500688_c_pareverseraida01_c.png,0,
11560708,리버스 프리스트 템플레깅스,11500688,63,59,51,20,18,15,11500688_F_PAReverseRaidA01.gltf,11500688_c_pareverseraida01_d.png,11500688_c_pareverseraida01_c.png,0,
11560709,리버스 레인저 템플레깅스,11500688,63,59,51,20,18,15,11500688_F_PAReverseRaidA01.gltf,11500688_c_pareverseraida01_d.png,11500688_c_pareverseraida01_c.png,0,
11560710,리버스 헤비거너 템플레깅스,11500688,63,59,51,20,18,15,11500688_F_PAReverseRaidA01.gltf,11500688_c_pareverseraida01_d.png,11500688_c_pareverseraida01_c.png,0,
11560711,리버스 시프 템플레깅스,11500688,63,59,51,20,18,15,11500688_F_PAReverseRaidA01.gltf,11500688_c_pareverseraida01_d.png,11500688_c_pareverseraida01_c.png,0,
11560712,리버스 어쌔신 템플레깅스,11500688,63,59,51,20,18,15,11500688_F_PAReverseRaidA01.gltf,11500688_c_pareverseraida01_d.png,11500688_c_pareverseraida01_c.png,0,
11560713,리버스 블레이더 템플레깅스,11500688,63,59,51,20,18,15,11500688_F_PAReverseRaidA01.gltf,11500688_c_pareverseraida01_d.png,11500688_c_pareverseraida01_c.png,0,
11560714,리버스 스트라이커 템플레깅스,11500688,63,59,51,20,18,15,11500688_F_PAReverseRaidA01.gltf,11500688_c_pareverseraida01_d.png,11500688_c_pareverseraida01_c.png,0,
11560715,리버스 소울바인더 템플레깅스,11500688,63,59,51,20,18,15,11500688_F_PAReverseRaidA01.gltf,11500688_c_pareverseraida01_d.png,11500688_c_pareverseraida01_c.png,0,
11560818,불멸의 에네스 하의,11500818,63,59,51,20,18,15,11500818_F_PAEnes.gltf,11500818_f_paenes_d.png,11500818_f_paenes_c.png,0,
11560819,불멸의 세비어즈 하의,11500819,63,59,51,20,18,15,11500819_F_PASaviors.gltf,11500819_f_pasaviorscoat_d.png,11500819_f_pasaviorscoat_c.png,0,
11560820,불멸의 파일럿 하의,11500820,63,59,51,20,18,15,11500820_F_PAPilot.gltf,11500820_f_papilot_d.png,11500820_f_papilot_c.png,0,
11560874,타이드 캡틴 팬츠 (나이트),11500553,63,59,51,20,18,15,11500461_F_PAPirate.gltf,11500461_f_papirate_d.png,11500461_f_papirate_c.png,0,
11560875,타이드 캡틴 팬츠 (버서커),11500553,63,59,51,20,18,15,11500461_F_PAPirate.gltf,11500461_f_papirate_d.png,11500461_f_papirate_c.png,0,
11560876,타이드 캡틴 팬츠 (위자드),11500553,63,59,51,20,18,15,11500461_F_PAPirate.gltf,11500461_f_papirate_d.png,11500461_f_papirate_c.png,0,
11560877,타이드 캡틴 팬츠 (프리스트),11500553,63,59,51,20,18,15,11500461_F_PAPirate.gltf,11500461_f_papirate_d.png,11500461_f_papirate_c.png,0,
11560878,타이드 캡틴 팬츠 (레인저),11500553,63,59,51,20,18,15,11500461_F_PAPirate.gltf,11500461_f_papirate_d.png,11500461_f_papirate_c.png,0,
11560879,타이드 캡틴 팬츠 (헤비거너),11500553,63,59,51,20,18,15,11500461_F_PAPirate.gltf,11500461_f_papirate_d.png,11500461_f_papirate_c.png,0,
11560880,타이드 캡틴 팬츠 (시프),11500553,63,59,51,20,18,15,11500461_F_PAPirate.gltf,11500461_f_papirate_d.png,11500461_f_papirate_c.png,0,
11560881,타이드 캡틴 팬츠 (어쌔신),11500553,63,59,51,20,18,15,11500461_F_PAPirate.gltf,11500461_f_papirate_d.png,11500461_f_papirate_c.png,0,
11560882,타이드 캡틴 팬츠 (룬블레이더),11500553,63,59,51,20,18,15,11500461_F_PAPirate.gltf,11500461_f_papirate_d.png,11500461_f_papirate_c.png,0,
11560883,타이드 캡틴 팬츠 (스트라이커),11500553,63,59,51,20,18,15,11500461_F_PAPirate.gltf,11500461_f_papirate_d.png,11500461_f_papirate_c.png,0,
11560884,타이드 캡틴 팬츠 (소울바인더),11500553,63,59,51,20,18,15,11500461_F_PAPirate.gltf,11500461_f_papirate_d.png,11500461_f_papirate_c.png,0,
11560885,프론티어 레깅스 (나이트),11500520,63,59,51,20,18,15,11500520_F_PAEmerald.gltf,11500520_f_paemerald_d.png,11500520_f_paemerald_c.png,0,
11560886,프론티어 레깅스 (버서커),11500520,63,59,51,20,18,15,11500520_F_PAEmerald.gltf,11500520_f_paemerald_d.png,11500520_f_paemerald_c.png,0,
11560887,프론티어 레깅스 (위자드),11500520,63,59,51,20,18,15,11500520_F_PAEmerald.gltf,11500520_f_paemerald_d.png,11500520_f_paemerald_c.png,0,
11560888,프론티어 레깅스 (프리스트),11500520,63,59,51,20,18,15,11500520_F_PAEmerald.gltf,11500520_f_paemerald_d.png,11500520_f_paemerald_c.png,0,
11560889,프론티어 레깅스 (레인저),11500520,63,59,51,20,18,15,11500520_F_PAEmerald.gltf,11500520_f_paemerald_d.png,11500520_f_paemerald_c.png,0,
11560890,프론티어 레깅스 (헤비거너),11500520,63,59,51,20,18,15,11500520_F_PAEmerald.gltf,11500520_f_paemerald_d.png,11500520_f_paemerald_c.png,0,
11560891,프론티어 레깅스 (시프),11500520,63,59,51,20,18,15,11500520_F_PAEmerald.gltf,11500520_f_paemerald_d.png,11500520_f_paemerald_c.png,0,
11560892,프론티어 레깅스 (어쌔신),11500520,63,59,51,20,18,15,11500520_F_PAEmerald.gltf,11500520_f_paemerald_d.png,11500520_f_paemerald_c.png,0,
11560893,프론티어 레깅스 (룬블레이더),11500520,63,59,51,20,18,15,11500520_F_PAEmerald.gltf,11500520_f_paemerald_d.png,11500520_f_paemerald_c.png,0,
11560894,프론티어 레깅스 (스트라이커),11500520,63,59,51,20,18,15,11500520_F_PAEmerald.gltf,11500520_f_paemerald_d.png,11500520_f_paemerald_c.png,0,
11560895,프론티어 레깅스 (소울바인더),11500520,63,59,51,20,18,15,11500520_F_PAEmerald.gltf,11500520_f_paemerald_d.png,11500520_f_paemerald_c.png,0,
11560896,윙드 데몬 레그 아머 (나이트),11500518,63,59,51,20,18,15,11500518_F_PADragon.gltf,11500518_f_padragon_d.png,11500518_f_padragon_c.png,0,
11560897,윙드 데몬 레그 아머 (버서커),11500518,63,59,51,20,18,15,11500518_F_PADragon.gltf,11500518_f_padragon_d.png,11500518_f_padragon_c.png,0,
11560898,윙드 데몬 레그 아머 (위자드),11500518,63,59,51,20,18,15,11500518_F_PADragon.gltf,11500518_f_padragon_d.png,11500518_f_padragon_c.png,0,
11560899,윙드 데몬 레그 아머 (프리스트),11500518,63,59,51,20,18,15,11500518_F_PADragon.gltf,11500518_f_padragon_d.png,11500518_f_padragon_c.png,0,
11560900,윙드 데몬 레그 아머 (레인저),11500518,63,59,51,20,18,15,11500518_F_PADragon.gltf,11500518_f_padragon_d.png,11500518_f_padragon_c.png,0,
11560901,윙드 데몬 레그 아머 (헤비거너),11500518,63,59,51,20,18,15,11500518_F_PADragon.gltf,11500518_f_padragon_d.png,11500518_f_padragon_c.png,0,
11560902,윙드 데몬 레그 아머 (시프),11500518,63,59,51,20,18,15,11500518_F_PADragon.gltf,11500518_f_padragon_d.png,11500518_f_padragon_c.png,0,
11560903,윙드 데몬 레그 아머 (어쌔신),11500518,63,59,51,20,18,15,11500518_F_PADragon.gltf,11500518_f_padragon_d.png,11500518_f_padragon_c.png,0,
11560904,윙드 데몬 레그 아머 (룬블레이더),11500518,63,59,51,20,18,15,11500518_F_PADragon.gltf,11500518_f_padragon_d.png,11500518_f_padragon_c.png,0,
11560905,윙드 데몬 레그 아머 (스트라이커),11500518,63,59,51,20,18,15,11500518_F_PADragon.gltf,11500518_f_padragon_d.png,11500518_f_padragon_c.png,0,
11560906,윙드 데몬 레그 아머 (소울바인더),11500518,63,59,51,20,18,15,11500518_F_PADragon.gltf,11500518_f_padragon_d.png,11500518_f_padragon_c.png,0,
11560907,베히모스 스킨 팬츠 (나이트),11500792,63,59,51,20,18,15,11500792_F_PAVehement.gltf,11500792_c_pavehement_d.png,11500792_c_pavehement_c.png,0,
11560908,베히모스 스킨 팬츠 (버서커),11500792,63,59,51,20,18,15,11500792_F_PAVehement.gltf,11500792_c_pavehement_d.png,11500792_c_pavehement_c.png,0,
11560909,베히모스 스킨 팬츠 (위자드),11500792,63,59,51,20,18,15,11500792_F_PAVehement.gltf,11500792_c_pavehement_d.png,11500792_c_pavehement_c.png,0,
11560910,베히모스 스킨 팬츠 (프리스트),11500792,63,59,51,20,18,15,11500792_F_PAVehement.gltf,11500792_c_pavehement_d.png,11500792_c_pavehement_c.png,0,
11560911,베히모스 스킨 팬츠 (레인저),11500792,63,59,51,20,18,15,11500792_F_PAVehement.gltf,11500792_c_pavehement_d.png,11500792_c_pavehement_c.png,0,
11560912,베히모스 스킨 팬츠 (헤비거너),11500792,63,59,51,20,18,15,11500792_F_PAVehement.gltf,11500792_c_pavehement_d.png,11500792_c_pavehement_c.png,0,
11560913,베히모스 스킨 팬츠 (시프),11500792,63,59,51,20,18,15,11500792_F_PAVehement.gltf,11500792_c_pavehement_d.png,11500792_c_pavehement_c.png,0,
11560914,베히모스 스킨 팬츠 (어쌔신),11500792,63,59,51,20,18,15,11500792_F_PAVehement.gltf,11500792_c_pavehement_d.png,11500792_c_pavehement_c.png,0,
11560915,베히모스 스킨 팬츠 (룬블레이더),11500792,63,59,51,20,18,15,11500792_F_PAVehement.gltf,11500792_c_pavehement_d.png,11500792_c_pavehement_c.png,0,
11560916,베히모스 스킨 팬츠 (스트라이커),11500792,63,59,51,20,18,15,11500792_F_PAVehement.gltf,11500792_c_pavehement_d.png,11500792_c_pavehement_c.png,0,
11560917,베히모스 스킨 팬츠 (소울바인더),11500792,63,59,51,20,18,15,11500792_F_PAVehement.gltf,11500792_c_pavehement_d.png,11500792_c_pavehement_c.png,0,
11560918,에일리온 사이드 스커트 (나이트),11500677,63,59,51,20,18,15,11500677_F_PAReverseRaidA02.gltf,11500677_c_pareverseraida02_d.png,11500677_c_pareverseraida02_c.png,0,
11560919,에일리온 사이드 스커트 (버서커),11500677,63,59,51,20,18,15,11500677_F_PAReverseRaidA02.gltf,11500677_c_pareverseraida02_d.png,11500677_c_pareverseraida02_c.png,0,
11560920,에일리온 사이드 스커트 (위자드),11500677,63,59,51,20,18,15,11500677_F_PAReverseRaidA02.gltf,11500677_c_pareverseraida02_d.png,11500677_c_pareverseraida02_c.png,0,
11560921,에일리온 사이드 스커트 (프리스트),11500677,63,59,51,20,18,15,11500677_F_PAReverseRaidA02.gltf,11500677_c_pareverseraida02_d.png,11500677_c_pareverseraida02_c.png,0,
11560922,에일리온 사이드 스커트 (레인저),11500677,63,59,51,20,18,15,11500677_F_PAReverseRaidA02.gltf,11500677_c_pareverseraida02_d.png,11500677_c_pareverseraida02_c.png,0,
11560923,에일리온 사이드 스커트 (헤비거너),11500677,63,59,51,20,18,15,11500677_F_PAReverseRaidA02.gltf,11500677_c_pareverseraida02_d.png,11500677_c_pareverseraida02_c.png,0,
11560924,에일리온 사이드 스커트 (시프),11500677,63,59,51,20,18,15,11500677_F_PAReverseRaidA02.gltf,11500677_c_pareverseraida02_d.png,11500677_c_pareverseraida02_c.png,0,
11560925,에일리온 사이드 스커트 (어쌔신),11500677,63,59,51,20,18,15,11500677_F_PAReverseRaidA02.gltf,11500677_c_pareverseraida02_d.png,11500677_c_pareverseraida02_c.png,0,
11560926,에일리온 사이드 스커트 (룬블레이더),11500677,63,59,51,20,18,15,11500677_F_PAReverseRaidA02.gltf,11500677_c_pareverseraida02_d.png,11500677_c_pareverseraida02_c.png,0,
11560927,에일리온 사이드 스커트 (스트라이커),11500677,63,59,51,20,18,15,11500677_F_PAReverseRaidA02.gltf,11500677_c_pareverseraida02_d.png,11500677_c_pareverseraida02_c.png,0,
11560928,에일리온 사이드 스커트 (소울바인더),11500677,63,59,51,20,18,15,11500677_F_PAReverseRaidA02.gltf,11500677_c_pareverseraida02_d.png,11500677_c_pareverseraida02_c.png,0,
11560929,블랙 뱅가드 태싯 (나이트),11500468,63,59,51,20,18,15,11500468_F_PADarkSteel.gltf,11500468_f_padarksteel_d.png,11500468_f_padarksteel_c.png,0,
11560930,블랙 뱅가드 태싯 (버서커),11500468,63,59,51,20,18,15,11500468_F_PADarkSteel.gltf,11500468_f_padarksteel_d.png,11500468_f_padarksteel_c.png,0,
11560931,블랙 뱅가드 태싯 (위자드),11500468,63,59,51,20,18,15,11500468_F_PADarkSteel.gltf,11500468_f_padarksteel_d.png,11500468_f_padarksteel_c.png,0,
11560932,블랙 뱅가드 태싯 (프리스트),11500468,63,59,51,20,18,15,11500468_F_PADarkSteel.gltf,11500468_f_padarksteel_d.png,11500468_f_padarksteel_c.png,0,
11560933,블랙 뱅가드 태싯 (레인저),11500468,63,59,51,20,18,15,11500468_F_PADarkSteel.gltf,11500468_f_padarksteel_d.png,11500468_f_padarksteel_c.png,0,
11560934,블랙 뱅가드 태싯 (헤비거너),11500468,63,59,51,20,18,15,11500468_F_PADarkSteel.gltf,11500468_f_padarksteel_d.png,11500468_f_padarksteel_c.png,0,
11560935,블랙 뱅가드 태싯 (시프),11500468,63,59,51,20,18,15,11500468_F_PADarkSteel.gltf,11500468_f_padarksteel_d.png,11500468_f_padarksteel_c.png,0,
11560936,블랙 뱅가드 태싯 (어쌔신),11500468,63,59,51,20,18,15,11500468_F_PADarkSteel.gltf,11500468_f_padarksteel_d.png,11500468_f_padarksteel_c.png,0,
11560937,블랙 뱅가드 태싯 (룬블레이더),11500468,63,59,51,20,18,15,11500468_F_PADarkSteel.gltf,11500468_f_padarksteel_d.png,11500468_f_padarksteel_c.png,0,
11560938,블랙 뱅가드 태싯 (스트라이커),11500468,63,59,51,20,18,15,11500468_F_PADarkSteel.gltf,11500468_f_padarksteel_d.png,11500468_f_padarksteel_c.png,0,
11560939,블랙 뱅가드 태싯 (소울바인더),11500468,63,59,51,20,18,15,11500468_F_PADarkSteel.gltf,11500468_f_padarksteel_d.png,11500468_f_padarksteel_c.png,0,
11560940,블랙퓨리티 래더 핏츠 (나이트),11500873,63,59,51,20,18,15,11500873_F_PADarkTutor.gltf,11500873_f_padarktutor_d.png,11500873_f_padarktutor_c.png,0,
11560941,블랙퓨리티 래더 핏츠 (버서커),11500873,63,59,51,20,18,15,11500873_F_PADarkTutor.gltf,11500873_f_padarktutor_d.png,11500873_f_padarktutor_c.png,0,
11560942,블랙퓨리티 래더 핏츠 (위자드),11500873,63,59,51,20,18,15,11500873_F_PADarkTutor.gltf,11500873_f_padarktutor_d.png,11500873_f_padarktutor_c.png,0,
11560943,블랙퓨리티 래더 핏츠 (프리스트),11500873,63,59,51,20,18,15,11500873_F_PADarkTutor.gltf,11500873_f_padarktutor_d.png,11500873_f_padarktutor_c.png,0,
11560944,블랙퓨리티 래더 핏츠 (레인저),11500873,63,59,51,20,18,15,11500873_F_PADarkTutor.gltf,11500873_f_padarktutor_d.png,11500873_f_padarktutor_c.png,0,
11560945,블랙퓨리티 래더 핏츠 (헤비거너),11500873,63,59,51,20,18,15,11500873_F_PADarkTutor.gltf,11500873_f_padarktutor_d.png,11500873_f_padarktutor_c.png,0,
11560946,블랙퓨리티 래더 핏츠 (시프),11500873,63,59,51,20,18,15,11500873_F_PADarkTutor.gltf,11500873_f_padarktutor_d.png,11500873_f_padarktutor_c.png,0,
11560947,블랙퓨리티 래더 핏츠 (어쌔신),11500873,63,59,51,20,18,15,11500873_F_PADarkTutor.gltf,11500873_f_padarktutor_d.png,11500873_f_padarktutor_c.png,0,
11560948,블랙퓨리티 래더 핏츠 (룬블레이더),11500873,63,59,51,20,18,15,11500873_F_PADarkTutor.gltf,11500873_f_padarktutor_d.png,11500873_f_padarktutor_c.png,0,
11560949,블랙퓨리티 래더 핏츠 (스트라이커),11500873,63,59,51,20,18,15,11500873_F_PADarkTutor.gltf,11500873_f_padarktutor_d.png,11500873_f_padarktutor_c.png,0,
11560950,블랙퓨리티 래더 핏츠 (소울바인더),11500873,63,59,51,20,18,15,11500873_F_PADarkTutor.gltf,11500873_f_padarktutor_d.png,11500873_f_padarktutor_c.png,0,
11561039,강화된 품위의 전투 하의,11500556,63,59,51,20,18,15,11500556_F_PAArenaA01.gltf,11500556_c_paarenaa01_d.png,11500556_c_paarenaa01_c.png,0,
11561040,강화된 품위의 광란 하의,11500556,63,59,51,20,18,15,11500556_F_PAArenaA01.gltf,11500556_c_paarenaa01_d.png,11500556_c_paarenaa01_c.png,0,
11561041,강화된 품위의 마법 하의,11500556,63,59,51,20,18,15,11500556_F_PAArenaA01.gltf,11500556_c_paarenaa01_d.png,11500556_c_paarenaa01_c.png,0,
11561042,강화된 품위의 신성 하의,11500556,63,59,51,20,18,15,11500556_F_PAArenaA01.gltf,11500556_c_paarenaa01_d.png,11500556_c_paarenaa01_c.png,0,
11561043,강화된 품위의 집중 하의,11500556,63,59,51,20,18,15,11500556_F_PAArenaA01.gltf,11500556_c_paarenaa01_d.png,11500556_c_paarenaa01_c.png,0,
11561044,강화된 품위의 포격 하의,11500556,63,59,51,20,18,15,11500556_F_PAArenaA01.gltf,11500556_c_paarenaa01_d.png,11500556_c_paarenaa01_c.png,0,
11561045,강화된 품위의 혼란 하의,11500556,63,59,51,20,18,15,11500556_F_PAArenaA01.gltf,11500556_c_paarenaa01_d.png,11500556_c_paarenaa01_c.png,0,
11561046,강화된 품위의 암살 하의,11500556,63,59,51,20,18,15,11500556_F_PAArenaA01.gltf,11500556_c_paarenaa01_d.png,11500556_c_paarenaa01_c.png,0,
11561047,강화된 품위의 주술 하의,11500556,63,59,51,20,18,15,11500556_F_PAArenaA01.gltf,11500556_c_paarenaa01_d.png,11500556_c_paarenaa01_c.png,0,
11561048,강화된 품위의 난투 하의,11500556,63,59,51,20,18,15,11500556_F_PAArenaA01.gltf,11500556_c_paarenaa01_d.png,11500556_c_paarenaa01_c.png,0,
11561049,강화된 품위의 의식 하의,11500556,63,59,51,20,18,15,11500556_F_PAArenaA01.gltf,11500556_c_paarenaa01_d.png,11500556_c_paarenaa01_c.png,0,
11570047,다크 스위프트 바지,11500047,63,59,51,20,18,15,11500042_F_PADarkSwiftPants.gltf,11500042_f_padarkswiftpants_d.png,11500042_f_padarkswiftpants_c.png,0,
11570053,쉐도우 스파이크 팬츠,11500053,63,59,51,20,18,15,11500053_F_ShadowSpike.gltf,11500053_f_shadowspike_d.png,11500053_f_shadowspike_c.png,0,
11570054,디멘티드 타이 가드,11500054,63,59,51,20,18,15,11500054_F_PADementedThighGuard.gltf,11500054_c_padementedthighguard_d.png,11500054_c_padementedthighguard_c.png,0,
11570075,스켈레톤 가드,11500075,63,59,51,20,18,15,11500075_F_PASkeletonGuard.gltf,11500075_c_paskeletonguard_d.png,11500075_c_paskeletonguard_c.png,0,
11570076,블러디 더스크 가드,11500076,63,59,51,20,18,15,11500076_F_PABloodyDuskGuard.gltf,11500076_f_pabloodyduskguard_d.png,11500076_f_pabloodyduskguard_c.png,0,
11570078,팬텀 팬츠,11500078,63,59,51,20,18,15,11500078_F_PAPhantomPants.gltf,11500078_f_paphantompants_d.png,11500078_f_paphantompants_c.png,0,
11570079,감시자 하의,11500079,63,59,51,20,18,15,11500079_F_PAGuardianPants.gltf,11500079_f_paguardianpants_d.png,11500079_f_paguardianpants_c.png,0,
11570280,희미하게 흉포한 전사 하의,11500050,63,59,51,20,18,15,11500050_F_PAGoldenCrusadesPlate.gltf,11500050_c_pagoldencrusadesplate_d.png,11500050_c_pagoldencrusadesplate_c.png,0,
11570281,희미하게 흉포한 도적 하의,11500017,63,59,51,20,18,15,11500035_F_PACrossPirate.gltf,11500035_f_pacrosspirate_d.png,11500035_f_pacrosspirate_c.png,0,
11570315,새벽의 보이드 팬츠,11500308,63,59,51,20,18,15,11500308_F_PARuneBlader04.gltf,11500308_c_paruneblader04_d.png,11500308_c_paruneblader04_d.png,0,
11570316,검은 불꽃의 데크 팬츠,11500309,63,59,51,20,18,15,11500309_F_PARuneBlader05.gltf,11500309_c_paruneblader05_d.png,11500309_c_paruneblader05_d.png,0,
11570424,희미하게 흉포한 격투가 하의,11500385,63,59,51,20,18,15,11500385_F_PAFighter06.gltf,11500385_c_pafighter06_d.png,11500385_c_pafighter06_c.png,0,
11570426,새벽의 격투 하의,11500351,63,59,51,20,18,15,11500351_F_PAStriker01.gltf,11500351_c_pastriker01_d.png,11500351_c_pastriker01_c.png,0,
11570427,검은 불꽃의 격투 하의,11500354,63,59,51,20,18,15,11500354_F_PAStriker04.gltf,11500354_c_pastriker04_d.png,11500354_c_pastriker04_c.png,0,
11570472,새벽의 기공 하의,11500357,63,59,51,20,18,15,11500357_F_PASoulbinder01.gltf,11500358_m_pasoulbinder02_d.png,11500358_m_pasoulbinder02_c.png,0,
11570473,검은 불꽃의 기공 하의,11500360,63,59,51,20,18,15,11500360_F_PASoulbinder04.gltf,11500360_c_pasoulbinder04_d.png,11500360_c_pasoulbinder04_c.png,0,
11570846,불안정한 힘의 전사 하의,11509997,63,59,51,20,18,15,11500003_F_PASilverOrihalcon.gltf,11500003_f_pasilverorihalcon_d.png,11500003_f_pasilverorihalcon_d.png,0,
11570847,불안정한 힘의 격투가 하의,11500386,63,59,51,20,18,15,11500386_F_PAFighter07.gltf,11500386_c_pafighter07_d.png,11500386_c_pafighter07_c.png,0,
11570848,불안정한 힘의 기공사 하의,11500386,63,59,51,20,18,15,11500386_F_PAFighter07.gltf,11500386_c_pafighter07_d.png,11500386_c_pafighter07_c.png,0,
11580075,불멸의 스켈레톤 가드,11500075,63,59,51,20,18,15,11500075_F_PASkeletonGuard.gltf,11500075_c_paskeletonguard_d.png,11500075_c_paskeletonguard_c.png,0,
11580076,불멸의 블러디 더스크 가드,11500076,63,59,51,20,18,15,11500076_F_PABloodyDuskGuard.gltf,11500076_f_pabloodyduskguard_d.png,11500076_f_pabloodyduskguard_c.png,0,
11580078,불멸의 팬텀 팬츠,11500078,63,59,51,20,18,15,11500078_F_PAPhantomPants.gltf,11500078_f_paphantompants_d.png,11500078_f_paphantompants_c.png,0,
11580079,불멸의 감시자 하의,11500079,63,59,51,20,18,15,11500079_F_PAGuardianPants.gltf,11500079_f_paguardianpants_d.png,11500079_f_paguardianpants_c.png,0,
11580280,흉포의 전사 하의,11500050,63,59,51,20,18,15,11500050_F_PAGoldenCrusadesPlate.gltf,11500050_c_pagoldencrusadesplate_d.png,11500050_c_pagoldencrusadesplate_c.png,0,
11580281,흉포의 도적 하의,11500017,63,59,51,20,18,15,11500035_F_PACrossPirate.gltf,11500035_f_pacrosspirate_d.png,11500035_f_pacrosspirate_c.png,0,
11580282,탐식의 스터드 팬츠,11500080,63,59,51,20,18,15,11500080_F_PAStuddedPants.gltf,11500080_f_pastuddedpants_d.png,11500080_f_pastuddedpants_c.png,0,
11580314,탐식의 트리밍 팬츠,11500307,63,59,51,20,18,15,11500307_F_PARuneBlader03.gltf,11500307_f_paruneblader03_d.png,11500307_f_paruneblader03_d.png,0,
11580315,불멸의 보이드 팬츠,11500308,63,59,51,20,18,15,11500308_F_PARuneBlader04.gltf,11500308_c_paruneblader04_d.png,11500308_c_paruneblader04_d.png,0,
11580424,흉포의 격투가 하의,11500385,63,59,51,20,18,15,11500385_F_PAFighter06.gltf,11500385_c_pafighter06_d.png,11500385_c_pafighter06_c.png,0,
11580425,탐식의 격투가 하의,11500388,63,59,51,20,18,15,11500388_F_PAFighter09.gltf,11500388_c_pafighter09_d.png,11500388_c_pafighter09_c.png,0,
11580426,불멸의 격투 하의,11500351,63,59,51,20,18,15,11500351_F_PAStriker01.gltf,11500351_c_pastriker01_d.png,11500351_c_pastriker01_c.png,0,
11580471,탐식의 기공사 하의,11500388,63,59,51,20,18,15,11500388_F_PAFighter09.gltf,11500388_c_pafighter09_d.png,11500388_c_pafighter09_c.png,0,
11580472,불멸의 기공 하의,11500357,63,59,51,20,18,15,11500357_F_PASoulbinder01.gltf,11500358_m_pasoulbinder02_d.png,11500358_m_pasoulbinder02_c.png,0,
11580705,리버스 템플레깅스,11500688,63,59,51,20,18,15,11500688_F_PAReverseRaidA01.gltf,11500688_c_pareverseraida01_d.png,11500688_c_pareverseraida01_c.png,0,
11580947,엘리트 어드벤쳐 배틀 사이드 (나이트),11509997,63,59,51,20,18,15,11500003_F_PASilverOrihalcon.gltf,11500003_f_pasilverorihalcon_d.png,11500003_f_pasilverorihalcon_d.png,0,
11580948,엘리트 어드벤쳐 배틀 사이드 (버서커),11509997,63,59,51,20,18,15,11500003_F_PASilverOrihalcon.gltf,11500003_f_pasilverorihalcon_d.png,11500003_f_pasilverorihalcon_d.png,0,
11580949,엘리트 어드벤쳐 배틀 사이드 (룬블레이더),11509997,63,59,51,20,18,15,11500003_F_PASilverOrihalcon.gltf,11500003_f_pasilverorihalcon_d.png,11500003_f_pasilverorihalcon_d.png,0,
11580950,엘리트 어드벤쳐 마샬 팬츠 (스트라이커),11500386,63,59,51,20,18,15,11500386_F_PAFighter07.gltf,11500386_c_pafighter07_d.png,11500386_c_pafighter07_c.png,0,
11580951,엘리트 어드벤쳐 마샬 팬츠 (소울바인더),11500386,63,59,51,20,18,15,11500386_F_PAFighter07.gltf,11500386_c_pafighter07_d.png,11500386_c_pafighter07_c.png,0,
11581045,타이렌 로열 팬츠,11500970,63,59,51,20,18,15,11500970_F_PALappenshad01.gltf,11500970_f_palappenshad01_d.png,11500970_c_palappenshad01_c.png,0,
11590047,다크 스위프트 바지,11500047,63,59,51,20,18,15,11500042_F_PADarkSwiftPants.gltf,11500042_f_padarkswiftpants_d.png,11500042_f_padarkswiftpants_c.png,0,
11590053,쉐도우 스파이크 팬츠,11500053,63,59,51,20,18,15,11500053_F_ShadowSpike.gltf,11500053_f_shadowspike_d.png,11500053_f_shadowspike_c.png,0,
11590054,디멘티드 타이 가드,11500054,63,59,51,20,18,15,11500054_F_PADementedThighGuard.gltf,11500054_c_padementedthighguard_d.png,11500054_c_padementedthighguard_c.png,0,
11590075,스켈레톤 가드,11500075,63,59,51,20,18,15,11500075_F_PASkeletonGuard.gltf,11500075_c_paskeletonguard_d.png,11500075_c_paskeletonguard_c.png,0,
11590076,블러디 더스크 가드,11500076,63,59,51,20,18,15,11500076_F_PABloodyDuskGuard.gltf,11500076_f_pabloodyduskguard_d.png,11500076_f_pabloodyduskguard_c.png,0,
11590078,팬텀 팬츠,11500078,63,59,51,20,18,15,11500078_F_PAPhantomPants.gltf,11500078_f_paphantompants_d.png,11500078_f_paphantompants_c.png,0,
11590079,감시자 하의,11500079,63,59,51,20,18,15,11500079_F_PAGuardianPants.gltf,11500079_f_paguardianpants_d.png,11500079_f_paguardianpants_c.png,0,
11590101,블랙 다이너스 하의,11500087,63,59,51,20,18,15,11500050_F_PAGoldenCrusadesPlate.gltf,11500050_c_pagoldencrusadesplate_d.png,11500050_c_pagoldencrusadesplate_c.png,0,
11590107,포어 마스트 하의,11500088,63,59,51,20,18,15,11500035_F_PACrossPirate.gltf,11500035_f_pacrosspirate_d.png,11500035_f_pacrosspirate_c.png,0,
11590175,캡틴 모크의 하의,11500047,63,59,51,20,18,15,11500042_F_PADarkSwiftPants.gltf,11500042_f_padarkswiftpants_d.png,11500042_f_padarkswiftpants_c.png,0,
11590280,흉포한 전사 하의,11500050,63,59,51,20,18,15,11500050_F_PAGoldenCrusadesPlate.gltf,11500050_c_pagoldencrusadesplate_d.png,11500050_c_pagoldencrusadesplate_c.png,0,
11590281,흉포한 도적 하의,11500017,63,59,51,20,18,15,11500035_F_PACrossPirate.gltf,11500035_f_pacrosspirate_d.png,11500035_f_pacrosspirate_c.png,0,
11590295,난폭한 영혼의 하의,11500789,63,59,51,20,18,15,11500789_F_PAViolent.gltf,11500789_f_paviolent_d.png,11500789_c_paviolent_c.png,0,
11590296,핏빛 선장의 하의,11500047,63,59,51,20,18,15,11500042_F_PADarkSwiftPants.gltf,11500042_f_padarkswiftpants_d.png,11500042_f_padarkswiftpants_c.png,0,
11590312,난폭한 파멸의 하의,11500789,63,59,51,20,18,15,11500789_F_PAViolent.gltf,11500789_f_paviolent_d.png,11500789_c_paviolent_c.png,0,
11590315,새벽의 보이드 팬츠,11500308,63,59,51,20,18,15,11500308_F_PARuneBlader04.gltf,11500308_c_paruneblader04_d.png,11500308_c_paruneblader04_d.png,0,
11590316,검은 불꽃의 데크 팬츠,11500309,63,59,51,20,18,15,11500309_F_PARuneBlader05.gltf,11500309_c_paruneblader05_d.png,11500309_c_paruneblader05_d.png,0,
11590317,루미 드 코르 가드,11500299,63,59,51,20,18,15,11500299_F_PADragonScalesGuard.gltf,11500299_c_padragonscalesguard_d.png,11500299_c_padragonscalesguard_c.png,0,
11590318,루미 드 라비에르 가드,11500299,63,59,51,20,18,15,11500299_F_PADragonScalesGuard.gltf,11500299_c_padragonscalesguard_d.png,11500299_c_padragonscalesguard_c.png,0,
11590319,루미 드 마기아 팬츠,11500300,63,59,51,20,18,15,11500300_F_PAAngelicTelaPants.gltf,11500300_c_paangelictelapants_d.png,11500300_c_paangelictelapants_c.png,0,
11590320,루미 드 데우스 팬츠,11500300,63,59,51,20,18,15,11500300_F_PAAngelicTelaPants.gltf,11500300_c_paangelictelapants_d.png,11500300_c_paangelictelapants_c.png,0,
11590321,루미 드 테로 팬츠,11500301,63,59,51,20,18,15,11500301_F_PAPadlockCueroPants.gltf,11500301_f_papadlockcueropants_d.png,11500301_f_papadlockcueropants_d.png,0,
11590322,루미 드 리브라토 팬츠,11500301,63,59,51,20,18,15,11500301_F_PAPadlockCueroPants.gltf,11500301_f_papadlockcueropants_d.png,11500301_f_papadlockcueropants_d.png,0,
11590323,루미 드 에레보스 팬츠,11500302,63,59,51,20,18,15,11500302_F_PABuckledStrapPants.gltf,11500302_c_pabuckledstrappants_d.png,11500302_c_pabuckledstrappants_c.png,0,
11590324,루미 드 시카 팬츠,11500302,63,59,51,20,18,15,11500302_F_PABuckledStrapPants.gltf,11500302_c_pabuckledstrappants_d.png,11500302_c_pabuckledstrappants_c.png,0,
11590325,루미 드 폴루스 가드,11500299,63,59,51,20,18,15,11500299_F_PADragonScalesGuard.gltf,11500299_c_padragonscalesguard_d.png,11500299_c_padragonscalesguard_c.png,0,
11590326,광포한 전투 하의,11500791,63,59,51,20,18,15,11500791_F_PAFury.gltf,11500791_f_pafury_d.png,11500791_c_pafury_c.png,0,
11590327,광포한 광란 하의,11500791,63,59,51,20,18,15,11500791_F_PAFury.gltf,11500791_f_pafury_d.png,11500791_c_pafury_c.png,0,
11590328,광포한 혼란 하의,11500791,63,59,51,20,18,15,11500791_F_PAFury.gltf,11500791_f_pafury_d.png,11500791_c_pafury_c.png,0,
11590329,광포한 암살 하의,11500791,63,59,51,20,18,15,11500791_F_PAFury.gltf,11500791_f_pafury_d.png,11500791_c_pafury_c.png,0,
11590330,광포한 주술 하의,11500791,63,59,51,20,18,15,11500791_F_PAFury.gltf,11500791_f_pafury_d.png,11500791_c_pafury_c.png,0,
11590424,흉포한 격투가 하의,11500385,63,59,51,20,18,15,11500385_F_PAFighter06.gltf,11500385_c_pafighter06_d.png,11500385_c_pafighter06_c.png,0,
11590426,새벽의 격투 하의,11500351,63,59,51,20,18,15,11500351_F_PAStriker01.gltf,11500351_c_pastriker01_d.png,11500351_c_pastriker01_c.png,0,
11590427,검은 불꽃의 격투 하의,11500354,63,59,51,20,18,15,11500354_F_PAStriker04.gltf,11500354_c_pastriker04_d.png,11500354_c_pastriker04_c.png,0,
11590430,난폭한 절멸의 하의,11500789,63,59,51,20,18,15,11500789_F_PAViolent.gltf,11500789_f_paviolent_d.png,11500789_c_paviolent_c.png,0,
11590432,광포한 난투 하의,11500791,63,59,51,20,18,15,11500791_F_PAFury.gltf,11500791_f_pafury_d.png,11500791_c_pafury_c.png,0,
11590436,루미 드 마누스 하의,11500356,63,59,51,20,18,15,11500356_F_PAStriker06.gltf,11500356_c_pastriker06_d.png,11500356_c_pastriker06_c.png,0,
11590472,새벽의 기공 하의,11500357,63,59,51,20,18,15,11500357_F_PASoulbinder01.gltf,11500358_m_pasoulbinder02_d.png,11500358_m_pasoulbinder02_c.png,0,
11590473,검은 불꽃의 기공 하의,11500360,63,59,51,20,18,15,11500360_F_PASoulbinder04.gltf,11500360_c_pasoulbinder04_d.png,11500360_c_pasoulbinder04_c.png,0,
11590474,난폭한 공세의 하의,11500789,63,59,51,20,18,15,11500789_F_PAViolent.gltf,11500789_f_paviolent_d.png,11500789_c_paviolent_c.png,0,
11590475,광포한 의식 하의,11500791,63,59,51,20,18,15,11500791_F_PAFury.gltf,11500791_f_pafury_d.png,11500791_c_pafury_c.png,0,
11590479,루미 드 애니마르 하의,11500362,63,59,51,20,18,15,11500362_F_PASoulbinder06.gltf,11500362_c_pasoulbinder06_d.png,11500362_c_pasoulbinder06_c.png,0,
11590485,나르바샨의 전투 하의,11500344,63,59,51,20,18,15,11500344_F_PAWarriorClassSetPants01.gltf,11500344_c_pawarriorclasssetpants01_d.png,11500344_c_pawarriorclasssetpants01_c.png,0,
11590486,나르바샨의 광란 하의,11500344,63,59,51,20,18,15,11500344_F_PAWarriorClassSetPants01.gltf,11500344_c_pawarriorclasssetpants01_d.png,11500344_c_pawarriorclasssetpants01_c.png,0,
11590487,나르바샨의 마법 하의,11500345,63,59,51,20,18,15,11500345_F_PAMageClassSetPants01.gltf,11500345_c_pamageclasssetpants01_d.png,11500345_c_pamageclasssetpants01_c.png,0,
11590488,나르바샨의 신성 하의,11500345,63,59,51,20,18,15,11500345_F_PAMageClassSetPants01.gltf,11500345_c_pamageclasssetpants01_d.png,11500345_c_pamageclasssetpants01_c.png,0,
11590489,나르바샨의 집중 하의,11500346,63,59,51,20,18,15,11500346_F_PAHunterClassSetPants01.gltf,11500346_c_pahunterclasssetpants01_d.png,11500346_c_pahunterclasssetpants01_c.png,0,
11590490,나르바샨의 포격 하의,11500346,63,59,51,20,18,15,11500346_F_PAHunterClassSetPants01.gltf,11500346_c_pahunterclasssetpants01_d.png,11500346_c_pahunterclasssetpants01_c.png,0,
11590491,나르바샨의 혼란 하의,11500347,63,59,51,20,18,15,11500347_F_PABrigandClassSetPants01.gltf,11500347_f_pabrigandclasssetpants01_d.png,11500347_f_pabrigandclasssetpants01_c.png,0,
11590492,나르바샨의 암살 하의,11500347,63,59,51,20,18,15,11500347_F_PABrigandClassSetPants01.gltf,11500347_f_pabrigandclasssetpants01_d.png,11500347_f_pabrigandclasssetpants01_c.png,0,
11590493,나르바샨의 주술 하의,11500344,63,59,51,20,18,15,11500344_F_PAWarriorClassSetPants01.gltf,11500344_c_pawarriorclasssetpants01_d.png,11500344_c_pawarriorclasssetpants01_c.png,0,
11590494,나르바샨의 난투 하의,11500461,63,59,51,20,18,15,11500461_F_PAFighter10.gltf,11500461_c_pafighter10_d.png,11500461_c_pafighter10_c.png,0,
11590495,나르바샨의 의식 하의,11500461,63,59,51,20,18,15,11500461_F_PAFighter10.gltf,11500461_c_pafighter10_d.png,11500461_c_pafighter10_c.png,0,
11590580,루미에라곤 전투 하의,11500468,63,59,51,20,18,15,11500468_F_PADarkSteel.gltf,11500468_f_padarksteel_d.png,11500468_f_padarksteel_c.png,0,
11590581,루미에라곤 광란 하의,11500468,63,59,51,20,18,15,11500468_F_PADarkSteel.gltf,11500468_f_padarksteel_d.png,11500468_f_padarksteel_c.png,0,
11590582,루미에라곤 마법 하의,11500468,63,59,51,20,18,15,11500468_F_PADarkSteel.gltf,11500468_f_padarksteel_d.png,11500468_f_padarksteel_c.png,0,
11590583,루미에라곤 신성 하의,11500468,63,59,51,20,18,15,11500468_F_PADarkSteel.gltf,11500468_f_padarksteel_d.png,11500468_f_padarksteel_c.png,0,
11590584,루미에라곤 집중 하의,11500468,63,59,51,20,18,15,11500468_F_PADarkSteel.gltf,11500468_f_padarksteel_d.png,11500468_f_padarksteel_c.png,0,
11590585,루미에라곤 포격 하의,11500468,63,59,51,20,18,15,11500468_F_PADarkSteel.gltf,11500468_f_padarksteel_d.png,11500468_f_padarksteel_c.png,0,
11590586,루미에라곤 혼란 하의,11500468,63,59,51,20,18,15,11500468_F_PADarkSteel.gltf,11500468_f_padarksteel_d.png,11500468_f_padarksteel_c.png,0,
11590587,루미에라곤 암살 하의,11500468,63,59,51,20,18,15,11500468_F_PADarkSteel.gltf,11500468_f_padarksteel_d.png,11500468_f_padarksteel_c.png,0,
11590588,루미에라곤 주술 하의,11500468,63,59,51,20,18,15,11500468_F_PADarkSteel.gltf,11500468_f_padarksteel_d.png,11500468_f_padarksteel_c.png,0,
11590589,루미에라곤 난투 하의,11500468,63,59,51,20,18,15,11500468_F_PADarkSteel.gltf,11500468_f_padarksteel_d.png,11500468_f_padarksteel_c.png,0,
11590590,루미에라곤 의식 하의,11500468,63,59,51,20,18,15,11500468_F_PADarkSteel.gltf,11500468_f_padarksteel_d.png,11500468_f_padarksteel_c.png,0,
11590705,리버스 나이트 컴뱃가드 (LV50),11500519,63,59,51,20,18,15,11500519_F_PABrightStar.gltf,11500519_c_pabrightstar_d.png,11500519_c_pabrightstar_c.png,0,
11590706,리버스 버서커 컴뱃가드 (LV50),11500519,63,59,51,20,18,15,11500519_F_PABrightStar.gltf,11500519_c_pabrightstar_d.png,11500519_c_pabrightstar_c.png,0,
11590707,리버스 위자드 컴뱃가드 (LV50),11500519,63,59,51,20,18,15,11500519_F_PABrightStar.gltf,11500519_c_pabrightstar_d.png,11500519_c_pabrightstar_c.png,0,
11590708,리버스 프리스트 컴뱃가드 (LV50),11500519,63,59,51,20,18,15,11500519_F_PABrightStar.gltf,11500519_c_pabrightstar_d.png,11500519_c_pabrightstar_c.png,0,
11590709,리버스 레인저 컴뱃가드 (LV50),11500519,63,59,51,20,18,15,11500519_F_PABrightStar.gltf,11500519_c_pabrightstar_d.png,11500519_c_pabrightstar_c.png,0,
11590710,리버스 헤비거너 컴뱃가드 (LV50),11500519,63,59,51,20,18,15,11500519_F_PABrightStar.gltf,11500519_c_pabrightstar_d.png,11500519_c_pabrightstar_c.png,0,
11590711,리버스 시프 컴뱃가드 (LV50),11500519,63,59,51,20,18,15,11500519_F_PABrightStar.gltf,11500519_c_pabrightstar_d.png,11500519_c_pabrightstar_c.png,0,
11590712,리버스 어쌔신 컴뱃가드 (LV50),11500519,63,59,51,20,18,15,11500519_F_PABrightStar.gltf,11500519_c_pabrightstar_d.png,11500519_c_pabrightstar_c.png,0,
11590713,리버스 룬 블레이더 컴뱃가드 (LV50),11500519,63,59,51,20,18,15,11500519_F_PABrightStar.gltf,11500519_c_pabrightstar_d.png,11500519_c_pabrightstar_c.png,0,
11590714,리버스 스트라이커 컴뱃가드 (LV50),11500519,63,59,51,20,18,15,11500519_F_PABrightStar.gltf,11500519_c_pabrightstar_d.png,11500519_c_pabrightstar_c.png,0,
11590715,리버스 소울바인더 컴뱃가드 (LV50),11500519,63,59,51,20,18,15,11500519_F_PABrightStar.gltf,11500519_c_pabrightstar_d.png,11500519_c_pabrightstar_c.png,0,
11590716,리버스 나이트 컴뱃가드 (LV56),11500519,63,59,51,20,18,15,11500519_F_PABrightStar.gltf,11500519_c_pabrightstar_d.png,11500519_c_pabrightstar_c.png,0,
11590717,리버스 버서커 컴뱃가드 (LV56),11500519,63,59,51,20,18,15,11500519_F_PABrightStar.gltf,11500519_c_pabrightstar_d.png,11500519_c_pabrightstar_c.png,0,
11590718,리버스 위자드 컴뱃가드 (LV56),11500519,63,59,51,20,18,15,11500519_F_PABrightStar.gltf,11500519_c_pabrightstar_d.png,11500519_c_pabrightstar_c.png,0,
11590719,리버스 프리스트 컴뱃가드 (LV56),11500519,63,59,51,20,18,15,11500519_F_PABrightStar.gltf,11500519_c_pabrightstar_d.png,11500519_c_pabrightstar_c.png,0,
11590720,리버스 레인저 컴뱃가드 (LV56),11500519,63,59,51,20,18,15,11500519_F_PABrightStar.gltf,11500519_c_pabrightstar_d.png,11500519_c_pabrightstar_c.png,0,
11590721,리버스 헤비거너 컴뱃가드 (LV56),11500519,63,59,51,20,18,15,11500519_F_PABrightStar.gltf,11500519_c_pabrightstar_d.png,11500519_c_pabrightstar_c.png,0,
11590722,리버스 시프 컴뱃가드 (LV56),11500519,63,59,51,20,18,15,11500519_F_PABrightStar.gltf,11500519_c_pabrightstar_d.png,11500519_c_pabrightstar_c.png,0,
11590723,리버스 어쌔신 컴뱃가드 (LV56),11500519,63,59,51,20,18,15,11500519_F_PABrightStar.gltf,11500519_c_pabrightstar_d.png,11500519_c_pabrightstar_c.png,0,
11590724,리버스 룬 블레이더 컴뱃가드 (LV56),11500519,63,59,51,20,18,15,11500519_F_PABrightStar.gltf,11500519_c_pabrightstar_d.png,11500519_c_pabrightstar_c.png,0,
11590725,리버스 스트라이커 컴뱃가드 (LV56),11500519,63,59,51,20,18,15,11500519_F_PABrightStar.gltf,11500519_c_pabrightstar_d.png,11500519_c_pabrightstar_c.png,0,
11590726,리버스 소울바인더 컴뱃가드 (LV56),11500519,63,59,51,20,18,15,11500519_F_PABrightStar.gltf,11500519_c_pabrightstar_d.png,11500519_c_pabrightstar_c.png,0,
11590818,불멸의 에네스 하의,11500818,63,59,51,20,18,15,11500818_F_PAEnes.gltf,11500818_f_paenes_d.png,11500818_f_paenes_c.png,0,
11590819,불멸의 세비어즈 하의,11500819,63,59,51,20,18,15,11500819_F_PASaviors.gltf,11500819_f_pasaviorscoat_d.png,11500819_f_pasaviorscoat_c.png,0,
11590820,불멸의 파일럿 하의,11500820,63,59,51,20,18,15,11500820_F_PAPilot.gltf,11500820_f_papilot_d.png,11500820_f_papilot_c.png,0,
11590827,광포한 마법 하의,11500791,63,59,51,20,18,15,11500791_F_PAFury.gltf,11500791_f_pafury_d.png,11500791_c_pafury_c.png,0,
11590828,광포한 신성 하의,11500791,63,59,51,20,18,15,11500791_F_PAFury.gltf,11500791_f_pafury_d.png,11500791_c_pafury_c.png,0,
11590829,광포한 집중 하의,11500791,63,59,51,20,18,15,11500791_F_PAFury.gltf,11500791_f_pafury_d.png,11500791_c_pafury_c.png,0,
11590830,광포한 포격 하의,11500791,63,59,51,20,18,15,11500791_F_PAFury.gltf,11500791_f_pafury_d.png,11500791_c_pafury_c.png,0,
11590846,완성된 힘의 전사 하의,11509997,63,59,51,20,18,15,11500003_F_PASilverOrihalcon.gltf,11500003_f_pasilverorihalcon_d.png,11500003_f_pasilverorihalcon_d.png,0,
11590847,완성된 힘의 격투가 하의,11500386,63,59,51,20,18,15,11500386_F_PAFighter07.gltf,11500386_c_pafighter07_d.png,11500386_c_pafighter07_c.png,0,
11590848,완성된 힘의 기공사 하의,11500386,63,59,51,20,18,15,11500386_F_PAFighter07.gltf,11500386_c_pafighter07_d.png,11500386_c_pafighter07_c.png,0,
11590850,브라이트 스타의 하의,11500519,63,59,51,20,18,15,11500519_F_PABrightStar.gltf,11500519_c_pabrightstar_d.png,11500519_c_pabrightstar_c.png,0,
11590861,크림슨 발록의 하의,11500797,63,59,51,20,18,15,11500797_F_PABalrogB01.gltf,11500797_c_pabalrogb01_d.png,11500797_c_pabalrogb01_c.png,0,
11590883,난폭한 전투 하의,11500789,63,59,51,20,18,15,11500789_F_PAViolent.gltf,11500789_f_paviolent_d.png,11500789_c_paviolent_c.png,0,
11590884,난폭한 광란 하의,11500789,63,59,51,20,18,15,11500789_F_PAViolent.gltf,11500789_f_paviolent_d.png,11500789_c_paviolent_c.png,0,
11590885,난폭한 혼란 하의,11500789,63,59,51,20,18,15,11500789_F_PAViolent.gltf,11500789_f_paviolent_d.png,11500789_c_paviolent_c.png,0,
11590886,난폭한 암살 하의,11500789,63,59,51,20,18,15,11500789_F_PAViolent.gltf,11500789_f_paviolent_d.png,11500789_c_paviolent_c.png,0,
11590887,난폭한 마법 하의,11500789,63,59,51,20,18,15,11500789_F_PAViolent.gltf,11500789_f_paviolent_d.png,11500789_c_paviolent_c.png,0,
11590888,난폭한 신성 하의,11500789,63,59,51,20,18,15,11500789_F_PAViolent.gltf,11500789_f_paviolent_d.png,11500789_c_paviolent_c.png,0,
11590889,난폭한 집중 하의,11500789,63,59,51,20,18,15,11500789_F_PAViolent.gltf,11500789_f_paviolent_d.png,11500789_c_paviolent_c.png,0,
11590890,난폭한 포격 하의,11500789,63,59,51,20,18,15,11500789_F_PAViolent.gltf,11500789_f_paviolent_d.png,11500789_c_paviolent_c.png,0,
11590891,난폭한 주술 하의,11500789,63,59,51,20,18,15,11500789_F_PAViolent.gltf,11500789_f_paviolent_d.png,11500789_c_paviolent_c.png,0,
11590892,난폭한 난투 하의,11500789,63,59,51,20,18,15,11500789_F_PAViolent.gltf,11500789_f_paviolent_d.png,11500789_c_paviolent_c.png,0,
11590893,난폭한 의식 하의,11500789,63,59,51,20,18,15,11500789_F_PAViolent.gltf,11500789_f_paviolent_d.png,11500789_c_paviolent_c.png,0,
11590894,탐식의 스터드 팬츠,11500080,63,59,51,20,18,15,11500080_F_PAStuddedPants.gltf,11500080_f_pastuddedpants_d.png,11500080_f_pastuddedpants_c.png,0,
11590895,탐식의 트리밍 팬츠,11500307,63,59,51,20,18,15,11500307_F_PARuneBlader03.gltf,11500307_f_paruneblader03_d.png,11500307_f_paruneblader03_d.png,0,
11590896,탐식의 격투가 하의,11500388,63,59,51,20,18,15,11500388_F_PAFighter09.gltf,11500388_c_pafighter09_d.png,11500388_c_pafighter09_c.png,0,
11590897,탐식의 기공사 하의,11500388,63,59,51,20,18,15,11500388_F_PAFighter09.gltf,11500388_c_pafighter09_d.png,11500388_c_pafighter09_c.png,0,
11590898,룬의 전투 하의,11500299,63,59,51,20,18,15,11500299_F_PADragonScalesGuard.gltf,11500299_c_padragonscalesguard_d.png,11500299_c_padragonscalesguard_c.png,0,
11590899,룬의 광란 하의,11500299,63,59,51,20,18,15,11500299_F_PADragonScalesGuard.gltf,11500299_c_padragonscalesguard_d.png,11500299_c_padragonscalesguard_c.png,0,
11590900,룬의 마법 하의,11500300,63,59,51,20,18,15,11500300_F_PAAngelicTelaPants.gltf,11500300_c_paangelictelapants_d.png,11500300_c_paangelictelapants_c.png,0,
11590901,룬의 신성 하의,11500300,63,59,51,20,18,15,11500300_F_PAAngelicTelaPants.gltf,11500300_c_paangelictelapants_d.png,11500300_c_paangelictelapants_c.png,0,
11590902,룬의 집중 하의,11500301,63,59,51,20,18,15,11500301_F_PAPadlockCueroPants.gltf,11500301_f_papadlockcueropants_d.png,11500301_f_papadlockcueropants_d.png,0,
11590903,룬의 포격 하의,11500301,63,59,51,20,18,15,11500301_F_PAPadlockCueroPants.gltf,11500301_f_papadlockcueropants_d.png,11500301_f_papadlockcueropants_d.png,0,
11590904,룬의 혼란 하의,11500302,63,59,51,20,18,15,11500302_F_PABuckledStrapPants.gltf,11500302_c_pabuckledstrappants_d.png,11500302_c_pabuckledstrappants_c.png,0,
11590905,룬의 암살 하의,11500302,63,59,51,20,18,15,11500302_F_PABuckledStrapPants.gltf,11500302_c_pabuckledstrappants_d.png,11500302_c_pabuckledstrappants_c.png,0,
11590906,룬의 주술 하의,11500299,63,59,51,20,18,15,11500299_F_PADragonScalesGuard.gltf,11500299_c_padragonscalesguard_d.png,11500299_c_padragonscalesguard_c.png,0,
11590907,룬의 난투 하의,11500356,63,59,51,20,18,15,11500356_F_PAStriker06.gltf,11500356_c_pastriker06_d.png,11500356_c_pastriker06_c.png,0,
11590908,룬의 의식 하의,11500362,63,59,51,20,18,15,11500362_F_PASoulbinder06.gltf,11500362_c_pasoulbinder06_d.png,11500362_c_pasoulbinder06_c.png,0,
11590909,정교한 광란 하의,11500344,63,59,51,20,18,15,11500344_F_PAWarriorClassSetPants01.gltf,11500344_c_pawarriorclasssetpants01_d.png,11500344_c_pawarriorclasssetpants01_c.png,0,
11590910,정교한 난투 하의,11500461,63,59,51,20,18,15,11500461_F_PAFighter10.gltf,11500461_c_pafighter10_d.png,11500461_c_pafighter10_c.png,0,
11590911,정교한 마법 하의,11500345,63,59,51,20,18,15,11500345_F_PAMageClassSetPants01.gltf,11500345_c_pamageclasssetpants01_d.png,11500345_c_pamageclasssetpants01_c.png,0,
11590912,정교한 신성 하의,11500345,63,59,51,20,18,15,11500345_F_PAMageClassSetPants01.gltf,11500345_c_pamageclasssetpants01_d.png,11500345_c_pamageclasssetpants01_c.png,0,
11590913,정교한 암살 하의,11500347,63,59,51,20,18,15,11500347_F_PABrigandClassSetPants01.gltf,11500347_f_pabrigandclasssetpants01_d.png,11500347_f_pabrigandclasssetpants01_c.png,0,
11590914,정교한 의식 하의,11500461,63,59,51,20,18,15,11500461_F_PAFighter10.gltf,11500461_c_pafighter10_d.png,11500461_c_pafighter10_c.png,0,
11590915,정교한 전투 하의,11500344,63,59,51,20,18,15,11500344_F_PAWarriorClassSetPants01.gltf,11500344_c_pawarriorclasssetpants01_d.png,11500344_c_pawarriorclasssetpants01_c.png,0,
11590916,정교한 주술 하의,11500344,63,59,51,20,18,15,11500344_F_PAWarriorClassSetPants01.gltf,11500344_c_pawarriorclasssetpants01_d.png,11500344_c_pawarriorclasssetpants01_c.png,0,
11590917,정교한 집중 하의,11500346,63,59,51,20,18,15,11500346_F_PAHunterClassSetPants01.gltf,11500346_c_pahunterclasssetpants01_d.png,11500346_c_pahunterclasssetpants01_c.png,0,
11590918,정교한 포격 하의,11500346,63,59,51,20,18,15,11500346_F_PAHunterClassSetPants01.gltf,11500346_c_pahunterclasssetpants01_d.png,11500346_c_pahunterclasssetpants01_c.png,0,
11590919,정교한 혼란 하의,11500347,63,59,51,20,18,15,11500347_F_PABrigandClassSetPants01.gltf,11500347_f_pabrigandclasssetpants01_d.png,11500347_f_pabrigandclasssetpants01_c.png,0,
11590931,안티크 에라곤 팬츠,11500804,63,59,51,20,18,15,11500804_F_PADarkStream.gltf,11500804_c_padarkstream_d.png,11500804_c_padarkstream_d.png,0,
11590932,타이렌 컴뱃 팬츠,11500795,63,59,51,20,18,15,11500795_F_PAGiganTikaA01.gltf,11500795_c_pagigantikaa01_d.png,11500795_c_pagigantikaa01_c.png,0,
11590933,타이렌 커맨더 컴뱃 팬츠,11500796,63,59,51,20,18,15,11500796_F_PAGiganTikaA02.gltf,11500796_c_pagigantikaa02_d.png,11500796_c_pagigantikaa02_c.png,0,
11590934,안티크 인페누크 팬츠,11500843,63,59,51,20,18,15,11500843_F_PABalrogB02.gltf,11500843_c_pabalrogb02_d.png,11500843_c_pabalrogb02_c.png,0,
11590962,타이드 캡틴 팬츠 (나이트),11500553,63,59,51,20,18,15,11500461_F_PAPirate.gltf,11500461_f_papirate_d.png,11500461_f_papirate_c.png,0,
11590963,타이드 캡틴 팬츠 (버서커),11500553,63,59,51,20,18,15,11500461_F_PAPirate.gltf,11500461_f_papirate_d.png,11500461_f_papirate_c.png,0,
11590964,타이드 캡틴 팬츠 (위자드),11500553,63,59,51,20,18,15,11500461_F_PAPirate.gltf,11500461_f_papirate_d.png,11500461_f_papirate_c.png,0,
11590965,타이드 캡틴 팬츠 (프리스트),11500553,63,59,51,20,18,15,11500461_F_PAPirate.gltf,11500461_f_papirate_d.png,11500461_f_papirate_c.png,0,
11590966,타이드 캡틴 팬츠 (레인저),11500553,63,59,51,20,18,15,11500461_F_PAPirate.gltf,11500461_f_papirate_d.png,11500461_f_papirate_c.png,0,
11590967,타이드 캡틴 팬츠 (헤비거너),11500553,63,59,51,20,18,15,11500461_F_PAPirate.gltf,11500461_f_papirate_d.png,11500461_f_papirate_c.png,0,
11590968,타이드 캡틴 팬츠 (시프),11500553,63,59,51,20,18,15,11500461_F_PAPirate.gltf,11500461_f_papirate_d.png,11500461_f_papirate_c.png,0,
11590969,타이드 캡틴 팬츠 (어쌔신),11500553,63,59,51,20,18,15,11500461_F_PAPirate.gltf,11500461_f_papirate_d.png,11500461_f_papirate_c.png,0,
11590970,타이드 캡틴 팬츠 (룬블레이더),11500553,63,59,51,20,18,15,11500461_F_PAPirate.gltf,11500461_f_papirate_d.png,11500461_f_papirate_c.png,0,
11590971,타이드 캡틴 팬츠 (스트라이커),11500553,63,59,51,20,18,15,11500461_F_PAPirate.gltf,11500461_f_papirate_d.png,11500461_f_papirate_c.png,0,
11590972,타이드 캡틴 팬츠 (소울바인더),11500553,63,59,51,20,18,15,11500461_F_PAPirate.gltf,11500461_f_papirate_d.png,11500461_f_papirate_c.png,0,
11590973,프론티어 레깅스 (나이트),11500520,63,59,51,20,18,15,11500520_F_PAEmerald.gltf,11500520_f_paemerald_d.png,11500520_f_paemerald_c.png,0,
11590974,프론티어 레깅스 (버서커),11500520,63,59,51,20,18,15,11500520_F_PAEmerald.gltf,11500520_f_paemerald_d.png,11500520_f_paemerald_c.png,0,
11590975,프론티어 레깅스 (위자드),11500520,63,59,51,20,18,15,11500520_F_PAEmerald.gltf,11500520_f_paemerald_d.png,11500520_f_paemerald_c.png,0,
11590976,프론티어 레깅스 (프리스트),11500520,63,59,51,20,18,15,11500520_F_PAEmerald.gltf,11500520_f_paemerald_d.png,11500520_f_paemerald_c.png,0,
11590977,프론티어 레깅스 (레인저),11500520,63,59,51,20,18,15,11500520_F_PAEmerald.gltf,11500520_f_paemerald_d.png,11500520_f_paemerald_c.png,0,
11590978,프론티어 레깅스 (헤비거너),11500520,63,59,51,20,18,15,11500520_F_PAEmerald.gltf,11500520_f_paemerald_d.png,11500520_f_paemerald_c.png,0,
11590979,프론티어 레깅스 (시프),11500520,63,59,51,20,18,15,11500520_F_PAEmerald.gltf,11500520_f_paemerald_d.png,11500520_f_paemerald_c.png,0,
11590980,프론티어 레깅스 (어쌔신),11500520,63,59,51,20,18,15,11500520_F_PAEmerald.gltf,11500520_f_paemerald_d.png,11500520_f_paemerald_c.png,0,
11590981,프론티어 레깅스 (룬블레이더),11500520,63,59,51,20,18,15,11500520_F_PAEmerald.gltf,11500520_f_paemerald_d.png,11500520_f_paemerald_c.png,0,
11590982,프론티어 레깅스 (스트라이커),11500520,63,59,51,20,18,15,11500520_F_PAEmerald.gltf,11500520_f_paemerald_d.png,11500520_f_paemerald_c.png,0,
11590983,프론티어 레깅스 (소울바인더),11500520,63,59,51,20,18,15,11500520_F_PAEmerald.gltf,11500520_f_paemerald_d.png,11500520_f_paemerald_c.png,0,
11590984,윙드 데몬 레그 아머 (나이트),11500518,63,59,51,20,18,15,11500518_F_PADragon.gltf,11500518_f_padragon_d.png,11500518_f_padragon_c.png,0,
11590985,윙드 데몬 레그 아머 (버서커),11500518,63,59,51,20,18,15,11500518_F_PADragon.gltf,11500518_f_padragon_d.png,11500518_f_padragon_c.png,0,
11590986,윙드 데몬 레그 아머 (위자드),11500518,63,59,51,20,18,15,11500518_F_PADragon.gltf,11500518_f_padragon_d.png,11500518_f_padragon_c.png,0,
11590987,윙드 데몬 레그 아머 (프리스트),11500518,63,59,51,20,18,15,11500518_F_PADragon.gltf,11500518_f_padragon_d.png,11500518_f_padragon_c.png,0,
11590988,윙드 데몬 레그 아머 (레인저),11500518,63,59,51,20,18,15,11500518_F_PADragon.gltf,11500518_f_padragon_d.png,11500518_f_padragon_c.png,0,
11590989,윙드 데몬 레그 아머 (헤비거너),11500518,63,59,51,20,18,15,11500518_F_PADragon.gltf,11500518_f_padragon_d.png,11500518_f_padragon_c.png,0,
11590990,윙드 데몬 레그 아머 (시프),11500518,63,59,51,20,18,15,11500518_F_PADragon.gltf,11500518_f_padragon_d.png,11500518_f_padragon_c.png,0,
11590991,윙드 데몬 레그 아머 (어쌔신),11500518,63,59,51,20,18,15,11500518_F_PADragon.gltf,11500518_f_padragon_d.png,11500518_f_padragon_c.png,0,
11590992,윙드 데몬 레그 아머 (룬블레이더),11500518,63,59,51,20,18,15,11500518_F_PADragon.gltf,11500518_f_padragon_d.png,11500518_f_padragon_c.png,0,
11590993,윙드 데몬 레그 아머 (스트라이커),11500518,63,59,51,20,18,15,11500518_F_PADragon.gltf,11500518_f_padragon_d.png,11500518_f_padragon_c.png,0,
11590994,윙드 데몬 레그 아머 (소울바인더),11500518,63,59,51,20,18,15,11500518_F_PADragon.gltf,11500518_f_padragon_d.png,11500518_f_padragon_c.png,0,
11590995,베히모스 스킨 팬츠 (나이트),11500792,63,59,51,20,18,15,11500792_F_PAVehement.gltf,11500792_c_pavehement_d.png,11500792_c_pavehement_c.png,0,
11590996,베히모스 스킨 팬츠 (버서커),11500792,63,59,51,20,18,15,11500792_F_PAVehement.gltf,11500792_c_pavehement_d.png,11500792_c_pavehement_c.png,0,
11590997,베히모스 스킨 팬츠 (위자드),11500792,63,59,51,20,18,15,11500792_F_PAVehement.gltf,11500792_c_pavehement_d.png,11500792_c_pavehement_c.png,0,
11590998,베히모스 스킨 팬츠 (프리스트),11500792,63,59,51,20,18,15,11500792_F_PAVehement.gltf,11500792_c_pavehement_d.png,11500792_c_pavehement_c.png,0,
11590999,베히모스 스킨 팬츠 (레인저),11500792,63,59,51,20,18,15,11500792_F_PAVehement.gltf,11500792_c_pavehement_d.png,11500792_c_pavehement_c.png,0,
11591000,베히모스 스킨 팬츠 (헤비거너),11500792,63,59,51,20,18,15,11500792_F_PAVehement.gltf,11500792_c_pavehement_d.png,11500792_c_pavehement_c.png,0,
11591001,베히모스 스킨 팬츠 (시프),11500792,63,59,51,20,18,15,11500792_F_PAVehement.gltf,11500792_c_pavehement_d.png,11500792_c_pavehement_c.png,0,
11591002,베히모스 스킨 팬츠 (어쌔신),11500792,63,59,51,20,18,15,11500792_F_PAVehement.gltf,11500792_c_pavehement_d.png,11500792_c_pavehement_c.png,0,
11591003,베히모스 스킨 팬츠 (룬블레이더),11500792,63,59,51,20,18,15,11500792_F_PAVehement.gltf,11500792_c_pavehement_d.png,11500792_c_pavehement_c.png,0,
11591004,베히모스 스킨 팬츠 (스트라이커),11500792,63,59,51,20,18,15,11500792_F_PAVehement.gltf,11500792_c_pavehement_d.png,11500792_c_pavehement_c.png,0,
11591005,베히모스 스킨 팬츠 (소울바인더),11500792,63,59,51,20,18,15,11500792_F_PAVehement.gltf,11500792_c_pavehement_d.png,11500792_c_pavehement_c.png,0,
11591006,에일리온 사이드 스커트 (나이트),11500677,63,59,51,20,18,15,11500677_F_PAReverseRaidA02.gltf,11500677_c_pareverseraida02_d.png,11500677_c_pareverseraida02_c.png,0,
11591007,에일리온 사이드 스커트 (버서커),11500677,63,59,51,20,18,15,11500677_F_PAReverseRaidA02.gltf,11500677_c_pareverseraida02_d.png,11500677_c_pareverseraida02_c.png,0,
11591008,에일리온 사이드 스커트 (위자드),11500677,63,59,51,20,18,15,11500677_F_PAReverseRaidA02.gltf,11500677_c_pareverseraida02_d.png,11500677_c_pareverseraida02_c.png,0,
11591009,에일리온 사이드 스커트 (프리스트),11500677,63,59,51,20,18,15,11500677_F_PAReverseRaidA02.gltf,11500677_c_pareverseraida02_d.png,11500677_c_pareverseraida02_c.png,0,
11591010,에일리온 사이드 스커트 (레인저),11500677,63,59,51,20,18,15,11500677_F_PAReverseRaidA02.gltf,11500677_c_pareverseraida02_d.png,11500677_c_pareverseraida02_c.png,0,
11591011,에일리온 사이드 스커트 (헤비거너),11500677,63,59,51,20,18,15,11500677_F_PAReverseRaidA02.gltf,11500677_c_pareverseraida02_d.png,11500677_c_pareverseraida02_c.png,0,
11591012,에일리온 사이드 스커트 (시프),11500677,63,59,51,20,18,15,11500677_F_PAReverseRaidA02.gltf,11500677_c_pareverseraida02_d.png,11500677_c_pareverseraida02_c.png,0,
11591013,에일리온 사이드 스커트 (어쌔신),11500677,63,59,51,20,18,15,11500677_F_PAReverseRaidA02.gltf,11500677_c_pareverseraida02_d.png,11500677_c_pareverseraida02_c.png,0,
11591014,에일리온 사이드 스커트 (룬블레이더),11500677,63,59,51,20,18,15,11500677_F_PAReverseRaidA02.gltf,11500677_c_pareverseraida02_d.png,11500677_c_pareverseraida02_c.png,0,
11591015,에일리온 사이드 스커트 (스트라이커),11500677,63,59,51,20,18,15,11500677_F_PAReverseRaidA02.gltf,11500677_c_pareverseraida02_d.png,11500677_c_pareverseraida02_c.png,0,
11591016,에일리온 사이드 스커트 (소울바인더),11500677,63,59,51,20,18,15,11500677_F_PAReverseRaidA02.gltf,11500677_c_pareverseraida02_d.png,11500677_c_pareverseraida02_c.png,0,
11591017,블랙 뱅가드 태싯 (나이트),11500468,63,59,51,20,18,15,11500468_F_PADarkSteel.gltf,11500468_f_padarksteel_d.png,11500468_f_padarksteel_c.png,0,
11591018,블랙 뱅가드 태싯 (버서커),11500468,63,59,51,20,18,15,11500468_F_PADarkSteel.gltf,11500468_f_padarksteel_d.png,11500468_f_padarksteel_c.png,0,
11591019,블랙 뱅가드 태싯 (위자드),11500468,63,59,51,20,18,15,11500468_F_PADarkSteel.gltf,11500468_f_padarksteel_d.png,11500468_f_padarksteel_c.png,0,
11591020,블랙 뱅가드 태싯 (프리스트),11500468,63,59,51,20,18,15,11500468_F_PADarkSteel.gltf,11500468_f_padarksteel_d.png,11500468_f_padarksteel_c.png,0,
11591021,블랙 뱅가드 태싯 (레인저),11500468,63,59,51,20,18,15,11500468_F_PADarkSteel.gltf,11500468_f_padarksteel_d.png,11500468_f_padarksteel_c.png,0,
11591022,블랙 뱅가드 태싯 (헤비거너),11500468,63,59,51,20,18,15,11500468_F_PADarkSteel.gltf,11500468_f_padarksteel_d.png,11500468_f_padarksteel_c.png,0,
11591023,블랙 뱅가드 태싯 (시프),11500468,63,59,51,20,18,15,11500468_F_PADarkSteel.gltf,11500468_f_padarksteel_d.png,11500468_f_padarksteel_c.png,0,
11591024,블랙 뱅가드 태싯 (어쌔신),11500468,63,59,51,20,18,15,11500468_F_PADarkSteel.gltf,11500468_f_padarksteel_d.png,11500468_f_padarksteel_c.png,0,
11591025,블랙 뱅가드 태싯 (룬블레이더),11500468,63,59,51,20,18,15,11500468_F_PADarkSteel.gltf,11500468_f_padarksteel_d.png,11500468_f_padarksteel_c.png,0,
11591026,블랙 뱅가드 태싯 (스트라이커),11500468,63,59,51,20,18,15,11500468_F_PADarkSteel.gltf,11500468_f_padarksteel_d.png,11500468_f_padarksteel_c.png,0,
11591027,블랙 뱅가드 태싯 (소울바인더),11500468,63,59,51,20,18,15,11500468_F_PADarkSteel.gltf,11500468_f_padarksteel_d.png,11500468_f_padarksteel_c.png,0,
11591028,블랙퓨리티 래더 핏츠 (나이트),11500873,63,59,51,20,18,15,11500873_F_PADarkTutor.gltf,11500873_f_padarktutor_d.png,11500873_f_padarktutor_c.png,0,
11591029,블랙퓨리티 래더 핏츠 (버서커),11500873,63,59,51,20,18,15,11500873_F_PADarkTutor.gltf,11500873_f_padarktutor_d.png,11500873_f_padarktutor_c.png,0,
11591030,블랙퓨리티 래더 핏츠 (위자드),11500873,63,59,51,20,18,15,11500873_F_PADarkTutor.gltf,11500873_f_padarktutor_d.png,11500873_f_padarktutor_c.png,0,
11591031,블랙퓨리티 래더 핏츠 (프리스트),11500873,63,59,51,20,18,15,11500873_F_PADarkTutor.gltf,11500873_f_padarktutor_d.png,11500873_f_padarktutor_c.png,0,
11591032,블랙퓨리티 래더 핏츠 (레인저),11500873,63,59,51,20,18,15,11500873_F_PADarkTutor.gltf,11500873_f_padarktutor_d.png,11500873_f_padarktutor_c.png,0,
11591033,블랙퓨리티 래더 핏츠 (헤비거너),11500873,63,59,51,20,18,15,11500873_F_PADarkTutor.gltf,11500873_f_padarktutor_d.png,11500873_f_padarktutor_c.png,0,
11591034,블랙퓨리티 래더 핏츠 (시프),11500873,63,59,51,20,18,15,11500873_F_PADarkTutor.gltf,11500873_f_padarktutor_d.png,11500873_f_padarktutor_c.png,0,
11591035,블랙퓨리티 래더 핏츠 (어쌔신),11500873,63,59,51,20,18,15,11500873_F_PADarkTutor.gltf,11500873_f_padarktutor_d.png,11500873_f_padarktutor_c.png,0,
11591036,블랙퓨리티 래더 핏츠 (룬블레이더),11500873,63,59,51,20,18,15,11500873_F_PADarkTutor.gltf,11500873_f_padarktutor_d.png,11500873_f_padarktutor_c.png,0,
11591037,블랙퓨리티 래더 핏츠 (스트라이커),11500873,63,59,51,20,18,15,11500873_F_PADarkTutor.gltf,11500873_f_padarktutor_d.png,11500873_f_padarktutor_c.png,0,
11591038,블랙퓨리티 래더 핏츠 (소울바인더),11500873,63,59,51,20,18,15,11500873_F_PADarkTutor.gltf,11500873_f_padarktutor_d.png,11500873_f_padarktutor_c.png,0,
11591039,강화된 품위의 전투 하의,11500556,63,59,51,20,18,15,11500556_F_PAArenaA01.gltf,11500556_c_paarenaa01_d.png,11500556_c_paarenaa01_c.png,0,
11591040,강화된 품위의 광란 하의,11500556,63,59,51,20,18,15,11500556_F_PAArenaA01.gltf,11500556_c_paarenaa01_d.png,11500556_c_paarenaa01_c.png,0,
11591041,강화된 품위의 마법 하의,11500556,63,59,51,20,18,15,11500556_F_PAArenaA01.gltf,11500556_c_paarenaa01_d.png,11500556_c_paarenaa01_c.png,0,
11591042,강화된 품위의 신성 하의,11500556,63,59,51,20,18,15,11500556_F_PAArenaA01.gltf,11500556_c_paarenaa01_d.png,11500556_c_paarenaa01_c.png,0,
11591043,강화된 품위의 집중 하의,11500556,63,59,51,20,18,15,11500556_F_PAArenaA01.gltf,11500556_c_paarenaa01_d.png,11500556_c_paarenaa01_c.png,0,
11591044,강화된 품위의 포격 하의,11500556,63,59,51,20,18,15,11500556_F_PAArenaA01.gltf,11500556_c_paarenaa01_d.png,11500556_c_paarenaa01_c.png,0,
11591045,강화된 품위의 혼란 하의,11500556,63,59,51,20,18,15,11500556_F_PAArenaA01.gltf,11500556_c_paarenaa01_d.png,11500556_c_paarenaa01_c.png,0,
11591046,강화된 품위의 암살 하의,11500556,63,59,51,20,18,15,11500556_F_PAArenaA01.gltf,11500556_c_paarenaa01_d.png,11500556_c_paarenaa01_c.png,0,
11591047,강화된 품위의 주술 하의,11500556,63,59,51,20,18,15,11500556_F_PAArenaA01.gltf,11500556_c_paarenaa01_d.png,11500556_c_paarenaa01_c.png,0,
11591048,강화된 품위의 난투 하의,11500556,63,59,51,20,18,15,11500556_F_PAArenaA01.gltf,11500556_c_paarenaa01_d.png,11500556_c_paarenaa01_c.png,0,
11591049,강화된 품위의 의식 하의,11500556,63,59,51,20,18,15,11500556_F_PAArenaA01.gltf,11500556_c_paarenaa01_d.png,11500556_c_paarenaa01_c.png,0,
11599997,오리할콘 하의,11509997,63,59,51,20,18,15,11500003_F_PASilverOrihalcon.gltf,11500003_f_pasilverorihalcon_d.png,11500003_f_pasilverorihalcon_d.png,0,