#id,name,icon,r1,g1,b1,r2,g2,b2,gltf,ddsd,ddsc,haircutting,
-1,없음,-1,0,0,0,0,0,0,
11700001,초보자 운동화,11700001,63,59,51,20,18,15,11700001_F_StudentsRunningShoes.gltf,11700001_c_studentsrunningshoes_d.png,11700001_c_studentsrunningshoes_c.png,0,
11700002,캐쥬얼 운동화,11700002,63,59,51,20,18,15,11700002_F_FunctionalitySneakers.gltf,11700002_m_functionalitysneakers_d.png,11700002_m_functionalitysneakers_c.png,0,
11700003,가죽 워 부츠,11700003,63,59,51,20,18,15,11700011_F_HeavyGreave.gltf,11700011_c_heavygreave_d.png,11700011_c_heavygreave_c.png,0,
11700004,포인트 가죽 워 부츠,11700004,63,59,51,20,18,15,11700011_F_MetalGreave.gltf,11700011_m_metalgreave_d.png,11700011_m_metalgreave_c.png,0,
11700005,스파이크 가죽 워 부츠,11700005,63,59,51,20,18,15,11700004_F_RollingThunderSpike.gltf,11700004_c_rollingthunderspike_d.png,11700004_c_rollingthunderspike_c.png,0,
11700006,투박한 바이킹 워 부츠,11700006,63,59,51,20,18,15,11700005_F_LittleBoneWarBoots.gltf,11700005_c_littlebonewarboots_d.png,11700005_c_littlebonewarboots_c.png,0,
11700008,크란츠 워 부츠,11700008,63,59,51,20,18,15,11700005_F_LittleBoneWarBoots.gltf,11700005_c_littlebonewarboots_d.png,11700005_c_littlebonewarboots_c.png,0,
11700009,좀도둑 운동화,11700009,63,59,51,20,18,15,11700040_F_StrongLeather.gltf,11700040_m_strongleather_d.png,11700041_m_blackeyegoldline_c.png,0,
11700010,가죽 좀도둑 운동화,11700010,63,59,51,20,18,15,11700040_F_StrongLeather.gltf,11700040_m_strongleather_d.png,11700041_m_blackeyegoldline_c.png,0,
11700011,세련된 좀도둑 운동화,11700011,63,59,51,20,18,15,11700041_F_BlackEyeGoldline.gltf,11700041_m_blackeyegoldline_d.png,11700041_m_blackeyegoldline_c.png,0,
11700012,닌자 슈즈,11700012,63,59,51,20,18,15,11700042_F_Blackline.gltf,11700042_m_blackline_d.png,11700042_m_blackline_c.png,0,
11700014,자객 신발,11700014,63,59,51,20,18,15,11700042_F_Blackline.gltf,11700042_m_blackline_d.png,11700042_m_blackline_c.png,0,
11700015,해적 부츠,11700015,63,59,51,20,18,15,11700045_F_SHPirateBoots.gltf,11700045_c_shpirateboots_d.png,11700045_c_shpirateboots_c.png,0,
11700016,숙련 자객 부츠,11700016,63,59,51,20,18,15,11700042_F_Blackline.gltf,11700042_m_blackline_d.png,11700042_m_blackline_c.png,0,
11700018,초보 마법사 구두,11700018,63,59,51,20,18,15,11700018_F_LooseBasicBoots.gltf,11700018_c_loosebasicboots_d.png,11700018_c_loosebasicboots_c.png,0,
11700019,여행자 구두,11700019,63,59,51,20,18,15,11700018_F_LooseBasicBoots.gltf,11700018_c_loosebasicboots_d.png,11700018_c_loosebasicboots_c.png,0,
11700020,달빛 여행자 구두,11700020,63,59,51,20,18,15,11700019_F_AnnMoonlight.gltf,11700019_c_annmoonlight_d.png,11700019_c_annmoonlight_c.png,0,
11700021,견습 학자 구두,11700021,63,59,51,20,18,15,11700020_F_Golden.gltf,11700020_c_golden_d.png,11700020_c_golden_c.png,0,
11700022,요요의 요술 신발,11700022,63,59,51,20,18,15,11700020_F_Golden.gltf,11700020_c_golden_d.png,11700020_c_golden_c.png,0,
11700023,매지션 구두,11700023,63,59,51,20,18,15,11700020_F_Golden.gltf,11700020_c_golden_d.png,11700020_c_golden_c.png,0,
11700024,마법사 슈즈,11700024,63,59,51,20,18,15,11700023_F_SHMageShoes.gltf,11700023_c_shmageshoes_d.png,11700023_c_shmageshoes_c.png,0,
11700025,브론즈 매지션 슈즈,11700025,63,59,51,20,18,15,11700020_F_Golden.gltf,11700020_c_golden_d.png,11700020_c_golden_c.png,0,
11700027,숲지기 워커,11700027,63,59,51,20,18,15,11700029_F_WornOutGuarderShoes.gltf,11700029_c_wornoutguardershoes_d.png,11700029_c_wornoutguardershoes_c.png,0,
11700028,금빛 숲지기 워커,11700028,63,59,51,20,18,15,11700029_F_WornOutGuarderShoes.gltf,11700029_c_wornoutguardershoes_d.png,11700029_c_wornoutguardershoes_c.png,0,
11700029,로빈훗 워커,11700029,63,59,51,20,18,15,11700031_F_HelenaEagleEye.gltf,11700031_c_helenaeagleeye_d.png,11700031_c_helenaeagleeye_c.png,0,
11700030,사냥꾼 가죽 워커,11700030,63,59,51,20,18,15,11700032_F_Shooting.gltf,11700032_c_shooting_d.png,11700032_c_shooting_c.png,0,
11700031,해녀의 오리발,11700031,63,59,51,20,18,15,11700032_F_Shooting.gltf,11700032_c_shooting_d.png,11700032_c_shooting_c.png,0,
11700032,헌팅 가죽 워커,11700032,63,59,51,20,18,15,11700032_F_Shooting.gltf,11700032_c_shooting_d.png,11700032_c_shooting_c.png,0,
11700033,군악대 군화,11700033,63,59,51,20,18,15,11700035_F_LeatherBeltBoots.gltf,11700035_c_leatherbeltboots_d.png,11700035_c_leatherbeltboots_c.png,0,
11700034,미들 헌팅 군화,11700034,63,59,51,20,18,15,11700032_F_Shooting.gltf,11700032_c_shooting_d.png,11700032_c_shooting_c.png,0,
11700036,유치원 신발 (남),11700036,133,81,165,53,42,71,01700007_M_Preschool.gltf,01700007_m_preschool_d.png,01700007_m_preschool_c.png,0,
11700037,유치원 신발 (여),11700037,158,83,63,68,31,19,01700008_F_Preschool.gltf,01700008_f_preschool_d.png,01700008_f_preschool_c.png,0,
11700038,럭셔리 학생 구두 (남),11700038,158,83,63,68,31,19,01700005_M_PrestigiousSchool.gltf,01700005_m_prestigiousschool_d.png,01700005_m_prestigiousschool_c.png,0,
11700039,럭셔리 학생 구두 (여),11700039,158,83,63,68,31,19,01700006_F_PrestigiousSchool.gltf,01700006_f_prestigiousschool_d.png,01700006_f_prestigiousschool_c.png,0,
11700040,메이플 스타 운동화 (남),11700040,76,105,181,23,40,79,01700004_M_MapleStarBaseball.gltf,01700004_c_maplestarbaseball_d.png,01700004_c_maplestarbaseball_c.png,0,
11700041,메이플 스타 운동화 (여),11700041,76,105,181,23,40,79,01700004_F_MapleStarBaseball.gltf,01700004_c_maplestarbaseball_d.png,01700004_c_maplestarbaseball_c.png,0,
11700042,마린 슈즈 (남),11700042,230,230,230,150,150,150,01700005_M_MarineShoes.gltf,01700005_c_marineshoes_d.png,01700005_c_marineshoes_c.png,0,
11700043,마린 슈즈 (여),11700043,230,230,230,150,150,150,01700006_F_MarineShoes.gltf,01700005_c_marineshoes_d.png,01700005_c_marineshoes_c.png,0,
11700044,승무원 정장 구두 (남),11700044,62,73,117,27,26,48,01700009_M_CaptainShoes.gltf,01700009_m_captainshoes_d.png,01700009_m_captainshoes_c.png,0,
11700045,승무원 정장 구두 (여),11700045,62,73,117,27,26,48,01700010_F_CrewShoes.gltf,01700010_f_crewshoes_d.png,01700010_f_crewshoes_c.png,0,
11700046,해골 워커 (남),11700046,63,59,51,20,18,15,01700011_M_SkeletonWalker.gltf,01700011_m_skeletonwalker_d.png,01700011_m_skeletonwalker_c.png,0,
11700047,해골 워커 (여),11700047,170,47,47,96,19,19,01700012_F_SkeletonMesh.gltf,01700012_f_skeletonmesh_d.png,01700012_f_skeletonmesh_c.png,0,
11700048,디자인 신발 (남),11700048,63,59,51,20,18,15,01700013_M_UGC01.gltf,01700013_m_ugc01_d.png,01700013_m_ugc01_d.png,0,
11700049,디자인 신발 (여),11700049,63,59,51,20,18,15,01700014_F_UGC01.gltf,01700014_f_ugc01_d.png,01700014_f_ugc01_d.png,0,
11700052,금장식 포혜,11700052,63,59,51,20,18,15,01700018_F_GoldSilkyShoes.gltf,01700017_c_goldsilkyshoes_d.png,01700017_c_goldsilkyshoes_c.png,0,
11700054,레이서 슈즈 (남),11700054,76,105,181,23,40,79,01700019_M_RacerShoes.gltf,01700019_m_racershoes_d.png,01700019_m_racershoes_c.png,0,
11700056,에어 하이 운동화 (남),11700056,170,47,47,96,19,19,11750022_M_SHAirHighSneakers.gltf,11750022_m_airhighsneakers_d.png,11750022_m_airhighsneakers_c.png,0,
11700059,다크 스위프트 부츠,11700059,63,59,51,20,18,15,11700055_F_SHDarkSwiftBoots.gltf,11700055_f_shdarkswiftboots_d.png,11700055_f_shdarkswiftboots_c.png,0,
11700060,스피드 부츠,11700060,63,59,51,20,18,15,11700052_M_SHVelvetBoots.gltf,11700052_m_shvelvetboots_d.png,11700052_m_shvelvetboots_c.png,0,
11700061,십자군 그리브,11700061,63,59,51,20,18,15,11700061_F_SHCrusadesGreeve.gltf,11700061_c_shcrusadesgreeve_d.png,11700062_c_shblackcrusadesgreeve_c.png,0,
11700062,은빛 크란츠 그리브,11700062,63,59,51,20,18,15,11700005_F_LittleBoneWarBoots.gltf,11700005_c_littlebonewarboots_d.png,11700005_c_littlebonewarboots_c.png,0,
11700064,샤이닝 위자드리 부츠,11700064,63,59,51,20,18,15,11700061_F_SHShiningWizardryBoots.gltf,11700061_c_shshiningwizardryboots_d.png,11700061_c_shshiningwizardryboots_c.png,0,
11700065,나이티지 배틀 부츠,11700065,63,59,51,20,18,15,11700065_F_SHKnightageBattleBoots.gltf,11700065_c_shknightagebattleboots_d.png,11700065_c_shknightagebattleboots_c.png,0,
11700066,벨벳 부츠,11700066,63,59,51,20,18,15,11700052_M_SHVelvetBoots.gltf,11700052_m_shvelvetboots_d.png,11700052_m_shvelvetboots_c.png,0,
11700067,큐빅 벨벳 부츠,11700067,63,59,51,20,18,15,11700054_F_SHCubicVelvet.gltf,11700054_f_shcubicvelvet_d.png,11700054_f_shcubicvelvet_c.png,0,
11700068,사지타리우스 더블밴드 부츠,11700068,63,59,51,20,18,15,11700068_F_SHSagittariusDoubleband.gltf,11700068_c_shsagittariusdoubleband_d.png,11700068_c_shsagittariusdoubleband_c.png,0,
11700069,곰돌이 슬리퍼 (남),11700069,63,59,51,20,18,15,11700069_M_BearSlipper.gltf,11700069_c_bearslipper_d.png,11700069_c_bearslipper_d.png,0,
11700070,곰돌이 슬리퍼 (여),11700070,63,59,51,20,18,15,11700070_F_BearSlipper.gltf,11700069_c_bearslipper_d.png,11700069_c_bearslipper_d.png,0,
11700071,고양이 슬리퍼 (남),11700071,63,59,51,20,18,15,11700071_M_CatSlipper.gltf,11700071_c_catslipper_d.png,11700071_c_catslipper_d.png,0,
11700072,고양이 슬리퍼 (여),11700072,63,59,51,20,18,15,11700072_F_CatSlipper.gltf,11700071_c_catslipper_d.png,11700071_c_catslipper_d.png,0,
11700073,프로스토 데우스 부츠,11700073,63,59,51,20,18,15,11700069_F_SHProstoDeusBoots.gltf,11700069_f_shprostodeusboots_d.png,11700069_f_shprostodeusboots_c.png,0,
11700074,쉐도우 스파이크 부츠,11700074,63,59,51,20,18,15,11700074_F_shadowSpike.gltf,11700074_f_shadowspike_d.png,11700074_f_shadowspike_c.png,0,
11700075,플라잉 슈즈,11700075,63,59,51,20,18,15,11700051_F_FairyShoes.gltf,11700051_f_fairyshoes_d.png,11700051_f_fairyshoes_d.png,0,
11700076,디멘티드 부츠,11700076,63,59,51,20,18,15,11700076_F_SHDementedBoots.gltf,11700076_f_shdementedboots_d.png,11700076_f_shdementedboots_c.png,0,
11700077,펑키드 부츠,11700077,63,59,51,20,18,15,11700077_F_SHPunkKidBoots.gltf,11700077_c_shpunkkidboots_d.png,11700077_c_shpunkkidboots_c.png,0,
11700078,에스더 부츠,11700078,63,59,51,20,18,15,11700002_F_SHRibbonDeco.gltf,11700002_f_shribbondeco_d.png,11700002_f_shribbondeco_c.png,0,
11700079,운영자 구두 (여),11700079,63,59,51,20,18,15,11700078_F_SHGm.gltf,11700079_f_shgm_d.png,11700079_f_shgm_d.png,0,
11700080,고급 피혁 군화,11700080,63,59,51,20,18,15,11700011_F_HeavyGreave.gltf,11700011_c_heavygreave_d.png,11700011_c_heavygreave_c.png,0,
11700081,포인트 고급 피혁 군화,11700081,63,59,51,20,18,15,11700011_F_MetalGreave.gltf,11700011_m_metalgreave_d.png,11700011_m_metalgreave_c.png,0,
11700082,스파이크 고급 피혁 군화,11700082,63,59,51,20,18,15,11700004_F_RollingThunderSpike.gltf,11700004_c_rollingthunderspike_d.png,11700004_c_rollingthunderspike_c.png,0,
11700083,투박한 캐리비안 슈즈,11700083,63,59,51,20,18,15,11700005_F_LittleBoneWarBoots.gltf,11700005_c_littlebonewarboots_d.png,11700005_c_littlebonewarboots_c.png,0,
11700084,나이트 슈즈,11700084,63,59,51,20,18,15,11700061_F_SHCrusadesGreeve.gltf,11700061_c_shcrusadesgreeve_d.png,11700062_c_shblackcrusadesgreeve_c.png,0,
11700085,슬럼가의 운동화,11700085,63,59,51,20,18,15,11700040_F_StrongLeather.gltf,11700040_m_strongleather_d.png,11700041_m_blackeyegoldline_c.png,0,
11700086,슬럼 스타일 레더 슈즈,11700086,63,59,51,20,18,15,11700040_F_StrongLeather.gltf,11700040_m_strongleather_d.png,11700041_m_blackeyegoldline_c.png,0,
11700087,슬럼 스타일 슈즈,11700087,63,59,51,20,18,15,11700041_F_BlackEyeGoldline.gltf,11700041_m_blackeyegoldline_d.png,11700041_m_blackeyegoldline_c.png,0,
11700088,암살 특화 신발,11700088,63,59,51,20,18,15,11700042_F_Blackline.gltf,11700042_m_blackline_d.png,11700042_m_blackline_c.png,0,
11700089,밴디트 신발,11700089,63,59,51,20,18,15,11700045_F_SHPirateBoots.gltf,11700045_c_shpirateboots_d.png,11700045_c_shpirateboots_c.png,0,
11700091,견습 법사 구두,11700091,63,59,51,20,18,15,11700018_F_LooseBasicBoots.gltf,11700018_c_loosebasicboots_d.png,11700018_c_loosebasicboots_c.png,0,
11700092,낭만법사 구두,11700092,63,59,51,20,18,15,11700018_F_LooseBasicBoots.gltf,11700018_c_loosebasicboots_d.png,11700018_c_loosebasicboots_c.png,0,
11700093,달빛 낭만법사 구두,11700093,63,59,51,20,18,15,11700019_F_AnnMoonlight.gltf,11700019_c_annmoonlight_d.png,11700019_c_annmoonlight_c.png,0,
11700094,하급 마법의 구두,11700094,63,59,51,20,18,15,11700020_F_Golden.gltf,11700020_c_golden_d.png,11700020_c_golden_c.png,0,
11700095,소서러 구두,11700095,63,59,51,20,18,15,11700023_F_SHMageShoes.gltf,11700023_c_shmageshoes_d.png,11700023_c_shmageshoes_c.png,0,
11700097,우드랜드 슈즈,11700097,63,59,51,20,18,15,11700029_F_WornOutGuarderShoes.gltf,11700029_c_wornoutguardershoes_d.png,11700029_c_wornoutguardershoes_c.png,0,
11700098,골든 우드랜드 슈즈,11700098,63,59,51,20,18,15,11700029_F_WornOutGuarderShoes.gltf,11700029_c_wornoutguardershoes_d.png,11700029_c_wornoutguardershoes_c.png,0,
11700099,명사수의 신발,11700099,63,59,51,20,18,15,11700031_F_HelenaEagleEye.gltf,11700031_c_helenaeagleeye_d.png,11700031_c_helenaeagleeye_c.png,0,
11700100,사수의 신발,11700100,63,59,51,20,18,15,11700032_F_Shooting.gltf,11700032_c_shooting_d.png,11700032_c_shooting_c.png,0,
11700101,의장대 워커,11700101,63,59,51,20,18,15,11700035_F_LeatherBeltBoots.gltf,11700035_c_leatherbeltboots_d.png,11700035_c_leatherbeltboots_c.png,0,
11700104,밀리샤 부츠,11700104,63,59,51,20,18,15,11700104_F_SHMilitiaBoots.gltf,11700104_c_shmilitiaboots_d.png,11700104_c_shmilitiaboots_d.png,0,
11700105,스켈레톤 부츠,11700105,63,59,51,20,18,15,11700105_F_SHSkeletonBoots.gltf,11700105_c_shskeletonboots_d.png,11700105_c_shskeletonboots_c.png,0,
11700106,파일럿 부츠,11700106,63,59,51,20,18,15,11700106_F_SHPilotShoes.gltf,11700106_c_shpilotshoes_d.png,11700106_c_shpilotshoes_c.png,0,
11700107,블러디 더스크 부츠,11700107,63,59,51,20,18,15,11700107_F_SHBloodyDuskBoots.gltf,11700107_f_shbloodyduskboots_d.png,11700107_f_shbloodyduskboots_c.png,0,
11700108,세비어즈 장화,11700108,63,59,51,20,18,15,11700108_F_SHSaviorsBoots.gltf,11700108_c_shsaviorsboots_d.png,11700108_c_shsaviorsboots_c.png,0,
11700109,님블 비트 부츠,11700109,63,59,51,20,18,15,11700109_F_SHNimbleBitBoots.gltf,11700109_f_shnimblebitboots_d.png,11700109_f_shnimblebitboots_c.png,0,
11700110,방랑자 고무신발,11700110,63,59,51,20,18,15,11700104_F_SHWandererShoes.gltf,11700104_c_shwanderershoes_d.png,11700104_c_shwanderershoes_d.png,0,
11700111,팬텀 부츠,11700111,63,59,51,20,18,15,11700111_F_SHPhantomBoots.gltf,11700111_f_shphantomboots_d.png,11700111_f_shphantomboots_c.png,0,
11700112,추적자 신발,11700112,63,59,51,20,18,15,11700112_F_SHChaserBoots.gltf,11700112_f_shchaserboots_d.png,11700112_f_shchaserboots_c.png,0,
11700113,감시자 부츠,11700113,63,59,51,20,18,15,11700113_F_SHGuardianBoots.gltf,11700113_c_shguardianboots_d.png,11700113_c_shguardianboots_c.png,0,
11700114,스터드 부츠,11700114,63,59,51,20,18,15,11700114_F_SHStuddedBoots.gltf,11700114_f_shstuddedboots_d.png,11700114_f_shstuddedboots_c.png,0,
11700115,에네스 부츠,11700115,63,59,51,20,18,15,11700115_F_SHEnesBoots.gltf,11700115_f_shenesboots_d.png,11700115_f_shenesboots_c.png,0,
11700116,플라이트 부츠,11700116,63,59,51,20,18,15,11700116_F_SHFlightBoots.gltf,11700116_c_shflightboots_d.png,11700116_c_shflightboots_c.png,0,
11700117,오션 클리퍼 (남),11700117,62,73,117,27,26,48,11700117_M_SHOceanClipper.gltf,11700117_c_shoceanclipper_d.png,11700117_c_shoceanclipper_c.png,0,
11700118,시피르 부츠,11700118,63,59,51,20,18,15,11700118_F_SHSurfireGlove.gltf,11700118_c_shsurfireboots_d.png,11700118_c_shsurfireboots_c.png,0,
11700119,금룡화,11700119,63,59,51,20,18,15,11700119_F_SHGoldDragonShoes.gltf,11700119_c_shgolddragonshoes_d.png,11700119_c_shgolddragonshoes_c.png,0,
11700120,아쿠아 슈즈,11700120,63,59,51,20,18,15,11700120_F_SHAquaShoes.gltf,11700120_c_shaquashoes_d.png,11700120_c_shaquashoes_c.png,0,
11700121,가디언 부츠,11700121,63,59,51,20,18,15,11700121_F_SHGuardianBoots.gltf,11700121_c_shguardianboots_d.png,11700121_c_shguardianboots_c.png,0,
11700122,프렌지 부츠,11700122,63,59,51,20,18,15,11700122_F_SHFrenzyBoots.gltf,11700122_f_shfrenzyboots_d.png,11700122_f_shfrenzyboots_c.png,0,
11700123,검은 크란츠 부츠,11700123,63,59,51,20,18,15,11700008_F_RollingThunderBlackbone.gltf,11700008_c_rollingthunderblackbone_d.png,11700008_c_rollingthunderblackbone_c.png,0,
11700124,실버 매지션 슈즈,11700124,63,59,51,20,18,15,11700022_F_AnnStarlight.gltf,11700022_c_annstarlight_d.png,11700022_c_annstarlight_c.png,0,
11700125,아크 헌팅 워커,11700125,63,59,51,20,18,15,11700034_F_HelenaHawkEye.gltf,11700034_c_helenahawkeye_d.png,11700034_c_helenahawkeye_c.png,0,
11700126,강한 자객 슈즈,11700126,63,59,51,20,18,15,11700044_F_Upgradelappy.gltf,11700044_m_upgradelappy_d.png,11700044_m_upgradelappy_c.png,0,
11700127,블랙 나이트 부츠,11700127,63,59,51,20,18,15,11700062_F_SHBlackCrusadesGreeve.gltf,11700062_c_shblackcrusadesgreeve_d.png,11700062_c_shblackcrusadesgreeve_c.png,0,
11700128,미드 소서러 슈즈,11700128,63,59,51,20,18,15,11700023_F_SHMageShoes.gltf,11700023_c_shmageshoes_d.png,11700023_c_shmageshoes_c.png,0,
11700129,중급 의장대 워커,11700129,63,59,51,20,18,15,11700035_F_LeatherBeltBoots.gltf,11700035_c_leatherbeltboots_d.png,11700035_c_leatherbeltboots_c.png,0,
11700130,어퍼 밴디트 슈즈,11700130,63,59,51,20,18,15,11700045_F_SHPirateBoots.gltf,11700045_c_shpirateboots_d.png,11700045_c_shpirateboots_c.png,0,
11700131,골든 나이트 그리브,11700131,63,59,51,20,18,15,11700063_F_SHGoldenCrusadesGreeve.gltf,11700063_c_shgoldencrusadesgreeve_d.png,11700063_c_shgoldencrusadesgreeve_c.png,0,
11700132,하이 소서러 슈즈,11700132,63,59,51,20,18,15,11700025_F_StarlightShoes.gltf,11700025_c_starlightshoes_d.png,11700025_c_starlightshoes_c.png,0,
11700133,최상급 의장대 군화,11700133,63,59,51,20,18,15,11700037_F_BlackBelt.gltf,11700037_c_blackbelt_d.png,11700037_c_blackbelt_c.png,0,
11700134,모스트 밴디트 부츠,11700134,63,59,51,20,18,15,11700047_F_SHCrossPirate.gltf,11700047_c_shcrosspirate_d.png,11700047_c_shcrosspirate_c.png,0,
11700135,그리피나 부츠,11700135,63,59,51,20,18,15,11700135_F_SHGriffinaBoots.gltf,11700135_c_shgriffinaboots_d.png,11700135_c_shgriffinaboots_d.png,0,
11700136,스웨이드 로퍼 (남),11700136,62,73,117,27,26,48,11700136_M_SHSuedeLoafer.gltf,11700136_c_shsuedeloafer_d.png,11700136_c_shsuedeloafer_c.png,0,
11700138,메이플 스니커즈 (남),11700138,76,105,181,23,40,79,11700138_M_SHHighSneakers.gltf,11700138_c_shhighsneakers_d.png,11700138_c_shhighsneakers_c.png,0,
11700139,메이플 스니커즈 (여),11700139,239,112,145,153,66,82,11700139_F_SHHighSneakers.gltf,11700138_c_shhighsneakers_d.png,11700138_c_shhighsneakers_c.png,0,
11700140,데보라크의 부츠,11700140,63,59,51,20,18,15,11700140_F_SHDevoracBoots.gltf,11700140_c_shdevoracboots_d.png,11700140_c_shdevoracboots_d.png,0,
11700141,발 편한 통통 부츠,11700141,63,59,51,20,18,15,11700054_F_SHCubicVelvet.gltf,11700054_f_shcubicvelvet_d.png,11700054_f_shcubicvelvet_c.png,0,
11700142,잊혀진 부츠,11700142,63,59,51,20,18,15,11700142_F_SHForgottenBoots.gltf,11700142_c_shforgottenboots_d.png,11700142_c_shforgottenboots_d.png,0,
11700143,기사단 부츠,11700084,63,59,51,20,18,15,11700061_F_SHCrusadesGreeve.gltf,11700061_c_shcrusadesgreeve_d.png,11700062_c_shblackcrusadesgreeve_c.png,0,
11700144,크러스트 신발,11700123,63,59,51,20,18,15,11700008_F_RollingThunderBlackbone.gltf,11700008_c_rollingthunderblackbone_d.png,11700008_c_rollingthunderblackbone_c.png,0,
11700145,디비전 신발,11700084,63,59,51,20,18,15,11700061_F_SHCrusadesGreeve.gltf,11700061_c_shcrusadesgreeve_d.png,11700062_c_shblackcrusadesgreeve_c.png,0,
11700146,블랙 크러스트 신발,11700127,63,59,51,20,18,15,11700062_F_SHBlackCrusadesGreeve.gltf,11700062_c_shblackcrusadesgreeve_d.png,11700062_c_shblackcrusadesgreeve_c.png,0,
11700147,다이너스 신발,11700131,63,59,51,20,18,15,11700063_F_SHGoldenCrusadesGreeve.gltf,11700063_c_shgoldencrusadesgreeve_d.png,11700063_c_shgoldencrusadesgreeve_c.png,0,
11700148,세인트 부츠,11700095,63,59,51,20,18,15,11700023_F_SHMageShoes.gltf,11700023_c_shmageshoes_d.png,11700023_c_shmageshoes_c.png,0,
11700149,디바인 신발,11700124,63,59,51,20,18,15,11700022_F_AnnStarlight.gltf,11700022_c_annstarlight_d.png,11700022_c_annstarlight_c.png,0,
11700150,멀리건 신발,11700095,63,59,51,20,18,15,11700023_F_SHMageShoes.gltf,11700023_c_shmageshoes_d.png,11700023_c_shmageshoes_c.png,0,
11700151,실버 디바인 신발,11700128,63,59,51,20,18,15,11700023_F_SHMageShoes.gltf,11700023_c_shmageshoes_d.png,11700023_c_shmageshoes_c.png,0,
11700152,아케인 신발,11700132,63,59,51,20,18,15,11700025_F_StarlightShoes.gltf,11700025_c_starlightshoes_d.png,11700025_c_starlightshoes_c.png,0,
11700153,전문 군악대 신발,11700101,63,59,51,20,18,15,11700035_F_LeatherBeltBoots.gltf,11700035_c_leatherbeltboots_d.png,11700035_c_leatherbeltboots_c.png,0,
11700154,포치 신발,11700125,63,59,51,20,18,15,11700034_F_HelenaHawkEye.gltf,11700034_c_helenahawkeye_d.png,11700034_c_helenahawkeye_c.png,0,
11700155,알터 신발,11700101,63,59,51,20,18,15,11700035_F_LeatherBeltBoots.gltf,11700035_c_leatherbeltboots_d.png,11700035_c_leatherbeltboots_c.png,0,
11700156,스트롱 포치 신발,11700129,63,59,51,20,18,15,11700035_F_LeatherBeltBoots.gltf,11700035_c_leatherbeltboots_d.png,11700035_c_leatherbeltboots_c.png,0,
11700157,커버넌트 신발,11700133,63,59,51,20,18,15,11700037_F_BlackBelt.gltf,11700037_c_blackbelt_d.png,11700037_c_blackbelt_c.png,0,
11700158,바다 모험가 신발,11700089,63,59,51,20,18,15,11700045_F_SHPirateBoots.gltf,11700045_c_shpirateboots_d.png,11700045_c_shpirateboots_c.png,0,
11700159,스키퍼 신발,11700126,63,59,51,20,18,15,11700044_F_Upgradelappy.gltf,11700044_m_upgradelappy_d.png,11700044_m_upgradelappy_c.png,0,
11700160,머깅 신발,11700089,63,59,51,20,18,15,11700045_F_SHPirateBoots.gltf,11700045_c_shpirateboots_d.png,11700045_c_shpirateboots_c.png,0,
11700161,트루 스키퍼 신발,11700130,63,59,51,20,18,15,11700045_F_SHPirateBoots.gltf,11700045_c_shpirateboots_d.png,11700045_c_shpirateboots_c.png,0,
11700162,마스트 신발,11700134,63,59,51,20,18,15,11700047_F_SHCrossPirate.gltf,11700047_c_shcrosspirate_d.png,11700047_c_shcrosspirate_c.png,0,
11700163,방열 부츠,11700003,63,59,51,20,18,15,11700011_F_HeavyGreave.gltf,11700011_c_heavygreave_d.png,11700011_c_heavygreave_c.png,0,
11700164,부랑자 워커,11700007,63,59,51,20,18,15,11700005_F_LittleBoneWarBoots.gltf,11700005_c_littlebonewarboots_d.png,11700005_c_littlebonewarboots_c.png,0,
11700165,대장장이 부츠,11700012,63,59,51,20,18,15,11700042_F_Blackline.gltf,11700042_m_blackline_d.png,11700042_m_blackline_c.png,0,
11700166,닳지 않는 버선,11700021,63,59,51,20,18,15,11700020_F_Golden.gltf,11700020_c_golden_d.png,11700020_c_golden_c.png,0,
11700167,루미나 로우부츠,11700025,63,59,51,20,18,15,11700020_F_Golden.gltf,11700020_c_golden_d.png,11700020_c_golden_c.png,0,
11700168,기사단 에어맥스 운동화,11700005,63,59,51,20,18,15,11700004_F_RollingThunderSpike.gltf,11700004_c_rollingthunderspike_d.png,11700004_c_rollingthunderspike_c.png,0,
11700169,꼬꼬 더 슈즈,11700131,63,59,51,20,18,15,11700063_F_SHGoldenCrusadesGreeve.gltf,11700063_c_shgoldencrusadesgreeve_d.png,11700063_c_shgoldencrusadesgreeve_c.png,0,
11700170,타이밍 슈즈,11700124,63,59,51,20,18,15,11700022_F_AnnStarlight.gltf,11700022_c_annstarlight_d.png,11700022_c_annstarlight_c.png,0,
11700171,히스토리어 부츠,11700089,63,59,51,20,18,15,11700045_F_SHPirateBoots.gltf,11700045_c_shpirateboots_d.png,11700045_c_shpirateboots_c.png,0,
11700172,일렉트로닉 부츠,11700133,63,59,51,20,18,15,11700037_F_BlackBelt.gltf,11700037_c_blackbelt_d.png,11700037_c_blackbelt_c.png,0,
11700173,디자인 레인부츠 (남),11700173,63,59,51,20,18,15,11700173_M_UGC02.gltf,11700173_m_ugc02_d.png,11700173_m_ugc02_d.png,0,
11700174,디자인 레인부츠 (여),11700174,63,59,51,20,18,15,11700174_F_UGC02.gltf,11700174_f_ugc02_d.png,11700174_f_ugc02_d.png,0,
11700175,거대 전사의 부츠,11700003,63,59,51,20,18,15,11700011_F_HeavyGreave.gltf,11700011_c_heavygreave_d.png,11700011_c_heavygreave_c.png,0,
11700176,강력한 전사의 부츠,11700004,63,59,51,20,18,15,11700011_F_MetalGreave.gltf,11700011_m_metalgreave_d.png,11700011_m_metalgreave_c.png,0,
11700177,거대 도적의 부츠,11700009,63,59,51,20,18,15,11700040_F_StrongLeather.gltf,11700040_m_strongleather_d.png,11700041_m_blackeyegoldline_c.png,0,
11700178,강력한 도적의 부츠,11700010,63,59,51,20,18,15,11700040_F_StrongLeather.gltf,11700040_m_strongleather_d.png,11700041_m_blackeyegoldline_c.png,0,
11700179,거대 마법사의 부츠,11700018,63,59,51,20,18,15,11700018_F_LooseBasicBoots.gltf,11700018_c_loosebasicboots_d.png,11700018_c_loosebasicboots_c.png,0,
11700180,강력한 마법사의 부츠,11700019,63,59,51,20,18,15,11700018_F_LooseBasicBoots.gltf,11700018_c_loosebasicboots_d.png,11700018_c_loosebasicboots_c.png,0,
11700181,거대 궁수의 부츠,11700027,63,59,51,20,18,15,11700029_F_WornOutGuarderShoes.gltf,11700029_c_wornoutguardershoes_d.png,11700029_c_wornoutguardershoes_c.png,0,
11700182,강력한 궁수의 부츠,11700028,63,59,51,20,18,15,11700029_F_WornOutGuarderShoes.gltf,11700029_c_wornoutguardershoes_d.png,11700029_c_wornoutguardershoes_c.png,0,
11700183,블러드 카르텔 부츠,11700183,63,59,51,20,18,15,11700183_F_SHBloodCartel.gltf,11709009_f_shbloodcartel_d.png,11709009_f_shbloodcartel_d.png,0,
11700184,삼선 슬리퍼 (남),11700184,76,105,181,23,40,79,11700184_M_3lineSlippers.gltf,11700184_c_3lineslippers_d.png,11700184_c_3lineslippers_c.png,0,
11700185,삼선 슬리퍼 (여),11700185,239,112,145,153,66,82,11700185_F_3lineSlippers.gltf,11700184_c_3lineslippers_d.png,11700184_c_3lineslippers_c.png,0,
11700186,명예로운 용사의 전투부츠,11709995,63,59,51,20,18,15,11700007_F_SHSavagery.gltf,11700007_c_shsavagery_d.png,11700007_c_shsavagery_c.png,0,
11700187,명예로운 용사의 마법부츠,11709997,63,59,51,20,18,15,11700004_F_SHBloodRequiem.gltf,11700004_f_shbloodrequiem_d.png,11700004_f_shbloodrequiem_c.png,0,
11700188,명예로운 용사의 집중부츠,11709998,63,59,51,20,18,15,11700006_F_SHPhoenixFeather.gltf,11700006_c_shphoenixfeather_d.png,11700006_c_shphoenixfeather_c.png,0,
11700189,명예로운 용사의 혼란부츠,11700050,63,59,51,20,18,15,01700016_F_FunkRaderWalker.gltf,01700016_f_funkraderwalker_d.png,01700016_f_funkraderwalker_d.png,0,
11700190,광선의 전사 신발,11700006,63,59,51,20,18,15,11700005_F_LittleBoneWarBoots.gltf,11700005_c_littlebonewarboots_d.png,11700005_c_littlebonewarboots_c.png,0,
11700191,광선의 마법사 신발,11700021,63,59,51,20,18,15,11700020_F_Golden.gltf,11700020_c_golden_d.png,11700020_c_golden_c.png,0,
11700192,광선의 궁수 신발,11700030,63,59,51,20,18,15,11700032_F_Shooting.gltf,11700032_c_shooting_d.png,11700032_c_shooting_c.png,0,
11700193,광선의 도적 신발,11700012,63,59,51,20,18,15,11700042_F_Blackline.gltf,11700042_m_blackline_d.png,11700042_m_blackline_c.png,0,
11700194,경량의 전사 신발,11700123,63,59,51,20,18,15,11700008_F_RollingThunderBlackbone.gltf,11700008_c_rollingthunderblackbone_d.png,11700008_c_rollingthunderblackbone_c.png,0,
11700195,경량의 마법사 신발,11700124,63,59,51,20,18,15,11700022_F_AnnStarlight.gltf,11700022_c_annstarlight_d.png,11700022_c_annstarlight_c.png,0,
11700196,경량의 궁수 신발,11700125,63,59,51,20,18,15,11700034_F_HelenaHawkEye.gltf,11700034_c_helenahawkeye_d.png,11700034_c_helenahawkeye_c.png,0,
11700197,경량의 도적 신발,11700126,63,59,51,20,18,15,11700044_F_Upgradelappy.gltf,11700044_m_upgradelappy_d.png,11700044_m_upgradelappy_c.png,0,
11700198,견고한 전사 신발,11700061,63,59,51,20,18,15,11700061_F_SHCrusadesGreeve.gltf,11700061_c_shcrusadesgreeve_d.png,11700062_c_shblackcrusadesgreeve_c.png,0,
11700199,견고한 마법사 신발,11700024,63,59,51,20,18,15,11700023_F_SHMageShoes.gltf,11700023_c_shmageshoes_d.png,11700023_c_shmageshoes_c.png,0,
11700200,견고한 궁수 신발,11700033,63,59,51,20,18,15,11700035_F_LeatherBeltBoots.gltf,11700035_c_leatherbeltboots_d.png,11700035_c_leatherbeltboots_c.png,0,
11700201,견고한 도적 신발,11700015,63,59,51,20,18,15,11700045_F_SHPirateBoots.gltf,11700045_c_shpirateboots_d.png,11700045_c_shpirateboots_c.png,0,
11700202,야수의 전사 신발,11700006,63,59,51,20,18,15,11700005_F_LittleBoneWarBoots.gltf,11700005_c_littlebonewarboots_d.png,11700005_c_littlebonewarboots_c.png,0,
11700203,야수의 마법사 신발,11700021,63,59,51,20,18,15,11700020_F_Golden.gltf,11700020_c_golden_d.png,11700020_c_golden_c.png,0,
11700204,야수의 궁수 신발,11700030,63,59,51,20,18,15,11700032_F_Shooting.gltf,11700032_c_shooting_d.png,11700032_c_shooting_c.png,0,
11700205,야수의 도적 신발,11700012,63,59,51,20,18,15,11700042_F_Blackline.gltf,11700042_m_blackline_d.png,11700042_m_blackline_c.png,0,
11700206,거구의 전사 신발,11700123,63,59,51,20,18,15,11700008_F_RollingThunderBlackbone.gltf,11700008_c_rollingthunderblackbone_d.png,11700008_c_rollingthunderblackbone_c.png,0,
11700207,거구의 마법사 신발,11700124,63,59,51,20,18,15,11700022_F_AnnStarlight.gltf,11700022_c_annstarlight_d.png,11700022_c_annstarlight_c.png,0,
11700208,거구의 궁수 신발,11700125,63,59,51,20,18,15,11700034_F_HelenaHawkEye.gltf,11700034_c_helenahawkeye_d.png,11700034_c_helenahawkeye_c.png,0,
11700209,거구의 도적 신발,11700126,63,59,51,20,18,15,11700044_F_Upgradelappy.gltf,11700044_m_upgradelappy_d.png,11700044_m_upgradelappy_c.png,0,
11700210,짐승의 전사 신발,11700061,63,59,51,20,18,15,11700061_F_SHCrusadesGreeve.gltf,11700061_c_shcrusadesgreeve_d.png,11700062_c_shblackcrusadesgreeve_c.png,0,
11700211,짐승의 마법사 신발,11700024,63,59,51,20,18,15,11700023_F_SHMageShoes.gltf,11700023_c_shmageshoes_d.png,11700023_c_shmageshoes_c.png,0,
11700212,짐승의 궁수 신발,11700033,63,59,51,20,18,15,11700035_F_LeatherBeltBoots.gltf,11700035_c_leatherbeltboots_d.png,11700035_c_leatherbeltboots_c.png,0,
11700213,짐승의 도적 신발,11700015,63,59,51,20,18,15,11700045_F_SHPirateBoots.gltf,11700045_c_shpirateboots_d.png,11700045_c_shpirateboots_c.png,0,
11700214,야생의 전사 신발,11700127,63,59,51,20,18,15,11700062_F_SHBlackCrusadesGreeve.gltf,11700062_c_shblackcrusadesgreeve_d.png,11700062_c_shblackcrusadesgreeve_c.png,0,
11700215,야생의 마법사 신발,11700024,63,59,51,20,18,15,11700023_F_SHMageShoes.gltf,11700023_c_shmageshoes_d.png,11700023_c_shmageshoes_c.png,0,
11700216,야생의 궁수 신발,11700033,63,59,51,20,18,15,11700035_F_LeatherBeltBoots.gltf,11700035_c_leatherbeltboots_d.png,11700035_c_leatherbeltboots_c.png,0,
11700217,야생의 도적 신발,11700015,63,59,51,20,18,15,11700045_F_SHPirateBoots.gltf,11700045_c_shpirateboots_d.png,11700045_c_shpirateboots_c.png,0,
11700218,파풀라투스의 신발,11700076,63,59,51,20,18,15,11700076_F_SHDementedBoots.gltf,11700076_f_shdementedboots_d.png,11700076_f_shdementedboots_c.png,0,
11700219,카무 양말 스니커즈 (남),11700219,230,230,230,150,150,150,11700219_M_CamiSocksSneakers.gltf,11700219_c_camisockssneakers_d.png,11700219_c_camisockssneakers_c.png,0,
11700220,카무 양말 스니커즈 (여),11700220,230,230,230,150,150,150,11700220_F_CamiSocksSneakers.gltf,11700219_c_camisockssneakers_d.png,11700219_c_camisockssneakers_c.png,0,
11700221,카무 양말 스니커즈 (남),11700219,230,230,230,150,150,150,11700219_M_CamiSocksSneakers.gltf,11700219_c_camisockssneakers_d.png,11700219_c_camisockssneakers_c.png,0,
11700222,카무 양말 스니커즈 (여),11700220,230,230,230,150,150,150,11700220_F_CamiSocksSneakers.gltf,11700219_c_camisockssneakers_d.png,11700219_c_camisockssneakers_c.png,0,
11700225,레드라인 양말 스니커즈 (남),11700225,230,230,230,150,150,150,11700225_M_RedLineSocksSneakers.gltf,11700225_c_redlinesockssneakers_d.png,11700219_c_camisockssneakers_c.png,0,
11700226,레드라인 양말 스니커즈 (여),11700226,230,230,230,150,150,150,11700226_F_RedLineSocksSneakers.gltf,11700225_c_redlinesockssneakers_d.png,11700219_c_camisockssneakers_c.png,0,
11700227,스타 양말 스니커즈 (남),11700227,230,230,230,150,150,150,11700227_M_StarSocksSneakers.gltf,11700227_c_starsockssneakers_d.png,11700219_c_camisockssneakers_c.png,0,
11700228,스타 양말 스니커즈 (여),11700228,230,230,230,150,150,150,11700228_F_StarSocksSneakers.gltf,11700227_c_starsockssneakers_d.png,11700219_c_camisockssneakers_c.png,0,
11700229,망사 양말 워커 (남),11700229,63,59,51,20,18,15,11700229_M_MeshSocksWalker.gltf,11700229_c_meshsockswalker_d.png,11700229_c_meshsockswalker_d.png,0,
11700230,망사 양말 워커 (여),11700230,63,59,51,20,18,15,11700230_F_MeshSocksWalker.gltf,11700229_c_meshsockswalker_d.png,11700229_c_meshsockswalker_d.png,0,
11700231,블루 라인 양말 워커 (남),11700231,63,59,51,20,18,15,11700231_M_BlueLineSocksWalker.gltf,11700231_c_bluelinesockswalker_d.png,11700231_c_bluelinesockswalker_d.png,0,
11700232,블루 라인 양말 워커 (여),11700232,63,59,51,20,18,15,11700232_F_BlueLineSocksWalker.gltf,11700231_c_bluelinesockswalker_d.png,11700231_c_bluelinesockswalker_d.png,0,
11700233,호피 양말 워커 (남),11700233,63,59,51,20,18,15,11700233_M_TigerSkinSocksWalker.gltf,11700233_c_tigerskinsockswalker_d.png,11700233_c_tigerskinsockswalker_d.png,0,
11700234,호피 양말 워커 (여),11700234,63,59,51,20,18,15,11700234_F_TigerSkinSocksWalker.gltf,11700233_c_tigerskinsockswalker_d.png,11700233_c_tigerskinsockswalker_d.png,0,
11700235,해골 양말 워커 (남),11700235,63,59,51,20,18,15,11700235_M_SkeletonSocksWalker.gltf,11700235_c_skeletonsockswalker_d.png,11700235_c_skeletonsockswalker_d.png,0,
11700236,해골 양말 워커 (여),11700236,63,59,51,20,18,15,11700236_F_SkeletonSocksWalker.gltf,11700235_c_skeletonsockswalker_d.png,11700235_c_skeletonsockswalker_d.png,0,
11700237,스타 양말 스니커즈 (남),11700227,230,230,230,150,150,150,11700227_M_StarSocksSneakers.gltf,11700227_c_starsockssneakers_d.png,11700219_c_camisockssneakers_c.png,0,
11700238,스타 양말 스니커즈 (여),11700228,230,230,230,150,150,150,11700228_F_StarSocksSneakers.gltf,11700227_c_starsockssneakers_d.png,11700219_c_camisockssneakers_c.png,0,
11700239,슬림 라인 양말 구두 (남),11700239,63,59,51,20,18,15,11700239_M_SlimeLineSocksShoes.gltf,11700239_c_slimelinesocksshoes_d.png,11700239_c_slimelinesocksshoes_d.png,0,
11700240,슬림 라인 양말 구두 (여),11700240,63,59,51,20,18,15,11700240_F_SlimeLineSocksShoes.gltf,11700239_c_slimelinesocksshoes_d.png,11700239_c_slimelinesocksshoes_d.png,0,
11700241,스타 양말 스니커즈 (남),11700227,230,230,230,150,150,150,11700227_M_StarSocksSneakers.gltf,11700227_c_starsockssneakers_d.png,11700219_c_camisockssneakers_c.png,0,
11700242,스타 양말 스니커즈 (여),11700228,230,230,230,150,150,150,11700228_F_StarSocksSneakers.gltf,11700227_c_starsockssneakers_d.png,11700219_c_camisockssneakers_c.png,0,
11700243,검은 양말 구두 (남),11700243,63,59,51,20,18,15,11700243_M_StudentSocksShoes.gltf,11700243_c_studentsocksshoes_d.png,11700243_c_studentsocksshoes_d.png,0,
11700244,검은 양말 구두 (여),11700244,63,59,51,20,18,15,11700244_F_StudentSocksShoes.gltf,11700243_c_studentsocksshoes_d.png,11700243_c_studentsocksshoes_d.png,0,
11700245,레인드랍 양말 구두 (남),11700245,63,59,51,20,18,15,11700245_M_RainDropSocksShoes.gltf,11700245_c_raindropsocksshoes_d.png,11700245_c_raindropsocksshoes_d.png,0,
11700246,레인드랍 양말 구두 (여),11700246,63,59,51,20,18,15,11700246_F_RainDropSocksShoes.gltf,11700245_c_raindropsocksshoes_d.png,11700245_c_raindropsocksshoes_d.png,0,
11700249,희미한 전사 신발,11700007,63,59,51,20,18,15,11700005_F_LittleBoneWarBoots.gltf,11700005_c_littlebonewarboots_d.png,11700005_c_littlebonewarboots_c.png,0,
11700250,희미한 마법사 신발,11700022,63,59,51,20,18,15,11700020_F_Golden.gltf,11700020_c_golden_d.png,11700020_c_golden_c.png,0,
11700251,희미한 궁수 신발,11700031,63,59,51,20,18,15,11700032_F_Shooting.gltf,11700032_c_shooting_d.png,11700032_c_shooting_c.png,0,
11700252,희미한 도적 신발,11700013,63,59,51,20,18,15,11700042_F_Blackline.gltf,11700042_m_blackline_d.png,11700042_m_blackline_c.png,0,
11700253,혼탁한 전사 신발,11700007,63,59,51,20,18,15,11700005_F_LittleBoneWarBoots.gltf,11700005_c_littlebonewarboots_d.png,11700005_c_littlebonewarboots_c.png,0,
11700254,혼탁한 마법사 신발,11700022,63,59,51,20,18,15,11700020_F_Golden.gltf,11700020_c_golden_d.png,11700020_c_golden_c.png,0,
11700255,혼탁한 궁수 신발,11700031,63,59,51,20,18,15,11700032_F_Shooting.gltf,11700032_c_shooting_d.png,11700032_c_shooting_c.png,0,
11700256,혼탁한 도적 신발,11700013,63,59,51,20,18,15,11700042_F_Blackline.gltf,11700042_m_blackline_d.png,11700042_m_blackline_c.png,0,
11700257,수집된 전사 신발,11700061,63,59,51,20,18,15,11700061_F_SHCrusadesGreeve.gltf,11700061_c_shcrusadesgreeve_d.png,11700062_c_shblackcrusadesgreeve_c.png,0,
11700258,수집된 마법사 신발,11700024,63,59,51,20,18,15,11700023_F_SHMageShoes.gltf,11700023_c_shmageshoes_d.png,11700023_c_shmageshoes_c.png,0,
11700259,수집된 궁수 신발,11700033,63,59,51,20,18,15,11700035_F_LeatherBeltBoots.gltf,11700035_c_leatherbeltboots_d.png,11700035_c_leatherbeltboots_c.png,0,
11700260,수집된 도적 신발,11700015,63,59,51,20,18,15,11700045_F_SHPirateBoots.gltf,11700045_c_shpirateboots_d.png,11700045_c_shpirateboots_c.png,0,
11700261,가치있는 전사 신발,11700105,63,59,51,20,18,15,11700105_F_SHSkeletonBoots.gltf,11700105_c_shskeletonboots_d.png,11700105_c_shskeletonboots_c.png,0,
11700262,가치있는 마법사 신발,11700115,63,59,51,20,18,15,11700115_F_SHEnesBoots.gltf,11700115_f_shenesboots_d.png,11700115_f_shenesboots_c.png,0,
11700263,가치있는 궁수 신발,11700112,63,59,51,20,18,15,11700112_F_SHChaserBoots.gltf,11700112_f_shchaserboots_d.png,11700112_f_shchaserboots_c.png,0,
11700264,가치있는 도적 신발,11700109,63,59,51,20,18,15,11700109_F_SHNimbleBitBoots.gltf,11700109_f_shnimblebitboots_d.png,11700109_f_shnimblebitboots_c.png,0,
11700267,탐험가 부츠,11700267,158,83,63,68,31,19,11700268_F_SHExplore.gltf,11700267_c_shexplore_d.png,11700267_c_shexplore_c.png,0,
11700269,장교 가죽 부츠 (남),11700269,63,59,51,20,18,15,11700269_M_SHOfficer.gltf,11700269_m_shofficer_d.png,11700269_m_shofficer_d.png,0,
11700270,장교 가죽 부츠 (여),11700270,63,59,51,20,18,15,11700270_F_SHOfficer.gltf,11700270_f_shofficer_d.png,11700270_f_shofficer_d.png,0,
11700271,탐정 로퍼 (남),11700271,63,59,51,20,18,15,11700271_M_SHDetective.gltf,11700271_m_shdetective_d.png,11700271_m_shdetective_c.png,0,
11700272,붉은 보석 구두 (여),11700272,230,230,230,150,150,150,11700272_F_SHRedJewelShoes.gltf,11700272_f_shredjewelshoes_d.png,11700272_f_shredjewelshoes_c.png,0,
11700273,매듭 장식 갓신 (남),11700273,170,47,47,96,19,19,11700273_M_SHMeshPointShoes.gltf,11700273_m_shmeshpointshoes_d.png,11700273_m_shmeshpointshoes_c.png,0,
11700274,비단 꽃신 (여),11700274,170,47,47,96,19,19,11700274_F_SHFlowerShoes.gltf,11700274_f_shflowershoes_d.png,11700274_f_shflowershoes_c.png,0,
11700277,포멀 웨딩 옥스퍼드 (남),11700277,230,230,230,150,150,150,11700277_M_WingTipWalker.gltf,11700277_c_wingtipwalker_d.png,11700277_c_wingtipwalker_c.png,0,
11700281,레오파드 슬립온 (남),11700281,63,59,51,20,18,15,11700281_M_LeopardSlipon.gltf,11700281_c_leopardslipon_d.png,11700281_c_leopardslipon_d.png,0,
11700282,레오파드 슬립온 (여),11700282,63,59,51,20,18,15,11700282_F_LeopardSlipon.gltf,11700281_c_leopardslipon_d.png,11700281_c_leopardslipon_d.png,0,
11700283,블루 레오파드 슬립온 (남),11700283,63,59,51,20,18,15,11700283_M_BlueLeopardSlipon.gltf,11700283_c_blueleopardslipon_d.png,11700283_c_blueleopardslipon_d.png,0,
11700284,블루 레오파드 슬립온 (여),11700284,63,59,51,20,18,15,11700284_F_BlueLeopardSlipon.gltf,11700283_c_blueleopardslipon_d.png,11700283_c_blueleopardslipon_d.png,0,
11700287,더키 샌들 (남),11700287,76,105,181,23,40,79,11700287_M_DuckySandle.gltf,11700287_c_duckysandle_d.png,11700287_c_duckysandle_c.png,0,
11700288,더키 샌들 (여),11700288,76,105,181,23,40,79,11700288_F_DuckySandle.gltf,11700287_c_duckysandle_d.png,11700287_c_duckysandle_c.png,0,
11700290,폭신 슬리퍼 (여),11700290,230,230,230,150,150,150,11700290_F_SoftSlipper.gltf,11700289_c_softslipper_d.png,11700289_c_softslipper_c.png,0,
11700293,오리할콘 부츠 (남),11700293,63,59,51,20,18,15,11700003_M_SHSilverOrihalcon.gltf,11700003_m_shsilverorihalcon_d.png,11700003_m_shsilverorihalcon_d.png,0,
11700294,오리할콘 부츠 (여),11700294,63,59,51,20,18,15,11700003_F_SHSilverOrihalcon.gltf,11700003_f_shsilverorihalcon_d.png,11700003_f_shsilverorihalcon_d.png,0,
11700295,블러드 레퀴엠 부츠 (남),11700295,170,47,47,96,19,19,11700004_M_SHBloodRequiem.gltf,11700004_m_shbloodrequiem_d.png,11700004_m_shbloodrequiem_c.png,0,
11700296,블러드 레퀴엠 부츠 (여),11700296,170,47,47,96,19,19,11700004_F_SHBloodRequiem.gltf,11700004_f_shbloodrequiem_d.png,11700004_f_shbloodrequiem_c.png,0,
11700297,밀리샤 부츠 (남),11700297,63,59,51,20,18,15,11700104_M_SHMilitiaBoots.gltf,11700104_c_shmilitiaboots_d.png,11700104_c_shmilitiaboots_d.png,0,
11700298,밀리샤 부츠 (여),11700298,63,59,51,20,18,15,11700104_F_SHMilitiaBoots.gltf,11700104_c_shmilitiaboots_d.png,11700104_c_shmilitiaboots_d.png,0,
11700299,금장식 포혜 (남),11700299,249,137,77,147,60,20,01700017_M_GoldSilkyShoes.gltf,01700017_c_goldsilkyshoes_d.png,01700017_c_goldsilkyshoes_c.png,0,
11700300,금장식 포혜 (여),11700300,249,137,77,147,60,20,01700018_F_GoldSilkyShoes.gltf,01700017_c_goldsilkyshoes_d.png,01700017_c_goldsilkyshoes_c.png,0,
11700301,진열된 전사 신발,11700006,63,59,51,20,18,15,11700005_F_LittleBoneWarBoots.gltf,11700005_c_littlebonewarboots_d.png,11700005_c_littlebonewarboots_c.png,0,
11700302,진열된 마법사 신발,11700021,63,59,51,20,18,15,11700020_F_Golden.gltf,11700020_c_golden_d.png,11700020_c_golden_c.png,0,
11700303,진열된 궁수 신발,11700030,63,59,51,20,18,15,11700032_F_Shooting.gltf,11700032_c_shooting_d.png,11700032_c_shooting_c.png,0,
11700304,진열된 도적 신발,11700012,63,59,51,20,18,15,11700042_F_Blackline.gltf,11700042_m_blackline_d.png,11700042_m_blackline_c.png,0,
11700305,귀중한 전사 신발,11700123,63,59,51,20,18,15,11700008_F_RollingThunderBlackbone.gltf,11700008_c_rollingthunderblackbone_d.png,11700008_c_rollingthunderblackbone_c.png,0,
11700306,귀중한 마법사 신발,11700124,63,59,51,20,18,15,11700022_F_AnnStarlight.gltf,11700022_c_annstarlight_d.png,11700022_c_annstarlight_c.png,0,
11700307,귀중한 궁수 신발,11700125,63,59,51,20,18,15,11700034_F_HelenaHawkEye.gltf,11700034_c_helenahawkeye_d.png,11700034_c_helenahawkeye_c.png,0,
11700308,귀중한 도적 신발,11700126,63,59,51,20,18,15,11700044_F_Upgradelappy.gltf,11700044_m_upgradelappy_d.png,11700044_m_upgradelappy_c.png,0,
11700309,메이플 런닝화 (남),11700309,170,47,47,96,19,19,11700309_M_SHMapleRunning.gltf,11700309_c_shmaplerunning_d.png,11700309_c_shmaplerunning_c.png,0,
11700310,메이플 런닝화 (여),11700310,170,47,47,96,19,19,11700310_F_SHMapleRunning.gltf,11700309_c_shmaplerunning_d.png,11700309_c_shmaplerunning_c.png,0,
11700311,오션 클리퍼 (여),11700311,62,73,117,27,26,48,11700311_F_SHOceanClipper.gltf,11700117_c_shoceanclipper_d.png,11700117_c_shoceanclipper_c.png,0,
11700312,하트 샌들 (남),11700312,147,226,242,89,153,165,11700312_M_SHHeartSandle.gltf,11700313_c_shheartsandle_d.png,11700313_c_shheartsandle_c.png,0,
11700313,하트 샌들 (여),11700313,255,168,203,205,86,106,11700313_F_SHHeartSandle.gltf,11700313_c_shheartsandle_d.png,11700313_c_shheartsandle_c.png,0,
11700314,프렌지 부츠 (남),11700314,170,47,47,96,19,19,11700122_M_SHFrenzyBoots.gltf,11700122_m_shfrenzyboots_d.png,11700122_m_shfrenzyboots_c.png,0,
11700315,프렌지 부츠 (여),11700315,170,47,47,96,19,19,11700122_F_SHFrenzyBoots.gltf,11700122_f_shfrenzyboots_d.png,11700122_f_shfrenzyboots_c.png,0,
11700316,아쿠아 슈즈 (남),11700316,126,204,247,72,94,168,11700120_M_SHAquaShoes.gltf,11700120_c_shaquashoes_d.png,11700120_c_shaquashoes_c.png,0,
11700317,아쿠아 슈즈 (여),11700317,126,204,247,72,94,168,11700120_F_SHAquaShoes.gltf,11700120_c_shaquashoes_d.png,11700120_c_shaquashoes_c.png,0,
11700318,플라이트 부츠 (남),11700318,194,209,96,64,104,54,11700116_M_SHFlightBoots.gltf,11700116_c_shflightboots_d.png,11700116_c_shflightboots_c.png,0,
11700319,플라이트 부츠 (여),11700319,194,209,96,64,104,54,11700116_F_SHFlightBoots.gltf,11700116_c_shflightboots_d.png,11700116_c_shflightboots_c.png,0,
11700320,스터드 부츠 (남),11700320,62,73,117,27,26,48,11700114_M_SHStuddedBoots.gltf,11700114_m_shstuddedboots_d.png,11700114_m_shstuddedboots_c.png,0,
11700321,스터드 부츠 (여),11700321,62,73,117,27,26,48,11700114_F_SHStuddedBoots.gltf,11700114_f_shstuddedboots_d.png,11700114_f_shstuddedboots_c.png,0,
11700322,짝 잃은 삼선 슬리퍼 (남),11700322,63,59,51,20,18,15,11700322_M_3lineSlipperAlone.gltf,11700184_c_3lineslippers_d.png,11700184_c_3lineslippers_c.png,0,
11700323,짝 잃은 삼선 슬리퍼 (여),11700323,63,59,51,20,18,15,11700322_F_3lineSlipperAlone.gltf,11700184_c_3lineslippers_d.png,11700184_c_3lineslippers_c.png,0,
11700324,흉포한 전사 신발,11700063,63,59,51,20,18,15,11700063_F_SHGoldenCrusadesGreeve.gltf,11700063_c_shgoldencrusadesgreeve_d.png,11700063_c_shgoldencrusadesgreeve_c.png,0,
11700325,흉포한 마법사 신발,11700026,63,59,51,20,18,15,11700025_F_StarlightShoes.gltf,11700025_c_starlightshoes_d.png,11700025_c_starlightshoes_c.png,0,
11700326,흉포한 궁수 신발,11700035,63,59,51,20,18,15,11700037_F_BlackBelt.gltf,11700037_c_blackbelt_d.png,11700037_c_blackbelt_c.png,0,
11700327,흉포한 도적 신발,11700017,63,59,51,20,18,15,11700047_F_SHCrossPirate.gltf,11700047_c_shcrosspirate_d.png,11700047_c_shcrosspirate_c.png,0,
11700328,탐식의 추적자 신발,11700112,63,59,51,20,18,15,11700112_F_SHChaserBoots.gltf,11700112_f_shchaserboots_d.png,11700112_f_shchaserboots_c.png,0,
11700329,탐식의 스터드 부츠,11700114,63,59,51,20,18,15,11700114_F_SHStuddedBoots.gltf,11700114_f_shstuddedboots_d.png,11700114_f_shstuddedboots_c.png,0,
11700330,탐식의 플라이트 부츠,11700116,63,59,51,20,18,15,11700116_F_SHFlightBoots.gltf,11700116_c_shflightboots_d.png,11700116_c_shflightboots_c.png,0,
11700331,탐식의 시피르 부츠,11700118,63,59,51,20,18,15,11700118_F_SHSurfireGlove.gltf,11700118_c_shsurfireboots_d.png,11700118_c_shsurfireboots_c.png,0,
11700332,탐식의 금룡화,11700119,63,59,51,20,18,15,11700119_F_SHGoldDragonShoes.gltf,11700119_c_shgolddragonshoes_d.png,11700119_c_shgolddragonshoes_c.png,0,
11700333,탐식의 아쿠아 슈즈,11700120,63,59,51,20,18,15,11700120_F_SHAquaShoes.gltf,11700120_c_shaquashoes_d.png,11700120_c_shaquashoes_c.png,0,
11700334,탐식의 가디언 부츠,11700121,63,59,51,20,18,15,11700121_F_SHGuardianBoots.gltf,11700121_c_shguardianboots_d.png,11700121_c_shguardianboots_c.png,0,
11700335,탐식의 프렌지 부츠,11700122,63,59,51,20,18,15,11700122_F_SHFrenzyBoots.gltf,11700122_f_shfrenzyboots_d.png,11700122_f_shfrenzyboots_c.png,0,
11700336,어둠의 전사 신발,11700123,63,59,51,20,18,15,11700008_F_RollingThunderBlackbone.gltf,11700008_c_rollingthunderblackbone_d.png,11700008_c_rollingthunderblackbone_c.png,0,
11700337,어둠의 마법사 신발,11700124,63,59,51,20,18,15,11700022_F_AnnStarlight.gltf,11700022_c_annstarlight_d.png,11700022_c_annstarlight_c.png,0,
11700338,어둠의 궁수 신발,11700125,63,59,51,20,18,15,11700034_F_HelenaHawkEye.gltf,11700034_c_helenahawkeye_d.png,11700034_c_helenahawkeye_c.png,0,
11700339,어둠의 도적 신발,11700126,63,59,51,20,18,15,11700044_F_Upgradelappy.gltf,11700044_m_upgradelappy_d.png,11700044_m_upgradelappy_c.png,0,
11700340,이카르 마드의 신발,11700121,63,59,51,20,18,15,11700121_F_SHGuardianBoots.gltf,11700121_c_shguardianboots_d.png,11700121_c_shguardianboots_c.png,0,
11700341,색동 꽃신 (남),11700341,147,226,242,89,153,165,11700341_M_SHManycolorShoes.gltf,11700341_m_shmanycolorshoes_d.png,11700341_m_shmanycolorshoes_c.png,0,
11700342,색동 꽃신 (여),11700342,255,168,203,205,86,106,11700342_F_SHManycolorShoes.gltf,11700342_f_shmanycolorshoes_d.png,11700342_f_shmanycolorshoes_c.png,0,
11700343,나이티지 배틀 부츠 (남),11700343,62,73,117,27,26,48,11700065_M_SHKnightageBattleBoots.gltf,11700065_c_shknightagebattleboots_d.png,11700065_c_shknightagebattleboots_c.png,0,
11700344,나이티지 배틀 부츠 (여),11700344,62,73,117,27,26,48,11700065_F_SHKnightageBattleBoots.gltf,11700065_c_shknightagebattleboots_d.png,11700065_c_shknightagebattleboots_c.png,0,
11700345,프로스토 데우스 부츠 (남),11700345,126,204,247,72,94,168,11700069_M_SHProstoDeusBoots.gltf,11700069_m_shprostodeusboots_d.png,11700069_m_shprostodeusboots_c.png,0,
11700346,프로스토 데우스 부츠 (여),11700346,126,204,247,72,94,168,11700069_F_SHProstoDeusBoots.gltf,11700069_f_shprostodeusboots_d.png,11700069_f_shprostodeusboots_c.png,0,
11700347,사지타리우스 더블밴드 부츠 (남),11700347,62,73,117,27,26,48,11700068_M_SHSagittariusDoubleband.gltf,11700068_c_shsagittariusdoubleband_d.png,11700068_c_shsagittariusdoubleband_c.png,0,
11700348,사지타리우스 더블밴드 부츠 (여),11700348,62,73,117,27,26,48,11700068_F_SHSagittariusDoubleband.gltf,11700068_c_shsagittariusdoubleband_d.png,11700068_c_shsagittariusdoubleband_c.png,0,
11700349,다크 스위프트 부츠 (남),11700349,170,47,47,96,19,19,11700055_M_SHDarkSwiftBoots.gltf,11700055_m_shdarkswiftboots_d.png,11700055_m_shdarkswiftboots_c.png,0,
11700350,다크 스위프트 부츠 (여),11700350,170,47,47,96,19,19,11700055_F_SHDarkSwiftBoots.gltf,11700055_f_shdarkswiftboots_d.png,11700055_f_shdarkswiftboots_c.png,0,
11700351,방랑자 고무신 (남),11700351,63,59,51,20,18,15,11700104_M_SHWandererShoes.gltf,11700104_c_shwanderershoes_d.png,11700104_c_shwanderershoes_d.png,0,
11700352,방랑자 고무신 (여),11700352,63,59,51,20,18,15,11700104_F_SHWandererShoes.gltf,11700104_c_shwanderershoes_d.png,11700104_c_shwanderershoes_d.png,0,
11700353,포효하는 용사의 전투부츠,11709995,63,59,51,20,18,15,11700007_F_SHSavagery.gltf,11700007_c_shsavagery_d.png,11700007_c_shsavagery_c.png,0,
11700354,포효하는 용사의 마법부츠,11709997,63,59,51,20,18,15,11700004_F_SHBloodRequiem.gltf,11700004_f_shbloodrequiem_d.png,11700004_f_shbloodrequiem_c.png,0,
11700355,포효하는 용사의 집중부츠,11709998,63,59,51,20,18,15,11700006_F_SHPhoenixFeather.gltf,11700006_c_shphoenixfeather_d.png,11700006_c_shphoenixfeather_c.png,0,
11700356,포효하는 용사의 혼란부츠,11700050,63,59,51,20,18,15,01700016_F_FunkRaderWalker.gltf,01700016_f_funkraderwalker_d.png,01700016_f_funkraderwalker_d.png,0,
11700357,소리치는 전사의 신발,11700006,63,59,51,20,18,15,11700005_F_LittleBoneWarBoots.gltf,11700005_c_littlebonewarboots_d.png,11700005_c_littlebonewarboots_c.png,0,
11700358,소리치는 마법사의 신발,11700021,63,59,51,20,18,15,11700020_F_Golden.gltf,11700020_c_golden_d.png,11700020_c_golden_c.png,0,
11700359,소리치는 궁수의 신발,11700030,63,59,51,20,18,15,11700032_F_Shooting.gltf,11700032_c_shooting_d.png,11700032_c_shooting_c.png,0,
11700360,소리치는 도적의 신발,11700012,63,59,51,20,18,15,11700042_F_Blackline.gltf,11700042_m_blackline_d.png,11700042_m_blackline_c.png,0,
11700361,포효하는 용사의 광란부츠,11709995,63,59,51,20,18,15,11700007_F_SHSavagery.gltf,11700007_c_shsavagery_d.png,11700007_c_shsavagery_c.png,0,
11700362,포효하는 용사의 신성부츠,11709997,63,59,51,20,18,15,11700004_F_SHBloodRequiem.gltf,11700004_f_shbloodrequiem_d.png,11700004_f_shbloodrequiem_c.png,0,
11700363,포효하는 용사의 포격부츠,11709998,63,59,51,20,18,15,11700006_F_SHPhoenixFeather.gltf,11700006_c_shphoenixfeather_d.png,11700006_c_shphoenixfeather_c.png,0,
11700364,포효하는 용사의 암살부츠,11700050,63,59,51,20,18,15,01700016_F_FunkRaderWalker.gltf,01700016_f_funkraderwalker_d.png,01700016_f_funkraderwalker_d.png,0,
11700365,난폭한 빛의 신발,11701031,63,59,51,20,18,15,11701031_F_SHViolent.gltf,11701031_c_shviolent_d.png,11701031_c_shviolent_c.png,0,
11700366,난폭한 영혼의 신발,11701031,63,59,51,20,18,15,11701031_F_SHViolent.gltf,11701031_c_shviolent_d.png,11701031_c_shviolent_c.png,0,
11700367,난폭한 독성의 신발,11701031,63,59,51,20,18,15,11701031_F_SHViolent.gltf,11701031_c_shviolent_d.png,11701031_c_shviolent_c.png,0,
11700368,난폭한 낙뢰의 신발,11701031,63,59,51,20,18,15,11701031_F_SHViolent.gltf,11701031_c_shviolent_d.png,11701031_c_shviolent_c.png,0,
11700369,난폭한 얼음의 신발,11701031,63,59,51,20,18,15,11701031_F_SHViolent.gltf,11701031_c_shviolent_d.png,11701031_c_shviolent_c.png,0,
11700370,난폭한 어둠의 신발,11701031,63,59,51,20,18,15,11701031_F_SHViolent.gltf,11701031_c_shviolent_d.png,11701031_c_shviolent_c.png,0,
11700371,난폭한 불길의 신발,11701031,63,59,51,20,18,15,11701031_F_SHViolent.gltf,11701031_c_shviolent_d.png,11701031_c_shviolent_c.png,0,
11700372,난폭한 빙하의 신발,11701031,63,59,51,20,18,15,11701031_F_SHViolent.gltf,11701031_c_shviolent_d.png,11701031_c_shviolent_c.png,0,
11700373,홀리 세라핌 부츠 (남),11700373,62,73,117,27,26,48,11700373_M_SHAngelBoots.gltf,11700373_m_shangelboots_d.png,11700373_m_shangelboots_c.png,0,
11700374,홀리 세라핌 부츠 (여),11700374,62,73,117,27,26,48,11700374_F_SHAngelBoots.gltf,11700374_f_shangelboots_d.png,11700374_f_shangelboots_c.png,0,
11700375,인페르노 부츠 (남),11700375,170,47,47,96,19,19,11700375_M_SHInfernoBoots.gltf,11700375_c_shinfernoboots_d.png,11700375_c_shinfernoboots_c.png,0,
11700376,인페르노 부츠 (여),11700376,170,47,47,96,19,19,11700376_F_SHInfernoBoots.gltf,11700375_c_shinfernoboots_d.png,11700375_c_shinfernoboots_c.png,0,
11700377,그림자술사의 부츠,11700140,63,59,51,20,18,15,11700140_F_SHDevoracBoots.gltf,11700140_c_shdevoracboots_d.png,11700140_c_shdevoracboots_d.png,0,
11700379,매지컬 할로윈 부츠 (여),11700379,63,59,51,20,18,15,11700379_F_SHMagicalHalloween.gltf,11700379_f_shmagicalhalloween_d.png,11700379_f_shmagicalhalloween_d.png,0,
11700380,베리언트 워리어즈 부츠,11700380,63,59,51,20,18,15,11700380_F_SHValiant.gltf,11700380_f_shvaliant_d.png,11700380_f_shvaliant_d.png,0,
11700381,플라이트 부츠 (남),11700116,194,209,96,64,104,54,11700116_M_SHFlightBoots.gltf,11700116_c_shflightboots_d.png,11700116_c_shflightboots_c.png,0,
11700382,플라이트 부츠 (여),11700116,194,209,96,64,104,54,11700116_F_SHFlightBoots.gltf,11700116_c_shflightboots_d.png,11700116_c_shflightboots_c.png,0,
11700385,흥정된 전사 신발,11700063,63,59,51,20,18,15,11700063_F_SHGoldenCrusadesGreeve.gltf,11700063_c_shgoldencrusadesgreeve_d.png,11700063_c_shgoldencrusadesgreeve_c.png,0,
11700386,흥정된 마법사 신발,11700026,63,59,51,20,18,15,11700025_F_StarlightShoes.gltf,11700025_c_starlightshoes_d.png,11700025_c_starlightshoes_c.png,0,
11700387,흥정된 궁수 신발,11700035,63,59,51,20,18,15,11700037_F_BlackBelt.gltf,11700037_c_blackbelt_d.png,11700037_c_blackbelt_c.png,0,
11700388,흥정된 도적 신발,11700017,63,59,51,20,18,15,11700047_F_SHCrossPirate.gltf,11700047_c_shcrosspirate_d.png,11700047_c_shcrosspirate_c.png,0,
11700389,교역된 집중 신발,11700112,63,59,51,20,18,15,11700112_F_SHChaserBoots.gltf,11700112_f_shchaserboots_d.png,11700112_f_shchaserboots_c.png,0,
11700390,교역된 혼란 신발,11700114,63,59,51,20,18,15,11700114_F_SHStuddedBoots.gltf,11700114_f_shstuddedboots_d.png,11700114_f_shstuddedboots_c.png,0,
11700391,교역된 포격 신발,11700116,63,59,51,20,18,15,11700116_F_SHFlightBoots.gltf,11700116_c_shflightboots_d.png,11700116_c_shflightboots_c.png,0,
11700392,교역된 신성 신발,11700118,63,59,51,20,18,15,11700118_F_SHSurfireGlove.gltf,11700118_c_shsurfireboots_d.png,11700118_c_shsurfireboots_c.png,0,
11700393,교역된 암살 신발,11700119,63,59,51,20,18,15,11700119_F_SHGoldDragonShoes.gltf,11700119_c_shgolddragonshoes_d.png,11700119_c_shgolddragonshoes_c.png,0,
11700394,교역된 마법 신발,11700120,63,59,51,20,18,15,11700120_F_SHAquaShoes.gltf,11700120_c_shaquashoes_d.png,11700120_c_shaquashoes_c.png,0,
11700395,교역된 전투 신발,11700121,63,59,51,20,18,15,11700121_F_SHGuardianBoots.gltf,11700121_c_shguardianboots_d.png,11700121_c_shguardianboots_c.png,0,
11700396,교역된 광란 신발,11700122,63,59,51,20,18,15,11700122_F_SHFrenzyBoots.gltf,11700122_f_shfrenzyboots_d.png,11700122_f_shfrenzyboots_c.png,0,
11700397,번영의 광란 신발,11700105,63,59,51,20,18,15,11700105_F_SHSkeletonBoots.gltf,11700105_c_shskeletonboots_d.png,11700105_c_shskeletonboots_c.png,0,
11700398,번영의 포격 신발,11700106,63,59,51,20,18,15,11700106_F_SHPilotShoes.gltf,11700106_c_shpilotshoes_d.png,11700106_c_shpilotshoes_c.png,0,
11700399,번영의 전투 신발,11700107,63,59,51,20,18,15,11700107_F_SHBloodyDuskBoots.gltf,11700107_f_shbloodyduskboots_d.png,11700107_f_shbloodyduskboots_c.png,0,
11700400,번영의 신성 신발,11700108,63,59,51,20,18,15,11700108_F_SHSaviorsBoots.gltf,11700108_c_shsaviorsboots_d.png,11700108_c_shsaviorsboots_c.png,0,
11700401,번영의 혼란 신발,11700109,63,59,51,20,18,15,11700109_F_SHNimbleBitBoots.gltf,11700109_f_shnimblebitboots_d.png,11700109_f_shnimblebitboots_c.png,0,
11700402,번영의 암살 신발,11700111,63,59,51,20,18,15,11700111_F_SHPhantomBoots.gltf,11700111_f_shphantomboots_d.png,11700111_f_shphantomboots_c.png,0,
11700403,번영의 집중 신발,11700113,63,59,51,20,18,15,11700113_F_SHGuardianBoots.gltf,11700113_c_shguardianboots_d.png,11700113_c_shguardianboots_c.png,0,
11700404,번영의 마법 신발,11700115,63,59,51,20,18,15,11700115_F_SHEnesBoots.gltf,11700115_f_shenesboots_d.png,11700115_f_shenesboots_c.png,0,
11700405,테룬칼리브 보급형 신발,11700405,63,59,51,20,18,15,11700405_F_SHRuneBlader01.gltf,11700405_c_shruneblader01_d.png,11700405_c_shruneblader01_c.png,0,
11700406,앤틱 부츠,11700406,63,59,51,20,18,15,11700406_F_SHRuneBlader02.gltf,11700406_c_shruneblader02_d.png,11700406_c_shruneblader02_c.png,0,
11700407,커머스 신발,11700407,63,59,51,20,18,15,11700407_F_SHRuneBlader03.gltf,11700407_c_shruneblader03_d.png,11700407_c_shruneblader03_c.png,0,
11700408,빈티지 신발,11700408,63,59,51,20,18,15,11700408_F_SHRuneBlader04.gltf,11700408_c_shruneblader04_d.png,11700408_c_shruneblader04_c.png,0,
11700409,테룬칼리브 고급형 신발,11700409,63,59,51,20,18,15,11700409_F_SHRuneBlader05.gltf,11700409_c_shruneblader05_d.png,11700409_c_shruneblader05_c.png,0,
11700410,바즈의 신발,11700410,63,59,51,20,18,15,11700410_F_SHRuneBlader06.gltf,11700410_c_shruneblader06_d.png,11700410_c_shruneblader06_c.png,0,
11700411,낚시꾼 장화,11700411,63,59,51,20,18,15,11700411_F_SHFishing_01.gltf,11700411_c_shfishing_d.png,11700411_c_shfishing_d.png,0,
11700412,밀리터리 부츠 (남),11700412,63,59,51,20,18,15,11700277_M_SHMilitary.gltf,11700277_c_shmilitary_d.png,11700277_c_shmilitary_d.png,0,
11700413,밀리터리 부츠 (여),11700413,63,59,51,20,18,15,11700278_F_SHMilitary.gltf,11700277_c_shmilitary_d.png,11700277_c_shmilitary_d.png,0,
11700414,난폭한 파멸의 신발,11701031,63,59,51,20,18,15,11701031_F_SHViolent.gltf,11701031_c_shviolent_d.png,11701031_c_shviolent_c.png,0,
11700415,단련된 더블 부츠,11700406,63,59,51,20,18,15,11700406_F_SHRuneBlader02.gltf,11700406_c_shruneblader02_d.png,11700406_c_shruneblader02_c.png,0,
11700416,탐식의 트리밍 부츠,11700407,63,59,51,20,18,15,11700407_F_SHRuneBlader03.gltf,11700407_c_shruneblader03_d.png,11700407_c_shruneblader03_c.png,0,
11700417,새벽의 보이드 부츠,11700408,63,59,51,20,18,15,11700408_F_SHRuneBlader04.gltf,11700408_c_shruneblader04_d.png,11700408_c_shruneblader04_c.png,0,
11700418,검은 불꽃의 데크 부츠,11700409,63,59,51,20,18,15,11700409_F_SHRuneBlader05.gltf,11700409_c_shruneblader05_d.png,11700409_c_shruneblader05_c.png,0,
11700419,루미 드 코르 부츠,11700381,63,59,51,20,18,15,11700381_F_SHDragonScalesBoots.gltf,11700381_c_shdragonscalesboots_d.png,11700381_c_shdragonscalesboots_c.png,0,
11700420,루미 드 라비에르 부츠,11700381,63,59,51,20,18,15,11700381_F_SHDragonScalesBoots.gltf,11700381_c_shdragonscalesboots_d.png,11700381_c_shdragonscalesboots_c.png,0,
11700421,루미 드 마기아 부츠,11700382,63,59,51,20,18,15,11700382_F_SHAngelicTelaBoots.gltf,11700382_c_shangelictelaboots_d.png,11700382_c_shangelictelaboots_c.png,0,
11700422,루미 드 데우스 부츠,11700382,63,59,51,20,18,15,11700382_F_SHAngelicTelaBoots.gltf,11700382_c_shangelictelaboots_d.png,11700382_c_shangelictelaboots_c.png,0,
11700423,루미 드 테로 부츠,11700383,63,59,51,20,18,15,11700383_F_SHPadlockCueroBoots.gltf,11700383_c_shpadlockcueroboots_d.png,11700383_c_shpadlockcueroboots_c.png,0,
11700424,루미 드 리브라토 부츠,11700383,63,59,51,20,18,15,11700383_F_SHPadlockCueroBoots.gltf,11700383_c_shpadlockcueroboots_d.png,11700383_c_shpadlockcueroboots_c.png,0,
11700425,루미 드 에레보스 부츠,11700384,63,59,51,20,18,15,11700384_F_SHBuckledStrapBoots.gltf,11700384_c_shbuckledstrapboots_d.png,11700384_c_shbuckledstrapboots_c.png,0,
11700426,루미 드 시카 부츠,11700384,63,59,51,20,18,15,11700384_F_SHBuckledStrapBoots.gltf,11700384_c_shbuckledstrapboots_d.png,11700384_c_shbuckledstrapboots_c.png,0,
11700427,루미 드 폴루스 부츠,11700381,63,59,51,20,18,15,11700381_F_SHDragonScalesBoots.gltf,11700381_c_shdragonscalesboots_d.png,11700381_c_shdragonscalesboots_c.png,0,
11700428,광포한 전투 신발,11701033,63,59,51,20,18,15,11701033_F_SHFury.gltf,11701033_c_shfury_d.png,11701033_c_shfury_c.png,0,
11700429,광포한 광란 신발,11701033,63,59,51,20,18,15,11701033_F_SHFury.gltf,11701033_c_shfury_d.png,11701033_c_shfury_c.png,0,
11700430,광포한 마법 신발,11701033,63,59,51,20,18,15,11701033_F_SHFury.gltf,11701033_c_shfury_d.png,11701033_c_shfury_c.png,0,
11700431,광포한 신성 신발,11701033,63,59,51,20,18,15,11701033_F_SHFury.gltf,11701033_c_shfury_d.png,11701033_c_shfury_c.png,0,
11700432,광포한 집중 신발,11701033,63,59,51,20,18,15,11701033_F_SHFury.gltf,11701033_c_shfury_d.png,11701033_c_shfury_c.png,0,
11700433,광포한 포격 신발,11701033,63,59,51,20,18,15,11701033_F_SHFury.gltf,11701033_c_shfury_d.png,11701033_c_shfury_c.png,0,
11700434,광포한 혼란 신발,11701033,63,59,51,20,18,15,11701033_F_SHFury.gltf,11701033_c_shfury_d.png,11701033_c_shfury_c.png,0,
11700435,광포한 암살 신발,11701033,63,59,51,20,18,15,11701033_F_SHFury.gltf,11701033_c_shfury_d.png,11701033_c_shfury_c.png,0,
11700436,광포한 주술 신발,11701033,63,59,51,20,18,15,11701033_F_SHFury.gltf,11701033_c_shfury_d.png,11701033_c_shfury_c.png,0,
11700437,극한의 전투 신발,11701032,63,59,51,20,18,15,11701032_F_SHLimit.gltf,11701032_c_shlimit_d.png,11701032_c_shlimit_c.png,0,
11700438,극한의 광란 신발,11701032,63,59,51,20,18,15,11701032_F_SHLimit.gltf,11701032_c_shlimit_d.png,11701032_c_shlimit_c.png,0,
11700439,극한의 마법 신발,11701032,63,59,51,20,18,15,11701032_F_SHLimit.gltf,11701032_c_shlimit_d.png,11701032_c_shlimit_c.png,0,
11700440,극한의 신성 신발,11701032,63,59,51,20,18,15,11701032_F_SHLimit.gltf,11701032_c_shlimit_d.png,11701032_c_shlimit_c.png,0,
11700441,극한의 집중 신발,11701032,63,59,51,20,18,15,11701032_F_SHLimit.gltf,11701032_c_shlimit_d.png,11701032_c_shlimit_c.png,0,
11700442,극한의 포격 신발,11701032,63,59,51,20,18,15,11701032_F_SHLimit.gltf,11701032_c_shlimit_d.png,11701032_c_shlimit_c.png,0,
11700443,극한의 혼란 신발,11701032,63,59,51,20,18,15,11701032_F_SHLimit.gltf,11701032_c_shlimit_d.png,11701032_c_shlimit_c.png,0,
11700444,극한의 암살 신발,11701032,63,59,51,20,18,15,11701032_F_SHLimit.gltf,11701032_c_shlimit_d.png,11701032_c_shlimit_c.png,0,
11700445,극한의 주술 신발,11701032,63,59,51,20,18,15,11701032_F_SHLimit.gltf,11701032_c_shlimit_d.png,11701032_c_shlimit_c.png,0,
11700446,데저트 롱 부츠,11700084,63,59,51,20,18,15,11700061_F_SHCrusadesGreeve.gltf,11700061_c_shcrusadesgreeve_d.png,11700062_c_shblackcrusadesgreeve_c.png,0,
11700447,엠파이어 나이트 부츠,11700447,249,137,77,147,60,20,11700447_F_SHEmpireKnight.gltf,11700447_c_shempireknight_d.png,11700447_c_shempireknight_c.png,0,
11700448,디아볼루스 슬레이어 부츠,11700448,63,59,51,20,18,15,11700448_F_SHDiabolusSlayer.gltf,11700448_c_shdiabolusslayer_d.png,11700448_c_shdiabolusslayer_c.png,0,
11700449,프로즌 부츠 (남),11700449,63,59,51,20,18,15,11700449_M_SHFrozenLongBoots.gltf,11700449_m_shfrozenlongboots_d.png,11700449_m_shfrozenlongboots_d.png,0,
11700450,프로즌 크리스탈 샌들 (여),11700450,63,59,51,20,18,15,11700450_F_SHFrozenCrystalSandal.gltf,11700450_f_shfrozencrystalsandal_d.png,11700450_f_shfrozencrystalsandal_d.png,0,
11700451,트윙클 스타 학생 구두 (남),11700451,255,168,203,205,86,106,11700451_M_SHTwinkleStar.gltf,11700451_m_shtwinklestar_d.png,11700451_m_shtwinklestar_c.png,0,
11700452,트윙클 스타 학생 구두 (여),11700452,255,168,203,205,86,106,11700452_F_SHTwinkleStar.gltf,11700452_f_shtwinklestar_d.png,11700452_f_shtwinklestar_c.png,0,
11700453,심플 스트랩 샌들 (남),11700453,63,59,51,20,18,15,11700453_M_SHStrapSandal.gltf,11700453_m_shstrapsandal_d.png,11700453_m_shstrapsandal_c.png,0,
11700454,리본 스트랩 샌들 (여),11700454,239,112,145,153,66,82,11700454_F_SHRibbonStrapSandal.gltf,11700454_f_shribbonstrapsandal_d.png,11700454_f_shribbonstrapsandal_c.png,0,
11700455,튼튼 전사 신발,11700003,63,59,51,20,18,15,11700011_F_HeavyGreave.gltf,11700011_c_heavygreave_d.png,11700011_c_heavygreave_c.png,0,
11700456,튼튼 마법사 신발,11700018,63,59,51,20,18,15,11700018_F_LooseBasicBoots.gltf,11700018_c_loosebasicboots_d.png,11700018_c_loosebasicboots_c.png,0,
11700457,튼튼 궁수 신발,11700027,63,59,51,20,18,15,11700029_F_WornOutGuarderShoes.gltf,11700029_c_wornoutguardershoes_d.png,11700029_c_wornoutguardershoes_c.png,0,
11700458,튼튼 도적 신발,11700009,63,59,51,20,18,15,11700040_F_StrongLeather.gltf,11700040_m_strongleather_d.png,11700041_m_blackeyegoldline_c.png,0,
11700463,검은 고양이 신발 (남),11700463,63,59,51,20,18,15,11700463_M_SHCatDoll.gltf,11700463_c_shcatdoll_d.png,11700463_c_shcatdoll_d.png,0,
11700464,검은 고양이 신발 (여),11700464,63,59,51,20,18,15,11700464_F_SHCatDoll.gltf,11700463_c_shcatdoll_d.png,11700463_c_shcatdoll_d.png,0,
11700465,러블리 바니 신발 (남),11700465,255,168,203,205,86,106,11700465_M_SHBannyDoll.gltf,11700465_c_shbannydoll_d.png,11700465_c_shbannydoll_c.png,0,
11700466,러블리 바니 신발 (여),11700466,255,168,203,205,86,106,11700466_F_SHBannyDoll.gltf,11700465_c_shbannydoll_d.png,11700465_c_shbannydoll_c.png,0,
11700467,쁘띠 리본 웨딩 펌프스 (여),11700467,126,204,247,72,94,168,11700467_F_SHPetitRibbonWeddingShoes.gltf,11700467_f_shpetitribbonweddingshoe_d.png,11700467_f_shpetitribbonweddingshoe_c.png,0,
11700470,고딕 포멀 슈즈 (남),11700470,63,59,51,20,18,15,11700470_M_SHGothicFormalShoes.gltf,11700470_m_shgothicformalshoes_d.png,11700470_m_shgothicformalshoes_c.png,0,
11700471,고딕 플랫 슈즈 (여),11700471,63,59,51,20,18,15,11700471_F_SHGothicFlatShoes.gltf,11700471_f_shgothicflatshoes_d.png,11700471_f_shgothicflatshoes_c.png,0,
11700472,크래비 슬리퍼,11700472,63,59,51,20,18,15,11700472_F_SHCrabSlipper.gltf,11700472_c_shcrabslipper_d.png,11700472_c_shcrabslipper_d.png,0,
11700473,크래비 슬리퍼,11700472,63,59,51,20,18,15,11700472_F_SHCrabSlipper.gltf,11700472_c_shcrabslipper_d.png,11700472_c_shcrabslipper_d.png,0,
11700474,크래비 슬리퍼,11700472,63,59,51,20,18,15,11700472_F_SHCrabSlipper.gltf,11700472_c_shcrabslipper_d.png,11700472_c_shcrabslipper_d.png,0,
11700487,이끌림의 고급 신발,11700033,63,59,51,20,18,15,11700035_F_LeatherBeltBoots.gltf,11700035_c_leatherbeltboots_d.png,11700035_c_leatherbeltboots_c.png,0,
11700488,더키볼 유치원 슈즈,11700488,76,105,181,23,40,79,11700489_F_SHDuckyBallEvent.gltf,11700488_c_shduckyballevent_d.png,11700488_c_shduckyballevent_c.png,0,
11700490,고요한 전투 신발,11709995,63,59,51,20,18,15,11700007_F_SHSavagery.gltf,11700007_c_shsavagery_d.png,11700007_c_shsavagery_c.png,0,
11700491,고요한 광란 신발,11709995,63,59,51,20,18,15,11700007_F_SHSavagery.gltf,11700007_c_shsavagery_d.png,11700007_c_shsavagery_c.png,0,
11700492,고요한 마법 신발,11709997,63,59,51,20,18,15,11700004_F_SHBloodRequiem.gltf,11700004_f_shbloodrequiem_d.png,11700004_f_shbloodrequiem_c.png,0,
11700493,고요한 신성 신발,11709997,63,59,51,20,18,15,11700004_F_SHBloodRequiem.gltf,11700004_f_shbloodrequiem_d.png,11700004_f_shbloodrequiem_c.png,0,
11700494,고요한 집중 신발,11709998,63,59,51,20,18,15,11700006_F_SHPhoenixFeather.gltf,11700006_c_shphoenixfeather_d.png,11700006_c_shphoenixfeather_c.png,0,
11700495,고요한 포격 신발,11709998,63,59,51,20,18,15,11700006_F_SHPhoenixFeather.gltf,11700006_c_shphoenixfeather_d.png,11700006_c_shphoenixfeather_c.png,0,
11700496,고요한 혼란 신발,11700050,63,59,51,20,18,15,01700016_F_FunkRaderWalker.gltf,01700016_f_funkraderwalker_d.png,01700016_f_funkraderwalker_d.png,0,
11700497,고요한 암살 신발,11700050,63,59,51,20,18,15,01700016_F_FunkRaderWalker.gltf,01700016_f_funkraderwalker_d.png,01700016_f_funkraderwalker_d.png,0,
11700498,고요한 주술 신발,11709995,63,59,51,20,18,15,11700007_F_SHSavagery.gltf,11700007_c_shsavagery_d.png,11700007_c_shsavagery_c.png,0,
11700499,적막한 전투 신발,11700447,63,59,51,20,18,15,11700447_F_SHEmpireKnight.gltf,11700447_c_shempireknight_d.png,11700447_c_shempireknight_c.png,0,
11700500,적막한 광란 신발,11700447,63,59,51,20,18,15,11700447_F_SHEmpireKnight.gltf,11700447_c_shempireknight_d.png,11700447_c_shempireknight_c.png,0,
11700501,적막한 마법 신발,11700447,63,59,51,20,18,15,11700447_F_SHEmpireKnight.gltf,11700447_c_shempireknight_d.png,11700447_c_shempireknight_c.png,0,
11700502,적막한 신성 신발,11700447,63,59,51,20,18,15,11700447_F_SHEmpireKnight.gltf,11700447_c_shempireknight_d.png,11700447_c_shempireknight_c.png,0,
11700503,적막한 집중 신발,11700447,63,59,51,20,18,15,11700447_F_SHEmpireKnight.gltf,11700447_c_shempireknight_d.png,11700447_c_shempireknight_c.png,0,
11700504,적막한 포격 신발,11700447,63,59,51,20,18,15,11700447_F_SHEmpireKnight.gltf,11700447_c_shempireknight_d.png,11700447_c_shempireknight_c.png,0,
11700505,적막한 혼란 신발,11700447,63,59,51,20,18,15,11700447_F_SHEmpireKnight.gltf,11700447_c_shempireknight_d.png,11700447_c_shempireknight_c.png,0,
11700506,적막한 암살 신발,11700447,63,59,51,20,18,15,11700447_F_SHEmpireKnight.gltf,11700447_c_shempireknight_d.png,11700447_c_shempireknight_c.png,0,
11700507,적막한 주술 신발,11700447,63,59,51,20,18,15,11700447_F_SHEmpireKnight.gltf,11700447_c_shempireknight_d.png,11700447_c_shempireknight_c.png,0,
11700508,이프리트 부츠 (남),11700508,63,59,51,20,18,15,11700508_M_SHIfritLongBoots.gltf,11700508_m_shifritlongboots_d.png,11700508_m_shifritlongboots_d.png,0,
11700509,이프리트 크리스탈 샌들 (여),11700509,63,59,51,20,18,15,11700509_F_SHIfritBlackSandal.gltf,11700509_f_shifritblacksandal_d.png,11700509_f_shifritblacksandal_d.png,0,
11700510,해피 슬라임 운동화,11700510,126,204,247,72,94,168,11700510_F_SHSlimeWalker.gltf,11700510_c_shslimewalker_d.png,11700510_c_shslimewalker_c.png,0,
11700520,아련한 그리움의 전사 신발,11700063,63,59,51,20,18,15,11700063_F_SHGoldenCrusadesGreeve.gltf,11700063_c_shgoldencrusadesgreeve_d.png,11700063_c_shgoldencrusadesgreeve_c.png,0,
11700521,아련한 그리움의 마법사 신발,11700026,63,59,51,20,18,15,11700025_F_StarlightShoes.gltf,11700025_c_starlightshoes_d.png,11700025_c_starlightshoes_c.png,0,
11700522,아련한 그리움의 궁수 신발,11700035,63,59,51,20,18,15,11700037_F_BlackBelt.gltf,11700037_c_blackbelt_d.png,11700037_c_blackbelt_c.png,0,
11700523,아련한 그리움의 도적 신발,11700017,63,59,51,20,18,15,11700047_F_SHCrossPirate.gltf,11700047_c_shcrosspirate_d.png,11700047_c_shcrosspirate_c.png,0,
11700524,치파오 신발 (여),11700524,170,47,47,96,19,19,11700524_F_SHChinaUserEvent01.gltf,11700524_f_shchinauserevent01_d.png,11700524_f_shchinauserevent01_c.png,0,
11700525,창파오 신발 (남),11700525,170,47,47,96,19,19,11700525_M_SHChinaUserEvent01.gltf,11700525_m_shchinauserevent01_d.png,11700525_m_shchinauserevent01_c.png,0,
11700526,츄츄 하트 샌들 (남),11700526,63,59,51,20,18,15,11700526_M_SHLaceRibbon.gltf,11700526_c_shlaceribbon_d.png,11700526_c_shlaceribbon_c.png,0,
11700527,츄츄 하트 샌들 (여),11700527,239,112,145,153,66,82,11700527_F_SHLaceRibbo.gltf,11700526_c_shlaceribbon_d.png,11700526_c_shlaceribbon_c.png,0,
11700528,앙큼 바니 슈즈 (남),11700528,63,59,51,20,18,15,11700528_M_SHSlyBunnyPumps.gltf,11700528_c_shslybunnypumps_d.png,11700528_c_shslybunnypumps_c.png,0,
11700529,앙큼 바니 슈즈 (여),11700529,239,112,145,153,66,82,11700529_F_SHSlyBunnyPumps.gltf,11700528_c_shslybunnypumps_d.png,11700528_c_shslybunnypumps_c.png,0,
11700530,무딘 격투 신발,11700511,63,59,51,20,18,15,11700511_F_SHFighter01.gltf,11700511_c_shfighter01_d.png,11700513_c_shfighter03_c.png,0,
11700531,기초 격투 신발,11700511,63,59,51,20,18,15,11700511_F_SHFighter01.gltf,11700511_c_shfighter01_d.png,11700513_c_shfighter03_c.png,0,
11700532,기초 무투 신발,11700512,63,59,51,20,18,15,11700512_F_SHFighter02.gltf,11700512_c_shfighter02_d.png,11700513_c_shfighter03_c.png,0,
11700533,기초 사투 신발,11700513,63,59,51,20,18,15,11700513_F_SHFighter03.gltf,11700513_c_shfighter03_d.png,11700513_c_shfighter03_c.png,0,
11700534,초급 격투 신발,11700514,63,59,51,20,18,15,11700514_F_SHFighter04.gltf,11700514_c_shfighter04_d.png,11700514_c_shfighter04_c.png,0,
11700535,초급 무투 신발,11700515,63,59,51,20,18,15,11700515_F_SHFighter05.gltf,11700515_c_shfighter05_d.png,11700515_c_shfighter05_c.png,0,
11700536,중급 사투 신발,11700516,63,59,51,20,18,15,11700516_F_SHFighter06.gltf,11700516_c_shfighter06_d.png,11700516_c_shfighter06_c.png,0,
11700537,중급 격투 신발,11700517,63,59,51,20,18,15,11700517_F_SHFighter07.gltf,11700517_c_shfighter07_d.png,11700517_c_shfighter07_c.png,0,
11700538,중급 무투 신발,11700518,63,59,51,20,18,15,11700518_F_SHFighter08.gltf,11700518_c_shfighter08_d.png,11700518_c_shfighter08_c.png,0,
11700539,중급 사투 신발,11700519,63,59,51,20,18,15,11700519_F_SHFighter09.gltf,11700519_c_shfighter09_d.png,11700519_c_shfighter09_c.png,0,
11700540,숙련 격투 신발,11700512,63,59,51,20,18,15,11700512_F_SHFighter02.gltf,11700512_c_shfighter02_d.png,11700513_c_shfighter03_c.png,0,
11700541,숙련 무투 신발,11700513,63,59,51,20,18,15,11700513_F_SHFighter03.gltf,11700513_c_shfighter03_d.png,11700513_c_shfighter03_c.png,0,
11700542,상급 사투 신발,11700515,63,59,51,20,18,15,11700515_F_SHFighter05.gltf,11700515_c_shfighter05_d.png,11700515_c_shfighter05_c.png,0,
11700543,상급 격투 신발,11700516,63,59,51,20,18,15,11700516_F_SHFighter06.gltf,11700516_c_shfighter06_d.png,11700516_c_shfighter06_c.png,0,
11700544,상급 무투 신발,11700517,63,59,51,20,18,15,11700517_F_SHFighter07.gltf,11700517_c_shfighter07_d.png,11700517_c_shfighter07_c.png,0,
11700545,상급 사투 신발,11700518,63,59,51,20,18,15,11700518_F_SHFighter08.gltf,11700518_c_shfighter08_d.png,11700518_c_shfighter08_c.png,0,
11700546,베이직 격투 신발,11700476,63,59,51,20,18,15,11700476_F_SHStriker02.gltf,11700476_c_shstriker02_d.png,11700476_c_shstriker02_c.png,0,
11700547,거대 격투가 신발,11700511,63,59,51,20,18,15,11700511_F_SHFighter01.gltf,11700511_c_shfighter01_d.png,11700513_c_shfighter03_c.png,0,
11700548,강력한 격투가 신발,11700512,63,59,51,20,18,15,11700512_F_SHFighter02.gltf,11700512_c_shfighter02_d.png,11700513_c_shfighter03_c.png,0,
11700549,광선의 격투가 신발,11700513,63,59,51,20,18,15,11700513_F_SHFighter03.gltf,11700513_c_shfighter03_d.png,11700513_c_shfighter03_c.png,0,
11700550,경량의 격투가 신발,11700514,63,59,51,20,18,15,11700514_F_SHFighter04.gltf,11700514_c_shfighter04_d.png,11700514_c_shfighter04_c.png,0,
11700551,견고한 격투가 신발,11700515,63,59,51,20,18,15,11700515_F_SHFighter05.gltf,11700515_c_shfighter05_d.png,11700515_c_shfighter05_c.png,0,
11700552,야수의 격투가 신발,11700516,63,59,51,20,18,15,11700516_F_SHFighter06.gltf,11700516_c_shfighter06_d.png,11700516_c_shfighter06_c.png,0,
11700553,광석의 격투가 신발,11700517,63,59,51,20,18,15,11700517_F_SHFighter07.gltf,11700517_c_shfighter07_d.png,11700517_c_shfighter07_c.png,0,
11700554,거구의 격투가 신발,11700518,63,59,51,20,18,15,11700518_F_SHFighter08.gltf,11700518_c_shfighter08_d.png,11700518_c_shfighter08_c.png,0,
11700555,짐승의 격투가 신발,11700518,63,59,51,20,18,15,11700518_F_SHFighter08.gltf,11700518_c_shfighter08_d.png,11700518_c_shfighter08_c.png,0,
11700556,야생의 격투가 신발,11700519,63,59,51,20,18,15,11700519_F_SHFighter09.gltf,11700519_c_shfighter09_d.png,11700519_c_shfighter09_c.png,0,
11700557,단련된 격투가 신발,11700519,63,59,51,20,18,15,11700519_F_SHFighter09.gltf,11700519_c_shfighter09_d.png,11700519_c_shfighter09_c.png,0,
11700558,흉포한 격투가 신발,11700516,63,59,51,20,18,15,11700516_F_SHFighter06.gltf,11700516_c_shfighter06_d.png,11700516_c_shfighter06_c.png,0,
11700559,탐식의 격투가 신발,11700519,63,59,51,20,18,15,11700519_F_SHFighter09.gltf,11700519_c_shfighter09_d.png,11700519_c_shfighter09_c.png,0,
11700560,새벽의 격투 신발,11700475,63,59,51,20,18,15,11700475_F_SHStriker01.gltf,11700475_c_shstriker01_d.png,11700475_c_shstriker01_c.png,0,
11700561,검은 불꽃의 격투 신발,11700478,63,59,51,20,18,15,11700478_F_SHStriker04.gltf,11700478_c_shstriker04_d.png,11700478_c_shstriker04_c.png,0,
11700562,아련한 그리움의 격투 신발,11700513,63,59,51,20,18,15,11700513_F_SHFighter03.gltf,11700513_c_shfighter03_d.png,11700513_c_shfighter03_c.png,0,
11700563,어둠의 격투 신발,11700513,63,59,51,20,18,15,11700513_F_SHFighter03.gltf,11700513_c_shfighter03_d.png,11700513_c_shfighter03_c.png,0,
11700564,흥정된 격투 신발,11700513,63,59,51,20,18,15,11700513_F_SHFighter03.gltf,11700513_c_shfighter03_d.png,11700513_c_shfighter03_c.png,0,
11700565,난폭한 절멸의 신발,11701031,63,59,51,20,18,15,11701031_F_SHViolent.gltf,11701031_c_shviolent_d.png,11701031_c_shviolent_c.png,0,
11700566,튼튼 격투 신발,11700511,63,59,51,20,18,15,11700511_F_SHFighter01.gltf,11700511_c_shfighter01_d.png,11700513_c_shfighter03_c.png,0,
11700567,광포한 난투 신발,11701033,63,59,51,20,18,15,11701033_F_SHFury.gltf,11701033_c_shfury_d.png,11701033_c_shfury_c.png,0,
11700568,극한의 난투 신발,11701032,63,59,51,20,18,15,11701032_F_SHLimit.gltf,11701032_c_shlimit_d.png,11701032_c_shlimit_c.png,0,
11700569,고요한 난투 신발,11700513,63,59,51,20,18,15,11700513_F_SHFighter03.gltf,11700513_c_shfighter03_d.png,11700513_c_shfighter03_c.png,0,
11700570,적막한 난투 신발,11700447,63,59,51,20,18,15,11700447_F_SHEmpireKnight.gltf,11700447_c_shempireknight_d.png,11700447_c_shempireknight_c.png,0,
11700571,루미 드 마누스 신발,11700480,63,59,51,20,18,15,11700480_F_SHStriker06.gltf,11700480_c_shstriker06_d.png,11700480_c_shstriker06_c.png,0,
11700572,한 주먹 신발,11700512,63,59,51,20,18,15,11700512_F_SHFighter02.gltf,11700512_c_shfighter02_d.png,11700513_c_shfighter03_c.png,0,
11700573,검은 별 가죽 신발,11700513,63,59,51,20,18,15,11700513_F_SHFighter03.gltf,11700513_c_shfighter03_d.png,11700513_c_shfighter03_c.png,0,
11700574,뒷골목 형제의 신발,11700514,63,59,51,20,18,15,11700514_F_SHFighter04.gltf,11700514_c_shfighter04_d.png,11700514_c_shfighter04_c.png,0,
11700575,블랙 스톤 장식 신발,11700515,63,59,51,20,18,15,11700515_F_SHFighter05.gltf,11700515_c_shfighter05_d.png,11700515_c_shfighter05_c.png,0,
11700576,잿빛 격투 신발,11700516,63,59,51,20,18,15,11700516_F_SHFighter06.gltf,11700516_c_shfighter06_d.png,11700516_c_shfighter06_c.png,0,
11700577,와일드 플레임 슈즈 (남),11700577,63,59,51,20,18,15,11700480_M_SHStriker06.gltf,11700480_c_shstriker06_d.png,11700480_c_shstriker06_c.png,0,
11700578,와일드 플레임 슈즈 (여),11700578,63,59,51,20,18,15,11700480_M_SHStriker06.gltf,11700480_c_shstriker06_d.png,11700480_c_shstriker06_c.png,0,
11700579,(이벤트) 이끌림의 고급 신발,11700033,63,59,51,20,18,15,11700035_F_LeatherBeltBoots.gltf,11700035_c_leatherbeltboots_d.png,11700035_c_leatherbeltboots_c.png,0,
11700596,매그너스의 수영 샌들 (남),11700596,76,105,181,23,40,79,11700596_M_SHSummerEvent01.gltf,11700596_m_shsummerevent01_d.png,11700596_m_shsummerevent01_c.png,0,
11700599,푸에르 슬림 슈즈 (남),11700599,170,47,47,96,19,19,11700599_M_SHKnotShoes.gltf,11700599_m_shknotshoes_d.png,11700599_m_shknotshoes_c.png,0,
11700600,푸엘라 리본 슈즈 (여),11700600,170,47,47,96,19,19,11700600_F_SHKnotShoes.gltf,11700600_f_shknotshoes_d.png,11700600_f_shknotshoes_c.png,0,
11700601,베이스볼 풋 웨어 (남),11700601,170,47,47,96,19,19,11700601_M_SHBaseball01.gltf,11700601_m_shbaseball01_d.png,11700601_c_shbaseball01_c.png,0,
11700602,베이스볼 풋 웨어 (여),11700602,170,47,47,96,19,19,11700602_F_SHBaseball01.gltf,11700602_f_shbaseball01_d.png,11700601_c_shbaseball01_c.png,0,
11700603,보이 스카우트 워커 (남),11700603,122,92,77,53,39,29,11700603_M_SHScouts01.gltf,11700603_c_shscouts01_d.png,11700603_c_shscouts01_c.png,0,
11700604,걸 스카우트 워커 (여),11700604,122,92,77,53,39,29,11700604_F_SHScouts01.gltf,11700603_c_shscouts01_d.png,11700603_c_shscouts01_c.png,0,
11700605,스피릿 원 슈즈 (남),11700605,76,105,181,23,40,79,11700485_M_SHSoulbinder05.gltf,11700485_c_shsoulbinder05_d.png,11700485_c_shsoulbinder05_c.png,0,
11700606,스피릿 원 슈즈 (여),11700606,76,105,181,23,40,79,11700485_F_SHSoulbinder05.gltf,11700485_c_shsoulbinder05_d.png,11700485_c_shsoulbinder05_c.png,0,
11700607,보이 스카우트 워커 (남),11700603,122,92,77,53,39,29,11700603_M_SHScouts01.gltf,11700603_c_shscouts01_d.png,11700603_c_shscouts01_c.png,0,
11700608,베이직 기공 신발,11700484,63,59,51,20,18,15,11700484_F_SHSoulbinder04.gltf,11700484_c_shsoulbinder04_d.png,11700484_c_shsoulbinder04_c.png,0,
11700609,단련된 기공사 신발,11700519,63,59,51,20,18,15,11700519_F_SHFighter09.gltf,11700519_c_shfighter09_d.png,11700519_c_shfighter09_c.png,0,
11700610,탐식의 기공사 신발,11700519,63,59,51,20,18,15,11700519_F_SHFighter09.gltf,11700519_c_shfighter09_d.png,11700519_c_shfighter09_c.png,0,
11700611,새벽의 기공 신발,11700481,63,59,51,20,18,15,11700481_F_SHSoulbinder01.gltf,11700481_c_shsoulbinder01_d.png,11700481_c_shsoulbinder01_c.png,0,
11700612,검은 불꽃의 기공 신발,11700484,63,59,51,20,18,15,11700484_F_SHSoulbinder04.gltf,11700484_c_shsoulbinder04_d.png,11700484_c_shsoulbinder04_c.png,0,
11700613,난폭한 공세의 신발,11701031,63,59,51,20,18,15,11701031_F_SHViolent.gltf,11701031_c_shviolent_d.png,11701031_c_shviolent_c.png,0,
11700614,광포한 의식 신발,11701033,63,59,51,20,18,15,11701033_F_SHFury.gltf,11701033_c_shfury_d.png,11701033_c_shfury_c.png,0,
11700615,극한의 의식 신발,11701032,63,59,51,20,18,15,11701032_F_SHLimit.gltf,11701032_c_shlimit_d.png,11701032_c_shlimit_c.png,0,
11700616,고요한 의식 신발,11700513,63,59,51,20,18,15,11700513_F_SHFighter03.gltf,11700513_c_shfighter03_d.png,11700513_c_shfighter03_c.png,0,
11700617,적막한 의식 신발,11700447,63,59,51,20,18,15,11700447_F_SHEmpireKnight.gltf,11700447_c_shempireknight_d.png,11700447_c_shempireknight_c.png,0,
11700618,루미 드 애니마르 신발,11700486,63,59,51,20,18,15,11700486_F_SHSoulbinder06.gltf,11700486_c_shsoulbinder06_d.png,11700486_c_shsoulbinder06_c.png,0,
11700619,수련자의 신발,11700512,63,59,51,20,18,15,11700512_F_SHFighter02.gltf,11700512_c_shfighter02_d.png,11700513_c_shfighter03_c.png,0,
11700620,수행자의 신발,11700513,63,59,51,20,18,15,11700513_F_SHFighter03.gltf,11700513_c_shfighter03_d.png,11700513_c_shfighter03_c.png,0,
11700621,너울빛 신발,11700514,63,59,51,20,18,15,11700514_F_SHFighter04.gltf,11700514_c_shfighter04_d.png,11700514_c_shfighter04_c.png,0,
11700622,어스름 달빛 신발,11700515,63,59,51,20,18,15,11700515_F_SHFighter05.gltf,11700515_c_shfighter05_d.png,11700515_c_shfighter05_c.png,0,
11700623,고요한 새벽의 신발,11700516,63,59,51,20,18,15,11700516_F_SHFighter06.gltf,11700516_c_shfighter06_d.png,11700516_c_shfighter06_c.png,0,
11700624,블러디 나이트 부츠 (남),11700624,170,47,47,96,19,19,11700624_M_SHVampire.gltf,11700624_m_shvampire_d.png,11700624_m_shvampire_c.png,0,
11700625,블러디 퀸 펌프스 (여),11700625,170,47,47,96,19,19,11700625_F_SHVampire.gltf,11700625_f_shvampire_d.png,11700625_f_shvampire_c.png,0,
11700626,나르바샨의 전투 신발,11700459,63,59,51,20,18,15,11700459_F_SHWarriorClassSetBoots01.gltf,11700459_c_shwarriorclasssetboots01_d.png,11700459_c_shwarriorclasssetboots01_c.png,0,
11700627,나르바샨의 광란 신발,11700459,63,59,51,20,18,15,11700459_F_SHWarriorClassSetBoots01.gltf,11700459_c_shwarriorclasssetboots01_d.png,11700459_c_shwarriorclasssetboots01_c.png,0,
11700628,나르바샨의 마법 신발,11700460,63,59,51,20,18,15,11700460_F_SHMageClassSetBoots01.gltf,11700460_c_shmageclasssetboots01_d.png,11700460_c_shmageclasssetboots01_c.png,0,
11700629,나르바샨의 신성 신발,11700460,63,59,51,20,18,15,11700460_F_SHMageClassSetBoots01.gltf,11700460_c_shmageclasssetboots01_d.png,11700460_c_shmageclasssetboots01_c.png,0,
11700630,나르바샨의 집중 신발,11700461,63,59,51,20,18,15,11700461_F_SHHunterClassSetBoots01.gltf,11700461_c_shhunterclasssetboots01_d.png,11700461_c_shhunterclasssetboots01_c.png,0,
11700631,나르바샨의 포격 신발,11700461,63,59,51,20,18,15,11700461_F_SHHunterClassSetBoots01.gltf,11700461_c_shhunterclasssetboots01_d.png,11700461_c_shhunterclasssetboots01_c.png,0,
11700632,나르바샨의 혼란 신발,11700462,63,59,51,20,18,15,11700462_F_SHBrigandClassSetBoots01.gltf,11700462_c_shbrigandclasssetboots01_d.png,11700462_c_shbrigandclasssetboots01_c.png,0,
11700633,나르바샨의 암살 신발,11700462,63,59,51,20,18,15,11700462_F_SHBrigandClassSetBoots01.gltf,11700462_c_shbrigandclasssetboots01_d.png,11700462_c_shbrigandclasssetboots01_c.png,0,
11700634,나르바샨의 주술 신발,11700459,63,59,51,20,18,15,11700459_F_SHWarriorClassSetBoots01.gltf,11700459_c_shwarriorclasssetboots01_d.png,11700459_c_shwarriorclasssetboots01_c.png,0,
11700635,나르바샨의 난투 신발,11700598,63,59,51,20,18,15,11700598_F_SHFighter10.gltf,11700598_c_shfighter10_d.png,11700598_c_shfighter10_c.png,0,
11700636,나르바샨의 의식 신발,11700598,63,59,51,20,18,15,11700598_F_SHFighter10.gltf,11700598_c_shfighter10_d.png,11700598_c_shfighter10_c.png,0,
11700637,맹렬한 전투 신발,11700107,63,59,51,20,18,15,11700107_F_SHBloodyDuskBoots.gltf,11700107_f_shbloodyduskboots_d.png,11700107_f_shbloodyduskboots_c.png,0,
11700638,맹렬한 광란 신발,11700076,63,59,51,20,18,15,11700076_F_SHDementedBoots.gltf,11700076_f_shdementedboots_d.png,11700076_f_shdementedboots_c.png,0,
11700639,맹렬한 마법 신발,11700120,63,59,51,20,18,15,11700120_F_SHAquaShoes.gltf,11700120_c_shaquashoes_d.png,11700120_c_shaquashoes_c.png,0,
11700640,맹렬한 신성 신발,11700118,63,59,51,20,18,15,11700118_F_SHSurfireGlove.gltf,11700118_c_shsurfireboots_d.png,11700118_c_shsurfireboots_c.png,0,
11700641,맹렬한 집중 신발,11700112,63,59,51,20,18,15,11700112_F_SHChaserBoots.gltf,11700112_f_shchaserboots_d.png,11700112_f_shchaserboots_c.png,0,
11700642,맹렬한 포격 신발,11700116,63,59,51,20,18,15,11700116_F_SHFlightBoots.gltf,11700116_c_shflightboots_d.png,11700116_c_shflightboots_c.png,0,
11700643,맹렬한 혼란 신발,11700114,63,59,51,20,18,15,11700114_F_SHStuddedBoots.gltf,11700114_f_shstuddedboots_d.png,11700114_f_shstuddedboots_c.png,0,
11700644,맹렬한 암살 신발,11700111,63,59,51,20,18,15,11700111_F_SHPhantomBoots.gltf,11700111_f_shphantomboots_d.png,11700111_f_shphantomboots_c.png,0,
11700645,맹렬한 주술 신발,11700407,63,59,51,20,18,15,11700407_F_SHRuneBlader03.gltf,11700407_c_shruneblader03_d.png,11700407_c_shruneblader03_c.png,0,
11700646,맹렬한 난투 신발,11700477,63,59,51,20,18,15,11700477_F_SHStriker03.gltf,11700477_c_shstriker03_d.png,11700477_c_shstriker03_c.png,0,
11700647,맹렬한 의식 신발,11700483,63,59,51,20,18,15,11700483_F_SHSoulbinder03.gltf,11700483_c_shsoulbinder03_d.png,11700483_c_shsoulbinder03_c.png,0,
11700648,침묵하는 전투 신발,11700448,63,59,51,20,18,15,11700448_F_SHDiabolusSlayer.gltf,11700448_c_shdiabolusslayer_d.png,11700448_c_shdiabolusslayer_c.png,0,
11700649,침묵하는 광란 신발,11700448,63,59,51,20,18,15,11700448_F_SHDiabolusSlayer.gltf,11700448_c_shdiabolusslayer_d.png,11700448_c_shdiabolusslayer_c.png,0,
11700650,침묵하는 마법 신발,11700448,63,59,51,20,18,15,11700448_F_SHDiabolusSlayer.gltf,11700448_c_shdiabolusslayer_d.png,11700448_c_shdiabolusslayer_c.png,0,
11700651,침묵하는 신성 신발,11700448,63,59,51,20,18,15,11700448_F_SHDiabolusSlayer.gltf,11700448_c_shdiabolusslayer_d.png,11700448_c_shdiabolusslayer_c.png,0,
11700652,침묵하는 집중 신발,11700448,63,59,51,20,18,15,11700448_F_SHDiabolusSlayer.gltf,11700448_c_shdiabolusslayer_d.png,11700448_c_shdiabolusslayer_c.png,0,
11700653,침묵하는 포격 신발,11700448,63,59,51,20,18,15,11700448_F_SHDiabolusSlayer.gltf,11700448_c_shdiabolusslayer_d.png,11700448_c_shdiabolusslayer_c.png,0,
11700654,침묵하는 혼란 신발,11700448,63,59,51,20,18,15,11700448_F_SHDiabolusSlayer.gltf,11700448_c_shdiabolusslayer_d.png,11700448_c_shdiabolusslayer_c.png,0,
11700655,침묵하는 암살 신발,11700448,63,59,51,20,18,15,11700448_F_SHDiabolusSlayer.gltf,11700448_c_shdiabolusslayer_d.png,11700448_c_shdiabolusslayer_c.png,0,
11700656,침묵하는 주술 신발,11700448,63,59,51,20,18,15,11700448_F_SHDiabolusSlayer.gltf,11700448_c_shdiabolusslayer_d.png,11700448_c_shdiabolusslayer_c.png,0,
11700657,침묵하는 난투 신발,11700448,63,59,51,20,18,15,11700448_F_SHDiabolusSlayer.gltf,11700448_c_shdiabolusslayer_d.png,11700448_c_shdiabolusslayer_c.png,0,
11700658,침묵하는 의식 신발,11700448,63,59,51,20,18,15,11700448_F_SHDiabolusSlayer.gltf,11700448_c_shdiabolusslayer_d.png,11700448_c_shdiabolusslayer_c.png,0,
11700659,걸 스카우트 워커 (여),11700604,122,92,77,53,39,29,11700604_F_SHScouts01.gltf,11700603_c_shscouts01_d.png,11700603_c_shscouts01_c.png,0,
11700661,시크 스타츠 워커 (남),11700661,63,59,51,20,18,15,11700661_M_SHStartz.gltf,11700661_m_shstartz_d.png,11700661_m_shstartz_c.png,0,
11700663,시크 스타츠 워커 (남),11700661,63,59,51,20,18,15,11700661_M_SHStartz.gltf,11700661_m_shstartz_d.png,11700661_m_shstartz_c.png,0,
11700664,살랑살랑 단풍 단화 (남),11700664,63,59,51,20,18,15,11700664_M_SHAutumnColors.gltf,11700664_c_shautumncolors_d.png,11700664_c_shautumncolors_c.png,0,
11700665,살랑살랑 단풍 단화 (여),11700665,63,59,51,20,18,15,11700665_F_SHAutumnColors.gltf,11700664_c_shautumncolors_d.png,11700664_c_shautumncolors_c.png,0,
11700666,밀키즈 웰링턴 부츠,11700666,170,47,47,96,19,19,11700666_F_SHLivestock01.gltf,11700666_f_shlivestock_d.png,11700666_f_shlivestock_c.png,0,
11700667,메리메리 산타 슈즈 (남),11700667,170,47,47,96,19,19,11700667_M_SHChristmas01.gltf,11700667_m_shchristmas01_d.png,11700667_m_shchristmas01_c.png,0,
11700668,메리메리 산타 슈즈 (여),11700668,170,47,47,96,19,19,11700668_F_SHChristmas01.gltf,11700668_f_shchristmas01_d.png,11700668_f_shchristmas01_c.png,0,
11700669,금빛 정복자 신발,11700669,76,105,181,23,40,79,11700669_F_SHChaosRaid01.gltf,11700669_c_shaosraid01_d.png,11700669_c_shaosraid01_c.png,0,
11700670,탐험 전문가 신발,11700670,214,147,100,186,113,50,11700670_F_SHMapGoal.gltf,11700670_c_shmapgoal_d.png,11700670_c_shmapgoal_c.png,0,
11700671,냥냥 줄무늬 고양이 신발,11700671,63,59,51,20,18,15,11700671_F_SHGrayStripedCat.gltf,11700672_c_shgraystripedcat_d.png,11700672_c_shgraystripedcat_d.png,0,
11700673,냥냥 점박이 고양이 신발,11700673,63,59,51,20,18,15,11700673_F_SH3ColorsCat.gltf,11700674_c_sh3colorscat_d.png,11700674_c_sh3colorscat_d.png,0,
11700675,냥냥 얼룩 고양이 신발,11700675,63,59,51,20,18,15,11700675_F_SHLeopardCat.gltf,11700676_c_shleopardcat_d.png,11700676_c_shleopardcat_d.png,0,
11700677,폼폼 냥이 슬리퍼 (남),11700677,244,189,88,163,121,39,11700677_M_SHPajamas01.gltf,11700677_m_shpajamas01_d.png,11700677_m_shpajamas01_c.png,0,
11700678,폼폼 리본 슬리퍼 (여),11700678,244,189,88,163,121,39,11700678_F_SHPajamas01.gltf,11700678_f_shpajamas01_d.png,11700678_f_shpajamas01_c.png,0,
11700679,행복한 루돌프 신발,11700679,63,59,51,20,18,15,11700679_F_SHRudolph01.gltf,11700679_c_shrudolph01_d.png,11700679_c_shrudolph01_d.png,0,
11700680,희미하게 난폭한 불길의 신발,11701031,63,59,51,20,18,15,11701031_F_SHViolent.gltf,11701031_c_shviolent_d.png,11701031_c_shviolent_c.png,0,
11700681,희미하게 난폭한 빙하의 신발,11701031,63,59,51,20,18,15,11701031_F_SHViolent.gltf,11701031_c_shviolent_d.png,11701031_c_shviolent_c.png,0,
11700682,희미하게 난폭한 빛의 신발,11701031,63,59,51,20,18,15,11701031_F_SHViolent.gltf,11701031_c_shviolent_d.png,11701031_c_shviolent_c.png,0,
11700683,희미하게 난폭한 독성의 신발,11701031,63,59,51,20,18,15,11701031_F_SHViolent.gltf,11701031_c_shviolent_d.png,11701031_c_shviolent_c.png,0,
11700684,희미하게 난폭한 어둠의 신발,11701031,63,59,51,20,18,15,11701031_F_SHViolent.gltf,11701031_c_shviolent_d.png,11701031_c_shviolent_c.png,0,
11700685,희미하게 난폭한 낙뢰의 신발,11701031,63,59,51,20,18,15,11701031_F_SHViolent.gltf,11701031_c_shviolent_d.png,11701031_c_shviolent_c.png,0,
11700686,희미하게 난폭한 영혼의 신발,11701031,63,59,51,20,18,15,11701031_F_SHViolent.gltf,11701031_c_shviolent_d.png,11701031_c_shviolent_c.png,0,
11700687,희미하게 난폭한 얼음의 신발,11701031,63,59,51,20,18,15,11701031_F_SHViolent.gltf,11701031_c_shviolent_d.png,11701031_c_shviolent_c.png,0,
11700688,희미하게 난폭한 파멸의 신발,11701031,63,59,51,20,18,15,11701031_F_SHViolent.gltf,11701031_c_shviolent_d.png,11701031_c_shviolent_c.png,0,
11700689,희미하게 난폭한 절멸의 신발,11701031,63,59,51,20,18,15,11701031_F_SHViolent.gltf,11701031_c_shviolent_d.png,11701031_c_shviolent_c.png,0,
11700690,희미하게 난폭한 공세의 신발,11701031,63,59,51,20,18,15,11701031_F_SHViolent.gltf,11701031_c_shviolent_d.png,11701031_c_shviolent_c.png,0,
11700691,냥냥 얼룩 고양이 신발 (3일),11700675,63,59,51,20,18,15,11700675_F_SHLeopardCat.gltf,11700676_c_shleopardcat_d.png,11700676_c_shleopardcat_d.png,0,
11700692,삐약삐약 노란 병아리 신발,11700692,63,59,51,20,18,15,11700692_F_SHChick.gltf,11700692_c_shchick_d.png,11700692_c_shchick_d.png,0,
11700693,탐정 로퍼 (남),11700693,63,59,51,20,18,15,11700271_M_SHDetective.gltf,11700271_m_shdetective_d.png,11700271_m_shdetective_c.png,0,
11700694,슬림 라인 양말 구두 (여),11700694,63,59,51,20,18,15,11700240_F_SlimeLineSocksShoes.gltf,11700239_c_slimelinesocksshoes_d.png,11700239_c_slimelinesocksshoes_d.png,0,
11700695,마린 슈즈 (남),11700695,230,230,230,150,150,150,01700005_M_MarineShoes.gltf,01700005_c_marineshoes_d.png,01700005_c_marineshoes_c.png,0,
11700696,마린 슈즈 (여),11700696,230,230,230,150,150,150,01700006_F_MarineShoes.gltf,01700005_c_marineshoes_d.png,01700005_c_marineshoes_c.png,0,
11700697,스웨이드 로퍼 (남),11700697,62,73,117,27,26,48,11700136_M_SHSuedeLoafer.gltf,11700136_c_shsuedeloafer_d.png,11700136_c_shsuedeloafer_c.png,0,
11700698,하트 샌들 (여),11700698,255,168,203,205,86,106,11700313_F_SHHeartSandle.gltf,11700313_c_shheartsandle_d.png,11700313_c_shheartsandle_c.png,0,
11700699,망사 양말 워커 (남),11700699,63,59,51,20,18,15,11700229_M_MeshSocksWalker.gltf,11700229_c_meshsockswalker_d.png,11700229_c_meshsockswalker_d.png,0,
11700700,망사 양말 워커 (여),11700700,63,59,51,20,18,15,11700230_F_MeshSocksWalker.gltf,11700229_c_meshsockswalker_d.png,11700229_c_meshsockswalker_d.png,0,
11700701,레드라인 양말 스니커즈 (남),11700701,230,230,230,150,150,150,11700225_M_RedLineSocksSneakers.gltf,11700225_c_redlinesockssneakers_d.png,11700219_c_camisockssneakers_c.png,0,
11700702,레드라인 양말 스니커즈 (여),11700702,230,230,230,150,150,150,11700226_F_RedLineSocksSneakers.gltf,11700225_c_redlinesockssneakers_d.png,11700219_c_camisockssneakers_c.png,0,
11700703,고양이 슬리퍼 (남),11700703,63,59,51,20,18,15,11700071_M_CatSlipper.gltf,11700071_c_catslipper_d.png,11700071_c_catslipper_d.png,0,
11700704,고양이 슬리퍼 (여),11700704,63,59,51,20,18,15,11700072_F_CatSlipper.gltf,11700071_c_catslipper_d.png,11700071_c_catslipper_d.png,0,
11700705,럭셔리 학생 구두 (남),11700705,158,83,63,68,31,19,01700005_M_PrestigiousSchool.gltf,01700005_m_prestigiousschool_d.png,01700005_m_prestigiousschool_c.png,0,
11700706,럭셔리 학생 구두 (여),11700706,158,83,63,68,31,19,01700006_F_PrestigiousSchool.gltf,01700006_f_prestigiousschool_d.png,01700006_f_prestigiousschool_c.png,0,
11700707,검은 양말 구두 (남),11700707,63,59,51,20,18,15,11700243_M_StudentSocksShoes.gltf,11700243_c_studentsocksshoes_d.png,11700243_c_studentsocksshoes_d.png,0,
11700708,검은 양말 구두 (여),11700708,63,59,51,20,18,15,11700244_F_StudentSocksShoes.gltf,11700243_c_studentsocksshoes_d.png,11700243_c_studentsocksshoes_d.png,0,
11700709,승무원 정장 구두 (남),11700044,62,73,117,27,26,48,01700009_M_CaptainShoes.gltf,01700009_m_captainshoes_d.png,01700009_m_captainshoes_c.png,0,
11700710,승무원 정장 구두 (여),11700045,62,73,117,27,26,48,01700010_F_CrewShoes.gltf,01700010_f_crewshoes_d.png,01700010_f_crewshoes_c.png,0,
11700711,메이플 런닝화 (남),11700711,170,47,47,96,19,19,11700309_M_SHMapleRunning.gltf,11700309_c_shmaplerunning_d.png,11700309_c_shmaplerunning_c.png,0,
11700712,메이플 런닝화 (여),11700712,170,47,47,96,19,19,11700310_F_SHMapleRunning.gltf,11700309_c_shmaplerunning_d.png,11700309_c_shmaplerunning_c.png,0,
11700713,베르크 울 부츠,11700713,63,59,51,20,18,15,11700713_F_SHMining01.gltf,11700713_c_shmining01_d.png,11700713_c_shmining01_c.png,0,
11700714,알키미 버튼업 부츠,11700714,63,59,51,20,18,15,11700714_F_SHCollecting01.gltf,11700714_c_shcollecting01_d.png,11700714_c_shcollecting01_c.png,0,
11700715,레더바우 워크 부츠,11700715,158,83,63,68,31,19,11700715_F_SHFarming01.gltf,11700715_c_shfarming01_d.png,11700715_c_shfarming01_c.png,0,
11700716,날렵한 갓신 (남),11700716,62,73,117,27,26,48,11700716_M_SHHanbok03.gltf,11700716_m_shhanbok03_d.png,11700716_m_shhanbok03_c.png,0,
11700717,복슬복슬 털신 (여),11700717,244,189,88,163,121,39,11700717_F_SHHanbok03.gltf,11700717_f_shhanbok03_d.png,11700717_f_shhanbok03_c.png,0,
11700718,삐약삐약 노란 병아리 신발,11700692,63,59,51,20,18,15,11700692_F_SHChick.gltf,11700692_c_shchick_d.png,11700692_c_shchick_d.png,0,
11700719,단풍 철갑 전투화,11700719,244,189,88,163,121,39,11700719_F_SHMapleArmor.gltf,11700719_c_shmaplearmor_d.png,11700719_c_shmaplearmor_c.png,0,
11700720,진실의 신발,11700089,63,59,51,20,18,15,11700045_F_SHPirateBoots.gltf,11700045_c_shpirateboots_d.png,11700045_c_shpirateboots_c.png,0,
11700723,하랑 녹비화 (남),11700723,63,59,51,20,18,15,11700723_M_SHTraditionalWedding.gltf,11700723_m_shtraditionalwedding_d.png,11700723_m_shtraditionalwedding_c.png,0,
11700724,나예 운혜 (여),11700724,170,47,47,96,19,19,11700724_F_SHTraditionalWedding.gltf,11700724_f_shtraditionalwedding_d.png,11700724_f_shtraditionalwedding_c.png,0,
11700725,스칼렛 하트 리본 슈즈 (남),11700725,170,47,47,96,19,19,11700725_M_SHValentine01.gltf,11700725_m_shvalentine01_d.png,11700725_m_shvalentine01_c.png,0,
11700726,스칼렛 하트 리본 슈즈 (여),11700726,170,47,47,96,19,19,11700726_F_SHValentine01.gltf,11700726_f_shvalentine01_d.png,11700726_f_shvalentine01_c.png,0,
11700727,파도의 전투 신발,11700718,63,59,51,20,18,15,11700598_F_SHPirate.gltf,11700598_f_shpirate_d.png,11700598_f_shpirate_c.png,0,
11700728,파도의 광란 신발,11700718,63,59,51,20,18,15,11700598_F_SHPirate.gltf,11700598_f_shpirate_d.png,11700598_f_shpirate_c.png,0,
11700729,파도의 마법 신발,11700718,63,59,51,20,18,15,11700598_F_SHPirate.gltf,11700598_f_shpirate_d.png,11700598_f_shpirate_c.png,0,
11700730,파도의 신성 신발,11700718,63,59,51,20,18,15,11700598_F_SHPirate.gltf,11700598_f_shpirate_d.png,11700598_f_shpirate_c.png,0,
11700731,파도의 집중 신발,11700718,63,59,51,20,18,15,11700598_F_SHPirate.gltf,11700598_f_shpirate_d.png,11700598_f_shpirate_c.png,0,
11700732,파도의 포격 신발,11700718,63,59,51,20,18,15,11700598_F_SHPirate.gltf,11700598_f_shpirate_d.png,11700598_f_shpirate_c.png,0,
11700733,파도의 혼란 신발,11700718,63,59,51,20,18,15,11700598_F_SHPirate.gltf,11700598_f_shpirate_d.png,11700598_f_shpirate_c.png,0,
11700734,파도의 암살 신발,11700718,63,59,51,20,18,15,11700598_F_SHPirate.gltf,11700598_f_shpirate_d.png,11700598_f_shpirate_c.png,0,
11700735,파도의 주술 신발,11700718,63,59,51,20,18,15,11700598_F_SHPirate.gltf,11700598_f_shpirate_d.png,11700598_f_shpirate_c.png,0,
11700736,파도의 난투 신발,11700718,63,59,51,20,18,15,11700598_F_SHPirate.gltf,11700598_f_shpirate_d.png,11700598_f_shpirate_c.png,0,
11700737,파도의 의식 신발,11700718,63,59,51,20,18,15,11700598_F_SHPirate.gltf,11700598_f_shpirate_d.png,11700598_f_shpirate_c.png,0,
11700738,사라진 왕국의 전투 신발,11700659,63,59,51,20,18,15,11700659_F_SHDragon.gltf,11700659_c_shdragon_d.png,11700659_c_shdragon_c.png,0,
11700739,사라진 왕국의 광란 신발,11700659,63,59,51,20,18,15,11700659_F_SHDragon.gltf,11700659_c_shdragon_d.png,11700659_c_shdragon_c.png,0,
11700740,사라진 왕국의 마법 신발,11700659,63,59,51,20,18,15,11700659_F_SHDragon.gltf,11700659_c_shdragon_d.png,11700659_c_shdragon_c.png,0,
11700741,사라진 왕국의 신성 신발,11700659,63,59,51,20,18,15,11700659_F_SHDragon.gltf,11700659_c_shdragon_d.png,11700659_c_shdragon_c.png,0,
11700742,사라진 왕국의 집중 신발,11700659,63,59,51,20,18,15,11700659_F_SHDragon.gltf,11700659_c_shdragon_d.png,11700659_c_shdragon_c.png,0,
11700743,사라진 왕국의 포격 신발,11700659,63,59,51,20,18,15,11700659_F_SHDragon.gltf,11700659_c_shdragon_d.png,11700659_c_shdragon_c.png,0,
11700744,사라진 왕국의 혼란 신발,11700659,63,59,51,20,18,15,11700659_F_SHDragon.gltf,11700659_c_shdragon_d.png,11700659_c_shdragon_c.png,0,
11700745,사라진 왕국의 암살 신발,11700659,63,59,51,20,18,15,11700659_F_SHDragon.gltf,11700659_c_shdragon_d.png,11700659_c_shdragon_c.png,0,
11700746,사라진 왕국의 주술 신발,11700659,63,59,51,20,18,15,11700659_F_SHDragon.gltf,11700659_c_shdragon_d.png,11700659_c_shdragon_c.png,0,
11700747,사라진 왕국의 난투 신발,11700659,63,59,51,20,18,15,11700659_F_SHDragon.gltf,11700659_c_shdragon_d.png,11700659_c_shdragon_c.png,0,
11700748,사라진 왕국의 의식 신발,11700659,63,59,51,20,18,15,11700659_F_SHDragon.gltf,11700659_c_shdragon_d.png,11700659_c_shdragon_c.png,0,
11700749,루미에라곤 전투 신발,11700607,63,59,51,20,18,15,11700607_F_SHDarkSteel.gltf,11700607_c_shdarksteel_d.png,11700607_c_shdarksteel_c.png,0,
11700750,루미에라곤 광란 신발,11700607,63,59,51,20,18,15,11700607_F_SHDarkSteel.gltf,11700607_c_shdarksteel_d.png,11700607_c_shdarksteel_c.png,0,
11700751,루미에라곤 마법 신발,11700607,63,59,51,20,18,15,11700607_F_SHDarkSteel.gltf,11700607_c_shdarksteel_d.png,11700607_c_shdarksteel_c.png,0,
11700752,루미에라곤 신성 신발,11700607,63,59,51,20,18,15,11700607_F_SHDarkSteel.gltf,11700607_c_shdarksteel_d.png,11700607_c_shdarksteel_c.png,0,
11700753,루미에라곤 집중 신발,11700607,63,59,51,20,18,15,11700607_F_SHDarkSteel.gltf,11700607_c_shdarksteel_d.png,11700607_c_shdarksteel_c.png,0,
11700754,루미에라곤 포격 신발,11700607,63,59,51,20,18,15,11700607_F_SHDarkSteel.gltf,11700607_c_shdarksteel_d.png,11700607_c_shdarksteel_c.png,0,
11700755,루미에라곤 혼란 신발,11700607,63,59,51,20,18,15,11700607_F_SHDarkSteel.gltf,11700607_c_shdarksteel_d.png,11700607_c_shdarksteel_c.png,0,
11700756,루미에라곤 암살 신발,11700607,63,59,51,20,18,15,11700607_F_SHDarkSteel.gltf,11700607_c_shdarksteel_d.png,11700607_c_shdarksteel_c.png,0,
11700757,루미에라곤 주술 신발,11700607,63,59,51,20,18,15,11700607_F_SHDarkSteel.gltf,11700607_c_shdarksteel_d.png,11700607_c_shdarksteel_c.png,0,
11700758,루미에라곤 난투 신발,11700607,63,59,51,20,18,15,11700607_F_SHDarkSteel.gltf,11700607_c_shdarksteel_d.png,11700607_c_shdarksteel_c.png,0,
11700759,루미에라곤 의식 신발,11700607,63,59,51,20,18,15,11700607_F_SHDarkSteel.gltf,11700607_c_shdarksteel_d.png,11700607_c_shdarksteel_c.png,0,
11700760,초월의 루미에라곤 전투 신발,11700607,63,59,51,20,18,15,11700607_F_SHDarkSteel.gltf,11700607_c_shdarksteel_d.png,11700607_c_shdarksteel_c.png,0,
11700761,초월의 루미에라곤 광란 신발,11700607,63,59,51,20,18,15,11700607_F_SHDarkSteel.gltf,11700607_c_shdarksteel_d.png,11700607_c_shdarksteel_c.png,0,
11700762,초월의 루미에라곤 마법 신발,11700607,63,59,51,20,18,15,11700607_F_SHDarkSteel.gltf,11700607_c_shdarksteel_d.png,11700607_c_shdarksteel_c.png,0,
11700763,초월의 루미에라곤 신성 신발,11700607,63,59,51,20,18,15,11700607_F_SHDarkSteel.gltf,11700607_c_shdarksteel_d.png,11700607_c_shdarksteel_c.png,0,
11700764,초월의 루미에라곤 집중 신발,11700607,63,59,51,20,18,15,11700607_F_SHDarkSteel.gltf,11700607_c_shdarksteel_d.png,11700607_c_shdarksteel_c.png,0,
11700765,초월의 루미에라곤 포격 신발,11700607,63,59,51,20,18,15,11700607_F_SHDarkSteel.gltf,11700607_c_shdarksteel_d.png,11700607_c_shdarksteel_c.png,0,
11700766,초월의 루미에라곤 혼란 신발,11700607,63,59,51,20,18,15,11700607_F_SHDarkSteel.gltf,11700607_c_shdarksteel_d.png,11700607_c_shdarksteel_c.png,0,
11700767,초월의 루미에라곤 암살 신발,11700607,63,59,51,20,18,15,11700607_F_SHDarkSteel.gltf,11700607_c_shdarksteel_d.png,11700607_c_shdarksteel_c.png,0,
11700768,초월의 루미에라곤 주술 신발,11700607,63,59,51,20,18,15,11700607_F_SHDarkSteel.gltf,11700607_c_shdarksteel_d.png,11700607_c_shdarksteel_c.png,0,
11700769,초월의 루미에라곤 난투 신발,11700607,63,59,51,20,18,15,11700607_F_SHDarkSteel.gltf,11700607_c_shdarksteel_d.png,11700607_c_shdarksteel_c.png,0,
11700770,초월의 루미에라곤 의식 신발,11700607,63,59,51,20,18,15,11700607_F_SHDarkSteel.gltf,11700607_c_shdarksteel_d.png,11700607_c_shdarksteel_c.png,0,
11700771,검증하는 전투 신발,11700448,63,59,51,20,18,15,11700448_F_SHDiabolusSlayer.gltf,11700448_c_shdiabolusslayer_d.png,11700448_c_shdiabolusslayer_c.png,0,
11700772,검증하는 광란 신발,11700448,63,59,51,20,18,15,11700448_F_SHDiabolusSlayer.gltf,11700448_c_shdiabolusslayer_d.png,11700448_c_shdiabolusslayer_c.png,0,
11700773,검증하는 마법 신발,11700448,63,59,51,20,18,15,11700448_F_SHDiabolusSlayer.gltf,11700448_c_shdiabolusslayer_d.png,11700448_c_shdiabolusslayer_c.png,0,
11700774,검증하는 신성 신발,11700448,63,59,51,20,18,15,11700448_F_SHDiabolusSlayer.gltf,11700448_c_shdiabolusslayer_d.png,11700448_c_shdiabolusslayer_c.png,0,
11700775,검증하는 집중 신발,11700448,63,59,51,20,18,15,11700448_F_SHDiabolusSlayer.gltf,11700448_c_shdiabolusslayer_d.png,11700448_c_shdiabolusslayer_c.png,0,
11700776,검증하는 포격 신발,11700448,63,59,51,20,18,15,11700448_F_SHDiabolusSlayer.gltf,11700448_c_shdiabolusslayer_d.png,11700448_c_shdiabolusslayer_c.png,0,
11700777,검증하는 혼란 신발,11700448,63,59,51,20,18,15,11700448_F_SHDiabolusSlayer.gltf,11700448_c_shdiabolusslayer_d.png,11700448_c_shdiabolusslayer_c.png,0,
11700778,검증하는 암살 신발,11700448,63,59,51,20,18,15,11700448_F_SHDiabolusSlayer.gltf,11700448_c_shdiabolusslayer_d.png,11700448_c_shdiabolusslayer_c.png,0,
11700779,검증하는 주술 신발,11700448,63,59,51,20,18,15,11700448_F_SHDiabolusSlayer.gltf,11700448_c_shdiabolusslayer_d.png,11700448_c_shdiabolusslayer_c.png,0,
11700780,검증하는 난투 신발,11700448,63,59,51,20,18,15,11700448_F_SHDiabolusSlayer.gltf,11700448_c_shdiabolusslayer_d.png,11700448_c_shdiabolusslayer_c.png,0,
11700781,검증하는 의식 신발,11700448,63,59,51,20,18,15,11700448_F_SHDiabolusSlayer.gltf,11700448_c_shdiabolusslayer_d.png,11700448_c_shdiabolusslayer_c.png,0,
11700793,플로리아 페어리 슈즈 (남),11700793,170,47,47,96,19,19,11700793_M_SHFloriaFairy.gltf,11700793_m_shfloriafairy_d.png,11700793_m_shfloriafairy_c.png,0,
11700794,플로리아 페어리 슈즈 (여),11700794,170,47,47,96,19,19,11700794_F_SHFloriaFairy.gltf,11700794_f_shfloriafairy_d.png,11700794_f_shfloriafairy_c.png,0,
11700795,품위의 전투 신발,11700721,63,59,51,20,18,15,11700721_F_SHArenaA01.gltf,11700721_c_sharenaa01_d.png,11700721_c_sharenaa01_c.png,0,
11700796,품위의 광란 신발,11700721,63,59,51,20,18,15,11700721_F_SHArenaA01.gltf,11700721_c_sharenaa01_d.png,11700721_c_sharenaa01_c.png,0,
11700797,품위의 마법 신발,11700721,63,59,51,20,18,15,11700721_F_SHArenaA01.gltf,11700721_c_sharenaa01_d.png,11700721_c_sharenaa01_c.png,0,
11700798,품위의 신성 신발,11700721,63,59,51,20,18,15,11700721_F_SHArenaA01.gltf,11700721_c_sharenaa01_d.png,11700721_c_sharenaa01_c.png,0,
11700799,품위의 집중 신발,11700721,63,59,51,20,18,15,11700721_F_SHArenaA01.gltf,11700721_c_sharenaa01_d.png,11700721_c_sharenaa01_c.png,0,
11700800,품위의 포격 신발,11700721,63,59,51,20,18,15,11700721_F_SHArenaA01.gltf,11700721_c_sharenaa01_d.png,11700721_c_sharenaa01_c.png,0,
11700801,품위의 혼란 신발,11700721,63,59,51,20,18,15,11700721_F_SHArenaA01.gltf,11700721_c_sharenaa01_d.png,11700721_c_sharenaa01_c.png,0,
11700802,품위의 암살 신발,11700721,63,59,51,20,18,15,11700721_F_SHArenaA01.gltf,11700721_c_sharenaa01_d.png,11700721_c_sharenaa01_c.png,0,
11700803,품위의 주술 신발,11700721,63,59,51,20,18,15,11700721_F_SHArenaA01.gltf,11700721_c_sharenaa01_d.png,11700721_c_sharenaa01_c.png,0,
11700804,품위의 난투 신발,11700721,63,59,51,20,18,15,11700721_F_SHArenaA01.gltf,11700721_c_sharenaa01_d.png,11700721_c_sharenaa01_c.png,0,
11700805,품위의 의식 신발,11700721,63,59,51,20,18,15,11700721_F_SHArenaA01.gltf,11700721_c_sharenaa01_d.png,11700721_c_sharenaa01_c.png,0,
11700806,존엄의 전투 신발,11700722,63,59,51,20,18,15,11700722_F_SHArenaA02.gltf,11700722_c_sharenaa02_d.png,11700721_c_sharenaa01_c.png,0,
11700807,존엄의 광란 신발,11700722,63,59,51,20,18,15,11700722_F_SHArenaA02.gltf,11700722_c_sharenaa02_d.png,11700721_c_sharenaa01_c.png,0,
11700808,존엄의 마법 신발,11700722,63,59,51,20,18,15,11700722_F_SHArenaA02.gltf,11700722_c_sharenaa02_d.png,11700721_c_sharenaa01_c.png,0,
11700809,존엄의 신성 신발,11700722,63,59,51,20,18,15,11700722_F_SHArenaA02.gltf,11700722_c_sharenaa02_d.png,11700721_c_sharenaa01_c.png,0,
11700810,존엄의 집중 신발,11700722,63,59,51,20,18,15,11700722_F_SHArenaA02.gltf,11700722_c_sharenaa02_d.png,11700721_c_sharenaa01_c.png,0,
11700811,존엄의 포격 신발,11700722,63,59,51,20,18,15,11700722_F_SHArenaA02.gltf,11700722_c_sharenaa02_d.png,11700721_c_sharenaa01_c.png,0,
11700812,존엄의 혼란 신발,11700722,63,59,51,20,18,15,11700722_F_SHArenaA02.gltf,11700722_c_sharenaa02_d.png,11700721_c_sharenaa01_c.png,0,
11700813,존엄의 암살 신발,11700722,63,59,51,20,18,15,11700722_F_SHArenaA02.gltf,11700722_c_sharenaa02_d.png,11700721_c_sharenaa01_c.png,0,
11700814,존엄의 주술 신발,11700722,63,59,51,20,18,15,11700722_F_SHArenaA02.gltf,11700722_c_sharenaa02_d.png,11700721_c_sharenaa01_c.png,0,
11700815,존엄의 난투 신발,11700722,63,59,51,20,18,15,11700722_F_SHArenaA02.gltf,11700722_c_sharenaa02_d.png,11700721_c_sharenaa01_c.png,0,
11700816,존엄의 의식 신발,11700722,63,59,51,20,18,15,11700722_F_SHArenaA02.gltf,11700722_c_sharenaa02_d.png,11700721_c_sharenaa01_c.png,0,
11700817,로즈 페어리 슈즈,11700817,230,230,230,150,150,150,11700817_F_SHBudsFairy.gltf,11700817_c_shbudsfairy_d.png,11700817_c_shbudsfairy_c.png,0,
11700818,고딕 포멀 슈즈 (남),11700470,63,59,51,20,18,15,11700470_M_SHGothicFormalShoes.gltf,11700470_m_shgothicformalshoes_d.png,11700470_m_shgothicformalshoes_c.png,0,
11700819,고딕 플랫 슈즈 (여),11700471,63,59,51,20,18,15,11700471_F_SHGothicFlatShoes.gltf,11700471_f_shgothicflatshoes_d.png,11700471_f_shgothicflatshoes_c.png,0,
11700820,이프리트 부츠 (남),11700508,63,59,51,20,18,15,11700508_M_SHIfritLongBoots.gltf,11700508_m_shifritlongboots_d.png,11700508_m_shifritlongboots_d.png,0,
11700821,이프리트 크리스탈 샌들 (여),11700509,63,59,51,20,18,15,11700509_F_SHIfritBlackSandal.gltf,11700509_f_shifritblacksandal_d.png,11700509_f_shifritblacksandal_d.png,0,
11700822,포멀 웨딩 옥스퍼드 (남),11700277,230,230,230,150,150,150,11700277_M_WingTipWalker.gltf,11700277_c_wingtipwalker_d.png,11700277_c_wingtipwalker_c.png,0,
11700823,쁘띠 리본 웨딩 펌프스 (여),11700467,126,204,247,72,94,168,11700467_F_SHPetitRibbonWeddingShoes.gltf,11700467_f_shpetitribbonweddingshoe_d.png,11700467_f_shpetitribbonweddingshoe_c.png,0,
11700824,블러디 나이트 부츠 (남),11700624,170,47,47,96,19,19,11700624_M_SHVampire.gltf,11700624_m_shvampire_d.png,11700624_m_shvampire_c.png,0,
11700825,블러디 퀸 펌프스 (여),11700625,170,47,47,96,19,19,11700625_F_SHVampire.gltf,11700625_f_shvampire_d.png,11700625_f_shvampire_c.png,0,
11700826,메리메리 산타 슈즈 (남),11700667,170,47,47,96,19,19,11700667_M_SHChristmas01.gltf,11700667_m_shchristmas01_d.png,11700667_m_shchristmas01_c.png,0,
11700827,메리메리 산타 슈즈 (여),11700668,170,47,47,96,19,19,11700668_F_SHChristmas01.gltf,11700668_f_shchristmas01_d.png,11700668_f_shchristmas01_c.png,0,
11700828,스칼렛 하트 리본 슈즈 (남),11700725,170,47,47,96,19,19,11700725_M_SHValentine01.gltf,11700725_m_shvalentine01_d.png,11700725_m_shvalentine01_c.png,0,
11700829,스칼렛 하트 리본 슈즈 (여),11700726,170,47,47,96,19,19,11700726_F_SHValentine01.gltf,11700726_f_shvalentine01_d.png,11700726_f_shvalentine01_c.png,0,
11700830,폼폼 냥이 슬리퍼 (남),11700677,244,189,88,163,121,39,11700677_M_SHPajamas01.gltf,11700677_m_shpajamas01_d.png,11700677_m_shpajamas01_c.png,0,
11700831,폼폼 리본 슬리퍼 (여),11700678,244,189,88,163,121,39,11700678_F_SHPajamas01.gltf,11700678_f_shpajamas01_d.png,11700678_f_shpajamas01_c.png,0,
11700832,앙큼 바니 슈즈 (남),11700528,63,59,51,20,18,15,11700528_M_SHSlyBunnyPumps.gltf,11700528_c_shslybunnypumps_d.png,11700528_c_shslybunnypumps_c.png,0,
11700833,앙큼 바니 슈즈 (여),11700529,239,112,145,153,66,82,11700529_F_SHSlyBunnyPumps.gltf,11700528_c_shslybunnypumps_d.png,11700528_c_shslybunnypumps_c.png,0,
11700834,데보라크의 부츠,11700140,63,59,51,20,18,15,11700140_F_SHDevoracBoots.gltf,11700140_c_shdevoracboots_d.png,11700140_c_shdevoracboots_d.png,0,
11700835,통통 바니 스니커즈 (남),11700835,239,112,145,153,66,82,11700835_M_SHAmusementPark.gltf,11700835_c_shamusementpark_d.png,11700835_c_shamusementpark_c.png,0,
11700836,동물의 왕 사자 신발 (남),11700836,63,59,51,20,18,15,11700836_M_SHLionDoll.gltf,11700836_c_shliondoll_d.png,11700836_c_shliondoll_d.png,0,
11700837,동물의 왕 사자 신발 (여),11700837,63,59,51,20,18,15,11700837_F_SHLionDoll.gltf,11700836_c_shliondoll_d.png,11700836_c_shliondoll_d.png,0,
11700838,샤인 스타 워커 (남),11700838,126,204,247,72,94,168,11700838_M_SHIdolBand.gltf,11700838_m_shidolband_d.png,11700838_m_shidolband_c.png,0,
11700839,샤인 스타 스트랩 슈즈 (여),11700839,126,204,247,72,94,168,11700839_F_SHIdolBand.gltf,11700839_f_shidolband_d.png,11700839_f_shidolband_c.png,0,
11700840,마제스틱 윙 그리브 (남),11700840,170,47,47,96,19,19,11700840_M_SHMajesticWing.gltf,11700840_c_shmajesticwing_d.png,11700840_c_shmajesticwing_c.png,0,
11700841,마제스틱 윙 그리브 (여),11700841,170,47,47,96,19,19,11700841_F_SHMajesticWing.gltf,11700840_c_shmajesticwing_d.png,11700840_c_shmajesticwing_c.png,0,
11700842,통통 핑크빈 신발 (남),11700842,63,59,51,20,18,15,11700842_M_SHPinkbean01.gltf,11700842_c_shpinkbean01_d.png,11700842_c_shpinkbean01_d.png,0,
11700843,통통 핑크빈 신발 (여),11700843,63,59,51,20,18,15,11700843_F_SHPinkbean01.gltf,11700842_c_shpinkbean01_d.png,11700842_c_shpinkbean01_d.png,0,
11700844,엘리넬 고등반 신발,11700844,180,165,248,108,96,176,11700022_F_AnnStarlight.gltf,11700022_c_annstarlight_d.png,11700022_c_annstarlight_c.png,0,
11700845,엘리넬 고등반 신발,11700845,180,165,248,108,96,176,11700022_F_AnnStarlight.gltf,11700022_c_annstarlight_d.png,11700022_c_annstarlight_c.png,0,
11700846,세인트 머쉬리엘 사제화,11700846,147,226,242,89,153,165,11700023_F_SHMageShoes.gltf,11700023_c_shmageshoes_d.png,11700023_c_shmageshoes_c.png,0,
11700847,세인트 머쉬리엘 사제화,11700847,147,226,242,89,153,165,11700023_F_SHMageShoes.gltf,11700023_c_shmageshoes_d.png,11700023_c_shmageshoes_c.png,0,
11700848,트라이아 기사단 그리브,11700848,76,105,181,23,40,79,11700062_F_SHBlackCrusadesGreeve.gltf,11700062_c_shblackcrusadesgreeve_d.png,11700062_c_shblackcrusadesgreeve_c.png,0,
11700849,트라이아 기사단 그리브,11700849,76,105,181,23,40,79,11700062_F_SHBlackCrusadesGreeve.gltf,11700062_c_shblackcrusadesgreeve_d.png,11700062_c_shblackcrusadesgreeve_c.png,0,
11700850,리린이 만든 장화,11700850,170,47,47,96,19,19,11700005_F_LittleBoneWarBoots.gltf,11700005_c_littlebonewarboots_d.png,11700005_c_littlebonewarboots_c.png,0,
11700851,리린이 만든 장화,11700851,170,47,47,96,19,19,11700005_F_LittleBoneWarBoots.gltf,11700005_c_littlebonewarboots_d.png,11700005_c_littlebonewarboots_c.png,0,
11700852,그린후드 부츠,11700852,194,209,96,64,104,54,11700034_F_HelenaHawkEye.gltf,11700034_c_helenahawkeye_d.png,11700034_c_helenahawkeye_c.png,0,
11700853,그린후드 부츠,11700853,194,209,96,64,104,54,11700034_F_HelenaHawkEye.gltf,11700034_c_helenahawkeye_d.png,11700034_c_helenahawkeye_c.png,0,
11700854,메카닉스 안전화,11700854,244,189,88,163,121,39,11700035_F_LeatherBeltBoots.gltf,11700035_c_leatherbeltboots_d.png,11700035_c_leatherbeltboots_c.png,0,
11700855,메카닉스 안전화,11700855,244,189,88,163,121,39,11700035_F_LeatherBeltBoots.gltf,11700035_c_leatherbeltboots_d.png,11700035_c_leatherbeltboots_c.png,0,
11700856,훔친 명품 신발,11700856,63,59,51,20,18,15,11700045_F_SHPirateBoots.gltf,11700045_c_shpirateboots_d.png,11700045_c_shpirateboots_c.png,0,
11700857,훔친 명품 신발,11700857,63,59,51,20,18,15,11700045_F_SHPirateBoots.gltf,11700045_c_shpirateboots_d.png,11700045_c_shpirateboots_c.png,0,
11700858,로그스 잠행용 발싸개,11700858,133,81,165,53,42,71,11700042_F_Blackline.gltf,11700042_m_blackline_d.png,11700042_m_blackline_c.png,0,
11700859,로그스 잠행용 발싸개,11700859,133,81,165,53,42,71,11700042_F_Blackline.gltf,11700042_m_blackline_d.png,11700042_m_blackline_c.png,0,
11700860,기사단 훈련화 (남),11700309,170,47,47,96,19,19,11700309_M_SHMapleRunning.gltf,11700309_c_shmaplerunning_d.png,11700309_c_shmaplerunning_c.png,0,
11700861,기사단 훈련화 (여),11700310,170,47,47,96,19,19,11700310_F_SHMapleRunning.gltf,11700309_c_shmaplerunning_d.png,11700309_c_shmaplerunning_c.png,0,
11700862,블레이더 부츠,11700862,133,81,165,53,42,71,11700405_F_SHRuneBlader01.gltf,11700405_c_shruneblader01_d.png,11700405_c_shruneblader01_c.png,0,
11700863,블레이더 부츠,11700863,133,81,165,53,42,71,11700405_F_SHRuneBlader01.gltf,11700405_c_shruneblader01_d.png,11700405_c_shruneblader01_c.png,0,
11700864,격투용 수련화,11700864,249,137,77,147,60,20,11700517_F_SHFighter07.gltf,11700517_c_shfighter07_d.png,11700517_c_shfighter07_c.png,0,
11700865,격투용 수련화,11700865,249,137,77,147,60,20,11700517_F_SHFighter07.gltf,11700517_c_shfighter07_d.png,11700517_c_shfighter07_c.png,0,
11700866,가이던스 수제화,11700866,242,224,191,165,127,96,11700514_F_SHFighter04.gltf,11700514_c_shfighter04_d.png,11700514_c_shfighter04_c.png,0,
11700867,가이던스 수제화,11700867,242,224,191,165,127,96,11700514_F_SHFighter04.gltf,11700514_c_shfighter04_d.png,11700514_c_shfighter04_c.png,0,
11700868,품격의 전투 신발,11700722,63,59,51,20,18,15,11700722_F_SHArenaA02.gltf,11700722_c_sharenaa02_d.png,11700721_c_sharenaa01_c.png,0,
11700869,품격의 광란 신발,11700722,63,59,51,20,18,15,11700722_F_SHArenaA02.gltf,11700722_c_sharenaa02_d.png,11700721_c_sharenaa01_c.png,0,
11700870,품격의 마법 신발,11700722,63,59,51,20,18,15,11700722_F_SHArenaA02.gltf,11700722_c_sharenaa02_d.png,11700721_c_sharenaa01_c.png,0,
11700871,품격의 신성 신발,11700722,63,59,51,20,18,15,11700722_F_SHArenaA02.gltf,11700722_c_sharenaa02_d.png,11700721_c_sharenaa01_c.png,0,
11700872,품격의 집중 신발,11700722,63,59,51,20,18,15,11700722_F_SHArenaA02.gltf,11700722_c_sharenaa02_d.png,11700721_c_sharenaa01_c.png,0,
11700873,품격의 포격 신발,11700722,63,59,51,20,18,15,11700722_F_SHArenaA02.gltf,11700722_c_sharenaa02_d.png,11700721_c_sharenaa01_c.png,0,
11700874,품격의 혼란 신발,11700722,63,59,51,20,18,15,11700722_F_SHArenaA02.gltf,11700722_c_sharenaa02_d.png,11700721_c_sharenaa01_c.png,0,
11700875,품격의 암살 신발,11700722,63,59,51,20,18,15,11700722_F_SHArenaA02.gltf,11700722_c_sharenaa02_d.png,11700721_c_sharenaa01_c.png,0,
11700876,품격의 주술 신발,11700722,63,59,51,20,18,15,11700722_F_SHArenaA02.gltf,11700722_c_sharenaa02_d.png,11700721_c_sharenaa01_c.png,0,
11700877,품격의 난투 신발,11700722,63,59,51,20,18,15,11700722_F_SHArenaA02.gltf,11700722_c_sharenaa02_d.png,11700721_c_sharenaa01_c.png,0,
11700878,품격의 의식 신발,11700722,63,59,51,20,18,15,11700722_F_SHArenaA02.gltf,11700722_c_sharenaa02_d.png,11700721_c_sharenaa01_c.png,0,
11700881,메리메리 산타 슈즈 (남),11700667,170,47,47,96,19,19,11700667_M_SHChristmas01.gltf,11700667_m_shchristmas01_d.png,11700667_m_shchristmas01_c.png,0,
11700882,메리메리 산타 슈즈 (여),11700668,170,47,47,96,19,19,11700668_F_SHChristmas01.gltf,11700668_f_shchristmas01_d.png,11700668_f_shchristmas01_c.png,0,
11700883,코코 퍼피 슈즈 (남),11700883,126,204,247,72,94,168,11700883_M_SHPuppy01.gltf,11700883_c_shpuppy01_d.png,11700883_c_shpuppy01_c.png,0,
11700884,코코 퍼피 슈즈 (여),11700884,126,204,247,72,94,168,11700884_F_SHPuppy01.gltf,11700883_c_shpuppy01_d.png,11700883_c_shpuppy01_c.png,0,
11700885,글로우 스타 슈즈 (남),11700885,170,47,47,96,19,19,11700885_M_SHChristmas02.gltf,11700885_m_shchristmas02_d.png,11700885_m_shchristmas02_c.png,0,
11700886,글로우 스타 슈즈 (여),11700886,170,47,47,96,19,19,11700886_F_SHChristmas02.gltf,11700886_f_shchristmas02_d.png,11700886_f_shchristmas02_c.png,0,
11700887,레이 단정한 구두,11700887,158,83,63,68,31,19,11700887_F_Lay01.gltf,11700887_lay01_d.png,11700887_lay01_c.png,0,
11700888,냥냥 얼룩 고양이 신발,11700675,63,59,51,20,18,15,11700675_F_SHLeopardCat.gltf,11700676_c_shleopardcat_d.png,11700676_c_shleopardcat_d.png,0,
11700889,중세 레이스업 부츠 (남),11700889,62,73,117,27,26,48,11709005_M_SHRococo01.gltf,11709005_m_shrococo01_d.png,11709005_m_shrococo01_c.png,0,
11700890,중세 리본 구두 (여),11700890,242,224,191,165,127,96,11709006_F_SHRococo01.gltf,11709006_f_shrococo01_d.png,11709006_f_shrococo01_c.png,0,
11700903,(PC방) 탐정 로퍼 (남),11700271,63,59,51,20,18,15,11700271_M_SHDetective.gltf,11700271_m_shdetective_d.png,11700271_m_shdetective_c.png,0,
11700904,(PC방) 심플 스트랩 샌들 (남),11700453,63,59,51,20,18,15,11700453_M_SHStrapSandal.gltf,11700453_m_shstrapsandal_d.png,11700453_m_shstrapsandal_c.png,0,
11700905,(PC방) 럭셔리 학생 구두 (여),11700039,158,83,63,68,31,19,01700006_F_PrestigiousSchool.gltf,01700006_f_prestigiousschool_d.png,01700006_f_prestigiousschool_c.png,0,
11700906,(PC방) 리본 스트랩 샌들 (여),11700454,239,112,145,153,66,82,11700454_F_SHRibbonStrapSandal.gltf,11700454_f_shribbonstrapsandal_d.png,11700454_f_shribbonstrapsandal_c.png,0,
11700907,스트라이프 스니커즈 (남),11700907,126,204,247,72,94,168,11700907_M_SHKnitwear01.gltf,11700907_c_shknitwear01_d.png,11700907_c_shknitwear01_c.png,0,
11700908,스트라이프 스니커즈 (여),11700908,126,204,247,72,94,168,11700908_F_SHKnitwear01.gltf,11700907_c_shknitwear01_d.png,11700907_c_shknitwear01_c.png,0,
11700909,리버스 나이트 컴뱃부츠 (LV50),11700660,63,59,51,20,18,15,11700660_F_SHBrightStar.gltf,11700660_c_shbrightstar_d.png,11700660_c_shbrightstar_c.png,0,
11700910,리버스 버서커 컴뱃부츠 (LV50),11700660,63,59,51,20,18,15,11700660_F_SHBrightStar.gltf,11700660_c_shbrightstar_d.png,11700660_c_shbrightstar_c.png,0,
11700911,리버스 위자드 컴뱃부츠 (LV50),11700660,63,59,51,20,18,15,11700660_F_SHBrightStar.gltf,11700660_c_shbrightstar_d.png,11700660_c_shbrightstar_c.png,0,
11700912,리버스 프리스트 컴뱃부츠 (LV50),11700660,63,59,51,20,18,15,11700660_F_SHBrightStar.gltf,11700660_c_shbrightstar_d.png,11700660_c_shbrightstar_c.png,0,
11700913,리버스 레인저 컴뱃부츠 (LV50),11700660,63,59,51,20,18,15,11700660_F_SHBrightStar.gltf,11700660_c_shbrightstar_d.png,11700660_c_shbrightstar_c.png,0,
11700914,리버스 헤비거너 컴뱃부츠 (LV50),11700660,63,59,51,20,18,15,11700660_F_SHBrightStar.gltf,11700660_c_shbrightstar_d.png,11700660_c_shbrightstar_c.png,0,
11700915,리버스 시프 컴뱃부츠 (LV50),11700660,63,59,51,20,18,15,11700660_F_SHBrightStar.gltf,11700660_c_shbrightstar_d.png,11700660_c_shbrightstar_c.png,0,
11700916,리버스 어쌔신 컴뱃부츠 (LV50),11700660,63,59,51,20,18,15,11700660_F_SHBrightStar.gltf,11700660_c_shbrightstar_d.png,11700660_c_shbrightstar_c.png,0,
11700917,리버스 룬 블레이더 컴뱃부츠 (LV50),11700660,63,59,51,20,18,15,11700660_F_SHBrightStar.gltf,11700660_c_shbrightstar_d.png,11700660_c_shbrightstar_c.png,0,
11700918,리버스 스트라이커 컴뱃부츠 (LV50),11700660,63,59,51,20,18,15,11700660_F_SHBrightStar.gltf,11700660_c_shbrightstar_d.png,11700660_c_shbrightstar_c.png,0,
11700919,리버스 소울바인더 컴뱃부츠 (LV50),11700660,63,59,51,20,18,15,11700660_F_SHBrightStar.gltf,11700660_c_shbrightstar_d.png,11700660_c_shbrightstar_c.png,0,
11700920,리버스 나이트 컴뱃부츠 (LV56),11700660,63,59,51,20,18,15,11700660_F_SHBrightStar.gltf,11700660_c_shbrightstar_d.png,11700660_c_shbrightstar_c.png,0,
11700921,리버스 버서커 컴뱃부츠 (LV56),11700660,63,59,51,20,18,15,11700660_F_SHBrightStar.gltf,11700660_c_shbrightstar_d.png,11700660_c_shbrightstar_c.png,0,
11700922,리버스 위자드 컴뱃부츠 (LV56),11700660,63,59,51,20,18,15,11700660_F_SHBrightStar.gltf,11700660_c_shbrightstar_d.png,11700660_c_shbrightstar_c.png,0,
11700923,리버스 프리스트 컴뱃부츠 (LV56),11700660,63,59,51,20,18,15,11700660_F_SHBrightStar.gltf,11700660_c_shbrightstar_d.png,11700660_c_shbrightstar_c.png,0,
11700924,리버스 레인저 컴뱃부츠 (LV56),11700660,63,59,51,20,18,15,11700660_F_SHBrightStar.gltf,11700660_c_shbrightstar_d.png,11700660_c_shbrightstar_c.png,0,
11700925,리버스 헤비거너 컴뱃부츠 (LV56),11700660,63,59,51,20,18,15,11700660_F_SHBrightStar.gltf,11700660_c_shbrightstar_d.png,11700660_c_shbrightstar_c.png,0,
11700926,리버스 시프 컴뱃부츠 (LV56),11700660,63,59,51,20,18,15,11700660_F_SHBrightStar.gltf,11700660_c_shbrightstar_d.png,11700660_c_shbrightstar_c.png,0,
11700927,리버스 어쌔신 컴뱃부츠 (LV56),11700660,63,59,51,20,18,15,11700660_F_SHBrightStar.gltf,11700660_c_shbrightstar_d.png,11700660_c_shbrightstar_c.png,0,
11700928,리버스 룬 블레이더 컴뱃부츠 (LV56),11700660,63,59,51,20,18,15,11700660_F_SHBrightStar.gltf,11700660_c_shbrightstar_d.png,11700660_c_shbrightstar_c.png,0,
11700929,리버스 스트라이커 컴뱃부츠 (LV56),11700660,63,59,51,20,18,15,11700660_F_SHBrightStar.gltf,11700660_c_shbrightstar_d.png,11700660_c_shbrightstar_c.png,0,
11700930,리버스 소울바인더 컴뱃부츠 (LV56),11700660,63,59,51,20,18,15,11700660_F_SHBrightStar.gltf,11700660_c_shbrightstar_d.png,11700660_c_shbrightstar_c.png,0,
11700931,크래비 슬리퍼,11700472,63,59,51,20,18,15,11700472_F_SHCrabSlipper.gltf,11700472_c_shcrabslipper_d.png,11700472_c_shcrabslipper_d.png,0,
11700932,펌킨 위치 슈즈 (남),11700932,249,137,77,147,60,20,11700932_M_PAHalloween03.gltf,11700932_m_pahalloween03_d.png,11700932_m_pahalloween03_c.png,0,
11700933,펌킨 위치 슈즈 (여),11700933,249,137,77,147,60,20,11700933_F_PAHalloween03.gltf,11700933_f_pahalloween03_d.png,11700933_f_pahalloween03_c.png,0,
11700934,저항군 지그문트 부츠 (남),11700934,63,59,51,20,18,15,11700934_M_SHSigmund.gltf,11700934_c_shsigmund_d.png,11700934_c_shsigmund_d.png,0,
11700935,저항군 지그문트 부츠 (여),11700935,63,59,51,20,18,15,11700935_F_SHSigmund.gltf,11700934_c_shsigmund_d.png,11700934_c_shsigmund_d.png,0,
11700936,왠걸의 알로하 슬리퍼 (남),11700936,126,204,247,72,94,168,11700936_M_SHSummerEvent02.gltf,11700936_m_shsummerevent02_d.png,11700936_m_shsummerevent02_c.png,0,
11700937,바니바니 하얀 달토끼 신발,11700937,63,59,51,20,18,15,11700937_F_SHDoll_Banny02.gltf,11700937_c_shdoll_banny02_d.png,11700937_c_shdoll_banny02_d.png,0,
11700938,바니바니 점박이 토끼 신발,11700938,63,59,51,20,18,15,11700939_F_SHDoll_Banny04.gltf,11700939_c_shdoll_banny04_d.png,11700939_c_shdoll_banny04_d.png,0,
11700939,바니바니 오컬트 토끼 신발,11700939,63,59,51,20,18,15,11700939_F_SHDoll_Banny04.gltf,11700939_c_shdoll_banny04_d.png,11700939_c_shdoll_banny04_d.png,0,
11700940,(입문용) 가죽 워 부츠,11700003,63,59,51,20,18,15,11700011_F_HeavyGreave.gltf,11700011_c_heavygreave_d.png,11700011_c_heavygreave_c.png,0,
11700941,(입문용) 포인트 가죽 워 부츠,11700004,63,59,51,20,18,15,11700011_F_MetalGreave.gltf,11700011_m_metalgreave_d.png,11700011_m_metalgreave_c.png,0,
11700942,(입문용) 스파이크 가죽 워 부츠,11700005,63,59,51,20,18,15,11700004_F_RollingThunderSpike.gltf,11700004_c_rollingthunderspike_d.png,11700004_c_rollingthunderspike_c.png,0,
11700943,(입문용) 투박한 바이킹 워 부츠,11700006,63,59,51,20,18,15,11700005_F_LittleBoneWarBoots.gltf,11700005_c_littlebonewarboots_d.png,11700005_c_littlebonewarboots_c.png,0,
11700944,(입문용) 크란츠 워 부츠,11700008,63,59,51,20,18,15,11700005_F_LittleBoneWarBoots.gltf,11700005_c_littlebonewarboots_d.png,11700005_c_littlebonewarboots_c.png,0,
11700945,(입문용) 좀도둑 운동화,11700009,63,59,51,20,18,15,11700040_F_StrongLeather.gltf,11700040_m_strongleather_d.png,11700041_m_blackeyegoldline_c.png,0,
11700946,(입문용) 가죽 좀도둑 운동화,11700010,63,59,51,20,18,15,11700040_F_StrongLeather.gltf,11700040_m_strongleather_d.png,11700041_m_blackeyegoldline_c.png,0,
11700947,(입문용) 세련된 좀도둑 운동화,11700011,63,59,51,20,18,15,11700041_F_BlackEyeGoldline.gltf,11700041_m_blackeyegoldline_d.png,11700041_m_blackeyegoldline_c.png,0,
11700948,(입문용) 닌자 슈즈,11700012,63,59,51,20,18,15,11700042_F_Blackline.gltf,11700042_m_blackline_d.png,11700042_m_blackline_c.png,0,
11700949,(입문용) 자객 신발,11700014,63,59,51,20,18,15,11700042_F_Blackline.gltf,11700042_m_blackline_d.png,11700042_m_blackline_c.png,0,
11700950,(입문용) 숙련 자객 부츠,11700016,63,59,51,20,18,15,11700042_F_Blackline.gltf,11700042_m_blackline_d.png,11700042_m_blackline_c.png,0,
11700951,(입문용) 초보 마법사 구두,11700018,63,59,51,20,18,15,11700018_F_LooseBasicBoots.gltf,11700018_c_loosebasicboots_d.png,11700018_c_loosebasicboots_c.png,0,
11700952,(입문용) 여행자 구두,11700019,63,59,51,20,18,15,11700018_F_LooseBasicBoots.gltf,11700018_c_loosebasicboots_d.png,11700018_c_loosebasicboots_c.png,0,
11700953,(입문용) 달빛 여행자 구두,11700020,63,59,51,20,18,15,11700019_F_AnnMoonlight.gltf,11700019_c_annmoonlight_d.png,11700019_c_annmoonlight_c.png,0,
11700954,(입문용) 견습 학자 구두,11700021,63,59,51,20,18,15,11700020_F_Golden.gltf,11700020_c_golden_d.png,11700020_c_golden_c.png,0,
11700955,(입문용) 매지션 구두,11700023,63,59,51,20,18,15,11700020_F_Golden.gltf,11700020_c_golden_d.png,11700020_c_golden_c.png,0,
11700956,(입문용) 브론즈 매지션 슈즈,11700025,63,59,51,20,18,15,11700020_F_Golden.gltf,11700020_c_golden_d.png,11700020_c_golden_c.png,0,
11700957,(입문용) 숲지기 워커,11700027,63,59,51,20,18,15,11700029_F_WornOutGuarderShoes.gltf,11700029_c_wornoutguardershoes_d.png,11700029_c_wornoutguardershoes_c.png,0,
11700958,(입문용) 금빛 숲지기 워커,11700028,63,59,51,20,18,15,11700029_F_WornOutGuarderShoes.gltf,11700029_c_wornoutguardershoes_d.png,11700029_c_wornoutguardershoes_c.png,0,
11700959,(입문용) 로빈훗 워커,11700029,63,59,51,20,18,15,11700031_F_HelenaEagleEye.gltf,11700031_c_helenaeagleeye_d.png,11700031_c_helenaeagleeye_c.png,0,
11700960,(입문용) 사냥꾼 가죽 워커,11700030,63,59,51,20,18,15,11700032_F_Shooting.gltf,11700032_c_shooting_d.png,11700032_c_shooting_c.png,0,
11700961,(입문용) 헌팅 가죽 워커,11700032,63,59,51,20,18,15,11700032_F_Shooting.gltf,11700032_c_shooting_d.png,11700032_c_shooting_c.png,0,
11700962,(입문용) 미들 헌팅 군화,11700034,63,59,51,20,18,15,11700032_F_Shooting.gltf,11700032_c_shooting_d.png,11700032_c_shooting_c.png,0,
11700963,(입문용) 은빛 크란츠 그리브,11700062,63,59,51,20,18,15,11700005_F_LittleBoneWarBoots.gltf,11700005_c_littlebonewarboots_d.png,11700005_c_littlebonewarboots_c.png,0,
11700964,바니바니 오컬트 토끼 신발,11700939,63,59,51,20,18,15,11700939_F_SHDoll_Banny04.gltf,11700939_c_shdoll_banny04_d.png,11700939_c_shdoll_banny04_d.png,0,
11700965,바니바니 하얀 달토끼 신발,11700937,63,59,51,20,18,15,11700937_F_SHDoll_Banny02.gltf,11700937_c_shdoll_banny02_d.png,11700937_c_shdoll_banny02_d.png,0,
11700966,(입문용) 나이트 슈즈,11700084,63,59,51,20,18,15,11700061_F_SHCrusadesGreeve.gltf,11700061_c_shcrusadesgreeve_d.png,11700062_c_shblackcrusadesgreeve_c.png,0,
11700967,(입문용) 밴디트 신발,11700089,63,59,51,20,18,15,11700045_F_SHPirateBoots.gltf,11700045_c_shpirateboots_d.png,11700045_c_shpirateboots_c.png,0,
11700968,(입문용) 소서러 구두,11700095,63,59,51,20,18,15,11700023_F_SHMageShoes.gltf,11700023_c_shmageshoes_d.png,11700023_c_shmageshoes_c.png,0,
11700969,(입문용) 의장대 워커,11700101,63,59,51,20,18,15,11700035_F_LeatherBeltBoots.gltf,11700035_c_leatherbeltboots_d.png,11700035_c_leatherbeltboots_c.png,0,
11700970,(입문용) 검은 크란츠 부츠,11700123,63,59,51,20,18,15,11700008_F_RollingThunderBlackbone.gltf,11700008_c_rollingthunderblackbone_d.png,11700008_c_rollingthunderblackbone_c.png,0,
11700971,(입문용) 실버 매지션 슈즈,11700124,63,59,51,20,18,15,11700022_F_AnnStarlight.gltf,11700022_c_annstarlight_d.png,11700022_c_annstarlight_c.png,0,
11700972,(입문용) 아크 헌팅 워커,11700125,63,59,51,20,18,15,11700034_F_HelenaHawkEye.gltf,11700034_c_helenahawkeye_d.png,11700034_c_helenahawkeye_c.png,0,
11700973,(입문용) 강한 자객 슈즈,11700126,63,59,51,20,18,15,11700044_F_Upgradelappy.gltf,11700044_m_upgradelappy_d.png,11700044_m_upgradelappy_c.png,0,
11700974,(입문용) 블랙 나이트 부츠,11700127,63,59,51,20,18,15,11700062_F_SHBlackCrusadesGreeve.gltf,11700062_c_shblackcrusadesgreeve_d.png,11700062_c_shblackcrusadesgreeve_c.png,0,
11700975,(입문용) 미드 소서러 슈즈,11700128,63,59,51,20,18,15,11700023_F_SHMageShoes.gltf,11700023_c_shmageshoes_d.png,11700023_c_shmageshoes_c.png,0,
11700976,(입문용) 중급 의장대 워커,11700129,63,59,51,20,18,15,11700035_F_LeatherBeltBoots.gltf,11700035_c_leatherbeltboots_d.png,11700035_c_leatherbeltboots_c.png,0,
11700977,(입문용) 어퍼 밴디트 슈즈,11700130,63,59,51,20,18,15,11700045_F_SHPirateBoots.gltf,11700045_c_shpirateboots_d.png,11700045_c_shpirateboots_c.png,0,
11700978,(입문용) 골든 나이트 그리브,11700131,63,59,51,20,18,15,11700063_F_SHGoldenCrusadesGreeve.gltf,11700063_c_shgoldencrusadesgreeve_d.png,11700063_c_shgoldencrusadesgreeve_c.png,0,
11700979,(입문용) 하이 소서러 슈즈,11700132,63,59,51,20,18,15,11700025_F_StarlightShoes.gltf,11700025_c_starlightshoes_d.png,11700025_c_starlightshoes_c.png,0,
11700980,(입문용) 최상급 의장대 군화,11700133,63,59,51,20,18,15,11700037_F_BlackBelt.gltf,11700037_c_blackbelt_d.png,11700037_c_blackbelt_c.png,0,
11700981,(입문용) 모스트 밴디트 부츠,11700134,63,59,51,20,18,15,11700047_F_SHCrossPirate.gltf,11700047_c_shcrosspirate_d.png,11700047_c_shcrosspirate_c.png,0,
11700982,(입문용) 기사단 부츠,11700084,63,59,51,20,18,15,11700061_F_SHCrusadesGreeve.gltf,11700061_c_shcrusadesgreeve_d.png,11700062_c_shblackcrusadesgreeve_c.png,0,
11700983,(입문용) 크러스트 신발,11700123,63,59,51,20,18,15,11700008_F_RollingThunderBlackbone.gltf,11700008_c_rollingthunderblackbone_d.png,11700008_c_rollingthunderblackbone_c.png,0,
11700984,(입문용) 디비전 신발,11700084,63,59,51,20,18,15,11700061_F_SHCrusadesGreeve.gltf,11700061_c_shcrusadesgreeve_d.png,11700062_c_shblackcrusadesgreeve_c.png,0,
11700985,(입문용) 블랙 크러스트 신발,11700127,63,59,51,20,18,15,11700062_F_SHBlackCrusadesGreeve.gltf,11700062_c_shblackcrusadesgreeve_d.png,11700062_c_shblackcrusadesgreeve_c.png,0,
11700986,(입문용) 다이너스 신발,11700131,63,59,51,20,18,15,11700063_F_SHGoldenCrusadesGreeve.gltf,11700063_c_shgoldencrusadesgreeve_d.png,11700063_c_shgoldencrusadesgreeve_c.png,0,
11700987,(입문용) 세인트 부츠,11700095,63,59,51,20,18,15,11700023_F_SHMageShoes.gltf,11700023_c_shmageshoes_d.png,11700023_c_shmageshoes_c.png,0,
11700988,(입문용) 디바인 신발,11700124,63,59,51,20,18,15,11700022_F_AnnStarlight.gltf,11700022_c_annstarlight_d.png,11700022_c_annstarlight_c.png,0,
11700989,(입문용) 멀리건 신발,11700095,63,59,51,20,18,15,11700023_F_SHMageShoes.gltf,11700023_c_shmageshoes_d.png,11700023_c_shmageshoes_c.png,0,
11700990,(입문용) 실버 디바인 신발,11700128,63,59,51,20,18,15,11700023_F_SHMageShoes.gltf,11700023_c_shmageshoes_d.png,11700023_c_shmageshoes_c.png,0,
11700991,(입문용) 아케인 신발,11700132,63,59,51,20,18,15,11700025_F_StarlightShoes.gltf,11700025_c_starlightshoes_d.png,11700025_c_starlightshoes_c.png,0,
11700992,(입문용) 전문 군악대 신발,11700101,63,59,51,20,18,15,11700035_F_LeatherBeltBoots.gltf,11700035_c_leatherbeltboots_d.png,11700035_c_leatherbeltboots_c.png,0,
11700993,(입문용) 포치 신발,11700125,63,59,51,20,18,15,11700034_F_HelenaHawkEye.gltf,11700034_c_helenahawkeye_d.png,11700034_c_helenahawkeye_c.png,0,
11700994,(입문용) 알터 신발,11700101,63,59,51,20,18,15,11700035_F_LeatherBeltBoots.gltf,11700035_c_leatherbeltboots_d.png,11700035_c_leatherbeltboots_c.png,0,
11700995,(입문용) 스트롱 포치 신발,11700129,63,59,51,20,18,15,11700035_F_LeatherBeltBoots.gltf,11700035_c_leatherbeltboots_d.png,11700035_c_leatherbeltboots_c.png,0,
11700996,(입문용) 커버넌트 신발,11700133,63,59,51,20,18,15,11700037_F_BlackBelt.gltf,11700037_c_blackbelt_d.png,11700037_c_blackbelt_c.png,0,
11700997,(입문용) 바다 모험가 신발,11700089,63,59,51,20,18,15,11700045_F_SHPirateBoots.gltf,11700045_c_shpirateboots_d.png,11700045_c_shpirateboots_c.png,0,
11700998,(입문용) 스키퍼 신발,11700126,63,59,51,20,18,15,11700044_F_Upgradelappy.gltf,11700044_m_upgradelappy_d.png,11700044_m_upgradelappy_c.png,0,
11700999,(입문용) 머깅 신발,11700089,63,59,51,20,18,15,11700045_F_SHPirateBoots.gltf,11700045_c_shpirateboots_d.png,11700045_c_shpirateboots_c.png,0,
11701000,(입문용) 트루 스키퍼 신발,11700130,63,59,51,20,18,15,11700045_F_SHPirateBoots.gltf,11700045_c_shpirateboots_d.png,11700045_c_shpirateboots_c.png,0,
11701001,(입문용) 마스트 신발,11700134,63,59,51,20,18,15,11700047_F_SHCrossPirate.gltf,11700047_c_shcrosspirate_d.png,11700047_c_shcrosspirate_c.png,0,
11701002,(입문용) 무딘 격투 신발,11700511,63,59,51,20,18,15,11700511_F_SHFighter01.gltf,11700511_c_shfighter01_d.png,11700513_c_shfighter03_c.png,0,
11701003,(입문용) 기초 격투 신발,11700511,63,59,51,20,18,15,11700511_F_SHFighter01.gltf,11700511_c_shfighter01_d.png,11700513_c_shfighter03_c.png,0,
11701004,(입문용) 기초 무투 신발,11700512,63,59,51,20,18,15,11700512_F_SHFighter02.gltf,11700512_c_shfighter02_d.png,11700513_c_shfighter03_c.png,0,
11701005,(입문용) 기초 사투 신발,11700513,63,59,51,20,18,15,11700513_F_SHFighter03.gltf,11700513_c_shfighter03_d.png,11700513_c_shfighter03_c.png,0,
11701006,(입문용) 초급 격투 신발,11700514,63,59,51,20,18,15,11700514_F_SHFighter04.gltf,11700514_c_shfighter04_d.png,11700514_c_shfighter04_c.png,0,
11701007,(입문용) 초급 무투 신발,11700515,63,59,51,20,18,15,11700515_F_SHFighter05.gltf,11700515_c_shfighter05_d.png,11700515_c_shfighter05_c.png,0,
11701008,(입문용) 중급 사투 신발,11700516,63,59,51,20,18,15,11700516_F_SHFighter06.gltf,11700516_c_shfighter06_d.png,11700516_c_shfighter06_c.png,0,
11701009,(입문용) 중급 격투 신발,11700517,63,59,51,20,18,15,11700517_F_SHFighter07.gltf,11700517_c_shfighter07_d.png,11700517_c_shfighter07_c.png,0,
11701010,(입문용) 중급 무투 신발,11700518,63,59,51,20,18,15,11700518_F_SHFighter08.gltf,11700518_c_shfighter08_d.png,11700518_c_shfighter08_c.png,0,
11701011,(입문용) 중급 사투 신발,11700519,63,59,51,20,18,15,11700519_F_SHFighter09.gltf,11700519_c_shfighter09_d.png,11700519_c_shfighter09_c.png,0,
11701012,(입문용) 숙련 격투 신발,11700512,63,59,51,20,18,15,11700512_F_SHFighter02.gltf,11700512_c_shfighter02_d.png,11700513_c_shfighter03_c.png,0,
11701013,(입문용) 숙련 무투 신발,11700513,63,59,51,20,18,15,11700513_F_SHFighter03.gltf,11700513_c_shfighter03_d.png,11700513_c_shfighter03_c.png,0,
11701014,(입문용) 상급 사투 신발,11700515,63,59,51,20,18,15,11700515_F_SHFighter05.gltf,11700515_c_shfighter05_d.png,11700515_c_shfighter05_c.png,0,
11701015,(입문용) 상급 격투 신발,11700516,63,59,51,20,18,15,11700516_F_SHFighter06.gltf,11700516_c_shfighter06_d.png,11700516_c_shfighter06_c.png,0,
11701016,(입문용) 상급 무투 신발,11700517,63,59,51,20,18,15,11700517_F_SHFighter07.gltf,11700517_c_shfighter07_d.png,11700517_c_shfighter07_c.png,0,
11701017,(입문용) 상급 사투 신발,11700518,63,59,51,20,18,15,11700518_F_SHFighter08.gltf,11700518_c_shfighter08_d.png,11700518_c_shfighter08_c.png,0,
11701018,바니바니 점박이 토끼 신발,11700938,63,59,51,20,18,15,11700938_F_SHDoll_Banny03.gltf,11700938_c_shdoll_banny03_d.png,11700938_c_shdoll_banny03_d.png,0,
11701020,(입문용) 무딘 가죽 워 부츠,11709001,63,59,51,20,18,15,11700011_F_HeavyGreave.gltf,11700011_c_heavygreave_d.png,11700011_c_heavygreave_c.png,0,
11701021,(입문용) 무딘 좀도둑 운동화,11709002,63,59,51,20,18,15,11700040_F_StrongLeather.gltf,11700040_m_strongleather_d.png,11700041_m_blackeyegoldline_c.png,0,
11701022,(입문용) 무딘 초보 마법사 구두,11709003,63,59,51,20,18,15,11700018_F_LooseBasicBoots.gltf,11700018_c_loosebasicboots_d.png,11700018_c_loosebasicboots_c.png,0,
11701023,(입문용) 무딘 숲지기 워커,11709004,63,59,51,20,18,15,11700029_F_WornOutGuarderShoes.gltf,11700029_c_wornoutguardershoes_d.png,11700029_c_wornoutguardershoes_c.png,0,
11701024,몽실 퍼 슈즈 (남),11701024,230,230,230,150,150,150,11701024_M_SHStarlightRabbit.gltf,11701024_c_shstarlightrabbit_d.png,11701024_c_shstarlightrabbit_c.png,0,
11701025,몽실 퍼 슈즈 (여),11701025,230,230,230,150,150,150,11701025_F_SHStarlightRabbit.gltf,11701024_c_shstarlightrabbit_d.png,11701024_c_shstarlightrabbit_c.png,0,
11701027,하랑 녹비화 (남),11700723,63,59,51,20,18,15,11700723_M_SHTraditionalWedding.gltf,11700723_m_shtraditionalwedding_d.png,11700723_m_shtraditionalwedding_c.png,0,
11701028,나예 운혜 (여),11700724,170,47,47,96,19,19,11700724_F_SHTraditionalWedding.gltf,11700724_f_shtraditionalwedding_d.png,11700724_f_shtraditionalwedding_c.png,0,
11701029,샤인 스타 워커 (남),11700838,126,204,247,72,94,168,11700838_M_SHIdolBand.gltf,11700838_m_shidolband_d.png,11700838_m_shidolband_c.png,0,
11701030,샤인 스타 스트랩 슈즈 (여),11700839,126,204,247,72,94,168,11700839_F_SHIdolBand.gltf,11700839_f_shidolband_d.png,11700839_f_shidolband_c.png,0,
11701040,다크윈드 아텐토 부츠 (남),11701040,63,59,51,20,18,15,11701040_F_SHDarkWind01.gltf,11701040_c_shdarkwind01_d.png,11701040_c_shdarkwind01_d.png,0,
11701041,루미나이츠 오네스타 부츠 (남),11701041,63,59,51,20,18,15,11701041_F_SHLumiKnight01.gltf,11701041_c_shlumiknight01_d.png,11701041_c_shlumiknight01_d.png,0,
11701042,트라이아 근위대 리네아르 부츠 (남),11701042,63,59,51,20,18,15,11701042_F_SHTriaRoyalGuard01.gltf,11701042_c_shtriaroyalguard01_d.png,11701042_c_shtriaroyalguard01_d.png,0,
11701043,그린후드 자경단 피오레 부츠 (남),11701043,63,59,51,20,18,15,11701043_F_SHGreenHood01.gltf,11701043_c_shgreenhood01_d.png,11701043_c_shgreenhood01_d.png,0,
11701047,매직 스톤 신발,11701047,133,81,165,53,42,71,11701047_F_SHMagicStone.gltf,11701047_c_shmagicstone_d.png,11701047_c_shmagicstone_c.png,0,
11701048,동물의 왕 사자 신발 (남),11700836,63,59,51,20,18,15,11700836_M_SHLionDoll.gltf,11700836_c_shliondoll_d.png,11700836_c_shliondoll_d.png,0,
11701049,동물의 왕 사자 신발 (여),11700837,63,59,51,20,18,15,11700837_F_SHLionDoll.gltf,11700836_c_shliondoll_d.png,11700836_c_shliondoll_d.png,0,
11701050,은빛 기사단 신발,11701050,76,105,181,23,40,79,11701050_F_SHSaveArmorA01.gltf,11701050_c_shsavearmora01_d.png,11701050_c_shsavearmora01_c.png,0,
11701051,금빛 기사단 신발,11701051,76,105,181,23,40,79,11701051_F_SHSaveArmorA02.gltf,11701051_c_shsavearmora02_d.png,11701050_c_shsavearmora01_c.png,0,
11701052,검은빛 방랑무사 부츠,11701052,170,47,47,96,19,19,11701052_F_SHSaveArmorB01.gltf,11701052_c_shsavearmorb01_d.png,11701052_c_shsavearmorb01_c.png,0,
11701053,은빛 방랑무사 부츠,11701053,170,47,47,96,19,19,11701053_F_SHSaveArmorB02.gltf,11701053_c_shsavearmorb02_d.png,11701052_c_shsavearmorb01_c.png,0,
11701054,윈디 어드벤처 슈즈,11701054,76,105,181,23,40,79,11701054_F_SHSaveArmorC01.gltf,11701054_c_shsavearmorc01_d.png,11701054_c_shsavearmorc01_c.png,0,
11701058,생일 축하 신발 (남),11701058,255,168,203,205,86,106,11701058_M_SHBirthday01.gltf,11701058_m_shbirthday01_d.png,11701058_m_shbirthday01_c.png,0,
11701059,생일 축하 신발 (여),11701059,255,168,203,205,86,106,11701059_F_SHBirthday01.gltf,11701059_f_shbirthday01_d.png,11701059_f_shbirthday01_c.png,0,
11701062,에나멜 메리 제인 슈즈(여),11720320,63,59,51,20,18,15,11701062_F_SHEnamelMaryJanes.gltf,11701062_f_shenamelmaryjanes_d.png,11701062_f_shenamelmaryjanes_c.png,0,
11701063,인페르노 부츠 (남),11700375,170,47,47,96,19,19,11700375_M_SHInfernoBoots.gltf,11700375_c_shinfernoboots_d.png,11700375_c_shinfernoboots_c.png,0,
11701064,인페르노 부츠 (여),11700376,170,47,47,96,19,19,11700376_F_SHInfernoBoots.gltf,11700375_c_shinfernoboots_d.png,11700375_c_shinfernoboots_c.png,0,
11701065,크래비 슬리퍼,11700472,63,59,51,20,18,15,11700472_F_SHCrabSlipper.gltf,11700472_c_shcrabslipper_d.png,11700472_c_shcrabslipper_d.png,0,
11701066,키튼 메이드 워커 (남),11701066,76,105,181,23,40,79,11701066_M_SHMaid01.gltf,11701066_m_shmaid01_d.png,11701066_m_shmaid01_c.png,0,
11701067,키튼 메이드 스트랩 구두 (여),11701067,63,59,51,20,18,15,11701067_F_SHMaid01.gltf,11701067_f_shmaid01_d.png,11701067_f_shmaid01_c.png,0,
11701068,(길라잡이) 포인트 가죽 워 부츠,11700004,63,59,51,20,18,15,11700011_F_MetalGreave.gltf,11700011_m_metalgreave_d.png,11700011_m_metalgreave_c.png,0,
11701069,(길라잡이) 스파이크 가죽 워 부츠,11700005,63,59,51,20,18,15,11700004_F_RollingThunderSpike.gltf,11700004_c_rollingthunderspike_d.png,11700004_c_rollingthunderspike_c.png,0,
11701070,(길라잡이) 크란츠 워 부츠,11700008,63,59,51,20,18,15,11700005_F_LittleBoneWarBoots.gltf,11700005_c_littlebonewarboots_d.png,11700005_c_littlebonewarboots_c.png,0,
11701071,(길라잡이) 은빛 크란츠 그리브,11700062,63,59,51,20,18,15,11700005_F_LittleBoneWarBoots.gltf,11700005_c_littlebonewarboots_d.png,11700005_c_littlebonewarboots_c.png,0,
11701072,(길라잡이) 나이트 슈즈,11700084,63,59,51,20,18,15,11700061_F_SHCrusadesGreeve.gltf,11700061_c_shcrusadesgreeve_d.png,11700062_c_shblackcrusadesgreeve_c.png,0,
11701073,(길라잡이) 검은 크란츠 부츠,11700123,63,59,51,20,18,15,11700008_F_RollingThunderBlackbone.gltf,11700008_c_rollingthunderblackbone_d.png,11700008_c_rollingthunderblackbone_c.png,0,
11701074,(길라잡이) 블랙 나이트 부츠,11700127,63,59,51,20,18,15,11700062_F_SHBlackCrusadesGreeve.gltf,11700062_c_shblackcrusadesgreeve_d.png,11700062_c_shblackcrusadesgreeve_c.png,0,
11701075,(길라잡이) 골든 나이트 그리브,11700131,63,59,51,20,18,15,11700063_F_SHGoldenCrusadesGreeve.gltf,11700063_c_shgoldencrusadesgreeve_d.png,11700063_c_shgoldencrusadesgreeve_c.png,0,
11701079,완성된 힘의 전사 신발,11709996,63,59,51,20,18,15,11700003_F_SHSilverOrihalcon.gltf,11700003_f_shsilverorihalcon_d.png,11700003_f_shsilverorihalcon_d.png,0,
11701080,완성된 힘의 마법사 신발,11700078,63,59,51,20,18,15,11700002_F_SHRibbonDeco.gltf,11700002_f_shribbondeco_d.png,11700002_f_shribbondeco_c.png,0,
11701081,완성된 힘의 궁수 신발,11700104,63,59,51,20,18,15,11700104_F_SHMilitiaBoots.gltf,11700104_c_shmilitiaboots_d.png,11700104_c_shmilitiaboots_d.png,0,
11701082,완성된 힘의 도적 신발,11700052,63,59,51,20,18,15,01700018_F_GoldSilkyShoes.gltf,01700017_c_goldsilkyshoes_d.png,01700017_c_goldsilkyshoes_c.png,0,
11701083,완성된 힘의 격투가 신발,11700517,63,59,51,20,18,15,11700517_F_SHFighter07.gltf,11700517_c_shfighter07_d.png,11700517_c_shfighter07_c.png,0,
11701084,완성된 힘의 기공사 신발,11700517,63,59,51,20,18,15,11700517_F_SHFighter07.gltf,11700517_c_shfighter07_d.png,11700517_c_shfighter07_c.png,0,
11701085,올림포스 크레피스 (남),11701085,158,83,63,68,31,19,11701085_M_SHOlympos01.gltf,11701085_m_sholympos01_d.png,11701085_m_sholympos01_c.png,0,
11701087,나비의 꿈 장화 (남),11701087,170,47,47,96,19,19,11700881_M_SHNewYear02.gltf,11700881_m_shnewyear02_d.png,11700881_m_shnewyear02_c.png,0,
11701088,나비의 꿈 꽃신 (여),11701088,170,47,47,96,19,19,11700882_F_SHNewYear02.gltf,11700882_f_shnewyear02_d.png,11700882_f_shnewyear02_c.png,0,
11701089,리본 매듭 버선 (남),11701089,170,47,47,96,19,19,11700511_M_SHWhiteFox.gltf,11700511_m_shwhitefox_d.png,11700511_m_shwhitefox_c.png,0,
11701090,리본 매듭 버선 (여),11701090,170,47,47,96,19,19,11700512_F_SHWhiteFox.gltf,11700512_f_shwhitefox_d.png,11700512_f_shwhitefox_c.png,0,
11701091,메이플 연합 골든 파워 부츠 (남),11701091,63,59,51,20,18,15,11701091_F_SHMapleUnion01.gltf,11701091_f_shmapleunion01_d.png,11701091_f_shmapleunion01_d.png,0,
11701092,큐트 블러썸 부츠 (남),11701092,126,204,247,72,94,168,11701092_M_SHGreenDay01.gltf,11701092_m_shgreenday01_d.png,11701092_m_shgreenday01_c.png,0,
11701093,큐트 블러썸 슈즈 (여),11701093,126,204,247,72,94,168,11701093_F_SHGreenDay01.gltf,11701093_f_shgreenday01_d.png,11701093_f_shgreenday01_c.png,0,
11701105,크림슨 발록의 전투 신발,11701039,63,59,51,20,18,15,11701039_F_SHBalrogB01.gltf,11701039_c_shbalrogb01_d.png,11701039_c_shbalrogb01_c.png,0,
11701106,크림슨 발록의 광란 신발,11701039,63,59,51,20,18,15,11701039_F_SHBalrogB01.gltf,11701039_c_shbalrogb01_d.png,11701039_c_shbalrogb01_c.png,0,
11701107,크림슨 발록의 마법 신발,11701039,63,59,51,20,18,15,11701039_F_SHBalrogB01.gltf,11701039_c_shbalrogb01_d.png,11701039_c_shbalrogb01_c.png,0,
11701108,크림슨 발록의 신성 신발,11701039,63,59,51,20,18,15,11701039_F_SHBalrogB01.gltf,11701039_c_shbalrogb01_d.png,11701039_c_shbalrogb01_c.png,0,
11701109,크림슨 발록의 집중 신발,11701039,63,59,51,20,18,15,11701039_F_SHBalrogB01.gltf,11701039_c_shbalrogb01_d.png,11701039_c_shbalrogb01_c.png,0,
11701110,크림슨 발록의 포격 신발,11701039,63,59,51,20,18,15,11701039_F_SHBalrogB01.gltf,11701039_c_shbalrogb01_d.png,11701039_c_shbalrogb01_c.png,0,
11701111,크림슨 발록의 혼란 신발,11701039,63,59,51,20,18,15,11701039_F_SHBalrogB01.gltf,11701039_c_shbalrogb01_d.png,11701039_c_shbalrogb01_c.png,0,
11701112,크림슨 발록의 암살 신발,11701039,63,59,51,20,18,15,11701039_F_SHBalrogB01.gltf,11701039_c_shbalrogb01_d.png,11701039_c_shbalrogb01_c.png,0,
11701113,크림슨 발록의 주술 신발,11701039,63,59,51,20,18,15,11701039_F_SHBalrogB01.gltf,11701039_c_shbalrogb01_d.png,11701039_c_shbalrogb01_c.png,0,
11701114,크림슨 발록의 난투 신발,11701039,63,59,51,20,18,15,11701039_F_SHBalrogB01.gltf,11701039_c_shbalrogb01_d.png,11701039_c_shbalrogb01_c.png,0,
11701115,크림슨 발록의 의식 신발,11701039,63,59,51,20,18,15,11701039_F_SHBalrogB01.gltf,11701039_c_shbalrogb01_d.png,11701039_c_shbalrogb01_c.png,0,
11701117,브래스 스터드 슈즈 (남),11701117,170,47,47,96,19,19,11701117_M_SHBrassStud.gltf,11701117_c_shbrassstud_d.png,11701117_c_shbrassstud_c.png,0,
11701118,브래스 스터드 슈즈 (여),11701118,170,47,47,96,19,19,11701118_F_SHBrassStud.gltf,11701117_c_shbrassstud_d.png,11701117_c_shbrassstud_c.png,0,
11701119,메투날드 유니폼 구두 (남),11701119,170,47,47,96,19,19,11701119_M_SHM2nald.gltf,11701119_m_shm2nald_d.png,11701119_m_shm2nald_c.png,0,
11701120,메투날드 유니폼 구두 (여),11701120,170,47,47,96,19,19,11701120_F_SHM2nald.gltf,11701120_f_shm2nald_d.png,11701120_f_shm2nald_c.png,0,
11701121,썬플라워 가죽 샌들 (남),11701121,76,105,181,23,40,79,11701121_M_SHPicnic01.gltf,11701121_c_shpicnic01_d.png,11701121_c_shpicnic01_c.png,0,
11701122,썬플라워 가죽 샌들 (여),11701122,76,105,181,23,40,79,11701122_F_SHPicnic01.gltf,11701121_c_shpicnic01_d.png,11701121_c_shpicnic01_c.png,0,
11701124,에나멜 페니 로퍼(남),11720319,122,92,77,53,39,29,11701124_M_EnamelLoafer.gltf,11701124_m_enamelloafer_d.png,11701124_m_enamelloafer_c.png,0,
11701125,오리엔탈 엔젤 슈즈 (남),11701125,239,112,145,153,66,82,11790931_M_SHOrientalAngel.gltf,11790931_m_shorientalangel_d.png,11790931_m_shorientalangel_c.png,0,
11701126,오리엔탈 엔젤 슈즈 (여),11701126,239,112,145,153,66,82,11790932_F_SHOrientalAngel.gltf,11790932_f_shorientalangel_d.png,11790932_f_shorientalangel_c.png,0,
11701127,눈꽃뭉치 부츠 (남),11701127,147,226,242,89,153,165,11701127_M_SHEskimoWear.gltf,11701127_c_sheskimowear_d.png,11701127_c_sheskimowear_c.png,0,
11701128,눈꽃뭉치 부츠 (여),11701128,147,226,242,89,153,165,11701128_F_SHEskimoWear.gltf,11701127_c_sheskimowear_d.png,11701127_c_sheskimowear_c.png,0,
11701129,머스커티어 부츠 (남),11701129,62,73,117,27,26,48,11701129_M_SHDartagnan.gltf,11701129_c_shdartagnan_d.png,11701129_c_shdartagnan_c.png,0,
11701130,머스커티어 부츠 (여),11701130,62,73,117,27,26,48,11701130_F_SHDartagnan.gltf,11701129_c_shdartagnan_d.png,11701129_c_shdartagnan_c.png,0,
11701132,그리피나 부츠,11700135,63,59,51,20,18,15,11700135_F_SHGriffinaBoots.gltf,11700135_c_shgriffinaboots_d.png,11700135_c_shgriffinaboots_d.png,0,
11701133,데보라크의 부츠,11700140,63,59,51,20,18,15,11700140_F_SHDevoracBoots.gltf,11700140_c_shdevoracboots_d.png,11700140_c_shdevoracboots_d.png,0,
11701134,페리오닉 가죽 신발 (남),11701134,122,92,77,53,39,29,11701134_M_SHTraditionalNative01.gltf,11701134_m_shtraditionalnative01_d.png,11701134_m_shtraditionalnative01_c.png,0,
11701135,페리오닉 가죽 신발 (여),11701135,122,92,77,53,39,29,11701135_F_SHTraditionalNative01.gltf,11701135_f_shtraditionalnative01_d.png,11701135_f_shtraditionalnative01_c.png,0,
11701136,타이드 캡틴 부츠 (나이트),11700718,63,59,51,20,18,15,11700598_F_SHPirate.gltf,11700598_f_shpirate_d.png,11700598_f_shpirate_c.png,0,
11701137,타이드 캡틴 부츠 (버서커),11700718,63,59,51,20,18,15,11700598_F_SHPirate.gltf,11700598_f_shpirate_d.png,11700598_f_shpirate_c.png,0,
11701138,타이드 캡틴 부츠 (위자드),11700718,63,59,51,20,18,15,11700598_F_SHPirate.gltf,11700598_f_shpirate_d.png,11700598_f_shpirate_c.png,0,
11701139,타이드 캡틴 부츠 (프리스트),11700718,63,59,51,20,18,15,11700598_F_SHPirate.gltf,11700598_f_shpirate_d.png,11700598_f_shpirate_c.png,0,
11701140,타이드 캡틴 부츠 (레인저),11700718,63,59,51,20,18,15,11700598_F_SHPirate.gltf,11700598_f_shpirate_d.png,11700598_f_shpirate_c.png,0,
11701141,타이드 캡틴 부츠 (헤비거너),11700718,63,59,51,20,18,15,11700598_F_SHPirate.gltf,11700598_f_shpirate_d.png,11700598_f_shpirate_c.png,0,
11701142,타이드 캡틴 부츠 (시프),11700718,63,59,51,20,18,15,11700598_F_SHPirate.gltf,11700598_f_shpirate_d.png,11700598_f_shpirate_c.png,0,
11701143,타이드 캡틴 부츠 (어쌔신),11700718,63,59,51,20,18,15,11700598_F_SHPirate.gltf,11700598_f_shpirate_d.png,11700598_f_shpirate_c.png,0,
11701144,타이드 캡틴 부츠 (룬블레이더),11700718,63,59,51,20,18,15,11700598_F_SHPirate.gltf,11700598_f_shpirate_d.png,11700598_f_shpirate_c.png,0,
11701145,타이드 캡틴 부츠 (스트라이커),11700718,63,59,51,20,18,15,11700598_F_SHPirate.gltf,11700598_f_shpirate_d.png,11700598_f_shpirate_c.png,0,
11701146,타이드 캡틴 부츠 (소울바인더),11700718,63,59,51,20,18,15,11700598_F_SHPirate.gltf,11700598_f_shpirate_d.png,11700598_f_shpirate_c.png,0,
11701158,윙드 데몬 그리브 (나이트),11700659,63,59,51,20,18,15,11700659_F_SHDragon.gltf,11700659_c_shdragon_d.png,11700659_c_shdragon_c.png,0,
11701159,윙드 데몬 그리브 (버서커),11700659,63,59,51,20,18,15,11700659_F_SHDragon.gltf,11700659_c_shdragon_d.png,11700659_c_shdragon_c.png,0,
11701160,윙드 데몬 그리브 (위자드),11700659,63,59,51,20,18,15,11700659_F_SHDragon.gltf,11700659_c_shdragon_d.png,11700659_c_shdragon_c.png,0,
11701161,윙드 데몬 그리브 (프리스트),11700659,63,59,51,20,18,15,11700659_F_SHDragon.gltf,11700659_c_shdragon_d.png,11700659_c_shdragon_c.png,0,
11701162,윙드 데몬 그리브 (레인저),11700659,63,59,51,20,18,15,11700659_F_SHDragon.gltf,11700659_c_shdragon_d.png,11700659_c_shdragon_c.png,0,
11701163,윙드 데몬 그리브 (헤비거너),11700659,63,59,51,20,18,15,11700659_F_SHDragon.gltf,11700659_c_shdragon_d.png,11700659_c_shdragon_c.png,0,
11701164,윙드 데몬 그리브 (시프),11700659,63,59,51,20,18,15,11700659_F_SHDragon.gltf,11700659_c_shdragon_d.png,11700659_c_shdragon_c.png,0,
11701165,윙드 데몬 그리브 (어쌔신),11700659,63,59,51,20,18,15,11700659_F_SHDragon.gltf,11700659_c_shdragon_d.png,11700659_c_shdragon_c.png,0,
11701166,윙드 데몬 그리브 (룬블레이더),11700659,63,59,51,20,18,15,11700659_F_SHDragon.gltf,11700659_c_shdragon_d.png,11700659_c_shdragon_c.png,0,
11701167,윙드 데몬 그리브 (스트라이커),11700659,63,59,51,20,18,15,11700659_F_SHDragon.gltf,11700659_c_shdragon_d.png,11700659_c_shdragon_c.png,0,
11701168,윙드 데몬 그리브 (소울바인더),11700659,63,59,51,20,18,15,11700659_F_SHDragon.gltf,11700659_c_shdragon_d.png,11700659_c_shdragon_c.png,0,
11701169,베히모스 레더 부츠 (나이트),11701034,63,59,51,20,18,15,11701034_F_SHVehement.gltf,11701034_c_shvehement_d.png,11701034_c_shvehement_c.png,0,
11701170,베히모스 레더 부츠 (버서커),11701034,63,59,51,20,18,15,11701034_F_SHVehement.gltf,11701034_c_shvehement_d.png,11701034_c_shvehement_c.png,0,
11701171,베히모스 레더 부츠 (위자드),11701034,63,59,51,20,18,15,11701034_F_SHVehement.gltf,11701034_c_shvehement_d.png,11701034_c_shvehement_c.png,0,
11701172,베히모스 레더 부츠 (프리스트),11701034,63,59,51,20,18,15,11701034_F_SHVehement.gltf,11701034_c_shvehement_d.png,11701034_c_shvehement_c.png,0,
11701173,베히모스 레더 부츠 (레인저),11701034,63,59,51,20,18,15,11701034_F_SHVehement.gltf,11701034_c_shvehement_d.png,11701034_c_shvehement_c.png,0,
11701174,베히모스 레더 부츠 (헤비거너),11701034,63,59,51,20,18,15,11701034_F_SHVehement.gltf,11701034_c_shvehement_d.png,11701034_c_shvehement_c.png,0,
11701175,베히모스 레더 부츠 (시프),11701034,63,59,51,20,18,15,11701034_F_SHVehement.gltf,11701034_c_shvehement_d.png,11701034_c_shvehement_c.png,0,
11701176,베히모스 레더 부츠 (어쌔신),11701034,63,59,51,20,18,15,11701034_F_SHVehement.gltf,11701034_c_shvehement_d.png,11701034_c_shvehement_c.png,0,
11701177,베히모스 레더 부츠 (룬블레이더),11701034,63,59,51,20,18,15,11701034_F_SHVehement.gltf,11701034_c_shvehement_d.png,11701034_c_shvehement_c.png,0,
11701178,베히모스 레더 부츠 (스트라이커),11701034,63,59,51,20,18,15,11701034_F_SHVehement.gltf,11701034_c_shvehement_d.png,11701034_c_shvehement_c.png,0,
11701179,베히모스 레더 부츠 (소울바인더),11701034,63,59,51,20,18,15,11701034_F_SHVehement.gltf,11701034_c_shvehement_d.png,11701034_c_shvehement_c.png,0,
11701180,에일리온 보이드 워커 (나이트),11700892,63,59,51,20,18,15,11700892_F_SHReverseRaidA02.gltf,11700892_c_shreverseraida02_d.png,11700892_c_shreverseraida02_c.png,0,
11701181,에일리온 보이드 워커 (버서커),11700892,63,59,51,20,18,15,11700892_F_SHReverseRaidA02.gltf,11700892_c_shreverseraida02_d.png,11700892_c_shreverseraida02_c.png,0,
11701182,에일리온 보이드 워커 (위자드),11700892,63,59,51,20,18,15,11700892_F_SHReverseRaidA02.gltf,11700892_c_shreverseraida02_d.png,11700892_c_shreverseraida02_c.png,0,
11701183,에일리온 보이드 워커 (프리스트),11700892,63,59,51,20,18,15,11700892_F_SHReverseRaidA02.gltf,11700892_c_shreverseraida02_d.png,11700892_c_shreverseraida02_c.png,0,
11701184,에일리온 보이드 워커 (레인저),11700892,63,59,51,20,18,15,11700892_F_SHReverseRaidA02.gltf,11700892_c_shreverseraida02_d.png,11700892_c_shreverseraida02_c.png,0,
11701185,에일리온 보이드 워커 (헤비거너),11700892,63,59,51,20,18,15,11700892_F_SHReverseRaidA02.gltf,11700892_c_shreverseraida02_d.png,11700892_c_shreverseraida02_c.png,0,
11701186,에일리온 보이드 워커 (시프),11700892,63,59,51,20,18,15,11700892_F_SHReverseRaidA02.gltf,11700892_c_shreverseraida02_d.png,11700892_c_shreverseraida02_c.png,0,
11701187,에일리온 보이드 워커 (어쌔신),11700892,63,59,51,20,18,15,11700892_F_SHReverseRaidA02.gltf,11700892_c_shreverseraida02_d.png,11700892_c_shreverseraida02_c.png,0,
11701188,에일리온 보이드 워커 (룬블레이더),11700892,63,59,51,20,18,15,11700892_F_SHReverseRaidA02.gltf,11700892_c_shreverseraida02_d.png,11700892_c_shreverseraida02_c.png,0,
11701189,에일리온 보이드 워커 (스트라이커),11700892,63,59,51,20,18,15,11700892_F_SHReverseRaidA02.gltf,11700892_c_shreverseraida02_d.png,11700892_c_shreverseraida02_c.png,0,
11701190,에일리온 보이드 워커 (소울바인더),11700892,63,59,51,20,18,15,11700892_F_SHReverseRaidA02.gltf,11700892_c_shreverseraida02_d.png,11700892_c_shreverseraida02_c.png,0,
11701191,블랙 뱅가드 워 부츠 (나이트),11700607,63,59,51,20,18,15,11700607_F_SHDarkSteel.gltf,11700607_c_shdarksteel_d.png,11700607_c_shdarksteel_c.png,0,
11701192,블랙 뱅가드 워 부츠 (버서커),11700607,63,59,51,20,18,15,11700607_F_SHDarkSteel.gltf,11700607_c_shdarksteel_d.png,11700607_c_shdarksteel_c.png,0,
11701193,블랙 뱅가드 워 부츠 (위자드),11700607,63,59,51,20,18,15,11700607_F_SHDarkSteel.gltf,11700607_c_shdarksteel_d.png,11700607_c_shdarksteel_c.png,0,
11701194,블랙 뱅가드 워 부츠 (프리스트),11700607,63,59,51,20,18,15,11700607_F_SHDarkSteel.gltf,11700607_c_shdarksteel_d.png,11700607_c_shdarksteel_c.png,0,
11701195,블랙 뱅가드 워 부츠 (레인저),11700607,63,59,51,20,18,15,11700607_F_SHDarkSteel.gltf,11700607_c_shdarksteel_d.png,11700607_c_shdarksteel_c.png,0,
11701196,블랙 뱅가드 워 부츠 (헤비거너),11700607,63,59,51,20,18,15,11700607_F_SHDarkSteel.gltf,11700607_c_shdarksteel_d.png,11700607_c_shdarksteel_c.png,0,
11701197,블랙 뱅가드 워 부츠 (시프),11700607,63,59,51,20,18,15,11700607_F_SHDarkSteel.gltf,11700607_c_shdarksteel_d.png,11700607_c_shdarksteel_c.png,0,
11701198,블랙 뱅가드 워 부츠 (어쌔신),11700607,63,59,51,20,18,15,11700607_F_SHDarkSteel.gltf,11700607_c_shdarksteel_d.png,11700607_c_shdarksteel_c.png,0,
11701199,블랙 뱅가드 워 부츠 (룬블레이더),11700607,63,59,51,20,18,15,11700607_F_SHDarkSteel.gltf,11700607_c_shdarksteel_d.png,11700607_c_shdarksteel_c.png,0,
11701200,블랙 뱅가드 워 부츠 (스트라이커),11700607,63,59,51,20,18,15,11700607_F_SHDarkSteel.gltf,11700607_c_shdarksteel_d.png,11700607_c_shdarksteel_c.png,0,
11701201,블랙 뱅가드 워 부츠 (소울바인더),11700607,63,59,51,20,18,15,11700607_F_SHDarkSteel.gltf,11700607_c_shdarksteel_d.png,11700607_c_shdarksteel_c.png,0,
11701202,블랙퓨리티 카발릭 부츠 (나이트),11701131,63,59,51,20,18,15,11701131_F_SHDarkTutor.gltf,11701131_c_shdarktutor_d.png,11701131_c_shdarktutor_c.png,0,
11701203,블랙퓨리티 카발릭 부츠 (버서커),11701131,63,59,51,20,18,15,11701131_F_SHDarkTutor.gltf,11701131_c_shdarktutor_d.png,11701131_c_shdarktutor_c.png,0,
11701204,블랙퓨리티 카발릭 부츠 (위자드),11701131,63,59,51,20,18,15,11701131_F_SHDarkTutor.gltf,11701131_c_shdarktutor_d.png,11701131_c_shdarktutor_c.png,0,
11701205,블랙퓨리티 카발릭 부츠 (프리스트),11701131,63,59,51,20,18,15,11701131_F_SHDarkTutor.gltf,11701131_c_shdarktutor_d.png,11701131_c_shdarktutor_c.png,0,
11701206,블랙퓨리티 카발릭 부츠 (레인저),11701131,63,59,51,20,18,15,11701131_F_SHDarkTutor.gltf,11701131_c_shdarktutor_d.png,11701131_c_shdarktutor_c.png,0,
11701207,블랙퓨리티 카발릭 부츠 (헤비거너),11701131,63,59,51,20,18,15,11701131_F_SHDarkTutor.gltf,11701131_c_shdarktutor_d.png,11701131_c_shdarktutor_c.png,0,
11701208,블랙퓨리티 카발릭 부츠 (시프),11701131,63,59,51,20,18,15,11701131_F_SHDarkTutor.gltf,11701131_c_shdarktutor_d.png,11701131_c_shdarktutor_c.png,0,
11701209,블랙퓨리티 카발릭 부츠 (어쌔신),11701131,63,59,51,20,18,15,11701131_F_SHDarkTutor.gltf,11701131_c_shdarktutor_d.png,11701131_c_shdarktutor_c.png,0,
11701210,블랙퓨리티 카발릭 부츠 (룬블레이더),11701131,63,59,51,20,18,15,11701131_F_SHDarkTutor.gltf,11701131_c_shdarktutor_d.png,11701131_c_shdarktutor_c.png,0,
11701211,블랙퓨리티 카발릭 부츠 (스트라이커),11701131,63,59,51,20,18,15,11701131_F_SHDarkTutor.gltf,11701131_c_shdarktutor_d.png,11701131_c_shdarktutor_c.png,0,
11701212,블랙퓨리티 카발릭 부츠 (소울바인더),11701131,63,59,51,20,18,15,11701131_F_SHDarkTutor.gltf,11701131_c_shdarktutor_d.png,11701131_c_shdarktutor_c.png,0,
11701225,스노우 테일 부츠 (남),11701225,76,105,181,23,40,79,11701225_M_SHFrozen02.gltf,11701225_m_shfrozen02_d.png,11701225_m_shfrozen02_c.png,0,
11701226,스노우 테일 슈즈 (여),11701226,76,105,181,23,40,79,11701226_F_SHFrozen02.gltf,11701226_f_shfrozen02_d.png,11701226_f_shfrozen02_c.png,0,
11701227,유치원 신발 (남),11700036,133,81,165,53,42,71,01700007_M_Preschool.gltf,01700007_m_preschool_d.png,01700007_m_preschool_c.png,0,
11701228,유치원 신발 (여),11700037,158,83,63,68,31,19,01700008_F_Preschool.gltf,01700008_f_preschool_d.png,01700008_f_preschool_c.png,0,
11701229,프론티어 재단 파티 슈즈 (남),11701229,63,59,51,20,18,15,11701229_M_SHFrontierFoundation.gltf,11701229_m_shfrontierfoundation_d.png,11701229_m_shfrontierfoundation_c.png,0,
11701230,프론티어 재단 파티 슈즈 (여),11701230,63,59,51,20,18,15,11701230_F_SHFrontierFoundation.gltf,11701230_f_shfrontierfoundation_d.png,11701230_f_shfrontierfoundation_c.png,0,
11701231,타락천사 구두 (남),11701231,62,73,117,27,26,48,11701231_M_SHLucifer.gltf,11701231_m_shlucifer_d.png,11701231_m_shlucifer_c.png,0,
11701232,타락천사 롱부츠 (여),11701232,62,73,117,27,26,48,11701232_F_SHLucifer.gltf,11701232_f_shlucifer_d.png,11701232_f_shlucifer_c.png,0,
11701233,엘리트 어드벤쳐 배틀 그리브 (나이트),11709996,63,59,51,20,18,15,11700003_F_SHSilverOrihalcon.gltf,11700003_f_shsilverorihalcon_d.png,11700003_f_shsilverorihalcon_d.png,0,
11701234,엘리트 어드벤쳐 배틀 그리브 (버서커),11709996,63,59,51,20,18,15,11700003_F_SHSilverOrihalcon.gltf,11700003_f_shsilverorihalcon_d.png,11700003_f_shsilverorihalcon_d.png,0,
11701235,엘리트 어드벤쳐 매직 슈즈 (위자드),11700078,63,59,51,20,18,15,11700002_F_SHRibbonDeco.gltf,11700002_f_shribbondeco_d.png,11700002_f_shribbondeco_c.png,0,
11701236,엘리트 어드벤쳐 매직 슈즈 (프리스트),11700078,63,59,51,20,18,15,11700002_F_SHRibbonDeco.gltf,11700002_f_shribbondeco_d.png,11700002_f_shribbondeco_c.png,0,
11701237,엘리트 어드벤쳐 스카우트 부츠 (레인저),11700104,63,59,51,20,18,15,11700104_F_SHMilitiaBoots.gltf,11700104_c_shmilitiaboots_d.png,11700104_c_shmilitiaboots_d.png,0,
11701238,엘리트 어드벤쳐 스카우트 부츠 (헤비거너),11700104,63,59,51,20,18,15,11700104_F_SHMilitiaBoots.gltf,11700104_c_shmilitiaboots_d.png,11700104_c_shmilitiaboots_d.png,0,
11701239,엘리트 어드벤쳐 스니킹 슈즈 (시프),11700052,63,59,51,20,18,15,01700018_F_GoldSilkyShoes.gltf,01700017_c_goldsilkyshoes_d.png,01700017_c_goldsilkyshoes_c.png,0,
11701240,엘리트 어드벤쳐 스니킹 슈즈 (어쌔신),11700052,63,59,51,20,18,15,01700018_F_GoldSilkyShoes.gltf,01700017_c_goldsilkyshoes_d.png,01700017_c_goldsilkyshoes_c.png,0,
11701241,엘리트 어드벤쳐 배틀 그리브 (룬블레이더),11709996,63,59,51,20,18,15,11700003_F_SHSilverOrihalcon.gltf,11700003_f_shsilverorihalcon_d.png,11700003_f_shsilverorihalcon_d.png,0,
11701242,엘리트 어드벤쳐 마샬 슈즈 (스트라이커),11700517,63,59,51,20,18,15,11700517_F_SHFighter07.gltf,11700517_c_shfighter07_d.png,11700517_c_shfighter07_c.png,0,
11701243,엘리트 어드벤쳐 마샬 슈즈 (소울바인더),11700517,63,59,51,20,18,15,11700517_F_SHFighter07.gltf,11700517_c_shfighter07_d.png,11700517_c_shfighter07_c.png,0,
11701244,베이직 하이탑 캔버스화 (남),11701244,76,105,181,23,40,79,11701244_M_SHHighTopConverse.gltf,11701244_c_shhightopconverse_d.png,11701244_c_shhightopconverse_c.png,0,
11701245,베이직 하이탑 캔버스화 (여),11701245,76,105,181,23,40,79,11701245_F_SHMiddleTopConverse.gltf,11701244_c_shhightopconverse_d.png,11701244_c_shhightopconverse_c.png,0,
11701246,카멜 브라운 레더 부츠 (남),11701246,63,59,51,20,18,15,11701246_M_SHBrownWalker.gltf,11701246_c_shbrownwalker_d.png,11701246_c_shbrownwalker_d.png,0,
11701247,카멜 브라운 레더 부츠 (여),11701247,63,59,51,20,18,15,11701247_F_SHBrownWalker.gltf,11701246_c_shbrownwalker_d.png,11701246_c_shbrownwalker_d.png,0,
11701248,발랄한 보트 슈즈 (남),11701248,194,209,96,64,104,54,11701248_M_ZigzagRibbon.gltf,11701248_c_shzigzagribbon_d.png,11701248_c_shzigzagribbon_c.png,0,
11701249,발랄한 보트 슈즈 (여),11701249,194,209,96,64,104,54,11701249_F_ZigzagRibbon.gltf,11701248_c_shzigzagribbon_d.png,11701248_c_shzigzagribbon_c.png,0,
11701250,반짝별빛 신발 (남),11701250,76,105,181,23,40,79,11701250_M_SHStarAccessory.gltf,11701250_m_shstaraccessory_d.png,11701250_m_shstaraccessory_c.png,0,
11701257,몽달귀신의 으스스한 신발 (남),11701257,170,47,47,96,19,19,11701257_M_SHHalloween04.gltf,11701257_m_shhalloween04_d.png,11701257_m_shhalloween04_c.png,0,
11701258,처녀귀신의 리본 버선 (여),11701258,170,47,47,96,19,19,11701258_F_SHHalloween04.gltf,11701258_f_shhalloween04_d.png,11701258_f_shhalloween04_c.png,0,
11701259,루미나리에 링 슈즈 (남),11701259,76,105,181,23,40,79,11701259_M_SHLuminous.gltf,11701259_m_shluminous_d.png,11701259_m_shluminous_c.png,0,
11701260,루미나리에 링 슈즈 (여),11701260,76,105,181,23,40,79,11701260_F_SHLuminous.gltf,11701260_f_shluminous_d.png,11701260_f_shluminous_c.png,0,
11701263,안티크 에라곤 부츠 (나이트),11701046,63,59,51,20,18,15,11701046_F_SHDarkStream.gltf,11701046_c_shdarkstream_d.png,11701046_c_shdarkstream_d.png,0,
11701264,안티크 에라곤 부츠 (버서커),11701046,63,59,51,20,18,15,11701046_F_SHDarkStream.gltf,11701046_c_shdarkstream_d.png,11701046_c_shdarkstream_d.png,0,
11701265,안티크 에라곤 부츠 (위자드),11701046,63,59,51,20,18,15,11701046_F_SHDarkStream.gltf,11701046_c_shdarkstream_d.png,11701046_c_shdarkstream_d.png,0,
11701266,안티크 에라곤 부츠 (프리스트),11701046,63,59,51,20,18,15,11701046_F_SHDarkStream.gltf,11701046_c_shdarkstream_d.png,11701046_c_shdarkstream_d.png,0,
11701267,안티크 에라곤 부츠 (레인저),11701046,63,59,51,20,18,15,11701046_F_SHDarkStream.gltf,11701046_c_shdarkstream_d.png,11701046_c_shdarkstream_d.png,0,
11701268,안티크 에라곤 부츠 (헤비거너),11701046,63,59,51,20,18,15,11701046_F_SHDarkStream.gltf,11701046_c_shdarkstream_d.png,11701046_c_shdarkstream_d.png,0,
11701269,안티크 에라곤 부츠 (시프),11701046,63,59,51,20,18,15,11701046_F_SHDarkStream.gltf,11701046_c_shdarkstream_d.png,11701046_c_shdarkstream_d.png,0,
11701270,안티크 에라곤 부츠 (어쌔신),11701046,63,59,51,20,18,15,11701046_F_SHDarkStream.gltf,11701046_c_shdarkstream_d.png,11701046_c_shdarkstream_d.png,0,
11701271,안티크 에라곤 부츠 (룬블레이더),11701046,63,59,51,20,18,15,11701046_F_SHDarkStream.gltf,11701046_c_shdarkstream_d.png,11701046_c_shdarkstream_d.png,0,
11701272,안티크 에라곤 부츠 (스트라이커),11701046,63,59,51,20,18,15,11701046_F_SHDarkStream.gltf,11701046_c_shdarkstream_d.png,11701046_c_shdarkstream_d.png,0,
11701273,안티크 에라곤 부츠 (소울바인더),11701046,63,59,51,20,18,15,11701046_F_SHDarkStream.gltf,11701046_c_shdarkstream_d.png,11701046_c_shdarkstream_d.png,0,
11701274,타이렌 컴뱃 부츠 (나이트),11701037,63,59,51,20,18,15,11701037_F_SHGiganTikaA01.gltf,11701037_c_shgigantikaa01_d.png,11701037_c_shgigantikaa01_c.png,0,
11701275,타이렌 컴뱃 부츠 (버서커),11701037,63,59,51,20,18,15,11701037_F_SHGiganTikaA01.gltf,11701037_c_shgigantikaa01_d.png,11701037_c_shgigantikaa01_c.png,0,
11701276,타이렌 컴뱃 부츠 (위자드),11701037,63,59,51,20,18,15,11701037_F_SHGiganTikaA01.gltf,11701037_c_shgigantikaa01_d.png,11701037_c_shgigantikaa01_c.png,0,
11701277,타이렌 컴뱃 부츠 (프리스트),11701037,63,59,51,20,18,15,11701037_F_SHGiganTikaA01.gltf,11701037_c_shgigantikaa01_d.png,11701037_c_shgigantikaa01_c.png,0,
11701278,타이렌 컴뱃 부츠 (레인저),11701037,63,59,51,20,18,15,11701037_F_SHGiganTikaA01.gltf,11701037_c_shgigantikaa01_d.png,11701037_c_shgigantikaa01_c.png,0,
11701279,타이렌 컴뱃 부츠 (헤비거너),11701037,63,59,51,20,18,15,11701037_F_SHGiganTikaA01.gltf,11701037_c_shgigantikaa01_d.png,11701037_c_shgigantikaa01_c.png,0,
11701280,타이렌 컴뱃 부츠 (시프),11701037,63,59,51,20,18,15,11701037_F_SHGiganTikaA01.gltf,11701037_c_shgigantikaa01_d.png,11701037_c_shgigantikaa01_c.png,0,
11701281,타이렌 컴뱃 부츠 (어쌔신),11701037,63,59,51,20,18,15,11701037_F_SHGiganTikaA01.gltf,11701037_c_shgigantikaa01_d.png,11701037_c_shgigantikaa01_c.png,0,
11701282,타이렌 컴뱃 부츠 (룬블레이더),11701037,63,59,51,20,18,15,11701037_F_SHGiganTikaA01.gltf,11701037_c_shgigantikaa01_d.png,11701037_c_shgigantikaa01_c.png,0,
11701283,타이렌 컴뱃 부츠 (스트라이커),11701037,63,59,51,20,18,15,11701037_F_SHGiganTikaA01.gltf,11701037_c_shgigantikaa01_d.png,11701037_c_shgigantikaa01_c.png,0,
11701284,타이렌 컴뱃 부츠 (소울바인더),11701037,63,59,51,20,18,15,11701037_F_SHGiganTikaA01.gltf,11701037_c_shgigantikaa01_d.png,11701037_c_shgigantikaa01_c.png,0,
11701296,타이렌 커맨더 컴뱃 부츠 (나이트),11701038,63,59,51,20,18,15,11701038_F_SHGiganTikaA02.gltf,11701038_c_shgigantikaa02_d.png,11701038_c_shgigantikaa02_c.png,0,
11701297,타이렌 커맨더 컴뱃 부츠 (버서커),11701038,63,59,51,20,18,15,11701038_F_SHGiganTikaA02.gltf,11701038_c_shgigantikaa02_d.png,11701038_c_shgigantikaa02_c.png,0,
11701298,타이렌 커맨더 컴뱃 부츠 (위자드),11701038,63,59,51,20,18,15,11701038_F_SHGiganTikaA02.gltf,11701038_c_shgigantikaa02_d.png,11701038_c_shgigantikaa02_c.png,0,
11701299,타이렌 커맨더 컴뱃 부츠 (프리스트),11701038,63,59,51,20,18,15,11701038_F_SHGiganTikaA02.gltf,11701038_c_shgigantikaa02_d.png,11701038_c_shgigantikaa02_c.png,0,
11701300,타이렌 커맨더 컴뱃 부츠 (레인저),11701038,63,59,51,20,18,15,11701038_F_SHGiganTikaA02.gltf,11701038_c_shgigantikaa02_d.png,11701038_c_shgigantikaa02_c.png,0,
11701301,타이렌 커맨더 컴뱃 부츠 (헤비거너),11701038,63,59,51,20,18,15,11701038_F_SHGiganTikaA02.gltf,11701038_c_shgigantikaa02_d.png,11701038_c_shgigantikaa02_c.png,0,
11701302,타이렌 커맨더 컴뱃 부츠 (시프),11701038,63,59,51,20,18,15,11701038_F_SHGiganTikaA02.gltf,11701038_c_shgigantikaa02_d.png,11701038_c_shgigantikaa02_c.png,0,
11701303,타이렌 커맨더 컴뱃 부츠 (어쌔신),11701038,63,59,51,20,18,15,11701038_F_SHGiganTikaA02.gltf,11701038_c_shgigantikaa02_d.png,11701038_c_shgigantikaa02_c.png,0,
11701304,타이렌 커맨더 컴뱃 부츠 (룬블레이더),11701038,63,59,51,20,18,15,11701038_F_SHGiganTikaA02.gltf,11701038_c_shgigantikaa02_d.png,11701038_c_shgigantikaa02_c.png,0,
11701305,타이렌 커맨더 컴뱃 부츠 (스트라이커),11701038,63,59,51,20,18,15,11701038_F_SHGiganTikaA02.gltf,11701038_c_shgigantikaa02_d.png,11701038_c_shgigantikaa02_c.png,0,
11701306,타이렌 커맨더 컴뱃 부츠 (소울바인더),11701038,63,59,51,20,18,15,11701038_F_SHGiganTikaA02.gltf,11701038_c_shgigantikaa02_d.png,11701038_c_shgigantikaa02_c.png,0,
11701307,안티크 인페누크 부츠 (나이트),11701076,63,59,51,20,18,15,11701076_F_SHBalrogB02.gltf,11701076_c_shbalrogb02_d.png,11701076_c_shbalrogb02_c.png,0,
11701308,안티크 인페누크 부츠 (버서커),11701076,63,59,51,20,18,15,11701076_F_SHBalrogB02.gltf,11701076_c_shbalrogb02_d.png,11701076_c_shbalrogb02_c.png,0,
11701309,안티크 인페누크 부츠 (위자드),11701076,63,59,51,20,18,15,11701076_F_SHBalrogB02.gltf,11701076_c_shbalrogb02_d.png,11701076_c_shbalrogb02_c.png,0,
11701310,안티크 인페누크 부츠 (프리스트),11701076,63,59,51,20,18,15,11701076_F_SHBalrogB02.gltf,11701076_c_shbalrogb02_d.png,11701076_c_shbalrogb02_c.png,0,
11701311,안티크 인페누크 부츠 (레인저),11701076,63,59,51,20,18,15,11701076_F_SHBalrogB02.gltf,11701076_c_shbalrogb02_d.png,11701076_c_shbalrogb02_c.png,0,
11701312,안티크 인페누크 부츠 (헤비거너),11701076,63,59,51,20,18,15,11701076_F_SHBalrogB02.gltf,11701076_c_shbalrogb02_d.png,11701076_c_shbalrogb02_c.png,0,
11701313,안티크 인페누크 부츠 (시프),11701076,63,59,51,20,18,15,11701076_F_SHBalrogB02.gltf,11701076_c_shbalrogb02_d.png,11701076_c_shbalrogb02_c.png,0,
11701314,안티크 인페누크 부츠 (어쌔신),11701076,63,59,51,20,18,15,11701076_F_SHBalrogB02.gltf,11701076_c_shbalrogb02_d.png,11701076_c_shbalrogb02_c.png,0,
11701315,안티크 인페누크 부츠 (룬블레이더),11701076,63,59,51,20,18,15,11701076_F_SHBalrogB02.gltf,11701076_c_shbalrogb02_d.png,11701076_c_shbalrogb02_c.png,0,
11701316,안티크 인페누크 부츠 (스트라이커),11701076,63,59,51,20,18,15,11701076_F_SHBalrogB02.gltf,11701076_c_shbalrogb02_d.png,11701076_c_shbalrogb02_c.png,0,
11701317,안티크 인페누크 부츠 (소울바인더),11701076,63,59,51,20,18,15,11701076_F_SHBalrogB02.gltf,11701076_c_shbalrogb02_d.png,11701076_c_shbalrogb02_c.png,0,
11701318,파이어 프리즘 부츠 (나이트),11701261,63,59,51,20,18,15,11701261_F_SHFirePrism.gltf,11701261_c_shfireprism_d.png,11701261_c_shfireprism_c.png,0,
11701319,파이어 프리즘 부츠 (버서커),11701261,63,59,51,20,18,15,11701261_F_SHFirePrism.gltf,11701261_c_shfireprism_d.png,11701261_c_shfireprism_c.png,0,
11701320,파이어 프리즘 부츠 (위자드),11701261,63,59,51,20,18,15,11701261_F_SHFirePrism.gltf,11701261_c_shfireprism_d.png,11701261_c_shfireprism_c.png,0,
11701321,파이어 프리즘 부츠 (프리스트),11701261,63,59,51,20,18,15,11701261_F_SHFirePrism.gltf,11701261_c_shfireprism_d.png,11701261_c_shfireprism_c.png,0,
11701322,파이어 프리즘 부츠 (레인저),11701261,63,59,51,20,18,15,11701261_F_SHFirePrism.gltf,11701261_c_shfireprism_d.png,11701261_c_shfireprism_c.png,0,
11701323,파이어 프리즘 부츠 (헤비거너),11701261,63,59,51,20,18,15,11701261_F_SHFirePrism.gltf,11701261_c_shfireprism_d.png,11701261_c_shfireprism_c.png,0,
11701324,파이어 프리즘 부츠 (시프),11701261,63,59,51,20,18,15,11701261_F_SHFirePrism.gltf,11701261_c_shfireprism_d.png,11701261_c_shfireprism_c.png,0,
11701325,파이어 프리즘 부츠 (어쌔신),11701261,63,59,51,20,18,15,11701261_F_SHFirePrism.gltf,11701261_c_shfireprism_d.png,11701261_c_shfireprism_c.png,0,
11701326,파이어 프리즘 부츠 (룬블레이더),11701261,63,59,51,20,18,15,11701261_F_SHFirePrism.gltf,11701261_c_shfireprism_d.png,11701261_c_shfireprism_c.png,0,
11701327,파이어 프리즘 부츠 (스트라이커),11701261,63,59,51,20,18,15,11701261_F_SHFirePrism.gltf,11701261_c_shfireprism_d.png,11701261_c_shfireprism_c.png,0,
11701328,파이어 프리즘 부츠 (소울바인더),11701261,63,59,51,20,18,15,11701261_F_SHFirePrism.gltf,11701261_c_shfireprism_d.png,11701261_c_shfireprism_c.png,0,
11701329,타이렌 로열 부츠 (나이트),11701252,63,59,51,20,18,15,11701252_F_SHLappenshad01.gltf,11701252_c_shlappenshad01_d.png,11701252_c_shlappenshad01_c.png,0,
11701330,타이렌 로열 부츠 (버서커),11701252,63,59,51,20,18,15,11701252_F_SHLappenshad01.gltf,11701252_c_shlappenshad01_d.png,11701252_c_shlappenshad01_c.png,0,
11701331,타이렌 로열 부츠 (위자드),11701252,63,59,51,20,18,15,11701252_F_SHLappenshad01.gltf,11701252_c_shlappenshad01_d.png,11701252_c_shlappenshad01_c.png,0,
11701332,타이렌 로열 부츠 (프리스트),11701252,63,59,51,20,18,15,11701252_F_SHLappenshad01.gltf,11701252_c_shlappenshad01_d.png,11701252_c_shlappenshad01_c.png,0,
11701333,타이렌 로열 부츠 (레인저),11701252,63,59,51,20,18,15,11701252_F_SHLappenshad01.gltf,11701252_c_shlappenshad01_d.png,11701252_c_shlappenshad01_c.png,0,
11701334,타이렌 로열 부츠 (헤비거너),11701252,63,59,51,20,18,15,11701252_F_SHLappenshad01.gltf,11701252_c_shlappenshad01_d.png,11701252_c_shlappenshad01_c.png,0,
11701335,타이렌 로열 부츠 (시프),11701252,63,59,51,20,18,15,11701252_F_SHLappenshad01.gltf,11701252_c_shlappenshad01_d.png,11701252_c_shlappenshad01_c.png,0,
11701336,타이렌 로열 부츠 (어쌔신),11701252,63,59,51,20,18,15,11701252_F_SHLappenshad01.gltf,11701252_c_shlappenshad01_d.png,11701252_c_shlappenshad01_c.png,0,
11701337,타이렌 로열 부츠 (룬블레이더),11701252,63,59,51,20,18,15,11701252_F_SHLappenshad01.gltf,11701252_c_shlappenshad01_d.png,11701252_c_shlappenshad01_c.png,0,
11701338,타이렌 로열 부츠 (스트라이커),11701252,63,59,51,20,18,15,11701252_F_SHLappenshad01.gltf,11701252_c_shlappenshad01_d.png,11701252_c_shlappenshad01_c.png,0,
11701339,타이렌 로열 부츠 (소울바인더),11701252,63,59,51,20,18,15,11701252_F_SHLappenshad01.gltf,11701252_c_shlappenshad01_d.png,11701252_c_shlappenshad01_c.png,0,
11701340,엘리트 어드벤쳐 배틀 그리브 (나이트),11709996,63,59,51,20,18,15,11700003_F_SHSilverOrihalcon.gltf,11700003_f_shsilverorihalcon_d.png,11700003_f_shsilverorihalcon_d.png,0,
11701341,엘리트 어드벤쳐 배틀 그리브 (버서커),11709996,63,59,51,20,18,15,11700003_F_SHSilverOrihalcon.gltf,11700003_f_shsilverorihalcon_d.png,11700003_f_shsilverorihalcon_d.png,0,
11701342,엘리트 어드벤쳐 매직 슈즈 (위자드),11700078,63,59,51,20,18,15,11700002_F_SHRibbonDeco.gltf,11700002_f_shribbondeco_d.png,11700002_f_shribbondeco_c.png,0,
11701343,엘리트 어드벤쳐 매직 슈즈 (프리스트),11700078,63,59,51,20,18,15,11700002_F_SHRibbonDeco.gltf,11700002_f_shribbondeco_d.png,11700002_f_shribbondeco_c.png,0,
11701344,엘리트 어드벤쳐 스카우트 부츠 (레인저),11700104,63,59,51,20,18,15,11700104_F_SHMilitiaBoots.gltf,11700104_c_shmilitiaboots_d.png,11700104_c_shmilitiaboots_d.png,0,
11701345,엘리트 어드벤쳐 스카우트 부츠 (헤비거너),11700104,63,59,51,20,18,15,11700104_F_SHMilitiaBoots.gltf,11700104_c_shmilitiaboots_d.png,11700104_c_shmilitiaboots_d.png,0,
11701346,엘리트 어드벤쳐 스니킹 슈즈 (시프),11700052,63,59,51,20,18,15,01700018_F_GoldSilkyShoes.gltf,01700017_c_goldsilkyshoes_d.png,01700017_c_goldsilkyshoes_c.png,0,
11701347,엘리트 어드벤쳐 스니킹 슈즈 (어쌔신),11700052,63,59,51,20,18,15,01700018_F_GoldSilkyShoes.gltf,01700017_c_goldsilkyshoes_d.png,01700017_c_goldsilkyshoes_c.png,0,
11701348,엘리트 어드벤쳐 배틀 그리브 (룬블레이더),11709996,63,59,51,20,18,15,11700003_F_SHSilverOrihalcon.gltf,11700003_f_shsilverorihalcon_d.png,11700003_f_shsilverorihalcon_d.png,0,
11701349,엘리트 어드벤쳐 마샬 슈즈 (스트라이커),11700517,63,59,51,20,18,15,11700517_F_SHFighter07.gltf,11700517_c_shfighter07_d.png,11700517_c_shfighter07_c.png,0,
11701350,엘리트 어드벤쳐 마샬 슈즈 (소울바인더),11700517,63,59,51,20,18,15,11700517_F_SHFighter07.gltf,11700517_c_shfighter07_d.png,11700517_c_shfighter07_c.png,0,
11701351,메이플 연합 골든 파워 부츠 (여),11701351,63,59,51,20,18,15,11701091_F_SHMapleUnion01.gltf,11701091_f_shmapleunion01_d.png,11701091_f_shmapleunion01_d.png,0,
11701352,그린후드 자경단 피오레 부츠 (여),11701352,63,59,51,20,18,15,11701043_F_SHGreenHood01.gltf,11701043_c_shgreenhood01_d.png,11701043_c_shgreenhood01_d.png,0,
11701353,트라이아 근위대 리네아르 부츠 (여),11701353,63,59,51,20,18,15,11701042_F_SHTriaRoyalGuard01.gltf,11701042_c_shtriaroyalguard01_d.png,11701042_c_shtriaroyalguard01_d.png,0,
11701354,루미나이츠 오네스타 부츠 (여),11701354,63,59,51,20,18,15,11701041_F_SHLumiKnight01.gltf,11701041_c_shlumiknight01_d.png,11701041_c_shlumiknight01_d.png,0,
11701355,존엄의 신발,11700722,76,105,181,23,40,79,11700722_F_SHArenaA02.gltf,11700722_c_sharenaa02_d.png,11700721_c_sharenaa01_c.png,0,
11701356,다크윈드 아텐토 부츠 (여),11701356,63,59,51,20,18,15,11701040_F_SHDarkWind01.gltf,11701040_c_shdarkwind01_d.png,11701040_c_shdarkwind01_d.png,0,
11701357,오버 윈터 메리제인 버클 슈즈 (남),11701357,158,83,63,68,31,19,11701357_M_SHValentine03.gltf,11701357_m_shvalentine03_d.png,11701357_m_shvalentine03_c.png,0,
11701358,오버 윈터 메리제인 버클 슈즈 (여),11701358,158,83,63,68,31,19,11701358_F_SHValentine03.gltf,11701357_m_shvalentine03_d.png,11701357_m_shvalentine03_c.png,0,
11701359,강화된 품위의 전투 신발,11700721,63,59,51,20,18,15,11700721_F_SHArenaA01.gltf,11700721_c_sharenaa01_d.png,11700721_c_sharenaa01_c.png,0,
11701360,강화된 품위의 광란 신발,11700721,63,59,51,20,18,15,11700721_F_SHArenaA01.gltf,11700721_c_sharenaa01_d.png,11700721_c_sharenaa01_c.png,0,
11701361,강화된 품위의 마법 신발,11700721,63,59,51,20,18,15,11700721_F_SHArenaA01.gltf,11700721_c_sharenaa01_d.png,11700721_c_sharenaa01_c.png,0,
11701362,강화된 품위의 신성 신발,11700721,63,59,51,20,18,15,11700721_F_SHArenaA01.gltf,11700721_c_sharenaa01_d.png,11700721_c_sharenaa01_c.png,0,
11701363,강화된 품위의 집중 신발,11700721,63,59,51,20,18,15,11700721_F_SHArenaA01.gltf,11700721_c_sharenaa01_d.png,11700721_c_sharenaa01_c.png,0,
11701364,강화된 품위의 포격 신발,11700721,63,59,51,20,18,15,11700721_F_SHArenaA01.gltf,11700721_c_sharenaa01_d.png,11700721_c_sharenaa01_c.png,0,
11701365,강화된 품위의 혼란 신발,11700721,63,59,51,20,18,15,11700721_F_SHArenaA01.gltf,11700721_c_sharenaa01_d.png,11700721_c_sharenaa01_c.png,0,
11701366,강화된 품위의 암살 신발,11700721,63,59,51,20,18,15,11700721_F_SHArenaA01.gltf,11700721_c_sharenaa01_d.png,11700721_c_sharenaa01_c.png,0,
11701367,강화된 품위의 주술 신발,11700721,63,59,51,20,18,15,11700721_F_SHArenaA01.gltf,11700721_c_sharenaa01_d.png,11700721_c_sharenaa01_c.png,0,
11701368,강화된 품위의 난투 신발,11700721,63,59,51,20,18,15,11700721_F_SHArenaA01.gltf,11700721_c_sharenaa01_d.png,11700721_c_sharenaa01_c.png,0,
11701369,강화된 품위의 의식 신발,11700721,63,59,51,20,18,15,11700721_F_SHArenaA01.gltf,11700721_c_sharenaa01_d.png,11700721_c_sharenaa01_c.png,0,
11701370,챠밍 하이 삭스 스니커즈 (남),11701370,132,130,120,68,68,65,11701370_M_SHSchoolLook01.gltf,11701370_c_shschoollook01_d.png,11701370_c_shschoollook01_c.png,0,
11701371,챠밍 하이 삭스 스니커즈 (여),11701371,132,130,120,68,68,65,11701371_F_SHSchoolLook01.gltf,11701370_c_shschoollook01_d.png,11701370_c_shschoollook01_c.png,0,
11701372,아기 공룡 신발 (남),11701372,194,209,96,64,104,54,11701372_M_SHDoll_Dinosaur01.gltf,11701372_c_shdoll_dinosaur01_d.png,11701372_c_shdoll_dinosaur01_c.png,0,
11701373,아기 공룡 신발 (여),11701373,194,209,96,64,104,54,11701373_F_SHDoll_Dinosaur01.gltf,11701372_c_shdoll_dinosaur01_d.png,11701372_c_shdoll_dinosaur01_c.png,0,
11701375,에너제틱 스타 에나멜 부츠 (여),11701375,230,230,230,150,150,150,11701375_F_SHEnergeticStar.gltf,11701374_c_shenergeticstar_d.png,11701374_c_shenergeticstar_c.png,0,
11701432,견습 파티셰 신발 (남),11701432,170,47,47,96,19,19,11701432_M_SHCook01.gltf,11701432_c_shcook01_d.png,11701432_c_shcook01_c.png,0,
11701433,견습 파티셰 신발 (여),11701433,170,47,47,96,19,19,11701433_F_SHCook01.gltf,11701432_c_shcook01_d.png,11701432_c_shcook01_c.png,0,
11701434,아쿠아 썸머 불가사리 발찌 (남),11701434,76,105,181,23,40,79,11701434_M_SHSwim05.gltf,11701434_c_shswim05_d.png,11701434_c_shswim05_c.png,0,
11701435,아쿠아 썸머 불가사리 발찌 (여),11701435,76,105,181,23,40,79,11701435_F_SHSwim05.gltf,11701434_c_shswim05_d.png,11701434_c_shswim05_c.png,0,
11701437,해변의 낭만 비치 샌들 (남),11701437,76,105,181,23,40,79,11701437_M_SHSummer01.gltf,11701437_c_shsummer01_d.png,11701437_c_shsummer01_c.png,0,
11701438,해변의 낭만 비치 샌들 (여),11701438,76,105,181,23,40,79,11701438_F_SHSummer01.gltf,11701437_c_shsummer01_d.png,11701437_c_shsummer01_c.png,0,
11701440,여름 축제 나막신 (여),11701440,126,204,247,72,94,168,11701440_F_SHTraditionalNative03.gltf,11701439_c_shtraditionalnative03_d.png,11701439_c_shtraditionalnative03_c.png,0,
11701441,일본 여름 나막신 (남),11701441,133,81,165,53,42,71,11701441_M_SHTraditionalNative04.gltf,11701441_m_shtraditionalnative04_d.png,11701441_m_shtraditionalnative04_c.png,0,
11701442,일본 여름 나막신 (여),11701442,255,168,203,205,86,106,11701442_F_SHTraditionalNative04.gltf,11701442_f_shtraditionalnative04_d.png,11701442_f_shtraditionalnative04_c.png,0,
11701445,크래비 슬리퍼,11700472,63,59,51,20,18,15,11700472_F_SHCrabSlipper.gltf,11700472_c_shcrabslipper_d.png,11700472_c_shcrabslipper_d.png,0,
11701446,성실한 모험가의 운동화,11700001,63,59,51,20,18,15,11700001_F_StudentsRunningShoes.gltf,11700001_c_studentsrunningshoes_d.png,11700001_c_studentsrunningshoes_c.png,0,
11701447,스트리트 스타일 스니커즈 (남),11701447,180,165,248,108,96,176,11701447_M_StreetSneakers01.gltf,11701447_c_streetsneakers01_d.png,11701447_c_streetsneakers01_c.png,0,
11701448,스트리트 스타일 스니커즈 (여),11701448,180,165,248,108,96,176,11701448_F_StreetSneakers01.gltf,11701447_c_streetsneakers01_d.png,11701447_c_streetsneakers01_c.png,0,
11701449,포인트 플랫폼 스니커즈 (남),11701449,214,147,100,186,113,50,11701449_M_PointColorSneakers.gltf,11701449_c_pointcolorsneakers_d.png,11701449_c_pointcolorsneakers_c.png,0,
11701450,포인트 플랫폼 스니커즈 (여),11701450,214,147,100,186,113,50,11701450_F_PointColorSneakers.gltf,11701449_c_pointcolorsneakers_d.png,11701449_c_pointcolorsneakers_c.png,0,
11701451,살랑 나비 구두 (남),11701451,244,189,88,163,121,39,11701451_M_SHGentlyButterfly.gltf,11701451_m_shgentlybutterfly_d.png,11701451_m_shgentlybutterfly_c.png,0,
11701452,살랑 나비 구두 (여),11701452,244,189,88,163,121,39,11701452_F_SHGentlyButterfly.gltf,11701452_f_shgentlybutterfly_d.png,11701452_f_shgentlybutterfly_c.png,0,
11701453,팬시 고딕 슈즈 (남),11701453,63,59,51,20,18,15,11701453_M_SHGothic02.gltf,11701453_m_shgothic02_d.png,11701453_m_shgothic02_c.png,0,
11701454,팬시 고딕 슈즈 (여),11701454,170,47,47,96,19,19,11701454_F_SHGothic02.gltf,11701454_f_shgothic02_d.png,11701454_f_shgothic02_c.png,0,
11701461,다크캣 펑키 교복 부츠 (남),11701461,63,59,51,20,18,15,11701461_M_SHSchoolLook02.gltf,11701461_m_shschoollook02_d.png,11701461_c_shschoollook02_c.png,0,
11701462,다크캣 펑키 교복 부츠 (여),11701462,63,59,51,20,18,15,11701462_F_SHSchoolLook02.gltf,11701462_f_shschoollook02_d.png,11701461_c_shschoollook02_c.png,0,
11701465,겨울동화 눈꽃 슈즈 (남),11701465,76,105,181,23,40,79,11701465_M_SHFrozen03.gltf,11701465_c_shfrozen03_d.png,11701465_c_shfrozen03_c.png,0,
11701466,겨울동화 눈꽃 슈즈 (여),11701466,76,105,181,23,40,79,11701466_F_SHFrozen03.gltf,11701465_c_shfrozen03_d.png,11701465_c_shfrozen03_c.png,0,
11701473,레터 앵클 워커 (남),11701473,230,230,230,150,150,150,11701473_M_LeatherAnkleWalker.gltf,11701473_c_leatheranklewalker_d.png,11701473_c_leatheranklewalker_c.png,0,
11701474,레터 앵클 워커 (여),11701474,230,230,230,150,150,150,11701474_F_LeatherAnkleWalker.gltf,11701473_c_leatheranklewalker_d.png,11701473_c_leatheranklewalker_c.png,0,
11701475,(PC방) 엘리트 어드벤쳐 배틀 그리브 (나이트),11709996,63,59,51,20,18,15,11700003_F_SHSilverOrihalcon.gltf,11700003_f_shsilverorihalcon_d.png,11700003_f_shsilverorihalcon_d.png,0,
11701476,(PC방) 엘리트 어드벤쳐 배틀 그리브 (버서커),11709996,63,59,51,20,18,15,11700003_F_SHSilverOrihalcon.gltf,11700003_f_shsilverorihalcon_d.png,11700003_f_shsilverorihalcon_d.png,0,
11701477,(PC방) 엘리트 어드벤쳐 매직 슈즈 (위자드),11700078,63,59,51,20,18,15,11700002_F_SHRibbonDeco.gltf,11700002_f_shribbondeco_d.png,11700002_f_shribbondeco_c.png,0,
11701478,(PC방) 엘리트 어드벤쳐 매직 슈즈 (프리스트),11700078,63,59,51,20,18,15,11700002_F_SHRibbonDeco.gltf,11700002_f_shribbondeco_d.png,11700002_f_shribbondeco_c.png,0,
11701479,(PC방) 엘리트 어드벤쳐 스카우트 부츠 (레인저),11700104,63,59,51,20,18,15,11700104_F_SHMilitiaBoots.gltf,11700104_c_shmilitiaboots_d.png,11700104_c_shmilitiaboots_d.png,0,
11701480,(PC방) 엘리트 어드벤쳐 스카우트 부츠 (헤비거너),11700104,63,59,51,20,18,15,11700104_F_SHMilitiaBoots.gltf,11700104_c_shmilitiaboots_d.png,11700104_c_shmilitiaboots_d.png,0,
11701481,(PC방) 엘리트 어드벤쳐 스니킹 슈즈 (시프),11700052,63,59,51,20,18,15,01700018_F_GoldSilkyShoes.gltf,01700017_c_goldsilkyshoes_d.png,01700017_c_goldsilkyshoes_c.png,0,
11701482,(PC방) 엘리트 어드벤쳐 스니킹 슈즈 (어쌔신),11700052,63,59,51,20,18,15,01700018_F_GoldSilkyShoes.gltf,01700017_c_goldsilkyshoes_d.png,01700017_c_goldsilkyshoes_c.png,0,
11701483,(PC방) 엘리트 어드벤쳐 배틀 그리브 (룬블레이더),11709996,63,59,51,20,18,15,11700003_F_SHSilverOrihalcon.gltf,11700003_f_shsilverorihalcon_d.png,11700003_f_shsilverorihalcon_d.png,0,
11701484,(PC방) 엘리트 어드벤쳐 마샬 슈즈 (스트라이커),11700517,63,59,51,20,18,15,11700517_F_SHFighter07.gltf,11700517_c_shfighter07_d.png,11700517_c_shfighter07_c.png,0,
11701485,(PC방) 엘리트 어드벤쳐 마샬 슈즈 (소울바인더),11700517,63,59,51,20,18,15,11700517_F_SHFighter07.gltf,11700517_c_shfighter07_d.png,11700517_c_shfighter07_c.png,0,
11701492,낡은 투기장의 신발,11700721,63,59,51,20,18,15,11700721_F_SHArenaA01.gltf,11700721_c_sharenaa01_d.png,11700721_c_sharenaa01_c.png,0,
11701493,낡은 투기장의 신발,11700721,63,59,51,20,18,15,11700721_F_SHArenaA01.gltf,11700721_c_sharenaa01_d.png,11700721_c_sharenaa01_c.png,0,
11701494,낡은 투기장의 신발,11700721,63,59,51,20,18,15,11700721_F_SHArenaA01.gltf,11700721_c_sharenaa01_d.png,11700721_c_sharenaa01_c.png,0,
11701495,낡은 투기장의 신발,11700721,63,59,51,20,18,15,11700721_F_SHArenaA01.gltf,11700721_c_sharenaa01_d.png,11700721_c_sharenaa01_c.png,0,
11701496,낡은 투기장의 신발,11700721,63,59,51,20,18,15,11700721_F_SHArenaA01.gltf,11700721_c_sharenaa01_d.png,11700721_c_sharenaa01_c.png,0,
11701497,낡은 투기장의 신발,11700721,63,59,51,20,18,15,11700721_F_SHArenaA01.gltf,11700721_c_sharenaa01_d.png,11700721_c_sharenaa01_c.png,0,
11701498,낡은 투기장의 신발,11700721,63,59,51,20,18,15,11700721_F_SHArenaA01.gltf,11700721_c_sharenaa01_d.png,11700721_c_sharenaa01_c.png,0,
11701499,낡은 투기장의 신발,11700721,63,59,51,20,18,15,11700721_F_SHArenaA01.gltf,11700721_c_sharenaa01_d.png,11700721_c_sharenaa01_c.png,0,
11701500,낡은 투기장의 신발,11700721,63,59,51,20,18,15,11700721_F_SHArenaA01.gltf,11700721_c_sharenaa01_d.png,11700721_c_sharenaa01_c.png,0,
11701501,낡은 투기장의 신발,11700721,63,59,51,20,18,15,11700721_F_SHArenaA01.gltf,11700721_c_sharenaa01_d.png,11700721_c_sharenaa01_c.png,0,
11701502,낡은 투기장의 신발,11700721,63,59,51,20,18,15,11700721_F_SHArenaA01.gltf,11700721_c_sharenaa01_d.png,11700721_c_sharenaa01_c.png,0,
11701503,블랙 엠퍼러 신발 (나이트),11701254,63,59,51,20,18,15,11701254_F_SHBlackEmperorArmor.gltf,11701254_c_shblackemperorarmor_d.png,11701254_c_shblackemperorarmor_c.png,0,
11701504,블랙 엠퍼러 신발 (버서커),11701254,63,59,51,20,18,15,11701254_F_SHBlackEmperorArmor.gltf,11701254_c_shblackemperorarmor_d.png,11701254_c_shblackemperorarmor_c.png,0,
11701505,블랙 엠퍼러 신발 (위자드),11701254,63,59,51,20,18,15,11701254_F_SHBlackEmperorArmor.gltf,11701254_c_shblackemperorarmor_d.png,11701254_c_shblackemperorarmor_c.png,0,
11701506,블랙 엠퍼러 신발 (프리스트),11701254,63,59,51,20,18,15,11701254_F_SHBlackEmperorArmor.gltf,11701254_c_shblackemperorarmor_d.png,11701254_c_shblackemperorarmor_c.png,0,
11701507,블랙 엠퍼러 신발 (레인저),11701254,63,59,51,20,18,15,11701254_F_SHBlackEmperorArmor.gltf,11701254_c_shblackemperorarmor_d.png,11701254_c_shblackemperorarmor_c.png,0,
11701508,블랙 엠퍼러 신발 (헤비거너),11701254,63,59,51,20,18,15,11701254_F_SHBlackEmperorArmor.gltf,11701254_c_shblackemperorarmor_d.png,11701254_c_shblackemperorarmor_c.png,0,
11701509,블랙 엠퍼러 신발 (시프),11701254,63,59,51,20,18,15,11701254_F_SHBlackEmperorArmor.gltf,11701254_c_shblackemperorarmor_d.png,11701254_c_shblackemperorarmor_c.png,0,
11701510,블랙 엠퍼러 신발 (어쌔신),11701254,63,59,51,20,18,15,11701254_F_SHBlackEmperorArmor.gltf,11701254_c_shblackemperorarmor_d.png,11701254_c_shblackemperorarmor_c.png,0,
11701511,블랙 엠퍼러 신발 (룬블레이더),11701254,63,59,51,20,18,15,11701254_F_SHBlackEmperorArmor.gltf,11701254_c_shblackemperorarmor_d.png,11701254_c_shblackemperorarmor_c.png,0,
11701512,블랙 엠퍼러 신발 (스트라이커),11701254,63,59,51,20,18,15,11701254_F_SHBlackEmperorArmor.gltf,11701254_c_shblackemperorarmor_d.png,11701254_c_shblackemperorarmor_c.png,0,
11701513,블랙 엠퍼러 신발 (소울바인더),11701254,63,59,51,20,18,15,11701254_F_SHBlackEmperorArmor.gltf,11701254_c_shblackemperorarmor_d.png,11701254_c_shblackemperorarmor_c.png,0,
11701514,크리스탈 샤인드 신발 (나이트),11701255,63,59,51,20,18,15,11701255_F_SHCrystalShine.gltf,11701255_c_shcrystalshine_d.png,11701255_c_shcrystalshine_c.png,0,
11701515,크리스탈 샤인드 신발 (버서커),11701255,63,59,51,20,18,15,11701255_F_SHCrystalShine.gltf,11701255_c_shcrystalshine_d.png,11701255_c_shcrystalshine_c.png,0,
11701516,크리스탈 샤인드 신발 (위자드),11701255,63,59,51,20,18,15,11701255_F_SHCrystalShine.gltf,11701255_c_shcrystalshine_d.png,11701255_c_shcrystalshine_c.png,0,
11701517,크리스탈 샤인드 신발 (프리스트),11701255,63,59,51,20,18,15,11701255_F_SHCrystalShine.gltf,11701255_c_shcrystalshine_d.png,11701255_c_shcrystalshine_c.png,0,
11701518,크리스탈 샤인드 신발 (레인저),11701255,63,59,51,20,18,15,11701255_F_SHCrystalShine.gltf,11701255_c_shcrystalshine_d.png,11701255_c_shcrystalshine_c.png,0,
11701519,크리스탈 샤인드 신발 (헤비거너),11701255,63,59,51,20,18,15,11701255_F_SHCrystalShine.gltf,11701255_c_shcrystalshine_d.png,11701255_c_shcrystalshine_c.png,0,
11701520,크리스탈 샤인드 신발 (시프),11701255,63,59,51,20,18,15,11701255_F_SHCrystalShine.gltf,11701255_c_shcrystalshine_d.png,11701255_c_shcrystalshine_c.png,0,
11701521,크리스탈 샤인드 신발 (어쌔신),11701255,63,59,51,20,18,15,11701255_F_SHCrystalShine.gltf,11701255_c_shcrystalshine_d.png,11701255_c_shcrystalshine_c.png,0,
11701522,크리스탈 샤인드 신발 (룬블레이더),11701255,63,59,51,20,18,15,11701255_F_SHCrystalShine.gltf,11701255_c_shcrystalshine_d.png,11701255_c_shcrystalshine_c.png,0,
11701523,크리스탈 샤인드 신발 (스트라이커),11701255,63,59,51,20,18,15,11701255_F_SHCrystalShine.gltf,11701255_c_shcrystalshine_d.png,11701255_c_shcrystalshine_c.png,0,
11701524,크리스탈 샤인드 신발 (소울바인더),11701255,63,59,51,20,18,15,11701255_F_SHCrystalShine.gltf,11701255_c_shcrystalshine_d.png,11701255_c_shcrystalshine_c.png,0,
11701525,성실한 모험가의 운동화 (30일),11700001,63,59,51,20,18,15,11700001_F_StudentsRunningShoes.gltf,11700001_c_studentsrunningshoes_d.png,11700001_c_studentsrunningshoes_c.png,0,
11709001,무딘 가죽 워 부츠,11709001,63,59,51,20,18,15,11700011_F_HeavyGreave.gltf,11700011_c_heavygreave_d.png,11700011_c_heavygreave_c.png,0,
11709002,무딘 좀도둑 운동화,11709002,63,59,51,20,18,15,11700040_F_StrongLeather.gltf,11700040_m_strongleather_d.png,11700041_m_blackeyegoldline_c.png,0,
11709003,무딘 초보 마법사 구두,11709003,63,59,51,20,18,15,11700018_F_LooseBasicBoots.gltf,11700018_c_loosebasicboots_d.png,11700018_c_loosebasicboots_c.png,0,
11709004,무딘 숲지기 워커,11709004,63,59,51,20,18,15,11700029_F_WornOutGuarderShoes.gltf,11700029_c_wornoutguardershoes_d.png,11700029_c_wornoutguardershoes_c.png,0,
11709996,오리할콘 부츠,11709996,63,59,51,20,18,15,11700003_F_SHSilverOrihalcon.gltf,11700003_f_shsilverorihalcon_d.png,11700003_f_shsilverorihalcon_d.png,0,
11709997,블러드 레퀴엠 부츠,11709997,63,59,51,20,18,15,11700004_F_SHBloodRequiem.gltf,11700004_f_shbloodrequiem_d.png,11700004_f_shbloodrequiem_c.png,0,
11709998,피닉스 부츠,11709998,63,59,51,20,18,15,11700006_F_SHPhoenixFeather.gltf,11700006_c_shphoenixfeather_d.png,11700006_c_shphoenixfeather_c.png,0,
11710000,사선 쁘띠 구두,11710000,170,47,47,96,19,19,11710000_F_SHMIMAN01.gltf,11710000_f_shmiman01_d.png,11710000_f_shmiman01_c.png,0,
11710001,금곤 슈즈,11710001,62,73,117,27,26,48,11710001_M_SHMIMAN01.gltf,11710001_m_shmiman01_d.png,11710001_m_shmiman01_c.png,0,
11710002,골든 리본 부츠 (남),11710002,62,73,117,27,26,48,11710002_M_SHValentine02.gltf,11710002_c_shvalentine02_d.png,11710002_c_shvalentine02_c.png,0,
11710003,골든 리본 부츠 (여),11710003,170,47,47,96,19,19,11710003_F_SHValentine02.gltf,11710002_c_shvalentine02_d.png,11710002_c_shvalentine02_c.png,0,
11710004,청개굴 도트 레인부츠 (남),11710004,194,209,96,64,104,54,11710004_M_SHFrog.gltf,11710005_c_shfrog_d.png,11710005_c_shfrog_c.png,0,
11710005,청개굴 도트 레인부츠 (여),11710005,194,209,96,64,104,54,11710005_F_SHFrog.gltf,11710005_c_shfrog_d.png,11710005_c_shfrog_c.png,0,
11710006,마시멜로 퀼팅 부츠 (남),11710006,133,81,165,53,42,71,11710006_M_SHLollipop.gltf,11710006_c_shlollipop_d.png,11710006_c_shlollipop_c.png,0,
11710007,마시멜로 퀼팅 부츠 (여),11710007,133,81,165,53,42,71,11710007_F_SHLollipop.gltf,11710006_c_shlollipop_d.png,11710006_c_shlollipop_c.png,0,
11710008,통통 바니 스니커즈 (여),11710008,239,112,145,153,66,82,11700835_F_SHAmusementPark.gltf,11700835_c_shamusementpark_d.png,11700835_c_shamusementpark_c.png,0,
11710009,은하수 별빛 부츠 (남),11710009,62,73,117,27,26,48,11710009_M_SHGalaxyFox.gltf,11710009_c_shgalaxyfox_d.png,11710009_c_shgalaxyfox_c.png,0,
11710010,은하수 별빛 부츠 (여),11710010,62,73,117,27,26,48,11710010_F_SHGalaxyFox.gltf,11710009_c_shgalaxyfox_d.png,11710009_c_shgalaxyfox_c.png,0,
11710011,디그니티 아머 슈즈 (남),11710011,170,47,47,96,19,19,11710011_M_SHOrientalDignity.gltf,11710011_m_shorientaldignity_d.png,11710011_m_shorientaldignity_c.png,0,
11710012,디그니티 아머 슈즈 (여),11710012,170,47,47,96,19,19,11710012_F_SHOrientalDignity.gltf,11710012_f_shorientaldignity_d.png,11710012_f_shorientaldignity_c.png,0,
11710013,펑키 네온 캣 스니커즈 (남),11710013,133,81,165,53,42,71,11710013_M_SHFunkyNeonCat.gltf,11710013_c_shfunkyneoncat_d.png,11710013_c_shfunkyneoncat_c.png,0,
11710014,펑키 네온 캣 스니커즈 (여),11710014,133,81,165,53,42,71,11710014_F_SHFunkyNeonCat.gltf,11710013_c_shfunkyneoncat_d.png,11710013_c_shfunkyneoncat_c.png,0,
11710015,쿨링쿨링 마린 슈즈 (남),11710015,76,105,181,23,40,79,11710015_M_SHMarine02.gltf,11710015_m_shmarine02_d.png,11710015_m_shmarine02_c.png,0,
11710016,쿨링쿨링 마린 슈즈 (여),11710016,76,105,181,23,40,79,11710016_F_SHMarine02.gltf,11710016_f_shmarine02_d.png,11710016_f_shmarine02_c.png,0,
11710017,펑키 카우보이 부츠 (남),11710017,158,83,63,68,31,19,11710017_M_SHCowPuncher.gltf,11710017_c_shcowpuncher_d.png,11710017_c_shcowpuncher_c.png,0,
11710018,펑키 카우보이 부츠 (여),11710018,158,83,63,68,31,19,11710018_F_SHCowPuncher.gltf,11710017_c_shcowpuncher_d.png,11710017_c_shcowpuncher_c.png,0,
11710019,오드리 튜튜 금장 슈즈 (남),11710019,76,105,181,23,40,79,11710019_M_SHBallet01.gltf,11710019_m_shballet01_d.png,11710019_m_shballet01_c.png,0,
11710020,오드리 튜튜 스트랩 슈즈 (여),11710020,76,105,181,23,40,79,11710020_F_SHBallet01.gltf,11710020_f_shballet01_d.png,11710020_f_shballet01_c.png,0,
11710021,일루셔니스트 다이아 부츠 (남),11710021,170,47,47,96,19,19,11710021_M_SHFairyMagician.gltf,11710021_c_shfairymagician_d.png,11710021_c_shfairymagician_c.png,0,
11710022,일루셔니스트 다이아 부츠 (여),11710022,170,47,47,96,19,19,11710022_F_GLFairyMagician.gltf,11710021_c_shfairymagician_d.png,11710021_c_shfairymagician_c.png,0,
11710023,알파인 스키 부츠 (남),11710023,76,105,181,23,40,79,11710023_M_SHSkiWear.gltf,11710023_c_shskiwear_d.png,11710023_c_shskiwear_c.png,0,
11710024,알파인 스키 부츠 (여),11710024,76,105,181,23,40,79,11710024_F_SHSkiWear.gltf,11710023_c_shskiwear_d.png,11710023_c_shskiwear_c.png,0,
11710025,마법학교 수련생 구두 (남),11710025,76,105,181,23,40,79,11710025_M_SHMagicalSchool.gltf,11710025_m_shmagicalschool_d.png,11710025_m_shmagicalschool_c.png,0,
11710026,마법학교 수련생 구두 (여),11710026,76,105,181,23,40,79,11710026_F_SHMagicalSchool.gltf,11710026_f_shmagicalschool_d.png,11710026_f_shmagicalschool_c.png,0,
11710027,웨딩데이 투톤 테슬 로퍼 (남),11710027,63,59,51,20,18,15,11710027_M_SHWedding02.gltf,11710027_m_shwedding02_d.png,11710027_m_shwedding02_c.png,0,
11710028,웨딩데이 유리알 구두 (여),11710028,230,230,230,150,150,150,11710028_F_SHWedding02.gltf,11710028_f_shwedding02_d.png,11710028_f_shwedding02_c.png,0,
11710029,바니 플라워 토끼 부츠 (남),11710029,239,112,145,153,66,82,11710029_M_SHFlowerRabbit.gltf,11710029_m_shflowerrabbit_d.png,11710029_m_shflowerrabbit_c.png,0,
11710030,바니 플라워 스트랩 구두 (여),11710030,239,112,145,153,66,82,11710030_F_SHFlowerRabbit.gltf,11710030_f_shflowerrabbit_d.png,11710030_f_shflowerrabbit_c.png,0,
11710031,웨딩데이 투톤 테슬 로퍼 (남),11710027,63,59,51,20,18,15,11710027_M_SHWedding02.gltf,11710027_m_shwedding02_d.png,11710027_m_shwedding02_c.png,0,
11710032,웨딩데이 유리알 구두 (여),11710028,230,230,230,150,150,150,11710028_F_SHWedding02.gltf,11710028_f_shwedding02_d.png,11710028_f_shwedding02_c.png,0,
11710033,큐티 레이스 구두 (남),11710033,126,204,247,72,94,168,11710033_M_SHChildren01.gltf,11710033_c_shchildren01_d.png,11710033_c_shchildren01_c.png,0,
11710034,큐티 레이스 구두 (여),11710034,126,204,247,72,94,168,11710034_F_SHChildren01.gltf,11710033_c_shchildren01_d.png,11710033_c_shchildren01_c.png,0,
11710035,우주비행사 신발 (남),11710035,230,230,230,150,150,150,11710035_M_SHSpaceSuit01.gltf,11710035_c_shspacesuit01_d.png,11710035_c_shspacesuit01_c.png,0,
11710036,우주비행사 신발 (여),11710036,230,230,230,150,150,150,11710036_F_SHSpaceSuit01.gltf,11710035_c_shspacesuit01_d.png,11710035_c_shspacesuit01_c.png,0,
11710037,트로피컬 버클 샌들 (남),11710037,63,59,51,20,18,15,11710037_M_SHResortWear.gltf,11710037_m_shresortwear_d.png,11710037_m_shresortwear_c.png,0,
11710038,트로피컬 플라워 샌들 (여),11710038,230,230,230,150,150,150,11710038_F_SHResortWear.gltf,11710038_f_shresortwear_d.png,11710038_f_shresortwear_c.png,0,
11710039,해피 슬라임 운동화,11700510,126,204,247,72,94,168,11700510_F_SHSlimeWalker.gltf,11700510_c_shslimewalker_d.png,11700510_c_shslimewalker_c.png,0,
11710040,정열의 마리아치 구두 (남),11710040,63,59,51,20,18,15,11710040_M_SHTraditionalNative02.gltf,11710040_m_shtraditionalnative02_d.png,11710040_m_shtraditionalnative02_c.png,0,
11710041,정열의 장미 스트랩 슈즈 (여),11710041,170,47,47,96,19,19,11710041_F_SHTraditionalNative02.gltf,11710041_f_shtraditionalnative02_d.png,11710041_f_shtraditionalnative02_c.png,0,
11710042,마법학교 수련생 구두 (남),11710025,76,105,181,23,40,79,11710025_M_SHMagicalSchool.gltf,11710025_m_shmagicalschool_d.png,11710025_m_shmagicalschool_c.png,0,
11710043,마법학교 수련생 구두 (여),11710026,76,105,181,23,40,79,11710026_F_SHMagicalSchool.gltf,11710026_f_shmagicalschool_d.png,11710026_f_shmagicalschool_c.png,0,
11710044,메이플 쿼터백 축구화 (남),11710044,170,47,47,96,19,19,11710044_M_SHAmericanFootball01.gltf,11710044_c_shamericanfootball01_d.png,11710044_c_shamericanfootball01_c.png,0,
11710045,메이플 쿼터백 축구화 (여),11710045,170,47,47,96,19,19,11710045_F_SHAmericanFootball01.gltf,11710044_c_shamericanfootball01_d.png,11710044_c_shamericanfootball01_c.png,0,
11710048,트라이아 궁중 셰프 신발 (남),11710048,119,147,68,32,51,30,11710048_M_SHCook02.gltf,11710048_m_shcook02_d.png,11710048_m_shcook02_c.png,0,
11710049,트라이아 궁중 셰프 신발 (여),11710049,119,147,68,32,51,30,11710049_F_SHCook02.gltf,11710049_f_shcook02_d.png,11710049_f_shcook02_c.png,0,
11710050,테크웨어 스카우트 신발 (남),11710050,170,47,47,96,19,19,11710050_M_SHTechWear.gltf,11710050_c_shtechwear_d.png,11710050_c_shtechwear_c.png,0,
11710051,테크웨어 스카우트 신발 (여),11710051,170,47,47,96,19,19,11710051_F_SHTechWear.gltf,11710050_c_shtechwear_d.png,11710050_c_shtechwear_c.png,0,
11710052,로열 다크니스 부츠 (남),11710052,63,59,51,20,18,15,11710052_M_SHDarkFantasy.gltf,11710052_m_shdarkfantasy_d.png,11710052_m_shdarkfantasy_c.png,0,
11710053,로열 다크니스 부츠 (여),11710053,63,59,51,20,18,15,11710053_F_SHDarkFantasy.gltf,11710053_f_shdarkfantasy_d.png,11710053_f_shdarkfantasy_c.png,0,
11710056,스페셜 웨딩 테일 로퍼 (남),11710027,63,59,51,20,18,15,11710027_M_SHWedding02.gltf,11710027_m_shwedding02_d.png,11710027_m_shwedding02_c.png,0,
11710057,스페셜 웨딩 크리스탈 슈즈 (여),11710028,230,230,230,150,150,150,11710028_F_SHWedding02.gltf,11710028_f_shwedding02_d.png,11710028_f_shwedding02_c.png,0,
11720001,팬시 고딕 슈즈 (남),11701453,63,59,51,20,18,15,11701453_M_SHGothic02.gltf,11701453_m_shgothic02_d.png,11701453_m_shgothic02_c.png,0,
11720002,팬시 고딕 슈즈 (여),11701454,170,47,47,96,19,19,11701454_F_SHGothic02.gltf,11701454_f_shgothic02_d.png,11701454_f_shgothic02_c.png,0,
11720003,다크캣 펑키 교복 부츠 (남),11701461,63,59,51,20,18,15,11701461_M_SHSchoolLook02.gltf,11701461_m_shschoollook02_d.png,11701461_c_shschoollook02_c.png,0,
11720004,다크캣 펑키 교복 부츠 (여),11701462,63,59,51,20,18,15,11701462_F_SHSchoolLook02.gltf,11701462_f_shschoollook02_d.png,11701461_c_shschoollook02_c.png,0,
11720005,테크웨어 스카우트 신발 (남),11710050,170,47,47,96,19,19,11710050_M_SHTechWear.gltf,11710050_c_shtechwear_d.png,11710050_c_shtechwear_c.png,0,
11720006,테크웨어 스카우트 신발 (여),11710051,170,47,47,96,19,19,11710051_F_SHTechWear.gltf,11710050_c_shtechwear_d.png,11710050_c_shtechwear_c.png,0,
11720007,유니콘 챔피언 부츠 (남),11710046,255,168,203,205,86,106,11710046_M_SHUnicorn01.gltf,11710046_c_shunicorn01_d.png,11710046_c_shunicorn01_c.png,0,
11720008,유니콘 챔피언 부츠 (여),11710047,255,168,203,205,86,106,11710047_F_SHUnicorn01.gltf,11710046_c_shunicorn01_d.png,11710046_c_shunicorn01_c.png,0,
11720009,스노우 테일 부츠 (남),11701225,76,105,181,23,40,79,11701225_M_SHFrozen02.gltf,11701225_m_shfrozen02_d.png,11701225_m_shfrozen02_c.png,0,
11720010,스노우 테일 슈즈 (여),11701226,76,105,181,23,40,79,11701226_F_SHFrozen02.gltf,11701226_f_shfrozen02_d.png,11701226_f_shfrozen02_c.png,0,
11720013,메리메리 산타 슈즈 (남),11700667,170,47,47,96,19,19,11700667_M_SHChristmas01.gltf,11700667_m_shchristmas01_d.png,11700667_m_shchristmas01_c.png,0,
11720014,메리메리 산타 슈즈 (여),11700668,170,47,47,96,19,19,11700668_F_SHChristmas01.gltf,11700668_f_shchristmas01_d.png,11700668_f_shchristmas01_c.png,0,
11720017,프로즌 부츠 (남),11700449,63,59,51,20,18,15,11700449_M_SHFrozenLongBoots.gltf,11700449_m_shfrozenlongboots_d.png,11700449_m_shfrozenlongboots_d.png,0,
11720018,프로즌 크리스탈 샌들 (여),11700450,63,59,51,20,18,15,11700450_F_SHFrozenCrystalSandal.gltf,11700450_f_shfrozencrystalsandal_d.png,11700450_f_shfrozencrystalsandal_d.png,0,
11720019,모던 한복 금장 화혜 (남),11720019,170,47,47,96,19,19,11720019_M_SHHanbok04.gltf,11720019_m_shhanbok04_d.png,11720019_m_shhanbok04_c.png,0,
11720020,모던 한복 금장 운혜 (여),11720020,63,59,51,20,18,15,11720020_F_SHHanbok04.gltf,11720020_f_shhanbok04_d.png,11720020_f_shhanbok04_c.png,0,
11720021,은하수 별빛 부츠 (남),11710009,62,73,117,27,26,48,11710009_M_SHGalaxyFox.gltf,11710009_c_shgalaxyfox_d.png,11710009_c_shgalaxyfox_c.png,0,
11720022,은하수 별빛 부츠 (여),11710010,62,73,117,27,26,48,11710010_F_SHGalaxyFox.gltf,11710009_c_shgalaxyfox_d.png,11710009_c_shgalaxyfox_c.png,0,
11720023,발렌타인 리본 워커 (남),11720023,63,59,51,20,18,15,11701490_M_SHValentine04.gltf,11701490_c_shvalentine04_d.png,11701490_c_shvalentine04_c.png,0,
11720024,발렌타인 리본 워커 (여),11720024,63,59,51,20,18,15,11701491_F_SHValentine04.gltf,11701490_c_shvalentine04_d.png,11701490_c_shvalentine04_c.png,0,
11720025,스칼렛 하트 리본 슈즈 (남),11700725,170,47,47,96,19,19,11700725_M_SHValentine01.gltf,11700725_m_shvalentine01_d.png,11700725_m_shvalentine01_c.png,0,
11720026,스칼렛 하트 리본 슈즈 (여),11700726,170,47,47,96,19,19,11700726_F_SHValentine01.gltf,11700726_f_shvalentine01_d.png,11700726_f_shvalentine01_c.png,0,
11720027,코튼 캔디 유니콘 슬리퍼 (남),11720027,230,230,230,150,150,150,11720027_M_SHPajamas02.gltf,11720027_m_shpajamas02_d.png,11720027_m_shpajamas02_c.png,0,
11720028,코튼 캔디 유니콘 슬리퍼 (여),11720028,230,230,230,150,150,150,11720028_F_SHPajamas02.gltf,11720028_f_shpajamas02_d.png,11720028_f_shpajamas02_c.png,0,
11720029,키튼 메이드 워커 (남),11701066,76,105,181,23,40,79,11701066_M_SHMaid01.gltf,11701066_m_shmaid01_d.png,11701066_m_shmaid01_c.png,0,
11720030,키튼 메이드 스트랩 구두 (여),11701067,63,59,51,20,18,15,11701067_F_SHMaid01.gltf,11701067_f_shmaid01_d.png,11701067_f_shmaid01_c.png,0,
11720031,해피 멜로디 슈즈 (남),11720031,239,112,145,153,66,82,11720031_M_SHIdol02.gltf,11720031_c_shidol02_d.png,11720031_c_shidol02_c.png,0,
11720032,해피 멜로디 슈즈 (여),11720032,239,112,145,153,66,82,11720032_F_SHIdol02.gltf,11720031_c_shidol02_d.png,11720031_c_shidol02_c.png,0,
11720033,큐트 블러썸 부츠 (남),11701092,126,204,247,72,94,168,11701092_M_SHGreenDay01.gltf,11701092_m_shgreenday01_d.png,11701092_m_shgreenday01_c.png,0,
11720034,큐트 블러썸 슈즈 (여),11701093,126,204,247,72,94,168,11701093_F_SHGreenDay01.gltf,11701093_f_shgreenday01_d.png,11701093_f_shgreenday01_c.png,0,
11720035,살랑 나비 구두 (남),11701451,244,189,88,163,121,39,11701451_M_SHGentlyButterfly.gltf,11701451_m_shgentlybutterfly_d.png,11701451_m_shgentlybutterfly_c.png,0,
11720036,살랑 나비 구두 (여),11701452,244,189,88,163,121,39,11701452_F_SHGentlyButterfly.gltf,11701452_f_shgentlybutterfly_d.png,11701452_f_shgentlybutterfly_c.png,0,
11720037,바니 플라워 토끼 부츠 (남),11710029,239,112,145,153,66,82,11710029_M_SHFlowerRabbit.gltf,11710029_m_shflowerrabbit_d.png,11710029_m_shflowerrabbit_c.png,0,
11720038,바니 플라워 스트랩 구두 (여),11710030,239,112,145,153,66,82,11710030_F_SHFlowerRabbit.gltf,11710030_f_shflowerrabbit_d.png,11710030_f_shflowerrabbit_c.png,0,
11720039,레드 후드 신발 (남),11720039,122,92,77,53,39,29,11720039_M_SHFairyTale01.gltf,11720039_m_shfairytale01_d.png,11720039_m_shfairytale01_c.png,0,
11720040,레드 후드 신발 (여),11720040,170,47,47,96,19,19,11720040_F_SHFairyTale01.gltf,11720040_f_shfairytale01_d.png,11720040_f_shfairytale01_c.png,0,
11720041,포멀 웨딩 옥스퍼드 (남),11700277,230,230,230,150,150,150,11700277_M_WingTipWalker.gltf,11700277_c_wingtipwalker_d.png,11700277_c_wingtipwalker_c.png,0,
11720042,쁘띠 리본 웨딩 펌프스 (여),11700467,126,204,247,72,94,168,11700467_F_SHPetitRibbonWeddingShoes.gltf,11700467_f_shpetitribbonweddingshoe_d.png,11700467_f_shpetitribbonweddingshoe_c.png,0,
11720043,하트 레더 부츠 (남),11720043,63,59,51,20,18,15,11720043_M_SHIdol04.gltf,11720043_m_shidol04_d.png,11720043_m_shidol04_c.png,0,
11720044,하트 레더 슈즈 (여),11720044,63,59,51,20,18,15,11720044_F_SHIdol04.gltf,11720044_f_shidol04_d.png,11720044_f_shidol04_c.png,0,
11720045,샤인 스타 워커 (남),11700838,126,204,247,72,94,168,11700838_M_SHIdolBand.gltf,11700838_m_shidolband_d.png,11700838_m_shidolband_c.png,0,
11720046,샤인 스타 스트랩 슈즈 (여),11700839,126,204,247,72,94,168,11700839_F_SHIdolBand.gltf,11700839_f_shidolband_d.png,11700839_f_shidolband_c.png,0,
11720047,팡팡 피에로 신발 (남),11720047,133,81,165,53,42,71,11720047_M_SHMagician02.gltf,11720047_m_shmagician02_d.png,11720047_m_shmagician02_c.png,0,
11720048,팡팡 피에로 신발 (여),11720048,133,81,165,53,42,71,11720048_F_SHMagician02.gltf,11720048_f_shmagician02_d.png,11720048_f_shmagician02_c.png,0,
11720049,큐티 레이스 구두 (남),11710033,126,204,247,72,94,168,11710033_M_SHChildren01.gltf,11710033_c_shchildren01_d.png,11710033_c_shchildren01_c.png,0,
11720050,큐티 레이스 구두 (여),11710034,126,204,247,72,94,168,11710034_F_SHChildren01.gltf,11710033_c_shchildren01_d.png,11710033_c_shchildren01_c.png,0,
11720051,달콤한 마카롱 슈즈 (남),11720051,255,168,203,205,86,106,11720051_M_SHFood02.gltf,11720051_c_shfood02_d.png,11720051_c_shfood02_c.png,0,
11720055,갈매기 해적단 신발 (남),11720055,76,105,181,23,40,79,11720055_M_SHMarine03.gltf,11720055_c_shmarine03_d.png,11720055_c_shmarine03_c.png,0,
11720056,갈매기 해적단 신발 (여),11720056,76,105,181,23,40,79,11720056_F_SHMarine03.gltf,11720055_c_shmarine03_d.png,11720055_c_shmarine03_c.png,0,
11720057,펑키 카우보이 부츠 (남),11710017,158,83,63,68,31,19,11710017_M_SHCowPuncher.gltf,11710017_c_shcowpuncher_d.png,11710017_c_shcowpuncher_c.png,0,
11720058,펑키 카우보이 부츠 (여),11710018,158,83,63,68,31,19,11710018_F_SHCowPuncher.gltf,11710017_c_shcowpuncher_d.png,11710017_c_shcowpuncher_c.png,0,
11720059,스트리트 래퍼 신발 (남),11720059,230,230,230,150,150,150,11720059_M_SHIdol03.gltf,11720059_c_shidol03_d.png,11720059_c_shidol03_c.png,0,
11720060,스트리트 래퍼 신발 (여),11720060,230,230,230,150,150,150,11720060_F_SHIdol03.gltf,11720059_c_shidol03_d.png,11720059_c_shidol03_c.png,0,
11720061,우주비행사 신발 (남),11710035,230,230,230,150,150,150,11710035_M_SHSpaceSuit01.gltf,11710035_c_shspacesuit01_d.png,11710035_c_shspacesuit01_c.png,0,
11720062,우주비행사 신발 (여),11710036,230,230,230,150,150,150,11710036_F_SHSpaceSuit01.gltf,11710035_c_shspacesuit01_d.png,11710035_c_shspacesuit01_c.png,0,
11720063,푸른 바다 소년 신발 (남),11720063,63,59,51,20,18,15,11720063_M_SHMarine04.gltf,11720063_m_shmarine04_d.png,11720063_m_shmarine04_c.png,0,
11720064,푸른 바다 소녀 신발 (여),11720064,63,59,51,20,18,15,11720064_F_SHMarine04.gltf,11720064_f_shmarine04_d.png,11720064_f_shmarine04_c.png,0,
11720065,트로피컬 버클 샌들 (남),11710037,63,59,51,20,18,15,11710037_M_SHResortWear.gltf,11710037_m_shresortwear_d.png,11710037_m_shresortwear_c.png,0,
11720066,트로피컬 플라워 샌들 (여),11710038,230,230,230,150,150,150,11710038_F_SHResortWear.gltf,11710038_f_shresortwear_d.png,11710038_f_shresortwear_c.png,0,
11720067,프레쉬 썸머 샌들 (남),11720067,214,147,100,186,113,50,11720067_M_SHSwim06.gltf,11720067_c_shswim06_d.png,11720067_c_shswim06_c.png,0,
11720068,프레쉬 썸머 샌들 (여),11720068,214,147,100,186,113,50,11720068_F_SHSwim06.gltf,11720067_c_shswim06_d.png,11720067_c_shswim06_c.png,0,
11720069,쿨링쿨링 마린 슈즈 (남),11710015,76,105,181,23,40,79,11710015_M_SHMarine02.gltf,11710015_m_shmarine02_d.png,11710015_m_shmarine02_c.png,0,
11720070,쿨링쿨링 마린 슈즈 (여),11710016,76,105,181,23,40,79,11710016_F_SHMarine02.gltf,11710016_f_shmarine02_d.png,11710016_f_shmarine02_c.png,0,
11720073,이프리트 부츠 (남),11700508,63,59,51,20,18,15,11700508_M_SHIfritLongBoots.gltf,11700508_m_shifritlongboots_d.png,11700508_m_shifritlongboots_d.png,0,
11720074,이프리트 크리스탈 샌들 (여),11700509,63,59,51,20,18,15,11700509_F_SHIfritBlackSandal.gltf,11700509_f_shifritblacksandal_d.png,11700509_f_shifritblacksandal_d.png,0,
11720081,중세 레이스업 부츠 (남),11700889,62,73,117,27,26,48,11709005_M_SHRococo01.gltf,11709005_m_shrococo01_d.png,11709005_m_shrococo01_c.png,0,
11720082,중세 리본 구두 (여),11700890,242,224,191,165,127,96,11709006_F_SHRococo01.gltf,11709006_f_shrococo01_d.png,11709006_f_shrococo01_c.png,0,
11720083,스위트 컵케이크 슈즈 (남),11720083,239,112,145,153,66,82,11720083_M_SHFood01.gltf,11720083_c_shfood01_d.png,11720083_c_shfood01_c.png,0,
11720084,스위트 컵케이크 슈즈 (여),11720084,239,112,145,153,66,82,11720084_F_SHFood01.gltf,11720083_c_shfood01_d.png,11720083_c_shfood01_c.png,0,
11720085,트라이아 궁중 셰프 신발 (남),11710048,119,147,68,32,51,30,11710048_M_SHCook02.gltf,11710048_m_shcook02_d.png,11710048_m_shcook02_c.png,0,
11720086,트라이아 궁중 셰프 신발 (여),11710049,119,147,68,32,51,30,11710049_F_SHCook02.gltf,11710049_f_shcook02_d.png,11710049_f_shcook02_c.png,0,
11720089,고딕 포멀 슈즈 (남),11700470,63,59,51,20,18,15,11700470_M_SHGothicFormalShoes.gltf,11700470_m_shgothicformalshoes_d.png,11700470_m_shgothicformalshoes_c.png,0,
11720090,고딕 플랫 슈즈 (여),11700471,63,59,51,20,18,15,11700471_F_SHGothicFlatShoes.gltf,11700471_f_shgothicflatshoes_d.png,11700471_f_shgothicflatshoes_c.png,0,
11720091,펌킨 할로 고스트 슈즈 (남),11720091,249,137,77,147,60,20,11720091_M_SHHalloween06.gltf,11720091_c_shhalloween06_d.png,11720091_c_shhalloween06_c.png,0,
11720092,펌킨 할로 고스트 슈즈 (여),11720091,249,137,77,147,60,20,1720092_F_SHHalloween06.gltf,11720091_c_shhalloween06_d.png,11720091_c_shhalloween06_c.png,0,
11720093,블러디 나이트 부츠 (남),11700624,170,47,47,96,19,19,11700624_M_SHVampire.gltf,11700624_m_shvampire_d.png,11700624_m_shvampire_c.png,0,
11720094,블러디 퀸 펌프스 (여),11700625,170,47,47,96,19,19,11700625_F_SHVampire.gltf,11700625_f_shvampire_d.png,11700625_f_shvampire_c.png,0,
11720095,츄츄 하트 샌들 (남),11700526,63,59,51,20,18,15,11700526_M_SHLaceRibbon.gltf,11700526_c_shlaceribbon_d.png,11700526_c_shlaceribbon_c.png,0,
11720096,츄츄 하트 샌들 (여),11700527,239,112,145,153,66,82,11700527_F_SHLaceRibbo.gltf,11700526_c_shlaceribbon_d.png,11700526_c_shlaceribbon_c.png,0,
11720097,마시멜로 퀼팅 부츠 (남),11710006,133,81,165,53,42,71,11710006_M_SHLollipop.gltf,11710006_c_shlollipop_d.png,11710006_c_shlollipop_c.png,0,
11720098,마시멜로 퀼팅 부츠 (여),11710007,133,81,165,53,42,71,11710007_F_SHLollipop.gltf,11710006_c_shlollipop_d.png,11710006_c_shlollipop_c.png,0,
11720099,오버 윈터 메리제인 버클 슈즈 (남),11701357,158,83,63,68,31,19,11701357_M_SHValentine03.gltf,11701357_m_shvalentine03_d.png,11701357_m_shvalentine03_c.png,0,
11720100,오버 윈터 메리제인 버클 슈즈 (여),11701358,158,83,63,68,31,19,11701358_F_SHValentine03.gltf,11701357_m_shvalentine03_d.png,11701357_m_shvalentine03_c.png,0,
11720101,해피 크리스마스 부츠 (남),11720101,119,147,68,32,51,30,11701455_M_SHChristmas03.gltf,11701455_c_shchristmas03_d.png,11701455_c_shchristmas03_c.png,0,
11720102,해피 크리스마스 부츠 (여),11720102,119,147,68,32,51,30,11701456_F_SHChristmas03.gltf,11701455_c_shchristmas03_d.png,11701455_c_shchristmas03_c.png,0,
11720103,앙큼 생쥐 신발 (남),11701459,132,130,120,68,68,65,11701459_M_SHDoll_Mouse01.gltf,11701459_c_shdoll_mouse01_d.png,11701459_c_shdoll_mouse01_c.png,0,
11720104,앙큼 생쥐 신발 (여),11701460,132,130,120,68,68,65,11701460_F_SHDoll_Mouse01.gltf,11701459_c_shdoll_mouse01_d.png,11701459_c_shdoll_mouse01_c.png,0,
11720105,몽실 퍼 슈즈 (남),11701024,230,230,230,150,150,150,11701024_M_SHStarlightRabbit.gltf,11701024_c_shstarlightrabbit_d.png,11701024_c_shstarlightrabbit_c.png,0,
11720106,몽실 퍼 슈즈 (여),11701025,230,230,230,150,150,150,11701025_F_SHStarlightRabbit.gltf,11701024_c_shstarlightrabbit_d.png,11701024_c_shstarlightrabbit_c.png,0,
11720107,닥터 하트 슈즈 (남),11701463,76,105,181,23,40,79,11701463_M_SHHospital01.gltf,11701463_c_shhospital01_d.png,11701463_c_shhospital01_c.png,0,
11720109,코코 퍼피 슈즈 (남),11700883,126,204,247,72,94,168,11700883_M_SHPuppy01.gltf,11700883_c_shpuppy01_d.png,11700883_c_shpuppy01_c.png,0,
11720110,코코 퍼피 슈즈 (여),11700884,126,204,247,72,94,168,11700884_F_SHPuppy01.gltf,11700883_c_shpuppy01_d.png,11700883_c_shpuppy01_c.png,0,
11720111,트윙클 스타 학생 구두 (남),11700451,255,168,203,205,86,106,11700451_M_SHTwinkleStar.gltf,11700451_m_shtwinklestar_d.png,11700451_m_shtwinklestar_c.png,0,
11720112,트윙클 스타 학생 구두 (여),11700452,255,168,203,205,86,106,11700452_F_SHTwinkleStar.gltf,11700452_f_shtwinklestar_d.png,11700452_f_shtwinklestar_c.png,0,
11720113,챠밍 하이 삭스 스니커즈 (남),11701370,132,130,120,68,68,65,11701370_M_SHSchoolLook01.gltf,11701370_c_shschoollook01_d.png,11701370_c_shschoollook01_c.png,0,
11720114,챠밍 하이 삭스 스니커즈 (여),11701371,132,130,120,68,68,65,11701371_F_SHSchoolLook01.gltf,11701370_c_shschoollook01_d.png,11701370_c_shschoollook01_c.png,0,
11720115,트라이아 궁중 화가 슈즈 (남),11720115,63,59,51,20,18,15,11701467_M_SHArtist01.gltf,11701467_c_shartist01_d.png,11701467_c_shartist01_c.png,0,
11720116,트라이아 궁중 화가 슈즈 (여),11720116,63,59,51,20,18,15,11701468_F_SHArtist01.gltf,11701467_c_shartist01_d.png,11701467_c_shartist01_c.png,0,
11720117,정열의 마리아치 구두 (남),11710040,63,59,51,20,18,15,11710040_M_SHTraditionalNative02.gltf,11710040_m_shtraditionalnative02_d.png,11710040_m_shtraditionalnative02_c.png,0,
11720118,정열의 장미 스트랩 슈즈 (여),11710041,170,47,47,96,19,19,11710041_F_SHTraditionalNative02.gltf,11710041_f_shtraditionalnative02_d.png,11710041_f_shtraditionalnative02_c.png,0,
11720119,통통 바니 스니커즈 (남),11700835,239,112,145,153,66,82,11700835_M_SHAmusementPark.gltf,11700835_c_shamusementpark_d.png,11700835_c_shamusementpark_c.png,0,
11720120,통통 바니 스니커즈 (여),11710008,239,112,145,153,66,82,11700835_F_SHAmusementPark.gltf,11700835_c_shamusementpark_d.png,11700835_c_shamusementpark_c.png,0,
11720121,통통 핑크빈 신발 (남),11700842,63,59,51,20,18,15,11700842_M_SHPinkbean01.gltf,11700842_c_shpinkbean01_d.png,11700842_c_shpinkbean01_d.png,0,
11720122,통통 핑크빈 신발 (여),11700843,63,59,51,20,18,15,11700843_F_SHPinkbean01.gltf,11700842_c_shpinkbean01_d.png,11700842_c_shpinkbean01_d.png,0,
11720123,청개굴 도트 레인부츠 (남),11710004,194,209,96,64,104,54,11710004_M_SHFrog.gltf,11710005_c_shfrog_d.png,11710005_c_shfrog_c.png,0,
11720124,청개굴 도트 레인부츠 (여),11710005,194,209,96,64,104,54,11710005_F_SHFrog.gltf,11710005_c_shfrog_d.png,11710005_c_shfrog_c.png,0,
11720125,썬플라워 가죽 샌들 (남),11701121,76,105,181,23,40,79,11701121_M_SHPicnic01.gltf,11701121_c_shpicnic01_d.png,11701121_c_shpicnic01_c.png,0,
11720126,썬플라워 가죽 샌들 (여),11701122,76,105,181,23,40,79,11701122_F_SHPicnic01.gltf,11701121_c_shpicnic01_d.png,11701121_c_shpicnic01_c.png,0,
11720127,아쿠아 썸머 불가사리 발찌 (남),11701434,76,105,181,23,40,79,11701434_M_SHSwim05.gltf,11701434_c_shswim05_d.png,11701434_c_shswim05_c.png,0,
11720128,아쿠아 썸머 불가사리 발찌 (여),11701435,76,105,181,23,40,79,11701435_F_SHSwim05.gltf,11701434_c_shswim05_d.png,11701434_c_shswim05_c.png,0,
11720129,해변의 낭만 비치 샌들 (남),11701437,76,105,181,23,40,79,11701437_M_SHSummer01.gltf,11701437_c_shsummer01_d.png,11701437_c_shsummer01_c.png,0,
11720130,해변의 낭만 비치 샌들 (여),11701438,76,105,181,23,40,79,11701438_F_SHSummer01.gltf,11701437_c_shsummer01_d.png,11701437_c_shsummer01_c.png,0,
11720131,아기 공룡 신발 (남),11701372,194,209,96,64,104,54,11701372_M_SHDoll_Dinosaur01.gltf,11701372_c_shdoll_dinosaur01_d.png,11701372_c_shdoll_dinosaur01_c.png,0,
11720132,아기 공룡 신발 (여),11701373,194,209,96,64,104,54,11701373_F_SHDoll_Dinosaur01.gltf,11701372_c_shdoll_dinosaur01_d.png,11701372_c_shdoll_dinosaur01_c.png,0,
11720133,스트리트 훕 농구화 (남),11720133,170,47,47,96,19,19,11701457_M_SHSports03.gltf,11701457_c_shsports03_d.png,11701457_c_shsports03_c.png,0,
11720134,스트리트 훕 농구화 (여),11720134,170,47,47,96,19,19,11701458_F_SHSports03.gltf,11701457_c_shsports03_d.png,11701457_c_shsports03_c.png,0,
11720135,메투날드 유니폼 구두 (남),11701119,170,47,47,96,19,19,11701119_M_SHM2nald.gltf,11701119_m_shm2nald_d.png,11701119_m_shm2nald_c.png,0,
11720136,메투날드 유니폼 구두 (여),11701120,170,47,47,96,19,19,11701120_F_SHM2nald.gltf,11701120_f_shm2nald_d.png,11701120_f_shm2nald_c.png,0,
11720137,견습 파티셰 신발 (남),11701432,170,47,47,96,19,19,11701432_M_SHCook01.gltf,11701432_c_shcook01_d.png,11701432_c_shcook01_c.png,0,
11720138,견습 파티셰 신발 (여),11701433,170,47,47,96,19,19,11701433_F_SHCook01.gltf,11701432_c_shcook01_d.png,11701432_c_shcook01_c.png,0,
11720139,메이플 쿼터백 축구화 (남),11710044,170,47,47,96,19,19,11710044_M_SHAmericanFootball01.gltf,11710044_c_shamericanfootball01_d.png,11710044_c_shamericanfootball01_c.png,0,
11720140,메이플 쿼터백 축구화 (여),11710045,170,47,47,96,19,19,11710045_F_SHAmericanFootball01.gltf,11710044_c_shamericanfootball01_d.png,11710044_c_shamericanfootball01_c.png,0,
11720141,용감한 더키 소방대원 장화 (남),11720141,244,189,88,163,121,39,11710054_M_SHFireFighter01.gltf,11710054_c_shfirefighter01_d.png,11710054_c_shfirefighter01_c.png,0,
11720142,용감한 더키 소방대원 장화 (여),11720141,244,189,88,163,121,39,11710055_F_SHFireFighter01.gltf,11710054_c_shfirefighter01_d.png,11710054_c_shfirefighter01_c.png,0,
11720143,포인트 플랫폼 스니커즈 (남),11701449,214,147,100,186,113,50,11701449_M_PointColorSneakers.gltf,11701449_c_pointcolorsneakers_d.png,11701449_c_pointcolorsneakers_c.png,0,
11720144,포인트 플랫폼 스니커즈 (여),11701450,214,147,100,186,113,50,11701450_F_PointColorSneakers.gltf,11701449_c_pointcolorsneakers_d.png,11701449_c_pointcolorsneakers_c.png,0,
11720145,우주비행사 신발 (남),11710035,230,230,230,150,150,150,11710035_M_SHSpaceSuit01.gltf,11710035_c_shspacesuit01_d.png,11710035_c_shspacesuit01_c.png,0,
11720146,우주비행사 신발 (여),11710036,230,230,230,150,150,150,11710036_F_SHSpaceSuit01.gltf,11710035_c_shspacesuit01_d.png,11710035_c_shspacesuit01_c.png,0,
11720147,해골 워커 (남),11700046,63,59,51,20,18,15,01700011_M_SkeletonWalker.gltf,01700011_m_skeletonwalker_d.png,01700011_m_skeletonwalker_c.png,0,
11720148,챠밍 하이 삭스 스니커즈 (남),11701370,132,130,120,68,68,65,11701370_M_SHSchoolLook01.gltf,11701370_c_shschoollook01_d.png,11701370_c_shschoollook01_c.png,0,
11720149,챠밍 하이 삭스 스니커즈 (여),11701371,132,130,120,68,68,65,11701371_F_SHSchoolLook01.gltf,11701370_c_shschoollook01_d.png,11701370_c_shschoollook01_c.png,0,
11720150,통통 바니 스니커즈 (남),11700835,239,112,145,153,66,82,11700835_M_SHAmusementPark.gltf,11700835_c_shamusementpark_d.png,11700835_c_shamusementpark_c.png,0,
11720151,통통 바니 스니커즈 (여),11710008,239,112,145,153,66,82,11700835_F_SHAmusementPark.gltf,11700835_c_shamusementpark_d.png,11700835_c_shamusementpark_c.png,0,
11720152,해골 워커 (여),11700047,170,47,47,96,19,19,01700012_F_SkeletonMesh.gltf,01700012_f_skeletonmesh_d.png,01700012_f_skeletonmesh_c.png,0,
11720153,코튼 캔디 유니콘 슬리퍼 (남),11720027,230,230,230,150,150,150,11720027_M_SHPajamas02.gltf,11720027_m_shpajamas02_d.png,11720027_m_shpajamas02_c.png,0,
11720154,코튼 캔디 유니콘 슬리퍼 (여),11720028,230,230,230,150,150,150,11720028_F_SHPajamas02.gltf,11720028_f_shpajamas02_d.png,11720028_f_shpajamas02_c.png,0,
11720155,큐티 레이스 구두 (남),11710033,126,204,247,72,94,168,11710033_M_SHChildren01.gltf,11710033_c_shchildren01_d.png,11710033_c_shchildren01_c.png,0,
11720156,큐티 레이스 구두 (여),11710034,126,204,247,72,94,168,11710034_F_SHChildren01.gltf,11710033_c_shchildren01_d.png,11710033_c_shchildren01_c.png,0,
11720157,곰돌이 슬리퍼 (남),11700069,63,59,51,20,18,15,11700069_M_BearSlipper.gltf,11700069_c_bearslipper_d.png,11700069_c_bearslipper_d.png,0,
11720158,곰돌이 슬리퍼 (여),11700070,63,59,51,20,18,15,11700070_F_BearSlipper.gltf,11700069_c_bearslipper_d.png,11700069_c_bearslipper_d.png,0,
11720159,앙큼 생쥐 신발 (남),11701459,132,130,120,68,68,65,11701459_M_SHDoll_Mouse01.gltf,11701459_c_shdoll_mouse01_d.png,11701459_c_shdoll_mouse01_c.png,0,
11720160,앙큼 생쥐 신발 (여),11701460,132,130,120,68,68,65,11701460_F_SHDoll_Mouse01.gltf,11701459_c_shdoll_mouse01_d.png,11701459_c_shdoll_mouse01_c.png,0,
11720161,츄츄 하트 샌들 (남),11700526,63,59,51,20,18,15,11700526_M_SHLaceRibbon.gltf,11700526_c_shlaceribbon_d.png,11700526_c_shlaceribbon_c.png,0,
11720162,츄츄 하트 샌들 (여),11700527,239,112,145,153,66,82,11700527_F_SHLaceRibbo.gltf,11700526_c_shlaceribbon_d.png,11700526_c_shlaceribbon_c.png,0,
11720163,고딕 포멀 슈즈 (남),11700470,63,59,51,20,18,15,11700470_M_SHGothicFormalShoes.gltf,11700470_m_shgothicformalshoes_d.png,11700470_m_shgothicformalshoes_c.png,0,
11720164,고딕 플랫 슈즈 (여),11700471,63,59,51,20,18,15,11700471_F_SHGothicFlatShoes.gltf,11700471_f_shgothicflatshoes_d.png,11700471_f_shgothicflatshoes_c.png,0,
11720168,폭신 슬리퍼 (여),11700290,230,230,230,150,150,150,11700290_F_SoftSlipper.gltf,11700289_c_softslipper_d.png,11700289_c_softslipper_c.png,0,
11720169,트로피컬 버클 샌들 (남),11710037,63,59,51,20,18,15,11710037_M_SHResortWear.gltf,11710037_m_shresortwear_d.png,11710037_m_shresortwear_c.png,0,
11720170,트로피컬 플라워 샌들 (여),11710038,230,230,230,150,150,150,11710038_F_SHResortWear.gltf,11710038_f_shresortwear_d.png,11710038_f_shresortwear_c.png,0,
11720171,푸른 바다 소년 신발 (남),11720063,63,59,51,20,18,15,11720063_M_SHMarine04.gltf,11720063_m_shmarine04_d.png,11720063_m_shmarine04_c.png,0,
11720172,푸른 바다 소녀 신발 (여),11720064,63,59,51,20,18,15,11720064_F_SHMarine04.gltf,11720064_f_shmarine04_d.png,11720064_f_shmarine04_c.png,0,
11720173,아쿠아 썸머 불가사리 발찌 (남),11701434,76,105,181,23,40,79,11701434_M_SHSwim05.gltf,11701434_c_shswim05_d.png,11701434_c_shswim05_c.png,0,
11720174,아쿠아 썸머 불가사리 발찌 (여),11701435,76,105,181,23,40,79,11701435_F_SHSwim05.gltf,11701434_c_shswim05_d.png,11701434_c_shswim05_c.png,0,
11720175,베이직 하이탑 캔버스화 (남),11701244,76,105,181,23,40,79,11701244_M_SHHighTopConverse.gltf,11701244_c_shhightopconverse_d.png,11701244_c_shhightopconverse_c.png,0,
11720176,베이직 하이탑 캔버스화 (여),11701245,76,105,181,23,40,79,11701245_F_SHMiddleTopConverse.gltf,11701244_c_shhightopconverse_d.png,11701244_c_shhightopconverse_c.png,0,
11720177,청개굴 도트 레인부츠 (남),11710004,194,209,96,64,104,54,11710004_M_SHFrog.gltf,11710005_c_shfrog_d.png,11710005_c_shfrog_c.png,0,
11720178,청개굴 도트 레인부츠 (여),11710005,194,209,96,64,104,54,11710005_F_SHFrog.gltf,11710005_c_shfrog_d.png,11710005_c_shfrog_c.png,0,
11720179,(PC방) 승무원 정장 구두,11700044,62,73,117,27,26,48,01700010_F_CrewShoes.gltf,01700010_f_crewshoes_d.png,01700010_f_crewshoes_c.png,0,
11720180,펌킨 할로 고스트 슈즈 (남),11720091,249,137,77,147,60,20,11720091_M_SHHalloween06.gltf,11720091_c_shhalloween06_d.png,11720091_c_shhalloween06_c.png,0,
11720181,펌킨 할로 고스트 슈즈 (여),11720091,249,137,77,147,60,20,1720092_F_SHHalloween06.gltf,11720091_c_shhalloween06_d.png,11720091_c_shhalloween06_c.png,0,
11720182,은하수 별빛 부츠 (남),11710009,62,73,117,27,26,48,11710009_M_SHGalaxyFox.gltf,11710009_c_shgalaxyfox_d.png,11710009_c_shgalaxyfox_c.png,0,
11720183,은하수 별빛 부츠 (여),11710010,62,73,117,27,26,48,11710010_F_SHGalaxyFox.gltf,11710009_c_shgalaxyfox_d.png,11710009_c_shgalaxyfox_c.png,0,
11720184,해피 크리스마스 부츠 (남),11720101,119,147,68,32,51,30,11701455_M_SHChristmas03.gltf,11701455_c_shchristmas03_d.png,11701455_c_shchristmas03_c.png,0,
11720185,해피 크리스마스 부츠 (여),11720102,119,147,68,32,51,30,11701456_F_SHChristmas03.gltf,11701455_c_shchristmas03_d.png,11701455_c_shchristmas03_c.png,0,
11720186,베이직 하이탑 캔버스화 (남),11701244,76,105,181,23,40,79,11701244_M_SHHighTopConverse.gltf,11701244_c_shhightopconverse_d.png,11701244_c_shhightopconverse_c.png,0,
11720187,베이직 하이탑 캔버스화 (여),11701245,76,105,181,23,40,79,11701245_F_SHMiddleTopConverse.gltf,11701244_c_shhightopconverse_d.png,11701244_c_shhightopconverse_c.png,0,
11720188,프로즌 부츠 (남),11700449,63,59,51,20,18,15,11700449_M_SHFrozenLongBoots.gltf,11700449_m_shfrozenlongboots_d.png,11700449_m_shfrozenlongboots_d.png,0,
11720189,프로즌 크리스탈 샌들 (여),11700450,63,59,51,20,18,15,11700450_F_SHFrozenCrystalSandal.gltf,11700450_f_shfrozencrystalsandal_d.png,11700450_f_shfrozencrystalsandal_d.png,0,
11720190,스노우 테일 부츠 (남),11701225,76,105,181,23,40,79,11701225_M_SHFrozen02.gltf,11701225_m_shfrozen02_d.png,11701225_m_shfrozen02_c.png,0,
11720191,스노우 테일 슈즈 (여),11701226,76,105,181,23,40,79,11701226_F_SHFrozen02.gltf,11701226_f_shfrozen02_d.png,11701226_f_shfrozen02_c.png,0,
11720192,큐티 레이스 구두 (남),11710033,126,204,247,72,94,168,11710033_M_SHChildren01.gltf,11710033_c_shchildren01_d.png,11710033_c_shchildren01_c.png,0,
11720193,큐티 레이스 구두 (여),11710034,126,204,247,72,94,168,11710034_F_SHChildren01.gltf,11710033_c_shchildren01_d.png,11710033_c_shchildren01_c.png,0,
11720194,고딕 포멀 슈즈 (남),11700470,63,59,51,20,18,15,11700470_M_SHGothicFormalShoes.gltf,11700470_m_shgothicformalshoes_d.png,11700470_m_shgothicformalshoes_c.png,0,
11720195,고딕 플랫 슈즈 (여),11700471,63,59,51,20,18,15,11700471_F_SHGothicFlatShoes.gltf,11700471_f_shgothicflatshoes_d.png,11700471_f_shgothicflatshoes_c.png,0,
11720196,발렌타인 리본 워커 (남),11720023,63,59,51,20,18,15,11701490_M_SHValentine04.gltf,11701490_c_shvalentine04_d.png,11701490_c_shvalentine04_c.png,0,
11720197,발렌타인 리본 워커 (여),11720024,63,59,51,20,18,15,11701491_F_SHValentine04.gltf,11701490_c_shvalentine04_d.png,11701490_c_shvalentine04_c.png,0,
11720198,팬시 고딕 슈즈 (남),11701453,63,59,51,20,18,15,11701453_M_SHGothic02.gltf,11701453_m_shgothic02_d.png,11701453_m_shgothic02_c.png,0,
11720199,팬시 고딕 슈즈 (여),11701454,170,47,47,96,19,19,11701454_F_SHGothic02.gltf,11701454_f_shgothic02_d.png,11701454_f_shgothic02_c.png,0,
11720200,챠밍 하이 삭스 스니커즈 (남),11701370,132,130,120,68,68,65,11701370_M_SHSchoolLook01.gltf,11701370_c_shschoollook01_d.png,11701370_c_shschoollook01_c.png,0,
11720201,챠밍 하이 삭스 스니커즈 (여),11701371,132,130,120,68,68,65,11701371_F_SHSchoolLook01.gltf,11701370_c_shschoollook01_d.png,11701370_c_shschoollook01_c.png,0,
11720202,츄츄 하트 샌들 (남),11700526,63,59,51,20,18,15,11700526_M_SHLaceRibbon.gltf,11700526_c_shlaceribbon_d.png,11700526_c_shlaceribbon_c.png,0,
11720203,앙큼 바니 슈즈 (남),11700528,63,59,51,20,18,15,11700528_M_SHSlyBunnyPumps.gltf,11700528_c_shslybunnypumps_d.png,11700528_c_shslybunnypumps_c.png,0,
11720204,앙큼 바니 슈즈 (여),11700529,239,112,145,153,66,82,11700529_F_SHSlyBunnyPumps.gltf,11700528_c_shslybunnypumps_d.png,11700528_c_shslybunnypumps_c.png,0,
11720205,츄츄 하트 샌들 (여),11700527,239,112,145,153,66,82,11700527_F_SHLaceRibbo.gltf,11700526_c_shlaceribbon_d.png,11700526_c_shlaceribbon_c.png,0,
11720206,샤인 스타 워커 (남),11700838,126,204,247,72,94,168,11700838_M_SHIdolBand.gltf,11700838_m_shidolband_d.png,11700838_m_shidolband_c.png,0,
11720207,샤인 스타 스트랩 슈즈 (여),11700839,126,204,247,72,94,168,11700839_F_SHIdolBand.gltf,11700839_f_shidolband_d.png,11700839_f_shidolband_c.png,0,
11720208,스위트 컵케이크 슈즈 (남),11720083,239,112,145,153,66,82,11720083_M_SHFood01.gltf,11720083_c_shfood01_d.png,11720083_c_shfood01_c.png,0,
11720209,발랄한 보트 슈즈 (남),11701248,194,209,96,64,104,54,11701248_M_ZigzagRibbon.gltf,11701248_c_shzigzagribbon_d.png,11701248_c_shzigzagribbon_c.png,0,
11720210,발랄한 보트 슈즈 (여),11701249,194,209,96,64,104,54,11701249_F_ZigzagRibbon.gltf,11701248_c_shzigzagribbon_d.png,11701248_c_shzigzagribbon_c.png,0,
11720211,스위트 컵케이크 슈즈 (여),11720084,239,112,145,153,66,82,11720084_F_SHFood01.gltf,11720083_c_shfood01_d.png,11720083_c_shfood01_c.png,0,
11720212,코튼 캔디 유니콘 슬리퍼 (남),11720027,230,230,230,150,150,150,11720027_M_SHPajamas02.gltf,11720027_m_shpajamas02_d.png,11720027_m_shpajamas02_c.png,0,
11720213,코튼 캔디 유니콘 슬리퍼 (여),11720028,230,230,230,150,150,150,11720028_F_SHPajamas02.gltf,11720028_f_shpajamas02_d.png,11720028_f_shpajamas02_c.png,0,
11720215,심플 스트랩 샌들 (남),11700453,63,59,51,20,18,15,11700453_M_SHStrapSandal.gltf,11700453_m_shstrapsandal_d.png,11700453_m_shstrapsandal_c.png,0,
11720216,리본 스트랩 샌들 (여),11700454,239,112,145,153,66,82,11700454_F_SHRibbonStrapSandal.gltf,11700454_f_shribbonstrapsandal_d.png,11700454_f_shribbonstrapsandal_c.png,0,
11720217,폭신 슬리퍼 (여),11700290,230,230,230,150,150,150,11700290_F_SoftSlipper.gltf,11700289_c_softslipper_d.png,11700289_c_softslipper_c.png,0,
11720218,앙큼 바니 슈즈 (남),11700528,63,59,51,20,18,15,11700528_M_SHSlyBunnyPumps.gltf,11700528_c_shslybunnypumps_d.png,11700528_c_shslybunnypumps_c.png,0,
11720219,앙큼 바니 슈즈 (여),11700529,239,112,145,153,66,82,11700529_F_SHSlyBunnyPumps.gltf,11700528_c_shslybunnypumps_d.png,11700528_c_shslybunnypumps_c.png,0,
11720220,발랄한 보트 슈즈 (남),11701248,194,209,96,64,104,54,11701248_M_ZigzagRibbon.gltf,11701248_c_shzigzagribbon_d.png,11701248_c_shzigzagribbon_c.png,0,
11720221,발랄한 보트 슈즈 (여),11701249,194,209,96,64,104,54,11701249_F_ZigzagRibbon.gltf,11701248_c_shzigzagribbon_d.png,11701248_c_shzigzagribbon_c.png,0,
11720231,카멜 브라운 레더 부츠 (남),11701246,63,59,51,20,18,15,11701246_M_SHBrownWalker.gltf,11701246_c_shbrownwalker_d.png,11701246_c_shbrownwalker_d.png,0,
11720232,카멜 브라운 레더 부츠 (여),11701247,63,59,51,20,18,15,11701247_F_SHBrownWalker.gltf,11701246_c_shbrownwalker_d.png,11701246_c_shbrownwalker_d.png,0,
11720233,카멜 브라운 레더 부츠 (남),11701246,63,59,51,20,18,15,11701246_M_SHBrownWalker.gltf,11701246_c_shbrownwalker_d.png,11701246_c_shbrownwalker_d.png,0,
11720234,카멜 브라운 레더 부츠 (여),11701247,63,59,51,20,18,15,11701247_F_SHBrownWalker.gltf,11701246_c_shbrownwalker_d.png,11701246_c_shbrownwalker_d.png,0,
11720235,유치원 신발 (남),11700036,133,81,165,53,42,71,01700007_M_Preschool.gltf,01700007_m_preschool_d.png,01700007_m_preschool_c.png,0,
11720236,유치원 신발 (여),11700037,158,83,63,68,31,19,01700008_F_Preschool.gltf,01700008_f_preschool_d.png,01700008_f_preschool_c.png,0,
11720239,러블리 바니 신발 (남),11700465,255,168,203,205,86,106,11700465_M_SHBannyDoll.gltf,11700465_c_shbannydoll_d.png,11700465_c_shbannydoll_c.png,0,
11720240,러블리 바니 신발 (여),11700466,255,168,203,205,86,106,11700466_F_SHBannyDoll.gltf,11700465_c_shbannydoll_d.png,11700465_c_shbannydoll_c.png,0,
11720241,러블리 바니 신발 (남),11700465,255,168,203,205,86,106,11700465_M_SHBannyDoll.gltf,11700465_c_shbannydoll_d.png,11700465_c_shbannydoll_c.png,0,
11720242,러블리 바니 신발 (여),11700466,255,168,203,205,86,106,11700466_F_SHBannyDoll.gltf,11700465_c_shbannydoll_d.png,11700465_c_shbannydoll_c.png,0,
11720245,더키 샌들 (남),11700287,76,105,181,23,40,79,11700287_M_DuckySandle.gltf,11700287_c_duckysandle_d.png,11700287_c_duckysandle_c.png,0,
11720246,더키 샌들 (여),11700288,76,105,181,23,40,79,11700288_F_DuckySandle.gltf,11700287_c_duckysandle_d.png,11700287_c_duckysandle_c.png,0,
11720252,에너제틱 스타 애나멜 부츠 (여),11701375,230,230,230,150,150,150,11701375_F_SHEnergeticStar.gltf,11701374_c_shenergeticstar_d.png,11701374_c_shenergeticstar_c.png,0,
11720261,썸머 비치 슬리퍼 (남),11720261,126,204,247,72,94,168,11701441_M_SHTraditionalNative04.gltf,11701441_m_shtraditionalnative04_d.png,11701441_m_shtraditionalnative04_c.png,0,
11720262,썸머 비치 슬리퍼 (여),11701442,255,168,203,205,86,106,11701442_F_SHTraditionalNative04.gltf,11701442_f_shtraditionalnative04_d.png,11701442_f_shtraditionalnative04_c.png,0,
11720263,썸머 비치 슬리퍼 (남),11720261,126,204,247,72,94,168,11701441_M_SHTraditionalNative04.gltf,11701441_m_shtraditionalnative04_d.png,11701441_m_shtraditionalnative04_c.png,0,
11720264,썸머 비치 슬리퍼 (여),11701442,255,168,203,205,86,106,11701442_F_SHTraditionalNative04.gltf,11701442_f_shtraditionalnative04_d.png,11701442_f_shtraditionalnative04_c.png,0,
11720279,마린 슈즈 (남),11700042,230,230,230,150,150,150,01700005_M_MarineShoes.gltf,01700005_c_marineshoes_d.png,01700005_c_marineshoes_c.png,0,
11720280,마린 슈즈 (여),11700043,230,230,230,150,150,150,01700006_F_MarineShoes.gltf,01700005_c_marineshoes_d.png,01700005_c_marineshoes_c.png,0,
11720283,홀리 세라핌 부츠 (남),11700373,62,73,117,27,26,48,11700373_M_SHAngelBoots.gltf,11700373_m_shangelboots_d.png,11700373_m_shangelboots_c.png,0,
11720284,홀리 세라핌 부츠 (여),11700374,62,73,117,27,26,48,11700374_F_SHAngelBoots.gltf,11700374_f_shangelboots_d.png,11700374_f_shangelboots_c.png,0,
11720287,스트리트 스타일 스니커즈 (남),11701447,180,165,248,108,96,176,11701447_M_StreetSneakers01.gltf,11701447_c_streetsneakers01_d.png,11701447_c_streetsneakers01_c.png,0,
11720288,스트리트 스타일 스니커즈 (여),11701448,180,165,248,108,96,176,11701448_F_StreetSneakers01.gltf,11701447_c_streetsneakers01_d.png,11701447_c_streetsneakers01_c.png,0,
11720289,검은 고양이 신발 (남),11700463,63,59,51,20,18,15,11700463_M_SHCatDoll.gltf,11700463_c_shcatdoll_d.png,11700463_c_shcatdoll_d.png,0,
11720290,검은 고양이 신발 (여),11700464,63,59,51,20,18,15,11700464_F_SHCatDoll.gltf,11700463_c_shcatdoll_d.png,11700463_c_shcatdoll_d.png,0,
11720293,장교 가죽 부츠 (남),11700269,63,59,51,20,18,15,11700269_M_SHOfficer.gltf,11700269_m_shofficer_d.png,11700269_m_shofficer_d.png,0,
11720294,장교 가죽 부츠 (여),11700270,63,59,51,20,18,15,11700270_F_SHOfficer.gltf,11700270_f_shofficer_d.png,11700270_f_shofficer_d.png,0,
11720295,밀리터리 부츠 (남),11700412,63,59,51,20,18,15,11700277_M_SHMilitary.gltf,11700277_c_shmilitary_d.png,11700277_c_shmilitary_d.png,0,
11720296,밀리터리 부츠 (여),11700413,63,59,51,20,18,15,11700278_F_SHMilitary.gltf,11700277_c_shmilitary_d.png,11700277_c_shmilitary_d.png,0,
11720297,검은 고양이 신발 (남),11700463,63,59,51,20,18,15,11700463_M_SHCatDoll.gltf,11700463_c_shcatdoll_d.png,11700463_c_shcatdoll_d.png,0,
11720298,검은 고양이 신발 (여),11700464,63,59,51,20,18,15,11700464_F_SHCatDoll.gltf,11700463_c_shcatdoll_d.png,11700463_c_shcatdoll_d.png,0,
11720299,장교 가죽 부츠 (남),11700269,63,59,51,20,18,15,11700269_M_SHOfficer.gltf,11700269_m_shofficer_d.png,11700269_m_shofficer_d.png,0,
11720300,장교 가죽 부츠 (여),11700270,63,59,51,20,18,15,11700270_F_SHOfficer.gltf,11700270_f_shofficer_d.png,11700270_f_shofficer_d.png,0,
11720301,홀리 세라핌 부츠 (남),11700373,62,73,117,27,26,48,11700373_M_SHAngelBoots.gltf,11700373_m_shangelboots_d.png,11700373_m_shangelboots_c.png,0,
11720302,홀리 세라핌 부츠 (여),11700374,62,73,117,27,26,48,11700374_F_SHAngelBoots.gltf,11700374_f_shangelboots_d.png,11700374_f_shangelboots_c.png,0,
11720304,매지컬 할로윈 부츠 (여),11700379,63,59,51,20,18,15,11700379_F_SHMagicalHalloween.gltf,11700379_f_shmagicalhalloween_d.png,11700379_f_shmagicalhalloween_d.png,0,
11720305,레터 앵클 워커 (남),11701473,230,230,230,150,150,150,11701473_M_LeatherAnkleWalker.gltf,11701473_c_leatheranklewalker_d.png,11701473_c_leatheranklewalker_c.png,0,
11720306,레터 앵클 워커 (여),11701474,230,230,230,150,150,150,11701474_F_LeatherAnkleWalker.gltf,11701473_c_leatheranklewalker_d.png,11701473_c_leatheranklewalker_c.png,0,
11720309,포근한 양털 부츠 (남),11720309,214,147,100,186,113,50,11720309_M_SHOrdinary03.gltf,11720309_c_shordinary03_d.png,11720309_c_shordinary03_c.png,0,
11720310,포근한 양털 부츠 (여),11720310,214,147,100,186,113,50,11720310_F_SHOrdinary03.gltf,11720309_c_shordinary03_d.png,11720309_c_shordinary03_c.png,0,
11720311,로열 다크니스 부츠 (남),11710052,63,59,51,20,18,15,11710052_M_SHDarkFantasy.gltf,11710052_m_shdarkfantasy_d.png,11710052_m_shdarkfantasy_c.png,0,
11720312,로열 다크니스 부츠 (여),11710053,63,59,51,20,18,15,11710053_F_SHDarkFantasy.gltf,11710053_f_shdarkfantasy_d.png,11710053_f_shdarkfantasy_c.png,0,
11720313,포근한 양털 부츠 (남),11720309,214,147,100,186,113,50,11720309_M_SHOrdinary03.gltf,11720309_c_shordinary03_d.png,11720309_c_shordinary03_c.png,0,
11720314,포근한 양털 부츠 (여),11720310,214,147,100,186,113,50,11720310_F_SHOrdinary03.gltf,11720309_c_shordinary03_d.png,11720309_c_shordinary03_c.png,0,
11720317,로열 윈터 레더 부츠 (남),11701469,62,73,117,27,26,48,11701469_M_MiddleAges01.gltf,11701469_c_shmiddleages01_d.png,11701469_c_shmiddleages01_c.png,0,
11720318,로열 윈터 레더 부츠 (여),11701470,62,73,117,27,26,48,11701470_F_MiddleAges01.gltf,11701469_c_shmiddleages01_d.png,11701469_c_shmiddleages01_c.png,0,
11720319,에나멜 페니 로퍼 (남),11720319,122,92,77,53,39,29,11701124_M_EnamelLoafer.gltf,11701124_m_enamelloafer_d.png,11701124_m_enamelloafer_c.png,0,
11720320,에나멜 메리 제인 슈즈 (여),11720320,63,59,51,20,18,15,11701062_F_SHEnamelMaryJanes.gltf,11701062_f_shenamelmaryjanes_d.png,11701062_f_shenamelmaryjanes_c.png,0,
11720321,스터드 부츠 (남),11700320,62,73,117,27,26,48,11700114_M_SHStuddedBoots.gltf,11700114_m_shstuddedboots_d.png,11700114_m_shstuddedboots_c.png,0,
11720322,스터드 부츠 (여),11700321,62,73,117,27,26,48,11700114_F_SHStuddedBoots.gltf,11700114_f_shstuddedboots_d.png,11700114_f_shstuddedboots_c.png,0,
11720323,스터드 부츠 (남),11700320,62,73,117,27,26,48,11700114_M_SHStuddedBoots.gltf,11700114_m_shstuddedboots_d.png,11700114_m_shstuddedboots_c.png,0,
11720324,스터드 부츠 (여),11700321,62,73,117,27,26,48,11700114_F_SHStuddedBoots.gltf,11700114_f_shstuddedboots_d.png,11700114_f_shstuddedboots_c.png,0,
11720325,로열 윈터 레더 부츠 (남),11701469,62,73,117,27,26,48,11701469_M_MiddleAges01.gltf,11701469_c_shmiddleages01_d.png,11701469_c_shmiddleages01_c.png,0,
11720326,로열 윈터 레더 부츠 (여),11701470,62,73,117,27,26,48,11701470_F_MiddleAges01.gltf,11701469_c_shmiddleages01_d.png,11701469_c_shmiddleages01_c.png,0,
11720327,뉴스트릿 스니커즈 (남),11720327,63,59,51,20,18,15,11701123_M_NewStreetSneakers.gltf,11701123_m_newstreetsneakers_d.png,11701123_m_newstreetsneakers_c.png,0,
11720328,뉴스트릿 스니커즈 (여),11720328,63,59,51,20,18,15,11701061_F_SHNewStreetSneakers.gltf,11701061_f_shnewstreetsneakers_d.png,11701061_f_shnewstreetsneakers_c.png,0,
11720341,뉴스트릿 스니커즈 (남),11720327,63,59,51,20,18,15,11701123_M_NewStreetSneakers.gltf,11701123_m_newstreetsneakers_d.png,11701123_m_newstreetsneakers_c.png,0,
11720342,뉴스트릿 스니커즈 (여),11720328,63,59,51,20,18,15,11701061_F_SHNewStreetSneakers.gltf,11701061_f_shnewstreetsneakers_d.png,11701061_f_shnewstreetsneakers_c.png,0,
11720343,매그너스의 수영 샌들 (남),11700596,76,105,181,23,40,79,11700596_M_SHSummerEvent01.gltf,11700596_m_shsummerevent01_d.png,11700596_m_shsummerevent01_c.png,0,
11720345,뉴스트릿 스니커즈 (남),11720327,63,59,51,20,18,15,11701123_M_NewStreetSneakers.gltf,11701123_m_newstreetsneakers_d.png,11701123_m_newstreetsneakers_c.png,0,
11720346,뉴스트릿 스니커즈 (여),11720328,63,59,51,20,18,15,11701061_F_SHNewStreetSneakers.gltf,11701061_f_shnewstreetsneakers_d.png,11701061_f_shnewstreetsneakers_c.png,0,
11720349,빛나는 군악대 신발 (남),11720349,63,59,51,20,18,15,11720349_M_SHBand01.gltf,11720349_c_shband01_d.png,11720349_c_shband01_c.png,0,
11720350,빛나는 군악대 신발 (여),11720350,230,230,230,150,150,150,11720350_F_SHBand01.gltf,11720349_c_shband01_d.png,11720349_c_shband01_c.png,0,
11720351,메린이 학생구두 (남),11720351,214,147,100,186,113,50,11720351_M_SHSchoolLook03.gltf,11720351_m_shschoollook03_d.png,11720351_m_shschoollook03_c.png,0,
11720352,메린이 학생구두 (여),11720352,214,147,100,186,113,50,11720352_F_SHSchoolLook03.gltf,11720352_f_shschoollook03_d.png,11720352_f_shschoollook03_c.png,0,
11720353,겨울동화 눈꽃 슈즈 (남),11701465,76,105,181,23,40,79,11701465_M_SHFrozen03.gltf,11701465_c_shfrozen03_d.png,11701465_c_shfrozen03_c.png,0,
11720354,겨울동화 눈꽃 슈즈 (여),11701466,76,105,181,23,40,79,11701466_F_SHFrozen03.gltf,11701465_c_shfrozen03_d.png,11701465_c_shfrozen03_c.png,0,
11720355,오드리 튜튜 금장 슈즈 (남),11710019,76,105,181,23,40,79,11710019_M_SHBallet01.gltf,11710019_m_shballet01_d.png,11710019_m_shballet01_c.png,0,
11720356,오드리 튜튜 스트랩 슈즈 (여),11710020,76,105,181,23,40,79,11710020_F_SHBallet01.gltf,11710020_f_shballet01_d.png,11710020_f_shballet01_c.png,0,
11720357,올림포스 크레피스 (남),11701085,158,83,63,68,31,19,11701085_M_SHOlympos01.gltf,11701085_m_sholympos01_d.png,11701085_m_sholympos01_c.png,0,
11720360,로맨틱 웨딩 펄 슈즈 (여),11720360,230,230,230,150,150,150,11720360_F_SHWedding03.gltf,11720360_f_shwedding03_d.png,11720360_f_shwedding03_c.png,0,
11720361,일루셔니스트 다이아 부츠 (남),11710021,170,47,47,96,19,19,11710021_M_SHFairyMagician.gltf,11710021_c_shfairymagician_d.png,11710021_c_shfairymagician_c.png,0,
11720362,일루셔니스트 다이아 부츠 (여),11710022,170,47,47,96,19,19,11710022_F_GLFairyMagician.gltf,11710021_c_shfairymagician_d.png,11710021_c_shfairymagician_c.png,0,
11720363,(PC방) 방랑자 고무신,11700351,63,59,51,20,18,15,11700104_F_SHWandererShoes.gltf,11700104_c_shwanderershoes_d.png,11700104_c_shwanderershoes_d.png,0,
11720365,로맨틱 웨딩 펄 슈즈 (여),11720360,230,230,230,150,150,150,11720360_F_SHWedding03.gltf,11720360_f_shwedding03_d.png,11720360_f_shwedding03_c.png,0,
11720366,겨울동화 눈꽃 슈즈 (남),11701465,76,105,181,23,40,79,11701465_M_SHFrozen03.gltf,11701465_c_shfrozen03_d.png,11701465_c_shfrozen03_c.png,0,
11720367,댄싱 그레이스 스케이트 슈즈(남),11720367,63,59,51,20,18,15,11720367_M_SHSports04.gltf,11720367_c_shsports04_d.png,11720367_c_shsports04_c.png,0,
11720368,댄싱 그레이스 스케이트 슈즈(여),11720368,230,230,230,150,150,150,11720368_F_SHSports04.gltf,11720367_c_shsports04_d.png,11720367_c_shsports04_c.png,0,
11720369,세이레네스 샌들 (남),11720369,126,204,247,72,94,168,11720369_M_SHSummer02.gltf,11720369_m_shsummer02_d.png,11720369_m_shsummer02_c.png,0,
11720370,세이레네스 샌들 (여),11720369,126,204,247,72,94,168,11720370_F_SHSummer02.gltf,11720370_f_shsummer02_d.png,11720370_f_shsummer02_c.png,0,
11720371,개구쟁이 꼬마 악마 부츠 (남),11720371,63,59,51,20,18,15,11720371_M_SHHalloween05.gltf,11720371_c_shhalloween05_d.png,11720371_c_shhalloween05_c.png,0,
11720372,개구쟁이 꼬마 악마 부츠 (여),11720372,63,59,51,20,18,15,11720372_F_SHHalloween05.gltf,11720371_c_shhalloween05_d.png,11720371_c_shhalloween05_c.png,0,
11720373,커닝시티 역무원 신발 (남),11720373,63,59,51,20,18,15,11720373_M_SHUniform01.gltf,11720373_m_shuniform01_d.png,11720373_m_shuniform01_c.png,0,
11720374,커닝시티 역무원 신발 (여),11720374,63,59,51,20,18,15,11720373_M_SHUniform01.gltf,11720373_m_shuniform01_d.png,11720373_m_shuniform01_c.png,0,
11720377,장난꾸러기 요정 신발(남),11720377,133,81,165,53,42,71,11720378_M_SHFairy03.gltf,11720378_c_shfairy03_d.png,11720378_c_shfairy03_c.png,0,
11720378,장난꾸러기 요정 신발(여),11720377,133,81,165,53,42,71,11720350_F_SHFairy03.gltf,11720378_c_shfairy03_d.png,11720378_c_shfairy03_c.png,0,
11720379,개구쟁이 꼬마 악마 부츠 (남),11720371,63,59,51,20,18,15,11720371_M_SHHalloween05.gltf,11720371_c_shhalloween05_d.png,11720371_c_shhalloween05_c.png,0,
11720380,개구쟁이 꼬마 악마 부츠 (여),11720372,63,59,51,20,18,15,11720372_F_SHHalloween05.gltf,11720371_c_shhalloween05_d.png,11720371_c_shhalloween05_c.png,0,
11720381,숲의 정령 열매 신발 (남),11720381,244,189,88,163,121,39,11720381_M_SHFairy04.gltf,11720381_c_shfairy04_d.png,11720381_c_shfairy04_c.png,0,
11720382,숲의 정령 열매 신발 (여),11720382,244,189,88,163,121,39,11720382_F_SHFairy04.gltf,11720381_c_shfairy04_d.png,11720381_c_shfairy04_c.png,0,
11720383,성실한 모험가의 운동화,11700001,63,59,51,20,18,15,11700001_F_StudentsRunningShoes.gltf,11700001_c_studentsrunningshoes_d.png,11700001_c_studentsrunningshoes_c.png,0,
11720384,겨울동화 눈꽃 슈즈 (여),11701466,76,105,181,23,40,79,11701466_F_SHFrozen03.gltf,11701465_c_shfrozen03_d.png,11701465_c_shfrozen03_c.png,0,
11720387,글로우 스타 슈즈 (남),11700885,170,47,47,96,19,19,11700885_M_SHChristmas02.gltf,11700885_m_shchristmas02_d.png,11700885_m_shchristmas02_c.png,0,
11720388,글로우 스타 슈즈 (여),11700886,170,47,47,96,19,19,11700886_F_SHChristmas02.gltf,11700886_f_shchristmas02_d.png,11700886_f_shchristmas02_c.png,0,
11720389,발랄한 앨리스 로퍼 (남),11720389,126,204,247,72,94,168,11720389_M_SHFairyTale02.gltf,11720389_m_shfairytale02_d.png,11720389_m_shfairytale02_c.png,0,
11720390,발랄한 앨리스 슈즈 (여),11720390,126,204,247,72,94,168,11720390_F_SHFairyTale02.gltf,11720390_f_shfairytale02_d.png,11720390_f_shfairytale02_c.png,0,
11720391,타락천사 구두 (남),11701231,62,73,117,27,26,48,11701231_M_SHLucifer.gltf,11701231_m_shlucifer_d.png,11701231_m_shlucifer_c.png,0,
11720392,타락천사 롱부츠 (여),11701232,62,73,117,27,26,48,11701232_F_SHLucifer.gltf,11701232_f_shlucifer_d.png,11701232_f_shlucifer_c.png,0,
11720393,봄나들이 구슬 샌들 (남),11720393,158,83,63,68,31,19,11720393_M_SHPicnic02.gltf,11720393_c_shpicnic02_d.png,11720393_c_shpicnic02_c.png,0,
11720394,봄나들이 구슬 샌들 (여),11720394,158,83,63,68,31,19,11720394_F_SHPicnic02.gltf,11720393_c_shpicnic02_d.png,11720393_c_shpicnic02_c.png,0,
11720395,포근한 솜뭉치 부츠 (남),11720395,126,204,247,72,94,168,11720395_M_SHWinter01.gltf,11720395_c_shwinter01_d.png,11720395_c_shwinter01_c.png,0,
11720396,포근한 솜뭉치 부츠 (여),11720396,126,204,247,72,94,168,11720396_F_SHWinter01.gltf,11720395_c_shwinter01_d.png,11720395_c_shwinter01_c.png,0,
11720397,커닝 경찰 워커(남),11720397,122,92,77,53,39,29,11720397_M_SHUniform02.gltf,11720397_c_shuniform02_d.png,11720397_c_shuniform02_c.png,0,
11720398,커닝 경찰 워커(여),11720398,122,92,77,53,39,29,11720398_F_SHUniform02.gltf,11720397_c_shuniform02_d.png,11720397_c_shuniform02_c.png,0,
11720399,째깍째깍 태엽 부츠 (남),11720399,158,83,63,68,31,19,11720399_M_SHTechwear02.gltf,11720399_m_shtechwear02_d.png,11720399_c_shtechwear02_c.png,0,
11720400,째깍째깍 태엽 부츠 (여),11720400,158,83,63,68,31,19,11720400_F_SHTechwear02.gltf,11720400_f_shtechwear02_d.png,11720399_c_shtechwear02_c.png,0,
11720401,블루 레오파드 슬립온 (남),11700283,63,59,51,20,18,15,11700283_M_BlueLeopardSlipon.gltf,11700283_c_blueleopardslipon_d.png,11700283_c_blueleopardslipon_d.png,0,
11720402,블루 레오파드 슬립온 (여),11700284,63,59,51,20,18,15,11700284_F_BlueLeopardSlipon.gltf,11700283_c_blueleopardslipon_d.png,11700283_c_blueleopardslipon_d.png,0,
11720403,레오파드 슬립온 (남),11700281,63,59,51,20,18,15,11700281_M_LeopardSlipon.gltf,11700281_c_leopardslipon_d.png,11700281_c_leopardslipon_d.png,0,
11720404,레오파드 슬립온 (여),11700282,63,59,51,20,18,15,11700282_F_LeopardSlipon.gltf,11700281_c_leopardslipon_d.png,11700281_c_leopardslipon_d.png,0,
11720405,호피 양말 워커 (남),11700233,63,59,51,20,18,15,11700233_M_TigerSkinSocksWalker.gltf,11700233_c_tigerskinsockswalker_d.png,11700233_c_tigerskinsockswalker_d.png,0,
11720406,호피 양말 워커 (여),11700234,63,59,51,20,18,15,11700234_F_TigerSkinSocksWalker.gltf,11700233_c_tigerskinsockswalker_d.png,11700233_c_tigerskinsockswalker_d.png,0,
11720407,오션 클리퍼 (남),11700117,62,73,117,27,26,48,11700117_M_SHOceanClipper.gltf,11700117_c_shoceanclipper_d.png,11700117_c_shoceanclipper_c.png,0,
11720408,하트 샌들 (여),11700313,255,168,203,205,86,106,11700313_F_SHHeartSandle.gltf,11700313_c_shheartsandle_d.png,11700313_c_shheartsandle_c.png,0,
11720409,블루 레오파드 슬립온 (남),11700283,63,59,51,20,18,15,11700283_M_BlueLeopardSlipon.gltf,11700283_c_blueleopardslipon_d.png,11700283_c_blueleopardslipon_d.png,0,
11720410,블루 레오파드 슬립온 (여),11700284,63,59,51,20,18,15,11700284_F_BlueLeopardSlipon.gltf,11700283_c_blueleopardslipon_d.png,11700283_c_blueleopardslipon_d.png,0,
11720411,타락천사 구두 (남),11701231,62,73,117,27,26,48,11701231_M_SHLucifer.gltf,11701231_m_shlucifer_d.png,11701231_m_shlucifer_c.png,0,
11720412,(PC방) 밀리터리 부츠,11700412,63,59,51,20,18,15,11700278_F_SHMilitary.gltf,11700277_c_shmilitary_d.png,11700277_c_shmilitary_d.png,0,
11720413,타락천사 롱부츠 (여),11701232,62,73,117,27,26,48,11701232_F_SHLucifer.gltf,11701232_f_shlucifer_d.png,11701232_f_shlucifer_c.png,0,
11720414,봄나들이 구슬 샌들 (남),11720393,158,83,63,68,31,19,11720393_M_SHPicnic02.gltf,11720393_c_shpicnic02_d.png,11720393_c_shpicnic02_c.png,0,
11720415,가을 소풍 도토리 부츠 (남),11720415,122,92,77,53,39,29,11720415_M_SHAutumn02.gltf,11720415_c_shautumn02_d.png,11720415_c_shautumn02_c.png,0,
11720416,가을 소풍 도토리 부츠 (여),11720415,122,92,77,53,39,29,11720416_F_SHAutumn02.gltf,11720415_c_shautumn02_d.png,11720415_c_shautumn02_c.png,0,
11720417,프리스타일 벨크로 스니커즈 (남),11720417,230,230,230,150,150,150,11720417_M_SHOrdinary04.gltf,11720417_c_shordinary04_d.png,11720417_c_shordinary04_c.png,0,
11720418,프리스타일 벨크로 스니커즈 (여),11720418,230,230,230,150,150,150,11720418_F_SHOrdinary04.gltf,11720417_c_shordinary04_d.png,11720417_c_shordinary04_c.png,0,
11720419,플로리아 페어리 슈즈 (남),11700793,170,47,47,96,19,19,11700793_M_SHFloriaFairy.gltf,11700793_m_shfloriafairy_d.png,11700793_m_shfloriafairy_c.png,0,
11720420,플로리아 페어리 슈즈 (여),11700794,170,47,47,96,19,19,11700794_F_SHFloriaFairy.gltf,11700794_f_shfloriafairy_d.png,11700794_f_shfloriafairy_c.png,0,
11720421,봄나들이 구슬 샌들 (여),11720394,158,83,63,68,31,19,11720394_F_SHPicnic02.gltf,11720393_c_shpicnic02_d.png,11720393_c_shpicnic02_c.png,0,
11720422,커닝 경찰 워커(남),11720397,122,92,77,53,39,29,11720397_M_SHUniform02.gltf,11720397_c_shuniform02_d.png,11720397_c_shuniform02_c.png,0,
11720423,눈꽃 제복 부츠(남),11720423,63,59,51,20,18,15,11720423_M_SHWinter02.gltf,11720423_c_shwinter02_d.png,11720423_c_shwinter02_c.png,0,
11720424,눈꽃 제복 부츠(여),11720423,63,59,51,20,18,15,11720424_F_SHWinter02.gltf,11720423_c_shwinter02_d.png,11720423_c_shwinter02_c.png,0,
11720425,커닝 경찰 워커(여),11720398,122,92,77,53,39,29,11720398_F_SHUniform02.gltf,11720397_c_shuniform02_d.png,11720397_c_shuniform02_c.png,0,
11720427,메이플로드 승마 부츠 (남),11720427,63,59,51,20,18,15,11720427_M_SHUniform04.gltf,11720427_c_shuniform04_d.png,11720427_c_shuniform04_c.png,0,
11720428,메이플로드 승마 부츠 (여),11720428,63,59,51,20,18,15,11720428_F_SHUniform04.gltf,11720427_c_shuniform04_d.png,11720427_c_shuniform04_c.png,0,
11720429,커닝 집배원 부츠 (남),11720429,122,92,77,53,39,29,11720429_M_SHUniform03.gltf,11720429_c_shuniform03_d.png,11720429_c_shuniform03_c.png,0,
11720430,커닝 집배원 부츠 (여),11720429,122,92,77,53,39,29,11720430_F_SHUniform03.gltf,11720429_c_shuniform03_d.png,11720429_c_shuniform03_c.png,0,
11720431,폴 래빗 구두 (남),11720431,63,59,51,20,18,15,11720431_M_SHBunny02.gltf,11720431_m_shbunny02_d.png,11720431_m_shbunny02_c.png,0,
11720432,폴 래빗 구두 (여),11720432,63,59,51,20,18,15,11720432_F_SHBunny02.gltf,11720432_f_shbunny02_d.png,11720432_f_shbunny02_c.png,0,
11720433,미스터리 클럽 신발 (남),11700291,244,189,88,163,121,39,11700291_M_SHSherlock02.gltf,11700291_m_shsherlock02_d.png,11700291_m_shsherlock02_c.png,0,
11720434,미스터리 클럽 신발 (여),11700292,244,189,88,163,121,39,11700292_F_SHSherlock02.gltf,11700292_f_shsherlock02_d.png,11700292_f_shsherlock02_c.png,0,
11720449,펑키 네온 캣 스니커즈 (남),11710013,133,81,165,53,42,71,11710013_M_SHFunkyNeonCat.gltf,11710013_c_shfunkyneoncat_d.png,11710013_c_shfunkyneoncat_c.png,0,
11720450,펑키 네온 캣 스니커즈 (여),11710014,133,81,165,53,42,71,11710014_F_SHFunkyNeonCat.gltf,11710013_c_shfunkyneoncat_d.png,11710013_c_shfunkyneoncat_c.png,0,
11720451,스트리트 래퍼 신발 (남),11720059,230,230,230,150,150,150,11720059_M_SHIdol03.gltf,11720059_c_shidol03_d.png,11720059_c_shidol03_c.png,0,
11720452,스트리트 래퍼 신발 (여),11720060,230,230,230,150,150,150,11720060_F_SHIdol03.gltf,11720059_c_shidol03_d.png,11720059_c_shidol03_c.png,0,
11720453,푸른 바다 소년 신발 (남),11720063,63,59,51,20,18,15,11720063_M_SHMarine04.gltf,11720063_m_shmarine04_d.png,11720063_m_shmarine04_c.png,0,
11720454,푸른 바다 소녀 신발 (여),11720064,63,59,51,20,18,15,11720064_F_SHMarine04.gltf,11720064_f_shmarine04_d.png,11720064_f_shmarine04_c.png,0,
11720459,하랑 녹비화 (남),11700723,63,59,51,20,18,15,11700723_M_SHTraditionalWedding.gltf,11700723_m_shtraditionalwedding_d.png,11700723_m_shtraditionalwedding_c.png,0,
11720460,나예 운혜 (여),11700724,170,47,47,96,19,19,11700724_F_SHTraditionalWedding.gltf,11700724_f_shtraditionalwedding_d.png,11700724_f_shtraditionalwedding_c.png,0,
11720461,색동 꽃신 (남),11700341,147,226,242,89,153,165,11700341_M_SHManycolorShoes.gltf,11700341_m_shmanycolorshoes_d.png,11700341_m_shmanycolorshoes_c.png,0,
11720462,색동 꽃신 (여),11700342,255,168,203,205,86,106,11700342_F_SHManycolorShoes.gltf,11700342_f_shmanycolorshoes_d.png,11700342_f_shmanycolorshoes_c.png,0,
11720463,날렵한 갓신 (남),11700716,62,73,117,27,26,48,11700716_M_SHHanbok03.gltf,11700716_m_shhanbok03_d.png,11700716_m_shhanbok03_c.png,0,
11720464,복슬복슬 털신 (여),11700717,244,189,88,163,121,39,11700717_F_SHHanbok03.gltf,11700717_f_shhanbok03_d.png,11700717_f_shhanbok03_c.png,0,
11720465,왠걸의 알로하 슬리퍼 (남),11700936,126,204,247,72,94,168,11700936_M_SHSummerEvent02.gltf,11700936_m_shsummerevent02_d.png,11700936_m_shsummerevent02_c.png,0,
11720466,폼폼 리본 슬리퍼 (여),11700678,244,189,88,163,121,39,11700678_F_SHPajamas01.gltf,11700678_f_shpajamas01_d.png,11700678_f_shpajamas01_c.png,0,
11720467,삼선 슬리퍼 (남),11700184,76,105,181,23,40,79,11700184_M_3lineSlippers.gltf,11700184_c_3lineslippers_d.png,11700184_c_3lineslippers_c.png,0,
11720468,삼선 슬리퍼 (여),11700185,239,112,145,153,66,82,11700185_F_3lineSlippers.gltf,11700184_c_3lineslippers_d.png,11700184_c_3lineslippers_c.png,0,
11720471,깨어난 더키볼 신발,11720461,63,59,51,20,18,15,11720462_F_SHDoll_Chick02.gltf,11720461_c_shdoll_chick02_d.png,11720461_c_shdoll_chick02_d.png,0,
11720472,마제스틱 윙 그리브 (남),11700840,170,47,47,96,19,19,11700840_M_SHMajesticWing.gltf,11700840_c_shmajesticwing_d.png,11700840_c_shmajesticwing_c.png,0,
11720473,마제스틱 윙 그리브 (여),11700841,170,47,47,96,19,19,11700841_F_SHMajesticWing.gltf,11700840_c_shmajesticwing_d.png,11700840_c_shmajesticwing_c.png,0,
11720474,나비의 꿈 장화 (남),11701087,170,47,47,96,19,19,11700881_M_SHNewYear02.gltf,11700881_m_shnewyear02_d.png,11700881_m_shnewyear02_c.png,0,
11720475,나비의 꿈 꽃신 (여),11701088,170,47,47,96,19,19,11700882_F_SHNewYear02.gltf,11700882_f_shnewyear02_d.png,11700882_f_shnewyear02_c.png,0,
11720476,펌킨 위치 슈즈 (남),11700932,249,137,77,147,60,20,11700932_M_PAHalloween03.gltf,11700932_m_pahalloween03_d.png,11700932_m_pahalloween03_c.png,0,
11720477,펌킨 위치 슈즈 (여),11700933,249,137,77,147,60,20,11700933_F_PAHalloween03.gltf,11700933_f_pahalloween03_d.png,11700933_f_pahalloween03_c.png,0,
11720478,오리엔탈 엔젤 슈즈 (남),11701125,239,112,145,153,66,82,11790931_M_SHOrientalAngel.gltf,11790931_m_shorientalangel_d.png,11790931_m_shorientalangel_c.png,0,
11720479,오리엔탈 엔젤 슈즈 (여),11701126,239,112,145,153,66,82,11790932_F_SHOrientalAngel.gltf,11790932_f_shorientalangel_d.png,11790932_f_shorientalangel_c.png,0,
11720480,스피릿 원 슈즈 (남),11700605,76,105,181,23,40,79,11700485_M_SHSoulbinder05.gltf,11700485_c_shsoulbinder05_d.png,11700485_c_shsoulbinder05_c.png,0,
11720481,스피릿 원 슈즈 (여),11700606,76,105,181,23,40,79,11700485_F_SHSoulbinder05.gltf,11700485_c_shsoulbinder05_d.png,11700485_c_shsoulbinder05_c.png,0,
11720482,메이플 연합 골든 파워 부츠 (남),11701091,63,59,51,20,18,15,11701091_F_SHMapleUnion01.gltf,11701091_f_shmapleunion01_d.png,11701091_f_shmapleunion01_d.png,0,
11720483,메이플 연합 골든 파워 부츠 (여),11701351,63,59,51,20,18,15,11701091_F_SHMapleUnion01.gltf,11701091_f_shmapleunion01_d.png,11701091_f_shmapleunion01_d.png,0,
11720484,트라이아 근위대 리네아르 부츠 (남),11701042,63,59,51,20,18,15,11701042_F_SHTriaRoyalGuard01.gltf,11701042_c_shtriaroyalguard01_d.png,11701042_c_shtriaroyalguard01_d.png,0,
11720485,트라이아 근위대 리네아르 부츠 (여),11701353,63,59,51,20,18,15,11701042_F_SHTriaRoyalGuard01.gltf,11701042_c_shtriaroyalguard01_d.png,11701042_c_shtriaroyalguard01_d.png,0,
11720486,그린후드 자경단 피오레 부츠 (남),11701043,63,59,51,20,18,15,11701043_F_SHGreenHood01.gltf,11701043_c_shgreenhood01_d.png,11701043_c_shgreenhood01_d.png,0,
11720487,그린후드 자경단 피오레 부츠 (여),11701352,63,59,51,20,18,15,11701043_F_SHGreenHood01.gltf,11701043_c_shgreenhood01_d.png,11701043_c_shgreenhood01_d.png,0,
11720488,루미나이츠 오네스타 부츠 (남),11701041,63,59,51,20,18,15,11701041_F_SHLumiKnight01.gltf,11701041_c_shlumiknight01_d.png,11701041_c_shlumiknight01_d.png,0,
11720489,루미나이츠 오네스타 부츠 (여),11701354,63,59,51,20,18,15,11701041_F_SHLumiKnight01.gltf,11701041_c_shlumiknight01_d.png,11701041_c_shlumiknight01_d.png,0,
11720490,다크윈드 아텐토 부츠 (남),11701040,63,59,51,20,18,15,11701040_F_SHDarkWind01.gltf,11701040_c_shdarkwind01_d.png,11701040_c_shdarkwind01_d.png,0,
11720491,다크윈드 아텐토 부츠 (여),11701356,63,59,51,20,18,15,11701040_F_SHDarkWind01.gltf,11701040_c_shdarkwind01_d.png,11701040_c_shdarkwind01_d.png,0,
11720492,폼폼 냥이 슬리퍼 (남),11700677,244,189,88,163,121,39,11700677_M_SHPajamas01.gltf,11700677_m_shpajamas01_d.png,11700677_m_shpajamas01_c.png,0,
11720493,폼폼 리본 슬리퍼 (여),11700678,244,189,88,163,121,39,11700678_F_SHPajamas01.gltf,11700678_f_shpajamas01_d.png,11700678_f_shpajamas01_c.png,0,
11720494,눈꽃뭉치 부츠 (남),11701127,147,226,242,89,153,165,11701127_M_SHEskimoWear.gltf,11701127_c_sheskimowear_d.png,11701127_c_sheskimowear_c.png,0,
11720495,눈꽃뭉치 부츠 (여),11701128,147,226,242,89,153,165,11701128_F_SHEskimoWear.gltf,11701127_c_sheskimowear_d.png,11701127_c_sheskimowear_c.png,0,
11720496,승무원 정장 구두 (남),11700044,62,73,117,27,26,48,01700009_M_CaptainShoes.gltf,01700009_m_captainshoes_d.png,01700009_m_captainshoes_c.png,0,
11720497,승무원 정장 구두 (여),11700045,62,73,117,27,26,48,01700010_F_CrewShoes.gltf,01700010_f_crewshoes_d.png,01700010_f_crewshoes_c.png,0,
11720498,루미나리에 링 슈즈 (남),11701259,76,105,181,23,40,79,11701259_M_SHLuminous.gltf,11701259_m_shluminous_d.png,11701259_m_shluminous_c.png,0,
11720499,루미나리에 링 슈즈 (여),11701260,76,105,181,23,40,79,11701260_F_SHLuminous.gltf,11701260_f_shluminous_d.png,11701260_f_shluminous_c.png,0,
11720500,리본 매듭 버선 (남),11701089,170,47,47,96,19,19,11700511_M_SHWhiteFox.gltf,11700511_m_shwhitefox_d.png,11700511_m_shwhitefox_c.png,0,
11720501,리본 매듭 버선 (여),11701090,170,47,47,96,19,19,11700512_F_SHWhiteFox.gltf,11700512_f_shwhitefox_d.png,11700512_f_shwhitefox_c.png,0,
11720502,키튼 메이드 워커 (남),11701066,76,105,181,23,40,79,11701066_M_SHMaid01.gltf,11701066_m_shmaid01_d.png,11701066_m_shmaid01_c.png,0,
11720503,키튼 메이드 스트랩 구두 (여),11701067,63,59,51,20,18,15,11701067_F_SHMaid01.gltf,11701067_f_shmaid01_d.png,11701067_f_shmaid01_c.png,0,
11720504,통통 핑크빈 신발 (남),11700842,63,59,51,20,18,15,11700842_M_SHPinkbean01.gltf,11700842_c_shpinkbean01_d.png,11700842_c_shpinkbean01_d.png,0,
11720505,통통 핑크빈 신발 (여),11700843,63,59,51,20,18,15,11700843_F_SHPinkbean01.gltf,11700842_c_shpinkbean01_d.png,11700842_c_shpinkbean01_d.png,0,
11720506,통통 핑크빈 신발 (남),11700842,63,59,51,20,18,15,11700842_M_SHPinkbean01.gltf,11700842_c_shpinkbean01_d.png,11700842_c_shpinkbean01_d.png,0,
11720507,통통 핑크빈 신발 (여),11700843,63,59,51,20,18,15,11700843_F_SHPinkbean01.gltf,11700842_c_shpinkbean01_d.png,11700842_c_shpinkbean01_d.png,0,
11720508,골든 리본 부츠 (남),11710002,62,73,117,27,26,48,11710002_M_SHValentine02.gltf,11710002_c_shvalentine02_d.png,11710002_c_shvalentine02_c.png,0,
11720509,골든 리본 부츠 (여),11710003,170,47,47,96,19,19,11710003_F_SHValentine02.gltf,11710002_c_shvalentine02_d.png,11710002_c_shvalentine02_c.png,0,
11720510,알파인 스키 부츠 (남),11710023,76,105,181,23,40,79,11710023_M_SHSkiWear.gltf,11710023_c_shskiwear_d.png,11710023_c_shskiwear_c.png,0,
11720511,알파인 스키 부츠 (여),11710024,76,105,181,23,40,79,11710024_F_SHSkiWear.gltf,11710023_c_shskiwear_d.png,11710023_c_shskiwear_c.png,0,
11720512,글로우 스타 슈즈 (남),11700885,170,47,47,96,19,19,11700885_M_SHChristmas02.gltf,11700885_m_shchristmas02_d.png,11700885_m_shchristmas02_c.png,0,
11720513,글로우 스타 슈즈 (여),11700886,170,47,47,96,19,19,11700886_F_SHChristmas02.gltf,11700886_f_shchristmas02_d.png,11700886_f_shchristmas02_c.png,0,
11720514,몽실 퍼 슈즈 (남),11701024,230,230,230,150,150,150,11701024_M_SHStarlightRabbit.gltf,11701024_c_shstarlightrabbit_d.png,11701024_c_shstarlightrabbit_c.png,0,
11720515,몽실 퍼 슈즈 (여),11701025,230,230,230,150,150,150,11701025_F_SHStarlightRabbit.gltf,11701024_c_shstarlightrabbit_d.png,11701024_c_shstarlightrabbit_c.png,0,
11720516,이프리트 부츠 (남),11700508,63,59,51,20,18,15,11700508_M_SHIfritLongBoots.gltf,11700508_m_shifritlongboots_d.png,11700508_m_shifritlongboots_d.png,0,
11720517,이프리트 크리스탈 샌들 (여),11700509,63,59,51,20,18,15,11700509_F_SHIfritBlackSandal.gltf,11700509_f_shifritblacksandal_d.png,11700509_f_shifritblacksandal_d.png,0,
11720518,통통 블랙빈 신발 (남),11700368,63,59,51,20,18,15,11700368_M_SHBlackbean.gltf,11700368_c_shblackbean_d.png,11700368_c_shblackbean_d.png,0,
11720519,통통 블랙빈 신발 (여),11700368,63,59,51,20,18,15,11700369_F_SHBlackbean.gltf,11700368_c_shblackbean_d.png,11700368_c_shblackbean_d.png,0,
11720520,펑키 카우보이 부츠 (남),11710017,158,83,63,68,31,19,11710017_M_SHCowPuncher.gltf,11710017_c_shcowpuncher_d.png,11710017_c_shcowpuncher_c.png,0,
11720521,펑키 카우보이 부츠 (여),11710018,158,83,63,68,31,19,11710018_F_SHCowPuncher.gltf,11710017_c_shcowpuncher_d.png,11710017_c_shcowpuncher_c.png,0,
11720522,닥터 하트 슈즈 (남),11701463,76,105,181,23,40,79,11701463_M_SHHospital01.gltf,11701463_c_shhospital01_d.png,11701463_c_shhospital01_c.png,0,
11720524,메린이 학생구두 (남),11720351,214,147,100,186,113,50,11720351_M_SHSchoolLook03.gltf,11720351_m_shschoollook03_d.png,11720351_m_shschoollook03_c.png,0,
11720525,메린이 학생구두 (여),11720352,214,147,100,186,113,50,11720352_F_SHSchoolLook03.gltf,11720352_f_shschoollook03_d.png,11720352_f_shschoollook03_c.png,0,
11720526,에나멜 페니 로퍼 (남),11720319,122,92,77,53,39,29,11701124_M_EnamelLoafer.gltf,11701124_m_enamelloafer_d.png,11701124_m_enamelloafer_c.png,0,
11720527,에나멜 메리 제인 슈즈 (여),11720320,63,59,51,20,18,15,11701062_F_SHEnamelMaryJanes.gltf,11701062_f_shenamelmaryjanes_d.png,11701062_f_shenamelmaryjanes_c.png,0,
11720528,메이플 스니커즈 (남),11700138,76,105,181,23,40,79,11700138_M_SHHighSneakers.gltf,11700138_c_shhighsneakers_d.png,11700138_c_shhighsneakers_c.png,0,
11720529,메이플 스니커즈 (여),11700139,239,112,145,153,66,82,11700139_F_SHHighSneakers.gltf,11700138_c_shhighsneakers_d.png,11700138_c_shhighsneakers_c.png,0,
11720530,머스커티어 부츠 (남),11720530,62,73,117,27,26,48,11701129_M_SHDartagnan.gltf,11701129_c_shdartagnan_d.png,11701129_c_shdartagnan_c.png,0,
11720531,머스커티어 부츠 (여),11720531,62,73,117,27,26,48,11701130_F_SHDartagnan.gltf,11701129_c_shdartagnan_d.png,11701129_c_shdartagnan_c.png,0,
11720532,브래스 스터드 슈즈 (남),11720532,170,47,47,96,19,19,11701117_M_SHBrassStud.gltf,11701117_c_shbrassstud_d.png,11701117_c_shbrassstud_c.png,0,
11720533,브래스 스터드 슈즈 (여),11720533,170,47,47,96,19,19,11701118_F_SHBrassStud.gltf,11701117_c_shbrassstud_d.png,11701117_c_shbrassstud_c.png,0,
11720534,저항군 지그문트 부츠 (남),11720534,63,59,51,20,18,15,11700934_M_SHSigmund.gltf,11700934_c_shsigmund_d.png,11700934_c_shsigmund_d.png,0,
11720535,저항군 지그문트 부츠 (여),11720535,63,59,51,20,18,15,11700935_F_SHSigmund.gltf,11700934_c_shsigmund_d.png,11700934_c_shsigmund_d.png,0,
11720536,메이플 연합 골든 파워 부츠 (남),11701091,63,59,51,20,18,15,11701091_F_SHMapleUnion01.gltf,11701091_f_shmapleunion01_d.png,11701091_f_shmapleunion01_d.png,0,
11720537,메이플 연합 골든 파워 부츠 (여),11701351,63,59,51,20,18,15,11701091_F_SHMapleUnion01.gltf,11701091_f_shmapleunion01_d.png,11701091_f_shmapleunion01_d.png,0,
11720538,트라이아 근위대 리네아르 부츠 (남),11701042,63,59,51,20,18,15,11701042_F_SHTriaRoyalGuard01.gltf,11701042_c_shtriaroyalguard01_d.png,11701042_c_shtriaroyalguard01_d.png,0,
11720539,트라이아 근위대 리네아르 부츠 (여),11701353,63,59,51,20,18,15,11701042_F_SHTriaRoyalGuard01.gltf,11701042_c_shtriaroyalguard01_d.png,11701042_c_shtriaroyalguard01_d.png,0,
11720540,펌킨 위치 슈즈 (남),11700932,249,137,77,147,60,20,11700932_M_PAHalloween03.gltf,11700932_m_pahalloween03_d.png,11700932_m_pahalloween03_c.png,0,
11720541,펌킨 위치 슈즈 (여),11700933,249,137,77,147,60,20,11700933_F_PAHalloween03.gltf,11700933_f_pahalloween03_d.png,11700933_f_pahalloween03_c.png,0,
11720542,그린후드 자경단 피오레 부츠 (남),11701043,63,59,51,20,18,15,11701043_F_SHGreenHood01.gltf,11701043_c_shgreenhood01_d.png,11701043_c_shgreenhood01_d.png,0,
11720543,그린후드 자경단 피오레 부츠 (여),11701352,63,59,51,20,18,15,11701043_F_SHGreenHood01.gltf,11701043_c_shgreenhood01_d.png,11701043_c_shgreenhood01_d.png,0,
11720544,루미나이츠 오네스타 부츠 (남),11701041,63,59,51,20,18,15,11701041_F_SHLumiKnight01.gltf,11701041_c_shlumiknight01_d.png,11701041_c_shlumiknight01_d.png,0,
11720545,루미나이츠 오네스타 부츠 (여),11701354,63,59,51,20,18,15,11701041_F_SHLumiKnight01.gltf,11701041_c_shlumiknight01_d.png,11701041_c_shlumiknight01_d.png,0,
11720546,다크윈드 아텐토 부츠 (남),11701040,63,59,51,20,18,15,11701040_F_SHDarkWind01.gltf,11701040_c_shdarkwind01_d.png,11701040_c_shdarkwind01_d.png,0,
11720547,다크윈드 아텐토 부츠 (여),11701356,63,59,51,20,18,15,11701040_F_SHDarkWind01.gltf,11701040_c_shdarkwind01_d.png,11701040_c_shdarkwind01_d.png,0,
11720550,스피릿 원 슈즈 (남),11700605,76,105,181,23,40,79,11700485_M_SHSoulbinder05.gltf,11700485_c_shsoulbinder05_d.png,11700485_c_shsoulbinder05_c.png,0,
11720551,스피릿 원 슈즈 (여),11700606,76,105,181,23,40,79,11700485_F_SHSoulbinder05.gltf,11700485_c_shsoulbinder05_d.png,11700485_c_shsoulbinder05_c.png,0,
11720552,폼폼 냥이 슬리퍼 (남),11700677,244,189,88,163,121,39,11700677_M_SHPajamas01.gltf,11700677_m_shpajamas01_d.png,11700677_m_shpajamas01_c.png,0,
11720553,폼폼 리본 슬리퍼 (여),11700678,244,189,88,163,121,39,11700678_F_SHPajamas01.gltf,11700678_f_shpajamas01_d.png,11700678_f_shpajamas01_c.png,0,
11720554,통통 핑크빈 신발 (남),11700842,63,59,51,20,18,15,11700842_M_SHPinkbean01.gltf,11700842_c_shpinkbean01_d.png,11700842_c_shpinkbean01_d.png,0,
11720555,통통 핑크빈 신발 (여),11700843,63,59,51,20,18,15,11700843_F_SHPinkbean01.gltf,11700842_c_shpinkbean01_d.png,11700842_c_shpinkbean01_d.png,0,
11720556,알파인 스키 부츠 (남),11710023,76,105,181,23,40,79,11710023_M_SHSkiWear.gltf,11710023_c_shskiwear_d.png,11710023_c_shskiwear_c.png,0,
11720557,알파인 스키 부츠 (여),11710024,76,105,181,23,40,79,11710024_F_SHSkiWear.gltf,11710023_c_shskiwear_d.png,11710023_c_shskiwear_c.png,0,
11720558,닥터 하트 슈즈 (남),11701463,76,105,181,23,40,79,11701463_M_SHHospital01.gltf,11701463_c_shhospital01_d.png,11701463_c_shhospital01_c.png,0,
11720560,메린이 학생구두 (남),11720351,214,147,100,186,113,50,11720351_M_SHSchoolLook03.gltf,11720351_m_shschoollook03_d.png,11720351_m_shschoollook03_c.png,0,
11720561,메린이 학생구두 (여),11720352,214,147,100,186,113,50,11720352_F_SHSchoolLook03.gltf,11720352_f_shschoollook03_d.png,11720352_f_shschoollook03_c.png,0,
11720562,몽실 퍼 슈즈 (남),11701024,230,230,230,150,150,150,11701024_M_SHStarlightRabbit.gltf,11701024_c_shstarlightrabbit_d.png,11701024_c_shstarlightrabbit_c.png,0,
11720563,몽실 퍼 슈즈 (여),11701025,230,230,230,150,150,150,11701025_F_SHStarlightRabbit.gltf,11701024_c_shstarlightrabbit_d.png,11701024_c_shstarlightrabbit_c.png,0,
11720564,통통 블랙빈 신발 (남),11700368,63,59,51,20,18,15,11700368_M_SHBlackbean.gltf,11700368_c_shblackbean_d.png,11700368_c_shblackbean_d.png,0,
11720565,통통 블랙빈 신발 (여),11700368,63,59,51,20,18,15,11700369_F_SHBlackbean.gltf,11700368_c_shblackbean_d.png,11700368_c_shblackbean_d.png,0,
11720566,오리엔탈 엔젤 슈즈 (남),11701125,239,112,145,153,66,82,11790931_M_SHOrientalAngel.gltf,11790931_m_shorientalangel_d.png,11790931_m_shorientalangel_c.png,0,
11720567,오리엔탈 엔젤 슈즈 (여),11701126,239,112,145,153,66,82,11790932_F_SHOrientalAngel.gltf,11790932_f_shorientalangel_d.png,11790932_f_shorientalangel_c.png,0,
11720628,오퍼레이터 신발 (남),11700265,194,209,96,64,104,54,11700265_M_SHTechwear03.gltf,11700265_c_shtechwear03_d.png,11700265_c_shtechwear03_c.png,0,
11720629,오퍼레이터 신발 (여),11700265,194,209,96,64,104,54,11700266_F_SHTechwear03.gltf,11700265_c_shtechwear03_d.png,11700265_c_shtechwear03_c.png,0,
11720630,해피 멜로디 슈즈 (남),11720031,239,112,145,153,66,82,11720031_M_SHIdol02.gltf,11720031_c_shidol02_d.png,11720031_c_shidol02_c.png,0,
11720631,해피 멜로디 슈즈 (여),11720031,239,112,145,153,66,82,11720032_F_SHIdol02.gltf,11720031_c_shidol02_d.png,11720031_c_shidol02_c.png,0,
11720632,레드 후드 신발 (남),11720039,122,92,77,53,39,29,11720039_M_SHFairyTale01.gltf,11720039_m_shfairytale01_d.png,11720039_m_shfairytale01_c.png,0,
11720633,레드 후드 신발 (여),11720040,170,47,47,96,19,19,11720040_F_SHFairyTale01.gltf,11720040_f_shfairytale01_d.png,11720040_f_shfairytale01_c.png,0,
11720634,트라이아 궁중 화가 슈즈 (남),11720115,63,59,51,20,18,15,11701467_M_SHArtist01.gltf,11701467_c_shartist01_d.png,11701467_c_shartist01_c.png,0,
11720635,트라이아 궁중 화가 슈즈 (여),11720116,63,59,51,20,18,15,11701468_F_SHArtist01.gltf,11701467_c_shartist01_d.png,11701467_c_shartist01_c.png,0,
11720636,스트리트 훕 농구화 (남),11720133,170,47,47,96,19,19,11701457_M_SHSports03.gltf,11701457_c_shsports03_d.png,11701457_c_shsports03_c.png,0,
11720637,스트리트 훕 농구화 (여),11720134,170,47,47,96,19,19,11701458_F_SHSports03.gltf,11701457_c_shsports03_d.png,11701457_c_shsports03_c.png,0,
11720638,올림포스 크레피스 (남),11701085,158,83,63,68,31,19,11701085_M_SHOlympos01.gltf,11701085_m_sholympos01_d.png,11701085_m_sholympos01_c.png,0,
11720640,상큼 레몬 신발 (남),11720457,180,165,248,108,96,176,11720457_M_SHPicnic03.gltf,11720457_m_shpicnic03_d.png,11720457_m_shpicnic03_c.png,0,
11720641,상큼 레몬 신발 (여),11720458,180,165,248,108,96,176,11720458_F_SHPicnic03.gltf,11720458_f_shpicnic03_d.png,11720458_f_shpicnic03_c.png,0,
11720642,펑키 네온 캣 스니커즈 (남),11710013,133,81,165,53,42,71,11710013_M_SHFunkyNeonCat.gltf,11710013_c_shfunkyneoncat_d.png,11710013_c_shfunkyneoncat_c.png,0,
11720643,펑키 네온 캣 스니커즈 (여),11710014,133,81,165,53,42,71,11710014_F_SHFunkyNeonCat.gltf,11710013_c_shfunkyneoncat_d.png,11710013_c_shfunkyneoncat_c.png,0,
11720644,올림포스 크레피스 (남),11701085,158,83,63,68,31,19,11701085_M_SHOlympos01.gltf,11701085_m_sholympos01_d.png,11701085_m_sholympos01_c.png,0,
11720646,상큼 레몬 신발 (남),11720457,180,165,248,108,96,176,11720457_M_SHPicnic03.gltf,11720457_m_shpicnic03_d.png,11720457_m_shpicnic03_c.png,0,
11720647,상큼 레몬 신발 (여),11720458,180,165,248,108,96,176,11720458_F_SHPicnic03.gltf,11720458_f_shpicnic03_d.png,11720458_f_shpicnic03_c.png,0,
11720648,프레쉬 썸머 샌들 (남),11720067,214,147,100,186,113,50,11720067_M_SHSwim06.gltf,11720067_c_shswim06_d.png,11720067_c_shswim06_c.png,0,
11720649,프레쉬 썸머 샌들 (여),11720068,214,147,100,186,113,50,11720068_F_SHSwim06.gltf,11720067_c_shswim06_d.png,11720067_c_shswim06_c.png,0,
11720650,달콤한 마카롱 슈즈 (남),11720051,255,168,203,205,86,106,11720051_M_SHFood02.gltf,11720051_c_shfood02_d.png,11720051_c_shfood02_c.png,0,
11720652,해변의 낭만 비치 샌들 (남),11701437,76,105,181,23,40,79,11701437_M_SHSummer01.gltf,11701437_c_shsummer01_d.png,11701437_c_shsummer01_c.png,0,
11720653,해변의 낭만 비치 샌들 (여),11701438,76,105,181,23,40,79,11701438_F_SHSummer01.gltf,11701437_c_shsummer01_d.png,11701437_c_shsummer01_c.png,0,
11720654,썬플라워 가죽 샌들 (남),11701121,76,105,181,23,40,79,11701121_M_SHPicnic01.gltf,11701121_c_shpicnic01_d.png,11701121_c_shpicnic01_c.png,0,
11720655,썬플라워 가죽 샌들 (여),11701122,76,105,181,23,40,79,11701122_F_SHPicnic01.gltf,11701121_c_shpicnic01_d.png,11701121_c_shpicnic01_c.png,0,
11720656,숲의 정령 열매 신발 (남),11720381,244,189,88,163,121,39,11720381_M_SHFairy04.gltf,11720381_c_shfairy04_d.png,11720381_c_shfairy04_c.png,0,
11720657,숲의 정령 열매 신발 (여),11720382,244,189,88,163,121,39,11720382_F_SHFairy04.gltf,11720381_c_shfairy04_d.png,11720381_c_shfairy04_c.png,0,
11720658,다크캣 펑키 교복 부츠 (남),11701461,63,59,51,20,18,15,11701461_M_SHSchoolLook02.gltf,11701461_m_shschoollook02_d.png,11701461_c_shschoollook02_c.png,0,
11720659,다크캣 펑키 교복 부츠 (여),11701462,63,59,51,20,18,15,11701462_F_SHSchoolLook02.gltf,11701462_f_shschoollook02_d.png,11701461_c_shschoollook02_c.png,0,
11720660,장난꾸러기 요정 신발(남),11720377,133,81,165,53,42,71,11720378_M_SHFairy03.gltf,11720378_c_shfairy03_d.png,11720378_c_shfairy03_c.png,0,
11720661,장난꾸러기 요정 신발(여),11720377,133,81,165,53,42,71,11720350_F_SHFairy03.gltf,11720378_c_shfairy03_d.png,11720378_c_shfairy03_c.png,0,
11720662,트윙클 스타 학생 구두 (남),11700451,255,168,203,205,86,106,11700451_M_SHTwinkleStar.gltf,11700451_m_shtwinklestar_d.png,11700451_m_shtwinklestar_c.png,0,
11720663,트윙클 스타 학생 구두 (여),11700452,255,168,203,205,86,106,11700452_F_SHTwinkleStar.gltf,11700452_f_shtwinklestar_d.png,11700452_f_shtwinklestar_c.png,0,
11720664,블러디 나이트 부츠 (남),11700624,170,47,47,96,19,19,11700624_M_SHVampire.gltf,11700624_m_shvampire_d.png,11700624_m_shvampire_c.png,0,
11720665,블러디 퀸 펌프스 (여),11700625,170,47,47,96,19,19,11700625_F_SHVampire.gltf,11700625_f_shvampire_d.png,11700625_f_shvampire_c.png,0,
11720666,프리스타일 벨크로 스니커즈 (남),11720417,230,230,230,150,150,150,11720417_M_SHOrdinary04.gltf,11720417_c_shordinary04_d.png,11720417_c_shordinary04_c.png,0,
11720667,프리스타일 벨크로 스니커즈 (여),11720418,230,230,230,150,150,150,11720418_F_SHOrdinary04.gltf,11720417_c_shordinary04_d.png,11720417_c_shordinary04_c.png,0,
11720669,매지컬 할로윈 부츠 (여),11700379,63,59,51,20,18,15,11700379_F_SHMagicalHalloween.gltf,11700379_f_shmagicalhalloween_d.png,11700379_f_shmagicalhalloween_d.png,0,
11720670,개구쟁이 꼬마 악마 부츠 (남),11720371,63,59,51,20,18,15,11720371_M_SHHalloween05.gltf,11720371_c_shhalloween05_d.png,11720371_c_shhalloween05_c.png,0,
11720671,개구쟁이 꼬마 악마 부츠 (여),11720372,63,59,51,20,18,15,11720372_F_SHHalloween05.gltf,11720371_c_shhalloween05_d.png,11720371_c_shhalloween05_c.png,0,
11720672,로열 다크니스 부츠 (남),11710052,63,59,51,20,18,15,11710052_M_SHDarkFantasy.gltf,11710052_m_shdarkfantasy_d.png,11710052_m_shdarkfantasy_c.png,0,
11720673,로열 다크니스 부츠 (여),11710053,63,59,51,20,18,15,11710053_F_SHDarkFantasy.gltf,11710053_f_shdarkfantasy_d.png,11710053_f_shdarkfantasy_c.png,0,
11720674,다크문 키튼 신발 (남),11700263,180,165,248,108,96,176,11700263_M_SHMaid02.gltf,11700263_c_shmaid02_d.png,11700263_c_shmaid02_c.png,0,
11720675,다크문 키튼 신발 (여),11700263,180,165,248,108,96,176,11700264_F_SHMaid02.gltf,11700263_c_shmaid02_d.png,11700263_c_shmaid02_c.png,0,
11720678,스트리트 래퍼 신발 (남),11720059,230,230,230,150,150,150,11720059_M_SHIdol03.gltf,11720059_c_shidol03_d.png,11720059_c_shidol03_c.png,0,
11720679,스트리트 래퍼 신발 (여),11720060,230,230,230,150,150,150,11720060_F_SHIdol03.gltf,11720059_c_shidol03_d.png,11720059_c_shidol03_c.png,0,
11720680,하트 레더 부츠 (남),11720043,63,59,51,20,18,15,11720043_M_SHIdol04.gltf,11720043_m_shidol04_d.png,11720043_m_shidol04_c.png,0,
11720681,하트 레더 슈즈 (여),11720044,63,59,51,20,18,15,11720044_F_SHIdol04.gltf,11720044_f_shidol04_d.png,11720044_f_shidol04_c.png,0,
11720682,페리오닉 가죽 신발 (남),11701134,122,92,77,53,39,29,11701134_M_SHTraditionalNative01.gltf,11701134_m_shtraditionalnative01_d.png,11701134_m_shtraditionalnative01_c.png,0,
11720683,페리오닉 가죽 신발 (여),11701135,122,92,77,53,39,29,11701135_F_SHTraditionalNative01.gltf,11701135_f_shtraditionalnative01_d.png,11701135_f_shtraditionalnative01_c.png,0,
11720684,아기 공룡 신발 (남),11701372,194,209,96,64,104,54,11701372_M_SHDoll_Dinosaur01.gltf,11701372_c_shdoll_dinosaur01_d.png,11701372_c_shdoll_dinosaur01_c.png,0,
11720685,아기 공룡 신발 (여),11701373,194,209,96,64,104,54,11701373_F_SHDoll_Dinosaur01.gltf,11701372_c_shdoll_dinosaur01_d.png,11701372_c_shdoll_dinosaur01_c.png,0,
11720686,인페르노 부츠 (남),11700375,170,47,47,96,19,19,11700375_M_SHInfernoBoots.gltf,11700375_c_shinfernoboots_d.png,11700375_c_shinfernoboots_c.png,0,
11720687,인페르노 부츠 (여),11700376,170,47,47,96,19,19,11700376_F_SHInfernoBoots.gltf,11700375_c_shinfernoboots_d.png,11700375_c_shinfernoboots_c.png,0,
11720688,로열 아라비안 슈즈 (남),11720079,230,230,230,150,150,150,11720079_M_FairyTale03.gltf,11720079_m_shfairytale03_d.png,11720079_m_shfairytale03_c.png,0,
11720689,로열 아라비안 앵클릿 (여),11720080,244,189,88,163,121,39,11720080_F_SHFairyTale03.gltf,11720080_f_shfairytale03_d.png,11720080_f_shfairytale03_c.png,0,
11720690,은하수 별빛 부츠 (남),11710009,62,73,117,27,26,48,11710009_M_SHGalaxyFox.gltf,11710009_c_shgalaxyfox_d.png,11710009_c_shgalaxyfox_c.png,0,
11720691,은하수 별빛 부츠 (여),11710010,62,73,117,27,26,48,11710010_F_SHGalaxyFox.gltf,11710009_c_shgalaxyfox_d.png,11710009_c_shgalaxyfox_c.png,0,
11720692,살랑 나비 구두 (남),11701451,244,189,88,163,121,39,11701451_M_SHGentlyButterfly.gltf,11701451_m_shgentlybutterfly_d.png,11701451_m_shgentlybutterfly_c.png,0,
11720693,살랑 나비 구두 (여),11701452,244,189,88,163,121,39,11701452_F_SHGentlyButterfly.gltf,11701452_f_shgentlybutterfly_d.png,11701452_f_shgentlybutterfly_c.png,0,
11720694,머스커티어 부츠 (남),11701129,62,73,117,27,26,48,11701129_M_SHDartagnan.gltf,11701129_c_shdartagnan_d.png,11701129_c_shdartagnan_c.png,0,
11720695,머스커티어 부츠 (여),11701130,62,73,117,27,26,48,11701130_F_SHDartagnan.gltf,11701129_c_shdartagnan_d.png,11701129_c_shdartagnan_c.png,0,
11720696,브래스 스터드 슈즈 (남),11701117,170,47,47,96,19,19,11701117_M_SHBrassStud.gltf,11701117_c_shbrassstud_d.png,11701117_c_shbrassstud_c.png,0,
11720697,브래스 스터드 슈즈 (여),11701118,170,47,47,96,19,19,11701118_F_SHBrassStud.gltf,11701117_c_shbrassstud_d.png,11701117_c_shbrassstud_c.png,0,
11720698,저항군 지그문트 부츠 (남),11700934,63,59,51,20,18,15,11700934_M_SHSigmund.gltf,11700934_c_shsigmund_d.png,11700934_c_shsigmund_d.png,0,
11720699,저항군 지그문트 부츠 (여),11700935,63,59,51,20,18,15,11700935_F_SHSigmund.gltf,11700934_c_shsigmund_d.png,11700934_c_shsigmund_d.png,0,
11720700,메이플 쿼터백 축구화 (남),11710044,170,47,47,96,19,19,11710044_M_SHAmericanFootball01.gltf,11710044_c_shamericanfootball01_d.png,11710044_c_shamericanfootball01_c.png,0,
11720701,메이플 쿼터백 축구화 (여),11710045,170,47,47,96,19,19,11710045_F_SHAmericanFootball01.gltf,11710044_c_shamericanfootball01_d.png,11710044_c_shamericanfootball01_c.png,0,
11720702,베이스볼 풋 웨어 (남),11700601,170,47,47,96,19,19,11700601_M_SHBaseball01.gltf,11700601_m_shbaseball01_d.png,11700601_c_shbaseball01_c.png,0,
11720703,베이스볼 풋 웨어 (여),11700602,170,47,47,96,19,19,11700602_F_SHBaseball01.gltf,11700602_f_shbaseball01_d.png,11700601_c_shbaseball01_c.png,0,
11720704,트라이아 궁중 셰프 신발 (남),11710048,119,147,68,32,51,30,11710048_M_SHCook02.gltf,11710048_m_shcook02_d.png,11710048_m_shcook02_c.png,0,
11720705,트라이아 궁중 셰프 신발 (여),11710049,119,147,68,32,51,30,11710049_F_SHCook02.gltf,11710049_f_shcook02_d.png,11710049_f_shcook02_c.png,0,
11720706,마시멜로 퀼팅 부츠 (남),11710006,133,81,165,53,42,71,11710006_M_SHLollipop.gltf,11710006_c_shlollipop_d.png,11710006_c_shlollipop_c.png,0,
11720707,마시멜로 퀼팅 부츠 (여),11710007,133,81,165,53,42,71,11710007_F_SHLollipop.gltf,11710006_c_shlollipop_d.png,11710006_c_shlollipop_c.png,0,
11720708,심플 스트랩 샌들 (남),11700453,63,59,51,20,18,15,11700453_M_SHStrapSandal.gltf,11700453_m_shstrapsandal_d.png,11700453_m_shstrapsandal_c.png,0,
11720709,리본 스트랩 샌들 (여),11700454,239,112,145,153,66,82,11700454_F_SHRibbonStrapSandal.gltf,11700454_f_shribbonstrapsandal_d.png,11700454_f_shribbonstrapsandal_c.png,0,
11720710,펑키 카우보이 부츠 (남),11710017,158,83,63,68,31,19,11710017_M_SHCowPuncher.gltf,11710017_c_shcowpuncher_d.png,11710017_c_shcowpuncher_c.png,0,
11720711,펑키 카우보이 부츠 (여),11710018,158,83,63,68,31,19,11710018_F_SHCowPuncher.gltf,11710017_c_shcowpuncher_d.png,11710017_c_shcowpuncher_c.png,0,
11720712,정열의 마리아치 구두 (남),11710040,63,59,51,20,18,15,11710040_M_SHTraditionalNative02.gltf,11710040_m_shtraditionalnative02_d.png,11710040_m_shtraditionalnative02_c.png,0,
11720713,정열의 장미 스트랩 슈즈 (여),11710041,170,47,47,96,19,19,11710041_F_SHTraditionalNative02.gltf,11710041_f_shtraditionalnative02_d.png,11710041_f_shtraditionalnative02_c.png,0,
11720714,오션 클리퍼 (여),11700311,62,73,117,27,26,48,11700311_F_SHOceanClipper.gltf,11700117_c_shoceanclipper_d.png,11700117_c_shoceanclipper_c.png,0,
11720715,로열 다크니스 부츠 (남),11710052,63,59,51,20,18,15,11710052_M_SHDarkFantasy.gltf,11710052_m_shdarkfantasy_d.png,11710052_m_shdarkfantasy_c.png,0,
11720716,로열 다크니스 부츠 (여),11710053,63,59,51,20,18,15,11710053_F_SHDarkFantasy.gltf,11710053_f_shdarkfantasy_d.png,11710053_f_shdarkfantasy_c.png,0,
11720717,다크문 키튼 신발 (남),11700263,180,165,248,108,96,176,11700263_M_SHMaid02.gltf,11700263_c_shmaid02_d.png,11700263_c_shmaid02_c.png,0,
11720718,다크문 키튼 신발 (여),11700263,180,165,248,108,96,176,11700264_F_SHMaid02.gltf,11700263_c_shmaid02_d.png,11700263_c_shmaid02_c.png,0,
11720720,매지컬 할로윈 부츠 (여),11700379,63,59,51,20,18,15,11700379_F_SHMagicalHalloween.gltf,11700379_f_shmagicalhalloween_d.png,11700379_f_shmagicalhalloween_d.png,0,
11720721,스트리트 래퍼 신발 (남),11720059,230,230,230,150,150,150,11720059_M_SHIdol03.gltf,11720059_c_shidol03_d.png,11720059_c_shidol03_c.png,0,
11720722,스트리트 래퍼 신발 (여),11720060,230,230,230,150,150,150,11720060_F_SHIdol03.gltf,11720059_c_shidol03_d.png,11720059_c_shidol03_c.png,0,
11720723,하트 레더 부츠 (남),11720043,63,59,51,20,18,15,11720043_M_SHIdol04.gltf,11720043_m_shidol04_d.png,11720043_m_shidol04_c.png,0,
11720724,하트 레더 슈즈 (여),11720044,63,59,51,20,18,15,11720044_F_SHIdol04.gltf,11720044_f_shidol04_d.png,11720044_f_shidol04_c.png,0,
11720725,아기 공룡 신발 (남),11701372,194,209,96,64,104,54,11701372_M_SHDoll_Dinosaur01.gltf,11701372_c_shdoll_dinosaur01_d.png,11701372_c_shdoll_dinosaur01_c.png,0,
11720726,아기 공룡 신발 (여),11701373,194,209,96,64,104,54,11701373_F_SHDoll_Dinosaur01.gltf,11701372_c_shdoll_dinosaur01_d.png,11701372_c_shdoll_dinosaur01_c.png,0,
11720727,인페르노 부츠 (남),11700375,170,47,47,96,19,19,11700375_M_SHInfernoBoots.gltf,11700375_c_shinfernoboots_d.png,11700375_c_shinfernoboots_c.png,0,
11720728,인페르노 부츠 (여),11700376,170,47,47,96,19,19,11700376_F_SHInfernoBoots.gltf,11700375_c_shinfernoboots_d.png,11700375_c_shinfernoboots_c.png,0,
11720729,레드 후드 신발 (남),11720039,122,92,77,53,39,29,11720039_M_SHFairyTale01.gltf,11720039_m_shfairytale01_d.png,11720039_m_shfairytale01_c.png,0,
11720730,레드 후드 신발 (여),11720040,170,47,47,96,19,19,11720040_F_SHFairyTale01.gltf,11720040_f_shfairytale01_d.png,11720040_f_shfairytale01_c.png,0,
11720731,프리스타일 벨크로 스니커즈 (남),11720417,230,230,230,150,150,150,11720417_M_SHOrdinary04.gltf,11720417_c_shordinary04_d.png,11720417_c_shordinary04_c.png,0,
11720732,프리스타일 벨크로 스니커즈 (여),11720418,230,230,230,150,150,150,11720418_F_SHOrdinary04.gltf,11720417_c_shordinary04_d.png,11720417_c_shordinary04_c.png,0,
11720733,저항군 지그문트 부츠 (남),11700934,63,59,51,20,18,15,11700934_M_SHSigmund.gltf,11700934_c_shsigmund_d.png,11700934_c_shsigmund_d.png,0,
11720734,저항군 지그문트 부츠 (여),11700935,63,59,51,20,18,15,11700935_F_SHSigmund.gltf,11700934_c_shsigmund_d.png,11700934_c_shsigmund_d.png,0,
11720735,트라이아 궁중 화가 슈즈 (남),11720115,63,59,51,20,18,15,11701467_M_SHArtist01.gltf,11701467_c_shartist01_d.png,11701467_c_shartist01_c.png,0,
11720736,트라이아 궁중 화가 슈즈 (여),11720116,63,59,51,20,18,15,11701468_F_SHArtist01.gltf,11701467_c_shartist01_d.png,11701467_c_shartist01_c.png,0,
11720739,살랑 나비 구두 (남),11701451,244,189,88,163,121,39,11701451_M_SHGentlyButterfly.gltf,11701451_m_shgentlybutterfly_d.png,11701451_m_shgentlybutterfly_c.png,0,
11720740,살랑 나비 구두 (여),11701452,244,189,88,163,121,39,11701452_F_SHGentlyButterfly.gltf,11701452_f_shgentlybutterfly_d.png,11701452_f_shgentlybutterfly_c.png,0,
11720741,트윙클 스타 학생 구두 (남),11700451,255,168,203,205,86,106,11700451_M_SHTwinkleStar.gltf,11700451_m_shtwinklestar_d.png,11700451_m_shtwinklestar_c.png,0,
11720742,트윙클 스타 학생 구두 (여),11700452,255,168,203,205,86,106,11700452_F_SHTwinkleStar.gltf,11700452_f_shtwinklestar_d.png,11700452_f_shtwinklestar_c.png,0,
11730059,다크 스위프트 부츠,11700059,63,59,51,20,18,15,11700055_F_SHDarkSwiftBoots.gltf,11700055_f_shdarkswiftboots_d.png,11700055_f_shdarkswiftboots_c.png,0,
11730064,샤이닝 위자드리 부츠,11700064,63,59,51,20,18,15,11700061_F_SHShiningWizardryBoots.gltf,11700061_c_shshiningwizardryboots_d.png,11700061_c_shshiningwizardryboots_c.png,0,
11730068,사지타리우스 더블밴드 부츠,11700068,63,59,51,20,18,15,11700068_F_SHSagittariusDoubleband.gltf,11700068_c_shsagittariusdoubleband_d.png,11700068_c_shsagittariusdoubleband_c.png,0,
11730073,프로스토 데우스 부츠,11700073,63,59,51,20,18,15,11700069_F_SHProstoDeusBoots.gltf,11700069_f_shprostodeusboots_d.png,11700069_f_shprostodeusboots_c.png,0,
11730074,쉐도우 스파이크 부츠,11700074,63,59,51,20,18,15,11700074_F_shadowSpike.gltf,11700074_f_shadowspike_d.png,11700074_f_shadowspike_c.png,0,
11730076,디멘티드 부츠,11700076,63,59,51,20,18,15,11700076_F_SHDementedBoots.gltf,11700076_f_shdementedboots_d.png,11700076_f_shdementedboots_c.png,0,
11730105,스켈레톤 부츠,11700105,63,59,51,20,18,15,11700105_F_SHSkeletonBoots.gltf,11700105_c_shskeletonboots_d.png,11700105_c_shskeletonboots_c.png,0,
11730106,파일럿 부츠,11700106,63,59,51,20,18,15,11700106_F_SHPilotShoes.gltf,11700106_c_shpilotshoes_d.png,11700106_c_shpilotshoes_c.png,0,
11730107,블러디 더스크 부츠,11700107,63,59,51,20,18,15,11700107_F_SHBloodyDuskBoots.gltf,11700107_f_shbloodyduskboots_d.png,11700107_f_shbloodyduskboots_c.png,0,
11730109,님블 비트 부츠,11700109,63,59,51,20,18,15,11700109_F_SHNimbleBitBoots.gltf,11700109_f_shnimblebitboots_d.png,11700109_f_shnimblebitboots_c.png,0,
11730111,팬텀 부츠,11700111,63,59,51,20,18,15,11700111_F_SHPhantomBoots.gltf,11700111_f_shphantomboots_d.png,11700111_f_shphantomboots_c.png,0,
11730113,감시자 부츠,11700113,63,59,51,20,18,15,11700113_F_SHGuardianBoots.gltf,11700113_c_shguardianboots_d.png,11700113_c_shguardianboots_c.png,0,
11730115,에네스 부츠,11700115,63,59,51,20,18,15,11700115_F_SHEnesBoots.gltf,11700115_f_shenesboots_d.png,11700115_f_shenesboots_c.png,0,
11730324,흉포한 전사 신발,11700063,63,59,51,20,18,15,11700063_F_SHGoldenCrusadesGreeve.gltf,11700063_c_shgoldencrusadesgreeve_d.png,11700063_c_shgoldencrusadesgreeve_c.png,0,
11730325,흉포한 마법사 신발,11700026,63,59,51,20,18,15,11700025_F_StarlightShoes.gltf,11700025_c_starlightshoes_d.png,11700025_c_starlightshoes_c.png,0,
11730326,흉포한 궁수 신발,11700035,63,59,51,20,18,15,11700037_F_BlackBelt.gltf,11700037_c_blackbelt_d.png,11700037_c_blackbelt_c.png,0,
11730327,흉포한 도적 신발,11700017,63,59,51,20,18,15,11700047_F_SHCrossPirate.gltf,11700047_c_shcrosspirate_d.png,11700047_c_shcrosspirate_c.png,0,
11730328,탐식의 추적자 신발,11700112,63,59,51,20,18,15,11700112_F_SHChaserBoots.gltf,11700112_f_shchaserboots_d.png,11700112_f_shchaserboots_c.png,0,
11730329,탐식의 스터드 부츠,11700114,63,59,51,20,18,15,11700114_F_SHStuddedBoots.gltf,11700114_f_shstuddedboots_d.png,11700114_f_shstuddedboots_c.png,0,
11730330,탐식의 플라이트 부츠,11700116,63,59,51,20,18,15,11700116_F_SHFlightBoots.gltf,11700116_c_shflightboots_d.png,11700116_c_shflightboots_c.png,0,
11730331,탐식의 시피르 부츠,11700118,63,59,51,20,18,15,11700118_F_SHSurfireGlove.gltf,11700118_c_shsurfireboots_d.png,11700118_c_shsurfireboots_c.png,0,
11730332,탐식의 금룡화,11700119,63,59,51,20,18,15,11700119_F_SHGoldDragonShoes.gltf,11700119_c_shgolddragonshoes_d.png,11700119_c_shgolddragonshoes_c.png,0,
11730333,탐식의 아쿠아 슈즈,11700120,63,59,51,20,18,15,11700120_F_SHAquaShoes.gltf,11700120_c_shaquashoes_d.png,11700120_c_shaquashoes_c.png,0,
11730334,탐식의 가디언 부츠,11700121,63,59,51,20,18,15,11700121_F_SHGuardianBoots.gltf,11700121_c_shguardianboots_d.png,11700121_c_shguardianboots_c.png,0,
11730335,탐식의 프렌지 부츠,11700122,63,59,51,20,18,15,11700122_F_SHFrenzyBoots.gltf,11700122_f_shfrenzyboots_d.png,11700122_f_shfrenzyboots_c.png,0,
11730416,탐식의 트리밍 부츠,11700407,63,59,51,20,18,15,11700407_F_SHRuneBlader03.gltf,11700407_c_shruneblader03_d.png,11700407_c_shruneblader03_c.png,0,
11730417,새벽의 보이드 부츠,11700408,63,59,51,20,18,15,11700408_F_SHRuneBlader04.gltf,11700408_c_shruneblader04_d.png,11700408_c_shruneblader04_c.png,0,
11730558,흉포한 격투가 신발,11700516,63,59,51,20,18,15,11700516_F_SHFighter06.gltf,11700516_c_shfighter06_d.png,11700516_c_shfighter06_c.png,0,
11730559,탐식의 격투가 신발,11700519,63,59,51,20,18,15,11700519_F_SHFighter09.gltf,11700519_c_shfighter09_d.png,11700519_c_shfighter09_c.png,0,
11730560,새벽의 격투 신발,11700475,63,59,51,20,18,15,11700475_F_SHStriker01.gltf,11700475_c_shstriker01_d.png,11700475_c_shstriker01_c.png,0,
11730610,탐식의 기공사 신발,11700519,63,59,51,20,18,15,11700519_F_SHFighter09.gltf,11700519_c_shfighter09_d.png,11700519_c_shfighter09_c.png,0,
11730611,새벽의 기공 신발,11700481,63,59,51,20,18,15,11700481_F_SHSoulbinder01.gltf,11700481_c_shsoulbinder01_d.png,11700481_c_shsoulbinder01_c.png,0,
11740324,빛나는 흉포의 전사 신발,11700063,63,59,51,20,18,15,11700063_F_SHGoldenCrusadesGreeve.gltf,11700063_c_shgoldencrusadesgreeve_d.png,11700063_c_shgoldencrusadesgreeve_c.png,0,
11740325,빛나는 흉포의 마법사 신발,11700026,63,59,51,20,18,15,11700025_F_StarlightShoes.gltf,11700025_c_starlightshoes_d.png,11700025_c_starlightshoes_c.png,0,
11740326,빛나는 흉포의 궁수 신발,11700035,63,59,51,20,18,15,11700037_F_BlackBelt.gltf,11700037_c_blackbelt_d.png,11700037_c_blackbelt_c.png,0,
11740327,빛나는 흉포의 도적 신발,11700017,63,59,51,20,18,15,11700047_F_SHCrossPirate.gltf,11700047_c_shcrosspirate_d.png,11700047_c_shcrosspirate_c.png,0,
11740328,빛나는 탐식의 추적자 신발,11700112,63,59,51,20,18,15,11700112_F_SHChaserBoots.gltf,11700112_f_shchaserboots_d.png,11700112_f_shchaserboots_c.png,0,
11740329,빛나는 탐식의 스터드 부츠,11700114,63,59,51,20,18,15,11700114_F_SHStuddedBoots.gltf,11700114_f_shstuddedboots_d.png,11700114_f_shstuddedboots_c.png,0,
11740330,빛나는 탐식의 플라이트 부츠,11700116,63,59,51,20,18,15,11700116_F_SHFlightBoots.gltf,11700116_c_shflightboots_d.png,11700116_c_shflightboots_c.png,0,
11740331,빛나는 탐식의 시피르 부츠,11700118,63,59,51,20,18,15,11700118_F_SHSurfireGlove.gltf,11700118_c_shsurfireboots_d.png,11700118_c_shsurfireboots_c.png,0,
11740332,빛나는 탐식의 금룡화,11700119,63,59,51,20,18,15,11700119_F_SHGoldDragonShoes.gltf,11700119_c_shgolddragonshoes_d.png,11700119_c_shgolddragonshoes_c.png,0,
11740333,빛나는 탐식의 아쿠아 슈즈,11700120,63,59,51,20,18,15,11700120_F_SHAquaShoes.gltf,11700120_c_shaquashoes_d.png,11700120_c_shaquashoes_c.png,0,
11740334,빛나는 탐식의 가디언 부츠,11700121,63,59,51,20,18,15,11700121_F_SHGuardianBoots.gltf,11700121_c_shguardianboots_d.png,11700121_c_shguardianboots_c.png,0,
11740335,빛나는 탐식의 프렌지 부츠,11700122,63,59,51,20,18,15,11700122_F_SHFrenzyBoots.gltf,11700122_f_shfrenzyboots_d.png,11700122_f_shfrenzyboots_c.png,0,
11740416,빛나는 탐식의 트리밍 부츠,11700407,63,59,51,20,18,15,11700407_F_SHRuneBlader03.gltf,11700407_c_shruneblader03_d.png,11700407_c_shruneblader03_c.png,0,
11740419,룬의 전투 신발,11700381,63,59,51,20,18,15,11700381_F_SHDragonScalesBoots.gltf,11700381_c_shdragonscalesboots_d.png,11700381_c_shdragonscalesboots_c.png,0,
11740420,룬의 광란 신발,11700381,63,59,51,20,18,15,11700381_F_SHDragonScalesBoots.gltf,11700381_c_shdragonscalesboots_d.png,11700381_c_shdragonscalesboots_c.png,0,
11740421,룬의 마법 신발,11700382,63,59,51,20,18,15,11700382_F_SHAngelicTelaBoots.gltf,11700382_c_shangelictelaboots_d.png,11700382_c_shangelictelaboots_c.png,0,
11740422,룬의 신성 신발,11700382,63,59,51,20,18,15,11700382_F_SHAngelicTelaBoots.gltf,11700382_c_shangelictelaboots_d.png,11700382_c_shangelictelaboots_c.png,0,
11740423,룬의 집중 신발,11700383,63,59,51,20,18,15,11700383_F_SHPadlockCueroBoots.gltf,11700383_c_shpadlockcueroboots_d.png,11700383_c_shpadlockcueroboots_c.png,0,
11740424,룬의 포격 신발,11700383,63,59,51,20,18,15,11700383_F_SHPadlockCueroBoots.gltf,11700383_c_shpadlockcueroboots_d.png,11700383_c_shpadlockcueroboots_c.png,0,
11740425,룬의 혼란 신발,11700384,63,59,51,20,18,15,11700384_F_SHBuckledStrapBoots.gltf,11700384_c_shbuckledstrapboots_d.png,11700384_c_shbuckledstrapboots_c.png,0,
11740426,룬의 암살 신발,11700384,63,59,51,20,18,15,11700384_F_SHBuckledStrapBoots.gltf,11700384_c_shbuckledstrapboots_d.png,11700384_c_shbuckledstrapboots_c.png,0,
11740427,룬의 주술 신발,11700381,63,59,51,20,18,15,11700381_F_SHDragonScalesBoots.gltf,11700381_c_shdragonscalesboots_d.png,11700381_c_shdragonscalesboots_c.png,0,
11740558,빛나는 흉포의 격투가 신발,11700516,63,59,51,20,18,15,11700516_F_SHFighter06.gltf,11700516_c_shfighter06_d.png,11700516_c_shfighter06_c.png,0,
11740559,빛나는 탐식의 격투가 신발,11700519,63,59,51,20,18,15,11700519_F_SHFighter09.gltf,11700519_c_shfighter09_d.png,11700519_c_shfighter09_c.png,0,
11740571,룬의 난투 신발,11700480,63,59,51,20,18,15,11700480_F_SHStriker06.gltf,11700480_c_shstriker06_d.png,11700480_c_shstriker06_c.png,0,
11740610,빛나는 탐식의 기공사 신발,11700519,63,59,51,20,18,15,11700519_F_SHFighter09.gltf,11700519_c_shfighter09_d.png,11700519_c_shfighter09_c.png,0,
11740618,룬의 의식 신발,11700486,63,59,51,20,18,15,11700486_F_SHSoulbinder06.gltf,11700486_c_shsoulbinder06_d.png,11700486_c_shsoulbinder06_c.png,0,
11740626,정교한 전투 신발,11700459,63,59,51,20,18,15,11700459_F_SHWarriorClassSetBoots01.gltf,11700459_c_shwarriorclasssetboots01_d.png,11700459_c_shwarriorclasssetboots01_c.png,0,
11740627,정교한 광란 신발,11700459,63,59,51,20,18,15,11700459_F_SHWarriorClassSetBoots01.gltf,11700459_c_shwarriorclasssetboots01_d.png,11700459_c_shwarriorclasssetboots01_c.png,0,
11740628,정교한 마법 신발,11700460,63,59,51,20,18,15,11700460_F_SHMageClassSetBoots01.gltf,11700460_c_shmageclasssetboots01_d.png,11700460_c_shmageclasssetboots01_c.png,0,
11740629,정교한 신성 신발,11700460,63,59,51,20,18,15,11700460_F_SHMageClassSetBoots01.gltf,11700460_c_shmageclasssetboots01_d.png,11700460_c_shmageclasssetboots01_c.png,0,
11740630,정교한 집중 신발,11700461,63,59,51,20,18,15,11700461_F_SHHunterClassSetBoots01.gltf,11700461_c_shhunterclasssetboots01_d.png,11700461_c_shhunterclasssetboots01_c.png,0,
11740631,정교한 포격 신발,11700461,63,59,51,20,18,15,11700461_F_SHHunterClassSetBoots01.gltf,11700461_c_shhunterclasssetboots01_d.png,11700461_c_shhunterclasssetboots01_c.png,0,
11740632,정교한 혼란 신발,11700462,63,59,51,20,18,15,11700462_F_SHBrigandClassSetBoots01.gltf,11700462_c_shbrigandclasssetboots01_d.png,11700462_c_shbrigandclasssetboots01_c.png,0,
11740633,정교한 암살 신발,11700462,63,59,51,20,18,15,11700462_F_SHBrigandClassSetBoots01.gltf,11700462_c_shbrigandclasssetboots01_d.png,11700462_c_shbrigandclasssetboots01_c.png,0,
11740634,정교한 주술 신발,11700459,63,59,51,20,18,15,11700459_F_SHWarriorClassSetBoots01.gltf,11700459_c_shwarriorclasssetboots01_d.png,11700459_c_shwarriorclasssetboots01_c.png,0,
11740635,정교한 난투 신발,11700598,63,59,51,20,18,15,11700598_F_SHFighter10.gltf,11700598_c_shfighter10_d.png,11700598_c_shfighter10_c.png,0,
11740636,정교한 의식 신발,11700598,63,59,51,20,18,15,11700598_F_SHFighter10.gltf,11700598_c_shfighter10_d.png,11700598_c_shfighter10_c.png,0,
11750324,빛나는 흉포의 전사 신발,11700063,63,59,51,20,18,15,11700063_F_SHGoldenCrusadesGreeve.gltf,11700063_c_shgoldencrusadesgreeve_d.png,11700063_c_shgoldencrusadesgreeve_c.png,0,
11750325,빛나는 흉포의 마법사 신발,11700026,63,59,51,20,18,15,11700025_F_StarlightShoes.gltf,11700025_c_starlightshoes_d.png,11700025_c_starlightshoes_c.png,0,
11750326,빛나는 흉포의 궁수 신발,11700035,63,59,51,20,18,15,11700037_F_BlackBelt.gltf,11700037_c_blackbelt_d.png,11700037_c_blackbelt_c.png,0,
11750327,빛나는 흉포의 도적 신발,11700017,63,59,51,20,18,15,11700047_F_SHCrossPirate.gltf,11700047_c_shcrosspirate_d.png,11700047_c_shcrosspirate_c.png,0,
11750419,룬의 전투 신발,11700381,63,59,51,20,18,15,11700381_F_SHDragonScalesBoots.gltf,11700381_c_shdragonscalesboots_d.png,11700381_c_shdragonscalesboots_c.png,0,
11750420,룬의 광란 신발,11700381,63,59,51,20,18,15,11700381_F_SHDragonScalesBoots.gltf,11700381_c_shdragonscalesboots_d.png,11700381_c_shdragonscalesboots_c.png,0,
11750421,룬의 마법 신발,11700382,63,59,51,20,18,15,11700382_F_SHAngelicTelaBoots.gltf,11700382_c_shangelictelaboots_d.png,11700382_c_shangelictelaboots_c.png,0,
11750422,룬의 신성 신발,11700382,63,59,51,20,18,15,11700382_F_SHAngelicTelaBoots.gltf,11700382_c_shangelictelaboots_d.png,11700382_c_shangelictelaboots_c.png,0,
11750423,룬의 집중 신발,11700383,63,59,51,20,18,15,11700383_F_SHPadlockCueroBoots.gltf,11700383_c_shpadlockcueroboots_d.png,11700383_c_shpadlockcueroboots_c.png,0,
11750424,룬의 포격 신발,11700383,63,59,51,20,18,15,11700383_F_SHPadlockCueroBoots.gltf,11700383_c_shpadlockcueroboots_d.png,11700383_c_shpadlockcueroboots_c.png,0,
11750425,룬의 혼란 신발,11700384,63,59,51,20,18,15,11700384_F_SHBuckledStrapBoots.gltf,11700384_c_shbuckledstrapboots_d.png,11700384_c_shbuckledstrapboots_c.png,0,
11750426,룬의 암살 신발,11700384,63,59,51,20,18,15,11700384_F_SHBuckledStrapBoots.gltf,11700384_c_shbuckledstrapboots_d.png,11700384_c_shbuckledstrapboots_c.png,0,
11750427,룬의 주술 신발,11700381,63,59,51,20,18,15,11700381_F_SHDragonScalesBoots.gltf,11700381_c_shdragonscalesboots_d.png,11700381_c_shdragonscalesboots_c.png,0,
11750428,광포한 전투 신발,11701033,63,59,51,20,18,15,11701033_F_SHFury.gltf,11701033_c_shfury_d.png,11701033_c_shfury_c.png,0,
11750429,광포한 광란 신발,11701033,63,59,51,20,18,15,11701033_F_SHFury.gltf,11701033_c_shfury_d.png,11701033_c_shfury_c.png,0,
11750430,광포한 마법 신발,11701033,63,59,51,20,18,15,11701033_F_SHFury.gltf,11701033_c_shfury_d.png,11701033_c_shfury_c.png,0,
11750431,광포한 신성 신발,11701033,63,59,51,20,18,15,11701033_F_SHFury.gltf,11701033_c_shfury_d.png,11701033_c_shfury_c.png,0,
11750432,광포한 집중 신발,11701033,63,59,51,20,18,15,11701033_F_SHFury.gltf,11701033_c_shfury_d.png,11701033_c_shfury_c.png,0,
11750433,광포한 포격 신발,11701033,63,59,51,20,18,15,11701033_F_SHFury.gltf,11701033_c_shfury_d.png,11701033_c_shfury_c.png,0,
11750434,광포한 혼란 신발,11701033,63,59,51,20,18,15,11701033_F_SHFury.gltf,11701033_c_shfury_d.png,11701033_c_shfury_c.png,0,
11750435,광포한 암살 신발,11701033,63,59,51,20,18,15,11701033_F_SHFury.gltf,11701033_c_shfury_d.png,11701033_c_shfury_c.png,0,
11750436,광포한 주술 신발,11701033,63,59,51,20,18,15,11701033_F_SHFury.gltf,11701033_c_shfury_d.png,11701033_c_shfury_c.png,0,
11750558,빛나는 흉포의 격투가 신발,11700516,63,59,51,20,18,15,11700516_F_SHFighter06.gltf,11700516_c_shfighter06_d.png,11700516_c_shfighter06_c.png,0,
11750567,광포한 난투 신발,11701033,63,59,51,20,18,15,11701033_F_SHFury.gltf,11701033_c_shfury_d.png,11701033_c_shfury_c.png,0,
11750614,광포한 의식 신발,11701033,63,59,51,20,18,15,11701033_F_SHFury.gltf,11701033_c_shfury_d.png,11701033_c_shfury_c.png,0,
11750618,룬의 의식 신발,11700486,63,59,51,20,18,15,11700486_F_SHSoulbinder06.gltf,11700486_c_shsoulbinder06_d.png,11700486_c_shsoulbinder06_c.png,0,
11751079,불안정한 힘의 전사 신발,11709996,63,59,51,20,18,15,11700003_F_SHSilverOrihalcon.gltf,11700003_f_shsilverorihalcon_d.png,11700003_f_shsilverorihalcon_d.png,0,
11751080,불안정한 힘의 마법사 신발,11700078,63,59,51,20,18,15,11700002_F_SHRibbonDeco.gltf,11700002_f_shribbondeco_d.png,11700002_f_shribbondeco_c.png,0,
11751081,불안정한 힘의 궁수 신발,11700104,63,59,51,20,18,15,11700104_F_SHMilitiaBoots.gltf,11700104_c_shmilitiaboots_d.png,11700104_c_shmilitiaboots_d.png,0,
11751082,불안정한 힘의 도적 신발,11700052,63,59,51,20,18,15,01700018_F_GoldSilkyShoes.gltf,01700017_c_goldsilkyshoes_d.png,01700017_c_goldsilkyshoes_c.png,0,
11751083,불안정한 힘의 격투가 신발,11700517,63,59,51,20,18,15,11700517_F_SHFighter07.gltf,11700517_c_shfighter07_d.png,11700517_c_shfighter07_c.png,0,
11751084,불안정한 힘의 기공사 신발,11700517,63,59,51,20,18,15,11700517_F_SHFighter07.gltf,11700517_c_shfighter07_d.png,11700517_c_shfighter07_c.png,0,
11751094,브라이트 스타의 전투 신발,11700660,63,59,51,20,18,15,11700660_F_SHBrightStar.gltf,11700660_c_shbrightstar_d.png,11700660_c_shbrightstar_c.png,0,
11751095,브라이트 스타의 광란 신발,11700660,63,59,51,20,18,15,11700660_F_SHBrightStar.gltf,11700660_c_shbrightstar_d.png,11700660_c_shbrightstar_c.png,0,
11751096,브라이트 스타의 마법 신발,11700660,63,59,51,20,18,15,11700660_F_SHBrightStar.gltf,11700660_c_shbrightstar_d.png,11700660_c_shbrightstar_c.png,0,
11751097,브라이트 스타의 신성 신발,11700660,63,59,51,20,18,15,11700660_F_SHBrightStar.gltf,11700660_c_shbrightstar_d.png,11700660_c_shbrightstar_c.png,0,
11751098,브라이트 스타의 집중 신발,11700660,63,59,51,20,18,15,11700660_F_SHBrightStar.gltf,11700660_c_shbrightstar_d.png,11700660_c_shbrightstar_c.png,0,
11751099,브라이트 스타의 포격 신발,11700660,63,59,51,20,18,15,11700660_F_SHBrightStar.gltf,11700660_c_shbrightstar_d.png,11700660_c_shbrightstar_c.png,0,
11751100,브라이트 스타의 혼란 신발,11700660,63,59,51,20,18,15,11700660_F_SHBrightStar.gltf,11700660_c_shbrightstar_d.png,11700660_c_shbrightstar_c.png,0,
11751101,브라이트 스타의 암살 신발,11700660,63,59,51,20,18,15,11700660_F_SHBrightStar.gltf,11700660_c_shbrightstar_d.png,11700660_c_shbrightstar_c.png,0,
11751102,브라이트 스타의 주술 신발,11700660,63,59,51,20,18,15,11700660_F_SHBrightStar.gltf,11700660_c_shbrightstar_d.png,11700660_c_shbrightstar_c.png,0,
11751103,브라이트 스타의 난투 신발,11700660,63,59,51,20,18,15,11700660_F_SHBrightStar.gltf,11700660_c_shbrightstar_d.png,11700660_c_shbrightstar_c.png,0,
11751104,브라이트 스타의 의식 신발,11700660,63,59,51,20,18,15,11700660_F_SHBrightStar.gltf,11700660_c_shbrightstar_d.png,11700660_c_shbrightstar_c.png,0,
11751105,크림슨 발록의 전투 신발,11701039,63,59,51,20,18,15,11701039_F_SHBalrogB01.gltf,11701039_c_shbalrogb01_d.png,11701039_c_shbalrogb01_c.png,0,
11751106,크림슨 발록의 광란 신발,11701039,63,59,51,20,18,15,11701039_F_SHBalrogB01.gltf,11701039_c_shbalrogb01_d.png,11701039_c_shbalrogb01_c.png,0,
11751107,크림슨 발록의 마법 신발,11701039,63,59,51,20,18,15,11701039_F_SHBalrogB01.gltf,11701039_c_shbalrogb01_d.png,11701039_c_shbalrogb01_c.png,0,
11751108,크림슨 발록의 신성 신발,11701039,63,59,51,20,18,15,11701039_F_SHBalrogB01.gltf,11701039_c_shbalrogb01_d.png,11701039_c_shbalrogb01_c.png,0,
11751109,크림슨 발록의 집중 신발,11701039,63,59,51,20,18,15,11701039_F_SHBalrogB01.gltf,11701039_c_shbalrogb01_d.png,11701039_c_shbalrogb01_c.png,0,
11751110,크림슨 발록의 포격 신발,11701039,63,59,51,20,18,15,11701039_F_SHBalrogB01.gltf,11701039_c_shbalrogb01_d.png,11701039_c_shbalrogb01_c.png,0,
11751111,크림슨 발록의 혼란 신발,11701039,63,59,51,20,18,15,11701039_F_SHBalrogB01.gltf,11701039_c_shbalrogb01_d.png,11701039_c_shbalrogb01_c.png,0,
11751112,크림슨 발록의 암살 신발,11701039,63,59,51,20,18,15,11701039_F_SHBalrogB01.gltf,11701039_c_shbalrogb01_d.png,11701039_c_shbalrogb01_c.png,0,
11751113,크림슨 발록의 주술 신발,11701039,63,59,51,20,18,15,11701039_F_SHBalrogB01.gltf,11701039_c_shbalrogb01_d.png,11701039_c_shbalrogb01_c.png,0,
11751114,크림슨 발록의 난투 신발,11701039,63,59,51,20,18,15,11701039_F_SHBalrogB01.gltf,11701039_c_shbalrogb01_d.png,11701039_c_shbalrogb01_c.png,0,
11751115,크림슨 발록의 의식 신발,11701039,63,59,51,20,18,15,11701039_F_SHBalrogB01.gltf,11701039_c_shbalrogb01_d.png,11701039_c_shbalrogb01_c.png,0,
11760105,불멸의 스켈레톤 부츠,11700105,63,59,51,20,18,15,11700105_F_SHSkeletonBoots.gltf,11700105_c_shskeletonboots_d.png,11700105_c_shskeletonboots_c.png,0,
11760106,불멸의 파일럿 부츠,11700106,63,59,51,20,18,15,11700106_F_SHPilotShoes.gltf,11700106_c_shpilotshoes_d.png,11700106_c_shpilotshoes_c.png,0,
11760107,불멸의 블러디 더스크 부츠,11700107,63,59,51,20,18,15,11700107_F_SHBloodyDuskBoots.gltf,11700107_f_shbloodyduskboots_d.png,11700107_f_shbloodyduskboots_c.png,0,
11760108,불멸의 세비어즈 장화,11700108,63,59,51,20,18,15,11700108_F_SHSaviorsBoots.gltf,11700108_c_shsaviorsboots_d.png,11700108_c_shsaviorsboots_c.png,0,
11760109,불멸의 님블 비트 부츠,11700109,63,59,51,20,18,15,11700109_F_SHNimbleBitBoots.gltf,11700109_f_shnimblebitboots_d.png,11700109_f_shnimblebitboots_c.png,0,
11760111,불멸의 팬텀 부츠,11700111,63,59,51,20,18,15,11700111_F_SHPhantomBoots.gltf,11700111_f_shphantomboots_d.png,11700111_f_shphantomboots_c.png,0,
11760113,불멸의 감시자 부츠,11700113,63,59,51,20,18,15,11700113_F_SHGuardianBoots.gltf,11700113_c_shguardianboots_d.png,11700113_c_shguardianboots_c.png,0,
11760115,불멸의 에네스 부츠,11700115,63,59,51,20,18,15,11700115_F_SHEnesBoots.gltf,11700115_f_shenesboots_d.png,11700115_f_shenesboots_c.png,0,
11760417,불멸의 보이드 부츠,11700408,63,59,51,20,18,15,11700408_F_SHRuneBlader04.gltf,11700408_c_shruneblader04_d.png,11700408_c_shruneblader04_c.png,0,
11760558,복제된 흉포의 격투가 신발,11700516,63,59,51,20,18,15,11700516_F_SHFighter06.gltf,11700516_c_shfighter06_d.png,11700516_c_shfighter06_c.png,0,
11760560,불멸의 격투 신발,11700475,63,59,51,20,18,15,11700475_F_SHStriker01.gltf,11700475_c_shstriker01_d.png,11700475_c_shstriker01_c.png,0,
11760611,불멸의 기공 신발,11700481,63,59,51,20,18,15,11700481_F_SHSoulbinder01.gltf,11700481_c_shsoulbinder01_d.png,11700481_c_shsoulbinder01_c.png,0,
11760909,리버스 나이트 그리브,11700881,63,59,51,20,18,15,11700881_F_SHReverseRaidA01.gltf,11700881_c_shreverseraida01_d.png,11700881_c_shreverseraida01_c.png,0,
11760910,리버스 버서커 그리브,11700881,63,59,51,20,18,15,11700881_F_SHReverseRaidA01.gltf,11700881_c_shreverseraida01_d.png,11700881_c_shreverseraida01_c.png,0,
11760911,리버스 위자드 그리브,11700881,63,59,51,20,18,15,11700881_F_SHReverseRaidA01.gltf,11700881_c_shreverseraida01_d.png,11700881_c_shreverseraida01_c.png,0,
11760912,리버스 프리스트 그리브,11700881,63,59,51,20,18,15,11700881_F_SHReverseRaidA01.gltf,11700881_c_shreverseraida01_d.png,11700881_c_shreverseraida01_c.png,0,
11760913,리버스 레인저 그리브,11700881,63,59,51,20,18,15,11700881_F_SHReverseRaidA01.gltf,11700881_c_shreverseraida01_d.png,11700881_c_shreverseraida01_c.png,0,
11760914,리버스 헤비거너 그리브,11700881,63,59,51,20,18,15,11700881_F_SHReverseRaidA01.gltf,11700881_c_shreverseraida01_d.png,11700881_c_shreverseraida01_c.png,0,
11760915,리버스 시프 그리브,11700881,63,59,51,20,18,15,11700881_F_SHReverseRaidA01.gltf,11700881_c_shreverseraida01_d.png,11700881_c_shreverseraida01_c.png,0,
11760916,리버스 어쌔신 그리브,11700881,63,59,51,20,18,15,11700881_F_SHReverseRaidA01.gltf,11700881_c_shreverseraida01_d.png,11700881_c_shreverseraida01_c.png,0,
11760917,리버스 블레이더 그리브,11700881,63,59,51,20,18,15,11700881_F_SHReverseRaidA01.gltf,11700881_c_shreverseraida01_d.png,11700881_c_shreverseraida01_c.png,0,
11760918,리버스 스트라이커 그리브,11700881,63,59,51,20,18,15,11700881_F_SHReverseRaidA01.gltf,11700881_c_shreverseraida01_d.png,11700881_c_shreverseraida01_c.png,0,
11760919,리버스 소울바인더 그리브,11700881,63,59,51,20,18,15,11700881_F_SHReverseRaidA01.gltf,11700881_c_shreverseraida01_d.png,11700881_c_shreverseraida01_c.png,0,
11761136,타이드 캡틴 부츠 (나이트),11700718,63,59,51,20,18,15,11700598_F_SHPirate.gltf,11700598_f_shpirate_d.png,11700598_f_shpirate_c.png,0,
11761137,타이드 캡틴 부츠 (버서커),11700718,63,59,51,20,18,15,11700598_F_SHPirate.gltf,11700598_f_shpirate_d.png,11700598_f_shpirate_c.png,0,
11761138,타이드 캡틴 부츠 (위자드),11700718,63,59,51,20,18,15,11700598_F_SHPirate.gltf,11700598_f_shpirate_d.png,11700598_f_shpirate_c.png,0,
11761139,타이드 캡틴 부츠 (프리스트),11700718,63,59,51,20,18,15,11700598_F_SHPirate.gltf,11700598_f_shpirate_d.png,11700598_f_shpirate_c.png,0,
11761140,타이드 캡틴 부츠 (레인저),11700718,63,59,51,20,18,15,11700598_F_SHPirate.gltf,11700598_f_shpirate_d.png,11700598_f_shpirate_c.png,0,
11761141,타이드 캡틴 부츠 (헤비거너),11700718,63,59,51,20,18,15,11700598_F_SHPirate.gltf,11700598_f_shpirate_d.png,11700598_f_shpirate_c.png,0,
11761142,타이드 캡틴 부츠 (시프),11700718,63,59,51,20,18,15,11700598_F_SHPirate.gltf,11700598_f_shpirate_d.png,11700598_f_shpirate_c.png,0,
11761143,타이드 캡틴 부츠 (어쌔신),11700718,63,59,51,20,18,15,11700598_F_SHPirate.gltf,11700598_f_shpirate_d.png,11700598_f_shpirate_c.png,0,
11761144,타이드 캡틴 부츠 (룬블레이더),11700718,63,59,51,20,18,15,11700598_F_SHPirate.gltf,11700598_f_shpirate_d.png,11700598_f_shpirate_c.png,0,
11761145,타이드 캡틴 부츠 (스트라이커),11700718,63,59,51,20,18,15,11700598_F_SHPirate.gltf,11700598_f_shpirate_d.png,11700598_f_shpirate_c.png,0,
11761146,타이드 캡틴 부츠 (소울바인더),11700718,63,59,51,20,18,15,11700598_F_SHPirate.gltf,11700598_f_shpirate_d.png,11700598_f_shpirate_c.png,0,
11761158,윙드 데몬 그리브 (나이트),11700659,63,59,51,20,18,15,11700659_F_SHDragon.gltf,11700659_c_shdragon_d.png,11700659_c_shdragon_c.png,0,
11761159,윙드 데몬 그리브 (버서커),11700659,63,59,51,20,18,15,11700659_F_SHDragon.gltf,11700659_c_shdragon_d.png,11700659_c_shdragon_c.png,0,
11761160,윙드 데몬 그리브 (위자드),11700659,63,59,51,20,18,15,11700659_F_SHDragon.gltf,11700659_c_shdragon_d.png,11700659_c_shdragon_c.png,0,
11761161,윙드 데몬 그리브 (프리스트),11700659,63,59,51,20,18,15,11700659_F_SHDragon.gltf,11700659_c_shdragon_d.png,11700659_c_shdragon_c.png,0,
11761162,윙드 데몬 그리브 (레인저),11700659,63,59,51,20,18,15,11700659_F_SHDragon.gltf,11700659_c_shdragon_d.png,11700659_c_shdragon_c.png,0,
11761163,윙드 데몬 그리브 (헤비거너),11700659,63,59,51,20,18,15,11700659_F_SHDragon.gltf,11700659_c_shdragon_d.png,11700659_c_shdragon_c.png,0,
11761164,윙드 데몬 그리브 (시프),11700659,63,59,51,20,18,15,11700659_F_SHDragon.gltf,11700659_c_shdragon_d.png,11700659_c_shdragon_c.png,0,
11761165,윙드 데몬 그리브 (어쌔신),11700659,63,59,51,20,18,15,11700659_F_SHDragon.gltf,11700659_c_shdragon_d.png,11700659_c_shdragon_c.png,0,
11761166,윙드 데몬 그리브 (룬블레이더),11700659,63,59,51,20,18,15,11700659_F_SHDragon.gltf,11700659_c_shdragon_d.png,11700659_c_shdragon_c.png,0,
11761167,윙드 데몬 그리브 (스트라이커),11700659,63,59,51,20,18,15,11700659_F_SHDragon.gltf,11700659_c_shdragon_d.png,11700659_c_shdragon_c.png,0,
11761168,윙드 데몬 그리브 (소울바인더),11700659,63,59,51,20,18,15,11700659_F_SHDragon.gltf,11700659_c_shdragon_d.png,11700659_c_shdragon_c.png,0,
11761169,베히모스 레더 부츠 (나이트),11701034,63,59,51,20,18,15,11701034_F_SHVehement.gltf,11701034_c_shvehement_d.png,11701034_c_shvehement_c.png,0,
11761170,베히모스 레더 부츠 (버서커),11701034,63,59,51,20,18,15,11701034_F_SHVehement.gltf,11701034_c_shvehement_d.png,11701034_c_shvehement_c.png,0,
11761171,베히모스 레더 부츠 (위자드),11701034,63,59,51,20,18,15,11701034_F_SHVehement.gltf,11701034_c_shvehement_d.png,11701034_c_shvehement_c.png,0,
11761172,베히모스 레더 부츠 (프리스트),11701034,63,59,51,20,18,15,11701034_F_SHVehement.gltf,11701034_c_shvehement_d.png,11701034_c_shvehement_c.png,0,
11761173,베히모스 레더 부츠 (레인저),11701034,63,59,51,20,18,15,11701034_F_SHVehement.gltf,11701034_c_shvehement_d.png,11701034_c_shvehement_c.png,0,
11761174,베히모스 레더 부츠 (헤비거너),11701034,63,59,51,20,18,15,11701034_F_SHVehement.gltf,11701034_c_shvehement_d.png,11701034_c_shvehement_c.png,0,
11761175,베히모스 레더 부츠 (시프),11701034,63,59,51,20,18,15,11701034_F_SHVehement.gltf,11701034_c_shvehement_d.png,11701034_c_shvehement_c.png,0,
11761176,베히모스 레더 부츠 (어쌔신),11701034,63,59,51,20,18,15,11701034_F_SHVehement.gltf,11701034_c_shvehement_d.png,11701034_c_shvehement_c.png,0,
11761177,베히모스 레더 부츠 (룬블레이더),11701034,63,59,51,20,18,15,11701034_F_SHVehement.gltf,11701034_c_shvehement_d.png,11701034_c_shvehement_c.png,0,
11761178,베히모스 레더 부츠 (스트라이커),11701034,63,59,51,20,18,15,11701034_F_SHVehement.gltf,11701034_c_shvehement_d.png,11701034_c_shvehement_c.png,0,
11761179,베히모스 레더 부츠 (소울바인더),11701034,63,59,51,20,18,15,11701034_F_SHVehement.gltf,11701034_c_shvehement_d.png,11701034_c_shvehement_c.png,0,
11761180,에일리온 보이드 워커 (나이트),11700892,63,59,51,20,18,15,11700892_F_SHReverseRaidA02.gltf,11700892_c_shreverseraida02_d.png,11700892_c_shreverseraida02_c.png,0,
11761181,에일리온 보이드 워커 (버서커),11700892,63,59,51,20,18,15,11700892_F_SHReverseRaidA02.gltf,11700892_c_shreverseraida02_d.png,11700892_c_shreverseraida02_c.png,0,
11761182,에일리온 보이드 워커 (위자드),11700892,63,59,51,20,18,15,11700892_F_SHReverseRaidA02.gltf,11700892_c_shreverseraida02_d.png,11700892_c_shreverseraida02_c.png,0,
11761183,에일리온 보이드 워커 (프리스트),11700892,63,59,51,20,18,15,11700892_F_SHReverseRaidA02.gltf,11700892_c_shreverseraida02_d.png,11700892_c_shreverseraida02_c.png,0,
11761184,에일리온 보이드 워커 (레인저),11700892,63,59,51,20,18,15,11700892_F_SHReverseRaidA02.gltf,11700892_c_shreverseraida02_d.png,11700892_c_shreverseraida02_c.png,0,
11761185,에일리온 보이드 워커 (헤비거너),11700892,63,59,51,20,18,15,11700892_F_SHReverseRaidA02.gltf,11700892_c_shreverseraida02_d.png,11700892_c_shreverseraida02_c.png,0,
11761186,에일리온 보이드 워커 (시프),11700892,63,59,51,20,18,15,11700892_F_SHReverseRaidA02.gltf,11700892_c_shreverseraida02_d.png,11700892_c_shreverseraida02_c.png,0,
11761187,에일리온 보이드 워커 (어쌔신),11700892,63,59,51,20,18,15,11700892_F_SHReverseRaidA02.gltf,11700892_c_shreverseraida02_d.png,11700892_c_shreverseraida02_c.png,0,
11761188,에일리온 보이드 워커 (룬블레이더),11700892,63,59,51,20,18,15,11700892_F_SHReverseRaidA02.gltf,11700892_c_shreverseraida02_d.png,11700892_c_shreverseraida02_c.png,0,
11761189,에일리온 보이드 워커 (스트라이커),11700892,63,59,51,20,18,15,11700892_F_SHReverseRaidA02.gltf,11700892_c_shreverseraida02_d.png,11700892_c_shreverseraida02_c.png,0,
11761190,에일리온 보이드 워커 (소울바인더),11700892,63,59,51,20,18,15,11700892_F_SHReverseRaidA02.gltf,11700892_c_shreverseraida02_d.png,11700892_c_shreverseraida02_c.png,0,
11761191,블랙 뱅가드 워 부츠 (나이트),11700607,63,59,51,20,18,15,11700607_F_SHDarkSteel.gltf,11700607_c_shdarksteel_d.png,11700607_c_shdarksteel_c.png,0,
11761192,블랙 뱅가드 워 부츠 (버서커),11700607,63,59,51,20,18,15,11700607_F_SHDarkSteel.gltf,11700607_c_shdarksteel_d.png,11700607_c_shdarksteel_c.png,0,
11761193,블랙 뱅가드 워 부츠 (위자드),11700607,63,59,51,20,18,15,11700607_F_SHDarkSteel.gltf,11700607_c_shdarksteel_d.png,11700607_c_shdarksteel_c.png,0,
11761194,블랙 뱅가드 워 부츠 (프리스트),11700607,63,59,51,20,18,15,11700607_F_SHDarkSteel.gltf,11700607_c_shdarksteel_d.png,11700607_c_shdarksteel_c.png,0,
11761195,블랙 뱅가드 워 부츠 (레인저),11700607,63,59,51,20,18,15,11700607_F_SHDarkSteel.gltf,11700607_c_shdarksteel_d.png,11700607_c_shdarksteel_c.png,0,
11761196,블랙 뱅가드 워 부츠 (헤비거너),11700607,63,59,51,20,18,15,11700607_F_SHDarkSteel.gltf,11700607_c_shdarksteel_d.png,11700607_c_shdarksteel_c.png,0,
11761197,블랙 뱅가드 워 부츠 (시프),11700607,63,59,51,20,18,15,11700607_F_SHDarkSteel.gltf,11700607_c_shdarksteel_d.png,11700607_c_shdarksteel_c.png,0,
11761198,블랙 뱅가드 워 부츠 (어쌔신),11700607,63,59,51,20,18,15,11700607_F_SHDarkSteel.gltf,11700607_c_shdarksteel_d.png,11700607_c_shdarksteel_c.png,0,
11761199,블랙 뱅가드 워 부츠 (룬블레이더),11700607,63,59,51,20,18,15,11700607_F_SHDarkSteel.gltf,11700607_c_shdarksteel_d.png,11700607_c_shdarksteel_c.png,0,
11761200,블랙 뱅가드 워 부츠 (스트라이커),11700607,63,59,51,20,18,15,11700607_F_SHDarkSteel.gltf,11700607_c_shdarksteel_d.png,11700607_c_shdarksteel_c.png,0,
11761201,블랙 뱅가드 워 부츠 (소울바인더),11700607,63,59,51,20,18,15,11700607_F_SHDarkSteel.gltf,11700607_c_shdarksteel_d.png,11700607_c_shdarksteel_c.png,0,
11761202,블랙퓨리티 카발릭 부츠 (나이트),11701131,63,59,51,20,18,15,11701131_F_SHDarkTutor.gltf,11701131_c_shdarktutor_d.png,11701131_c_shdarktutor_c.png,0,
11761203,블랙퓨리티 카발릭 부츠 (버서커),11701131,63,59,51,20,18,15,11701131_F_SHDarkTutor.gltf,11701131_c_shdarktutor_d.png,11701131_c_shdarktutor_c.png,0,
11761204,블랙퓨리티 카발릭 부츠 (위자드),11701131,63,59,51,20,18,15,11701131_F_SHDarkTutor.gltf,11701131_c_shdarktutor_d.png,11701131_c_shdarktutor_c.png,0,
11761205,블랙퓨리티 카발릭 부츠 (프리스트),11701131,63,59,51,20,18,15,11701131_F_SHDarkTutor.gltf,11701131_c_shdarktutor_d.png,11701131_c_shdarktutor_c.png,0,
11761206,블랙퓨리티 카발릭 부츠 (레인저),11701131,63,59,51,20,18,15,11701131_F_SHDarkTutor.gltf,11701131_c_shdarktutor_d.png,11701131_c_shdarktutor_c.png,0,
11761207,블랙퓨리티 카발릭 부츠 (헤비거너),11701131,63,59,51,20,18,15,11701131_F_SHDarkTutor.gltf,11701131_c_shdarktutor_d.png,11701131_c_shdarktutor_c.png,0,
11761208,블랙퓨리티 카발릭 부츠 (시프),11701131,63,59,51,20,18,15,11701131_F_SHDarkTutor.gltf,11701131_c_shdarktutor_d.png,11701131_c_shdarktutor_c.png,0,
11761209,블랙퓨리티 카발릭 부츠 (어쌔신),11701131,63,59,51,20,18,15,11701131_F_SHDarkTutor.gltf,11701131_c_shdarktutor_d.png,11701131_c_shdarktutor_c.png,0,
11761210,블랙퓨리티 카발릭 부츠 (룬블레이더),11701131,63,59,51,20,18,15,11701131_F_SHDarkTutor.gltf,11701131_c_shdarktutor_d.png,11701131_c_shdarktutor_c.png,0,
11761211,블랙퓨리티 카발릭 부츠 (스트라이커),11701131,63,59,51,20,18,15,11701131_F_SHDarkTutor.gltf,11701131_c_shdarktutor_d.png,11701131_c_shdarktutor_c.png,0,
11761212,블랙퓨리티 카발릭 부츠 (소울바인더),11701131,63,59,51,20,18,15,11701131_F_SHDarkTutor.gltf,11701131_c_shdarktutor_d.png,11701131_c_shdarktutor_c.png,0,
11761301,강화된 품위의 전투 신발,11700721,63,59,51,20,18,15,11700721_F_SHArenaA01.gltf,11700721_c_sharenaa01_d.png,11700721_c_sharenaa01_c.png,0,
11761302,강화된 품위의 광란 신발,11700721,63,59,51,20,18,15,11700721_F_SHArenaA01.gltf,11700721_c_sharenaa01_d.png,11700721_c_sharenaa01_c.png,0,
11761303,강화된 품위의 마법 신발,11700721,63,59,51,20,18,15,11700721_F_SHArenaA01.gltf,11700721_c_sharenaa01_d.png,11700721_c_sharenaa01_c.png,0,
11761304,강화된 품위의 신성 신발,11700721,63,59,51,20,18,15,11700721_F_SHArenaA01.gltf,11700721_c_sharenaa01_d.png,11700721_c_sharenaa01_c.png,0,
11761305,강화된 품위의 집중 신발,11700721,63,59,51,20,18,15,11700721_F_SHArenaA01.gltf,11700721_c_sharenaa01_d.png,11700721_c_sharenaa01_c.png,0,
11761306,강화된 품위의 포격 신발,11700721,63,59,51,20,18,15,11700721_F_SHArenaA01.gltf,11700721_c_sharenaa01_d.png,11700721_c_sharenaa01_c.png,0,
11761307,강화된 품위의 혼란 신발,11700721,63,59,51,20,18,15,11700721_F_SHArenaA01.gltf,11700721_c_sharenaa01_d.png,11700721_c_sharenaa01_c.png,0,
11761308,강화된 품위의 암살 신발,11700721,63,59,51,20,18,15,11700721_F_SHArenaA01.gltf,11700721_c_sharenaa01_d.png,11700721_c_sharenaa01_c.png,0,
11761309,강화된 품위의 주술 신발,11700721,63,59,51,20,18,15,11700721_F_SHArenaA01.gltf,11700721_c_sharenaa01_d.png,11700721_c_sharenaa01_c.png,0,
11761310,강화된 품위의 난투 신발,11700721,63,59,51,20,18,15,11700721_F_SHArenaA01.gltf,11700721_c_sharenaa01_d.png,11700721_c_sharenaa01_c.png,0,
11761311,강화된 품위의 의식 신발,11700721,63,59,51,20,18,15,11700721_F_SHArenaA01.gltf,11700721_c_sharenaa01_d.png,11700721_c_sharenaa01_c.png,0,
11770059,다크 스위프트 부츠,11700059,63,59,51,20,18,15,11700055_F_SHDarkSwiftBoots.gltf,11700055_f_shdarkswiftboots_d.png,11700055_f_shdarkswiftboots_c.png,0,
11770064,샤이닝 위자드리 부츠,11700064,63,59,51,20,18,15,11700061_F_SHShiningWizardryBoots.gltf,11700061_c_shshiningwizardryboots_d.png,11700061_c_shshiningwizardryboots_c.png,0,
11770068,사지타리우스 더블밴드 부츠,11700068,63,59,51,20,18,15,11700068_F_SHSagittariusDoubleband.gltf,11700068_c_shsagittariusdoubleband_d.png,11700068_c_shsagittariusdoubleband_c.png,0,
11770073,프로스토 데우스 부츠,11700073,63,59,51,20,18,15,11700069_F_SHProstoDeusBoots.gltf,11700069_f_shprostodeusboots_d.png,11700069_f_shprostodeusboots_c.png,0,
11770074,쉐도우 스파이크 부츠,11700074,63,59,51,20,18,15,11700074_F_shadowSpike.gltf,11700074_f_shadowspike_d.png,11700074_f_shadowspike_c.png,0,
11770076,디멘티드 부츠,11700076,63,59,51,20,18,15,11700076_F_SHDementedBoots.gltf,11700076_f_shdementedboots_d.png,11700076_f_shdementedboots_c.png,0,
11770105,스켈레톤 부츠,11700105,63,59,51,20,18,15,11700105_F_SHSkeletonBoots.gltf,11700105_c_shskeletonboots_d.png,11700105_c_shskeletonboots_c.png,0,
11770106,파일럿 부츠,11700106,63,59,51,20,18,15,11700106_F_SHPilotShoes.gltf,11700106_c_shpilotshoes_d.png,11700106_c_shpilotshoes_c.png,0,
11770107,블러디 더스크 부츠,11700107,63,59,51,20,18,15,11700107_F_SHBloodyDuskBoots.gltf,11700107_f_shbloodyduskboots_d.png,11700107_f_shbloodyduskboots_c.png,0,
11770109,님블 비트 부츠,11700109,63,59,51,20,18,15,11700109_F_SHNimbleBitBoots.gltf,11700109_f_shnimblebitboots_d.png,11700109_f_shnimblebitboots_c.png,0,
11770111,팬텀 부츠,11700111,63,59,51,20,18,15,11700111_F_SHPhantomBoots.gltf,11700111_f_shphantomboots_d.png,11700111_f_shphantomboots_c.png,0,
11770113,감시자 부츠,11700113,63,59,51,20,18,15,11700113_F_SHGuardianBoots.gltf,11700113_c_shguardianboots_d.png,11700113_c_shguardianboots_c.png,0,
11770115,에네스 부츠,11700115,63,59,51,20,18,15,11700115_F_SHEnesBoots.gltf,11700115_f_shenesboots_d.png,11700115_f_shenesboots_c.png,0,
11770324,희미하게 흉포한 전사 신발,11700063,63,59,51,20,18,15,11700063_F_SHGoldenCrusadesGreeve.gltf,11700063_c_shgoldencrusadesgreeve_d.png,11700063_c_shgoldencrusadesgreeve_c.png,0,
11770325,희미하게 흉포한 마법사 신발,11700026,63,59,51,20,18,15,11700025_F_StarlightShoes.gltf,11700025_c_starlightshoes_d.png,11700025_c_starlightshoes_c.png,0,
11770326,희미하게 흉포한 궁수 신발,11700035,63,59,51,20,18,15,11700037_F_BlackBelt.gltf,11700037_c_blackbelt_d.png,11700037_c_blackbelt_c.png,0,
11770327,희미하게 흉포한 도적 신발,11700017,63,59,51,20,18,15,11700047_F_SHCrossPirate.gltf,11700047_c_shcrosspirate_d.png,11700047_c_shcrosspirate_c.png,0,
11770417,새벽의 보이드 부츠,11700408,63,59,51,20,18,15,11700408_F_SHRuneBlader04.gltf,11700408_c_shruneblader04_d.png,11700408_c_shruneblader04_c.png,0,
11770418,검은 불꽃의 데크 부츠,11700409,63,59,51,20,18,15,11700409_F_SHRuneBlader05.gltf,11700409_c_shruneblader05_d.png,11700409_c_shruneblader05_c.png,0,
11770558,희미하게 흉포한 격투가 신발,11700516,63,59,51,20,18,15,11700516_F_SHFighter06.gltf,11700516_c_shfighter06_d.png,11700516_c_shfighter06_c.png,0,
11770560,새벽의 격투 신발,11700475,63,59,51,20,18,15,11700475_F_SHStriker01.gltf,11700475_c_shstriker01_d.png,11700475_c_shstriker01_c.png,0,
11770561,검은 불꽃의 격투 신발,11700478,63,59,51,20,18,15,11700478_F_SHStriker04.gltf,11700478_c_shstriker04_d.png,11700478_c_shstriker04_c.png,0,
11770611,새벽의 기공 신발,11700481,63,59,51,20,18,15,11700481_F_SHSoulbinder01.gltf,11700481_c_shsoulbinder01_d.png,11700481_c_shsoulbinder01_c.png,0,
11770612,검은 불꽃의 기공 신발,11700484,63,59,51,20,18,15,11700484_F_SHSoulbinder04.gltf,11700484_c_shsoulbinder04_d.png,11700484_c_shsoulbinder04_c.png,0,
11771079,불안정한 힘의 전사 신발,11709996,63,59,51,20,18,15,11700003_F_SHSilverOrihalcon.gltf,11700003_f_shsilverorihalcon_d.png,11700003_f_shsilverorihalcon_d.png,0,
11771080,불안정한 힘의 마법사 신발,11700078,63,59,51,20,18,15,11700002_F_SHRibbonDeco.gltf,11700002_f_shribbondeco_d.png,11700002_f_shribbondeco_c.png,0,
11771081,불안정한 힘의 궁수 신발,11700104,63,59,51,20,18,15,11700104_F_SHMilitiaBoots.gltf,11700104_c_shmilitiaboots_d.png,11700104_c_shmilitiaboots_d.png,0,
11771082,불안정한 힘의 도적 신발,11700052,63,59,51,20,18,15,01700018_F_GoldSilkyShoes.gltf,01700017_c_goldsilkyshoes_d.png,01700017_c_goldsilkyshoes_c.png,0,
11771083,불안정한 힘의 격투가 신발,11700517,63,59,51,20,18,15,11700517_F_SHFighter07.gltf,11700517_c_shfighter07_d.png,11700517_c_shfighter07_c.png,0,
11771084,불안정한 힘의 기공사 신발,11700517,63,59,51,20,18,15,11700517_F_SHFighter07.gltf,11700517_c_shfighter07_d.png,11700517_c_shfighter07_c.png,0,
11780105,불멸의 스켈레톤 부츠,11700105,63,59,51,20,18,15,11700105_F_SHSkeletonBoots.gltf,11700105_c_shskeletonboots_d.png,11700105_c_shskeletonboots_c.png,0,
11780106,불멸의 파일럿 부츠,11700106,63,59,51,20,18,15,11700106_F_SHPilotShoes.gltf,11700106_c_shpilotshoes_d.png,11700106_c_shpilotshoes_c.png,0,
11780107,불멸의 블러디 더스크 부츠,11700107,63,59,51,20,18,15,11700107_F_SHBloodyDuskBoots.gltf,11700107_f_shbloodyduskboots_d.png,11700107_f_shbloodyduskboots_c.png,0,
11780108,불멸의 세비어즈 장화,11700108,63,59,51,20,18,15,11700108_F_SHSaviorsBoots.gltf,11700108_c_shsaviorsboots_d.png,11700108_c_shsaviorsboots_c.png,0,
11780109,불멸의 님블 비트 부츠,11700109,63,59,51,20,18,15,11700109_F_SHNimbleBitBoots.gltf,11700109_f_shnimblebitboots_d.png,11700109_f_shnimblebitboots_c.png,0,
11780111,불멸의 팬텀 부츠,11700111,63,59,51,20,18,15,11700111_F_SHPhantomBoots.gltf,11700111_f_shphantomboots_d.png,11700111_f_shphantomboots_c.png,0,
11780113,불멸의 감시자 부츠,11700113,63,59,51,20,18,15,11700113_F_SHGuardianBoots.gltf,11700113_c_shguardianboots_d.png,11700113_c_shguardianboots_c.png,0,
11780115,불멸의 에네스 부츠,11700115,63,59,51,20,18,15,11700115_F_SHEnesBoots.gltf,11700115_f_shenesboots_d.png,11700115_f_shenesboots_c.png,0,
11780324,흉포의 전사 신발,11700063,63,59,51,20,18,15,11700063_F_SHGoldenCrusadesGreeve.gltf,11700063_c_shgoldencrusadesgreeve_d.png,11700063_c_shgoldencrusadesgreeve_c.png,0,
11780325,흉포의 마법사 신발,11700026,63,59,51,20,18,15,11700025_F_StarlightShoes.gltf,11700025_c_starlightshoes_d.png,11700025_c_starlightshoes_c.png,0,
11780326,흉포의 궁수 신발,11700035,63,59,51,20,18,15,11700037_F_BlackBelt.gltf,11700037_c_blackbelt_d.png,11700037_c_blackbelt_c.png,0,
11780327,흉포의 도적 신발,11700017,63,59,51,20,18,15,11700047_F_SHCrossPirate.gltf,11700047_c_shcrosspirate_d.png,11700047_c_shcrosspirate_c.png,0,
11780328,탐식의 추적자 신발,11700112,63,59,51,20,18,15,11700112_F_SHChaserBoots.gltf,11700112_f_shchaserboots_d.png,11700112_f_shchaserboots_c.png,0,
11780329,탐식의 스터드 부츠,11700114,63,59,51,20,18,15,11700114_F_SHStuddedBoots.gltf,11700114_f_shstuddedboots_d.png,11700114_f_shstuddedboots_c.png,0,
11780330,탐식의 플라이트 부츠,11700116,63,59,51,20,18,15,11700116_F_SHFlightBoots.gltf,11700116_c_shflightboots_d.png,11700116_c_shflightboots_c.png,0,
11780331,탐식의 시피르 부츠,11700118,63,59,51,20,18,15,11700118_F_SHSurfireGlove.gltf,11700118_c_shsurfireboots_d.png,11700118_c_shsurfireboots_c.png,0,
11780332,탐식의 금룡화,11700119,63,59,51,20,18,15,11700119_F_SHGoldDragonShoes.gltf,11700119_c_shgolddragonshoes_d.png,11700119_c_shgolddragonshoes_c.png,0,
11780333,탐식의 아쿠아 슈즈,11700120,63,59,51,20,18,15,11700120_F_SHAquaShoes.gltf,11700120_c_shaquashoes_d.png,11700120_c_shaquashoes_c.png,0,
11780334,탐식의 가디언 부츠,11700121,63,59,51,20,18,15,11700121_F_SHGuardianBoots.gltf,11700121_c_shguardianboots_d.png,11700121_c_shguardianboots_c.png,0,
11780335,탐식의 프렌지 부츠,11700122,63,59,51,20,18,15,11700122_F_SHFrenzyBoots.gltf,11700122_f_shfrenzyboots_d.png,11700122_f_shfrenzyboots_c.png,0,
11780416,탐식의 트리밍 부츠,11700407,63,59,51,20,18,15,11700407_F_SHRuneBlader03.gltf,11700407_c_shruneblader03_d.png,11700407_c_shruneblader03_c.png,0,
11780417,불멸의 보이드 부츠,11700408,63,59,51,20,18,15,11700408_F_SHRuneBlader04.gltf,11700408_c_shruneblader04_d.png,11700408_c_shruneblader04_c.png,0,
11780558,흉포의 격투가 신발,11700516,63,59,51,20,18,15,11700516_F_SHFighter06.gltf,11700516_c_shfighter06_d.png,11700516_c_shfighter06_c.png,0,
11780559,탐식의 격투가 신발,11700519,63,59,51,20,18,15,11700519_F_SHFighter09.gltf,11700519_c_shfighter09_d.png,11700519_c_shfighter09_c.png,0,
11780560,불멸의 격투 신발,11700475,63,59,51,20,18,15,11700475_F_SHStriker01.gltf,11700475_c_shstriker01_d.png,11700475_c_shstriker01_c.png,0,
11780610,탐식의 기공사 신발,11700519,63,59,51,20,18,15,11700519_F_SHFighter09.gltf,11700519_c_shfighter09_d.png,11700519_c_shfighter09_c.png,0,
11780611,불멸의 기공 신발,11700481,63,59,51,20,18,15,11700481_F_SHSoulbinder01.gltf,11700481_c_shsoulbinder01_d.png,11700481_c_shsoulbinder01_c.png,0,
11780909,리버스 그리브,11700881,63,59,51,20,18,15,11700881_F_SHReverseRaidA01.gltf,11700881_c_shreverseraida01_d.png,11700881_c_shreverseraida01_c.png,0,
11781139,엘리트 어드벤쳐 배틀 그리브 (나이트),11709996,63,59,51,20,18,15,11700003_F_SHSilverOrihalcon.gltf,11700003_f_shsilverorihalcon_d.png,11700003_f_shsilverorihalcon_d.png,0,
11781140,엘리트 어드벤쳐 배틀 그리브 (버서커),11709996,63,59,51,20,18,15,11700003_F_SHSilverOrihalcon.gltf,11700003_f_shsilverorihalcon_d.png,11700003_f_shsilverorihalcon_d.png,0,
11781141,엘리트 어드벤쳐 매직 슈즈 (위자드),11700078,63,59,51,20,18,15,11700002_F_SHRibbonDeco.gltf,11700002_f_shribbondeco_d.png,11700002_f_shribbondeco_c.png,0,
11781142,엘리트 어드벤쳐 매직 슈즈 (프리스트),11700078,63,59,51,20,18,15,11700002_F_SHRibbonDeco.gltf,11700002_f_shribbondeco_d.png,11700002_f_shribbondeco_c.png,0,
11781143,엘리트 어드벤쳐 스카우트 부츠 (레인저),11700104,63,59,51,20,18,15,11700104_F_SHMilitiaBoots.gltf,11700104_c_shmilitiaboots_d.png,11700104_c_shmilitiaboots_d.png,0,
11781144,엘리트 어드벤쳐 스카우트 부츠 (헤비거너),11700104,63,59,51,20,18,15,11700104_F_SHMilitiaBoots.gltf,11700104_c_shmilitiaboots_d.png,11700104_c_shmilitiaboots_d.png,0,
11781145,엘리트 어드벤쳐 스니킹 슈즈 (시프),11700052,63,59,51,20,18,15,01700018_F_GoldSilkyShoes.gltf,01700017_c_goldsilkyshoes_d.png,01700017_c_goldsilkyshoes_c.png,0,
11781146,엘리트 어드벤쳐 스니킹 슈즈 (어쌔신),11700052,63,59,51,20,18,15,01700018_F_GoldSilkyShoes.gltf,01700017_c_goldsilkyshoes_d.png,01700017_c_goldsilkyshoes_c.png,0,
11781147,엘리트 어드벤쳐 배틀 그리브 (룬블레이더),11709996,63,59,51,20,18,15,11700003_F_SHSilverOrihalcon.gltf,11700003_f_shsilverorihalcon_d.png,11700003_f_shsilverorihalcon_d.png,0,
11781148,엘리트 어드벤쳐 마샬 슈즈 (스트라이커),11700517,63,59,51,20,18,15,11700517_F_SHFighter07.gltf,11700517_c_shfighter07_d.png,11700517_c_shfighter07_c.png,0,
11781149,엘리트 어드벤쳐 마샬 슈즈 (소울바인더),11700517,63,59,51,20,18,15,11700517_F_SHFighter07.gltf,11700517_c_shfighter07_d.png,11700517_c_shfighter07_c.png,0,
11781329,타이렌 로열 부츠,11701252,63,59,51,20,18,15,11701252_F_SHLappenshad01.gltf,11701252_c_shlappenshad01_d.png,11701252_c_shlappenshad01_c.png,0,
11790052,금장식 포혜,11700052,63,59,51,20,18,15,01700018_F_GoldSilkyShoes.gltf,01700017_c_goldsilkyshoes_d.png,01700017_c_goldsilkyshoes_c.png,0,
11790059,다크 스위프트 부츠,11700059,63,59,51,20,18,15,11700055_F_SHDarkSwiftBoots.gltf,11700055_f_shdarkswiftboots_d.png,11700055_f_shdarkswiftboots_c.png,0,
11790064,샤이닝 위자드리 부츠,11700064,63,59,51,20,18,15,11700061_F_SHShiningWizardryBoots.gltf,11700061_c_shshiningwizardryboots_d.png,11700061_c_shshiningwizardryboots_c.png,0,
11790065,나이티지 배틀 부츠,11700065,63,59,51,20,18,15,11700065_F_SHKnightageBattleBoots.gltf,11700065_c_shknightagebattleboots_d.png,11700065_c_shknightagebattleboots_c.png,0,
11790068,사지타리우스 더블밴드 부츠,11700068,63,59,51,20,18,15,11700068_F_SHSagittariusDoubleband.gltf,11700068_c_shsagittariusdoubleband_d.png,11700068_c_shsagittariusdoubleband_c.png,0,
11790073,프로스토 데우스 부츠,11700073,63,59,51,20,18,15,11700069_F_SHProstoDeusBoots.gltf,11700069_f_shprostodeusboots_d.png,11700069_f_shprostodeusboots_c.png,0,
11790074,쉐도우 스파이크 부츠,11700074,63,59,51,20,18,15,11700074_F_shadowSpike.gltf,11700074_f_shadowspike_d.png,11700074_f_shadowspike_c.png,0,
11790076,디멘티드 부츠,11700076,63,59,51,20,18,15,11700076_F_SHDementedBoots.gltf,11700076_f_shdementedboots_d.png,11700076_f_shdementedboots_c.png,0,
11790077,펑키드 부츠,11700077,63,59,51,20,18,15,11700077_F_SHPunkKidBoots.gltf,11700077_c_shpunkkidboots_d.png,11700077_c_shpunkkidboots_c.png,0,
11790078,에스더 부츠,11700078,63,59,51,20,18,15,11700002_F_SHRibbonDeco.gltf,11700002_f_shribbondeco_d.png,11700002_f_shribbondeco_c.png,0,
11790104,밀리샤 부츠,11700104,63,59,51,20,18,15,11700104_F_SHMilitiaBoots.gltf,11700104_c_shmilitiaboots_d.png,11700104_c_shmilitiaboots_d.png,0,
11790105,스켈레톤 부츠,11700105,63,59,51,20,18,15,11700105_F_SHSkeletonBoots.gltf,11700105_c_shskeletonboots_d.png,11700105_c_shskeletonboots_c.png,0,
11790106,파일럿 부츠,11700106,63,59,51,20,18,15,11700106_F_SHPilotShoes.gltf,11700106_c_shpilotshoes_d.png,11700106_c_shpilotshoes_c.png,0,
11790107,블러디 더스크 부츠,11700107,63,59,51,20,18,15,11700107_F_SHBloodyDuskBoots.gltf,11700107_f_shbloodyduskboots_d.png,11700107_f_shbloodyduskboots_c.png,0,
11790108,세비어즈 장화,11700108,63,59,51,20,18,15,11700108_F_SHSaviorsBoots.gltf,11700108_c_shsaviorsboots_d.png,11700108_c_shsaviorsboots_c.png,0,
11790109,님블 비트 부츠,11700109,63,59,51,20,18,15,11700109_F_SHNimbleBitBoots.gltf,11700109_f_shnimblebitboots_d.png,11700109_f_shnimblebitboots_c.png,0,
11790111,팬텀 부츠,11700111,63,59,51,20,18,15,11700111_F_SHPhantomBoots.gltf,11700111_f_shphantomboots_d.png,11700111_f_shphantomboots_c.png,0,
11790113,감시자 부츠,11700113,63,59,51,20,18,15,11700113_F_SHGuardianBoots.gltf,11700113_c_shguardianboots_d.png,11700113_c_shguardianboots_c.png,0,
11790115,에네스 부츠,11700115,63,59,51,20,18,15,11700115_F_SHEnesBoots.gltf,11700115_f_shenesboots_d.png,11700115_f_shenesboots_c.png,0,
11790135,그리피나 부츠,11700135,63,59,51,20,18,15,11700135_F_SHGriffinaBoots.gltf,11700135_c_shgriffinaboots_d.png,11700135_c_shgriffinaboots_d.png,0,
11790140,데보라크의 부츠,11700140,63,59,51,20,18,15,11700140_F_SHDevoracBoots.gltf,11700140_c_shdevoracboots_d.png,11700140_c_shdevoracboots_d.png,0,
11790142,잊혀진 부츠,11700142,63,59,51,20,18,15,11700142_F_SHForgottenBoots.gltf,11700142_c_shforgottenboots_d.png,11700142_c_shforgottenboots_d.png,0,
11790218,파풀라투스의 신발,11700076,63,59,51,20,18,15,11700076_F_SHDementedBoots.gltf,11700076_f_shdementedboots_d.png,11700076_f_shdementedboots_c.png,0,
11790324,흉포한 전사 신발,11700063,63,59,51,20,18,15,11700063_F_SHGoldenCrusadesGreeve.gltf,11700063_c_shgoldencrusadesgreeve_d.png,11700063_c_shgoldencrusadesgreeve_c.png,0,
11790325,흉포한 마법사 신발,11700026,63,59,51,20,18,15,11700025_F_StarlightShoes.gltf,11700025_c_starlightshoes_d.png,11700025_c_starlightshoes_c.png,0,
11790326,흉포한 궁수 신발,11700035,63,59,51,20,18,15,11700037_F_BlackBelt.gltf,11700037_c_blackbelt_d.png,11700037_c_blackbelt_c.png,0,
11790327,흉포한 도적 신발,11700017,63,59,51,20,18,15,11700047_F_SHCrossPirate.gltf,11700047_c_shcrosspirate_d.png,11700047_c_shcrosspirate_c.png,0,
11790340,이카르 마드의 신발,11700121,63,59,51,20,18,15,11700121_F_SHGuardianBoots.gltf,11700121_c_shguardianboots_d.png,11700121_c_shguardianboots_c.png,0,
11790365,난폭한 빛의 신발,11701031,63,59,51,20,18,15,11701031_F_SHViolent.gltf,11701031_c_shviolent_d.png,11701031_c_shviolent_c.png,0,
11790366,난폭한 영혼의 신발,11701031,63,59,51,20,18,15,11701031_F_SHViolent.gltf,11701031_c_shviolent_d.png,11701031_c_shviolent_c.png,0,
11790367,난폭한 독성의 신발,11701031,63,59,51,20,18,15,11701031_F_SHViolent.gltf,11701031_c_shviolent_d.png,11701031_c_shviolent_c.png,0,
11790368,난폭한 낙뢰의 신발,11701031,63,59,51,20,18,15,11701031_F_SHViolent.gltf,11701031_c_shviolent_d.png,11701031_c_shviolent_c.png,0,
11790369,난폭한 얼음의 신발,11701031,63,59,51,20,18,15,11701031_F_SHViolent.gltf,11701031_c_shviolent_d.png,11701031_c_shviolent_c.png,0,
11790370,난폭한 어둠의 신발,11701031,63,59,51,20,18,15,11701031_F_SHViolent.gltf,11701031_c_shviolent_d.png,11701031_c_shviolent_c.png,0,
11790371,난폭한 불길의 신발,11701031,63,59,51,20,18,15,11701031_F_SHViolent.gltf,11701031_c_shviolent_d.png,11701031_c_shviolent_c.png,0,
11790372,난폭한 빙하의 신발,11701031,63,59,51,20,18,15,11701031_F_SHViolent.gltf,11701031_c_shviolent_d.png,11701031_c_shviolent_c.png,0,
11790377,그림자술사의 부츠,11700140,63,59,51,20,18,15,11700140_F_SHDevoracBoots.gltf,11700140_c_shdevoracboots_d.png,11700140_c_shdevoracboots_d.png,0,
11790414,난폭한 파멸의 신발,11701031,63,59,51,20,18,15,11701031_F_SHViolent.gltf,11701031_c_shviolent_d.png,11701031_c_shviolent_c.png,0,
11790417,새벽의 보이드 부츠,11700408,63,59,51,20,18,15,11700408_F_SHRuneBlader04.gltf,11700408_c_shruneblader04_d.png,11700408_c_shruneblader04_c.png,0,
11790418,검은 불꽃의 데크 부츠,11700409,63,59,51,20,18,15,11700409_F_SHRuneBlader05.gltf,11700409_c_shruneblader05_d.png,11700409_c_shruneblader05_c.png,0,
11790419,루미 드 코르 부츠,11700381,63,59,51,20,18,15,11700381_F_SHDragonScalesBoots.gltf,11700381_c_shdragonscalesboots_d.png,11700381_c_shdragonscalesboots_c.png,0,
11790420,루미 드 라비에르 부츠,11700381,63,59,51,20,18,15,11700381_F_SHDragonScalesBoots.gltf,11700381_c_shdragonscalesboots_d.png,11700381_c_shdragonscalesboots_c.png,0,
11790421,루미 드 마기아 부츠,11700382,63,59,51,20,18,15,11700382_F_SHAngelicTelaBoots.gltf,11700382_c_shangelictelaboots_d.png,11700382_c_shangelictelaboots_c.png,0,
11790422,루미 드 데우스 부츠,11700382,63,59,51,20,18,15,11700382_F_SHAngelicTelaBoots.gltf,11700382_c_shangelictelaboots_d.png,11700382_c_shangelictelaboots_c.png,0,
11790423,루미 드 테로 부츠,11700383,63,59,51,20,18,15,11700383_F_SHPadlockCueroBoots.gltf,11700383_c_shpadlockcueroboots_d.png,11700383_c_shpadlockcueroboots_c.png,0,
11790424,루미 드 리브라토 부츠,11700383,63,59,51,20,18,15,11700383_F_SHPadlockCueroBoots.gltf,11700383_c_shpadlockcueroboots_d.png,11700383_c_shpadlockcueroboots_c.png,0,
11790425,루미 드 에레보스 부츠,11700384,63,59,51,20,18,15,11700384_F_SHBuckledStrapBoots.gltf,11700384_c_shbuckledstrapboots_d.png,11700384_c_shbuckledstrapboots_c.png,0,
11790426,루미 드 시카 부츠,11700384,63,59,51,20,18,15,11700384_F_SHBuckledStrapBoots.gltf,11700384_c_shbuckledstrapboots_d.png,11700384_c_shbuckledstrapboots_c.png,0,
11790427,루미 드 폴루스 부츠,11700381,63,59,51,20,18,15,11700381_F_SHDragonScalesBoots.gltf,11700381_c_shdragonscalesboots_d.png,11700381_c_shdragonscalesboots_c.png,0,
11790428,광포한 전투 신발,11701033,63,59,51,20,18,15,11701033_F_SHFury.gltf,11701033_c_shfury_d.png,11701033_c_shfury_c.png,0,
11790429,광포한 광란 신발,11701033,63,59,51,20,18,15,11701033_F_SHFury.gltf,11701033_c_shfury_d.png,11701033_c_shfury_c.png,0,
11790430,광포한 마법 신발,11701033,63,59,51,20,18,15,11701033_F_SHFury.gltf,11701033_c_shfury_d.png,11701033_c_shfury_c.png,0,
11790431,광포한 신성 신발,11701033,63,59,51,20,18,15,11701033_F_SHFury.gltf,11701033_c_shfury_d.png,11701033_c_shfury_c.png,0,
11790432,광포한 집중 신발,11701033,63,59,51,20,18,15,11701033_F_SHFury.gltf,11701033_c_shfury_d.png,11701033_c_shfury_c.png,0,
11790433,광포한 포격 신발,11701033,63,59,51,20,18,15,11701033_F_SHFury.gltf,11701033_c_shfury_d.png,11701033_c_shfury_c.png,0,
11790434,광포한 혼란 신발,11701033,63,59,51,20,18,15,11701033_F_SHFury.gltf,11701033_c_shfury_d.png,11701033_c_shfury_c.png,0,
11790435,광포한 암살 신발,11701033,63,59,51,20,18,15,11701033_F_SHFury.gltf,11701033_c_shfury_d.png,11701033_c_shfury_c.png,0,
11790436,광포한 주술 신발,11701033,63,59,51,20,18,15,11701033_F_SHFury.gltf,11701033_c_shfury_d.png,11701033_c_shfury_c.png,0,
11790558,흉포한 격투가 신발,11700516,63,59,51,20,18,15,11700516_F_SHFighter06.gltf,11700516_c_shfighter06_d.png,11700516_c_shfighter06_c.png,0,
11790560,새벽의 격투 신발,11700475,63,59,51,20,18,15,11700475_F_SHStriker01.gltf,11700475_c_shstriker01_d.png,11700475_c_shstriker01_c.png,0,
11790561,검은 불꽃의 격투 신발,11700478,63,59,51,20,18,15,11700478_F_SHStriker04.gltf,11700478_c_shstriker04_d.png,11700478_c_shstriker04_c.png,0,
11790565,난폭한 절멸의 신발,11701031,63,59,51,20,18,15,11701031_F_SHViolent.gltf,11701031_c_shviolent_d.png,11701031_c_shviolent_c.png,0,
11790567,광포한 난투 신발,11701033,63,59,51,20,18,15,11701033_F_SHFury.gltf,11701033_c_shfury_d.png,11701033_c_shfury_c.png,0,
11790571,루미 드 마누스 신발,11700480,63,59,51,20,18,15,11700480_F_SHStriker06.gltf,11700480_c_shstriker06_d.png,11700480_c_shstriker06_c.png,0,
11790611,새벽의 기공 신발,11700481,63,59,51,20,18,15,11700481_F_SHSoulbinder01.gltf,11700481_c_shsoulbinder01_d.png,11700481_c_shsoulbinder01_c.png,0,
11790612,검은 불꽃의 기공 신발,11700484,63,59,51,20,18,15,11700484_F_SHSoulbinder04.gltf,11700484_c_shsoulbinder04_d.png,11700484_c_shsoulbinder04_c.png,0,
11790613,난폭한 공세의 신발,11701031,63,59,51,20,18,15,11701031_F_SHViolent.gltf,11701031_c_shviolent_d.png,11701031_c_shviolent_c.png,0,
11790614,광포한 의식 신발,11701033,63,59,51,20,18,15,11701033_F_SHFury.gltf,11701033_c_shfury_d.png,11701033_c_shfury_c.png,0,
11790618,루미 드 애니마르 신발,11700486,63,59,51,20,18,15,11700486_F_SHSoulbinder06.gltf,11700486_c_shsoulbinder06_d.png,11700486_c_shsoulbinder06_c.png,0,
11790626,나르바샨의 전투 신발,11700459,63,59,51,20,18,15,11700459_F_SHWarriorClassSetBoots01.gltf,11700459_c_shwarriorclasssetboots01_d.png,11700459_c_shwarriorclasssetboots01_c.png,0,
11790627,나르바샨의 광란 신발,11700459,63,59,51,20,18,15,11700459_F_SHWarriorClassSetBoots01.gltf,11700459_c_shwarriorclasssetboots01_d.png,11700459_c_shwarriorclasssetboots01_c.png,0,
11790628,나르바샨의 마법 신발,11700460,63,59,51,20,18,15,11700460_F_SHMageClassSetBoots01.gltf,11700460_c_shmageclasssetboots01_d.png,11700460_c_shmageclasssetboots01_c.png,0,
11790629,나르바샨의 신성 신발,11700460,63,59,51,20,18,15,11700460_F_SHMageClassSetBoots01.gltf,11700460_c_shmageclasssetboots01_d.png,11700460_c_shmageclasssetboots01_c.png,0,
11790630,나르바샨의 집중 신발,11700461,63,59,51,20,18,15,11700461_F_SHHunterClassSetBoots01.gltf,11700461_c_shhunterclasssetboots01_d.png,11700461_c_shhunterclasssetboots01_c.png,0,
11790631,나르바샨의 포격 신발,11700461,63,59,51,20,18,15,11700461_F_SHHunterClassSetBoots01.gltf,11700461_c_shhunterclasssetboots01_d.png,11700461_c_shhunterclasssetboots01_c.png,0,
11790632,나르바샨의 혼란 신발,11700462,63,59,51,20,18,15,11700462_F_SHBrigandClassSetBoots01.gltf,11700462_c_shbrigandclasssetboots01_d.png,11700462_c_shbrigandclasssetboots01_c.png,0,
11790633,나르바샨의 암살 신발,11700462,63,59,51,20,18,15,11700462_F_SHBrigandClassSetBoots01.gltf,11700462_c_shbrigandclasssetboots01_d.png,11700462_c_shbrigandclasssetboots01_c.png,0,
11790634,나르바샨의 주술 신발,11700459,63,59,51,20,18,15,11700459_F_SHWarriorClassSetBoots01.gltf,11700459_c_shwarriorclasssetboots01_d.png,11700459_c_shwarriorclasssetboots01_c.png,0,
11790635,나르바샨의 난투 신발,11700598,63,59,51,20,18,15,11700598_F_SHFighter10.gltf,11700598_c_shfighter10_d.png,11700598_c_shfighter10_c.png,0,
11790636,나르바샨의 의식 신발,11700598,63,59,51,20,18,15,11700598_F_SHFighter10.gltf,11700598_c_shfighter10_d.png,11700598_c_shfighter10_c.png,0,
11790648,극한의 전투 신발,11701032,63,59,51,20,18,15,11701032_F_SHLimit.gltf,11701032_c_shlimit_d.png,11701032_c_shlimit_c.png,0,
11790649,극한의 광란 신발,11701032,63,59,51,20,18,15,11701032_F_SHLimit.gltf,11701032_c_shlimit_d.png,11701032_c_shlimit_c.png,0,
11790650,극한의 마법 신발,11701032,63,59,51,20,18,15,11701032_F_SHLimit.gltf,11701032_c_shlimit_d.png,11701032_c_shlimit_c.png,0,
11790651,극한의 신성 신발,11701032,63,59,51,20,18,15,11701032_F_SHLimit.gltf,11701032_c_shlimit_d.png,11701032_c_shlimit_c.png,0,
11790652,극한의 집중 신발,11701032,63,59,51,20,18,15,11701032_F_SHLimit.gltf,11701032_c_shlimit_d.png,11701032_c_shlimit_c.png,0,
11790653,극한의 포격 신발,11701032,63,59,51,20,18,15,11701032_F_SHLimit.gltf,11701032_c_shlimit_d.png,11701032_c_shlimit_c.png,0,
11790654,극한의 혼란 신발,11701032,63,59,51,20,18,15,11701032_F_SHLimit.gltf,11701032_c_shlimit_d.png,11701032_c_shlimit_c.png,0,
11790655,극한의 암살 신발,11701032,63,59,51,20,18,15,11701032_F_SHLimit.gltf,11701032_c_shlimit_d.png,11701032_c_shlimit_c.png,0,
11790656,극한의 주술 신발,11701032,63,59,51,20,18,15,11701032_F_SHLimit.gltf,11701032_c_shlimit_d.png,11701032_c_shlimit_c.png,0,
11790657,극한의 난투 신발,11701032,63,59,51,20,18,15,11701032_F_SHLimit.gltf,11701032_c_shlimit_d.png,11701032_c_shlimit_c.png,0,
11790658,극한의 의식 신발,11701032,63,59,51,20,18,15,11701032_F_SHLimit.gltf,11701032_c_shlimit_d.png,11701032_c_shlimit_c.png,0,
11790659,난폭한 전투 신발,11701031,63,59,51,20,18,15,11701031_F_SHViolent.gltf,11701031_c_shviolent_d.png,11701031_c_shviolent_c.png,0,
11790660,난폭한 광란 신발,11701031,63,59,51,20,18,15,11701031_F_SHViolent.gltf,11701031_c_shviolent_d.png,11701031_c_shviolent_c.png,0,
11790661,난폭한 마법 신발,11701031,63,59,51,20,18,15,11701031_F_SHViolent.gltf,11701031_c_shviolent_d.png,11701031_c_shviolent_c.png,0,
11790662,난폭한 신성 신발,11701031,63,59,51,20,18,15,11701031_F_SHViolent.gltf,11701031_c_shviolent_d.png,11701031_c_shviolent_c.png,0,
11790663,난폭한 집중 신발,11701031,63,59,51,20,18,15,11701031_F_SHViolent.gltf,11701031_c_shviolent_d.png,11701031_c_shviolent_c.png,0,
11790664,난폭한 포격 신발,11701031,63,59,51,20,18,15,11701031_F_SHViolent.gltf,11701031_c_shviolent_d.png,11701031_c_shviolent_c.png,0,
11790665,난폭한 혼란 신발,11701031,63,59,51,20,18,15,11701031_F_SHViolent.gltf,11701031_c_shviolent_d.png,11701031_c_shviolent_c.png,0,
11790666,난폭한 암살 신발,11701031,63,59,51,20,18,15,11701031_F_SHViolent.gltf,11701031_c_shviolent_d.png,11701031_c_shviolent_c.png,0,
11790667,난폭한 주술 신발,11701031,63,59,51,20,18,15,11701031_F_SHViolent.gltf,11701031_c_shviolent_d.png,11701031_c_shviolent_c.png,0,
11790668,난폭한 난투 신발,11701031,63,59,51,20,18,15,11701031_F_SHViolent.gltf,11701031_c_shviolent_d.png,11701031_c_shviolent_c.png,0,
11790669,난폭한 의식 신발,11701031,63,59,51,20,18,15,11701031_F_SHViolent.gltf,11701031_c_shviolent_d.png,11701031_c_shviolent_c.png,0,
11790670,탐식의 가디언 부츠,11700121,63,59,51,20,18,15,11700121_F_SHGuardianBoots.gltf,11700121_c_shguardianboots_d.png,11700121_c_shguardianboots_c.png,0,
11790671,탐식의 프렌지 부츠,11700122,63,59,51,20,18,15,11700122_F_SHFrenzyBoots.gltf,11700122_f_shfrenzyboots_d.png,11700122_f_shfrenzyboots_c.png,0,
11790672,탐식의 아쿠아 슈즈,11700120,63,59,51,20,18,15,11700120_F_SHAquaShoes.gltf,11700120_c_shaquashoes_d.png,11700120_c_shaquashoes_c.png,0,
11790673,탐식의 시피르 부츠,11700118,63,59,51,20,18,15,11700118_F_SHSurfireGlove.gltf,11700118_c_shsurfireboots_d.png,11700118_c_shsurfireboots_c.png,0,
11790674,탐식의 추적자 신발,11700112,63,59,51,20,18,15,11700112_F_SHChaserBoots.gltf,11700112_f_shchaserboots_d.png,11700112_f_shchaserboots_c.png,0,
11790675,탐식의 플라이트 부츠,11700116,63,59,51,20,18,15,11700116_F_SHFlightBoots.gltf,11700116_c_shflightboots_d.png,11700116_c_shflightboots_c.png,0,
11790676,탐식의 스터드 부츠,11700114,63,59,51,20,18,15,11700114_F_SHStuddedBoots.gltf,11700114_f_shstuddedboots_d.png,11700114_f_shstuddedboots_c.png,0,
11790677,탐식의 금룡화,11700119,63,59,51,20,18,15,11700119_F_SHGoldDragonShoes.gltf,11700119_c_shgolddragonshoes_d.png,11700119_c_shgolddragonshoes_c.png,0,
11790678,탐식의 트리밍 부츠,11700407,63,59,51,20,18,15,11700407_F_SHRuneBlader03.gltf,11700407_c_shruneblader03_d.png,11700407_c_shruneblader03_c.png,0,
11790679,탐식의 격투가 신발,11700519,63,59,51,20,18,15,11700519_F_SHFighter09.gltf,11700519_c_shfighter09_d.png,11700519_c_shfighter09_c.png,0,
11790680,탐식의 기공사 신발,11700519,63,59,51,20,18,15,11700519_F_SHFighter09.gltf,11700519_c_shfighter09_d.png,11700519_c_shfighter09_c.png,0,
11790681,룬의 전투 신발,11700381,63,59,51,20,18,15,11700381_F_SHDragonScalesBoots.gltf,11700381_c_shdragonscalesboots_d.png,11700381_c_shdragonscalesboots_c.png,0,
11790682,룬의 광란 신발,11700381,63,59,51,20,18,15,11700381_F_SHDragonScalesBoots.gltf,11700381_c_shdragonscalesboots_d.png,11700381_c_shdragonscalesboots_c.png,0,
11790683,룬의 마법 신발,11700382,63,59,51,20,18,15,11700382_F_SHAngelicTelaBoots.gltf,11700382_c_shangelictelaboots_d.png,11700382_c_shangelictelaboots_c.png,0,
11790684,룬의 신성 신발,11700382,63,59,51,20,18,15,11700382_F_SHAngelicTelaBoots.gltf,11700382_c_shangelictelaboots_d.png,11700382_c_shangelictelaboots_c.png,0,
11790685,룬의 집중 신발,11700383,63,59,51,20,18,15,11700383_F_SHPadlockCueroBoots.gltf,11700383_c_shpadlockcueroboots_d.png,11700383_c_shpadlockcueroboots_c.png,0,
11790686,룬의 포격 신발,11700383,63,59,51,20,18,15,11700383_F_SHPadlockCueroBoots.gltf,11700383_c_shpadlockcueroboots_d.png,11700383_c_shpadlockcueroboots_c.png,0,
11790687,룬의 혼란 신발,11700384,63,59,51,20,18,15,11700384_F_SHBuckledStrapBoots.gltf,11700384_c_shbuckledstrapboots_d.png,11700384_c_shbuckledstrapboots_c.png,0,
11790688,룬의 암살 신발,11700384,63,59,51,20,18,15,11700384_F_SHBuckledStrapBoots.gltf,11700384_c_shbuckledstrapboots_d.png,11700384_c_shbuckledstrapboots_c.png,0,
11790689,룬의 주술 신발,11700381,63,59,51,20,18,15,11700381_F_SHDragonScalesBoots.gltf,11700381_c_shdragonscalesboots_d.png,11700381_c_shdragonscalesboots_c.png,0,
11790690,룬의 난투 신발,11700480,63,59,51,20,18,15,11700480_F_SHStriker06.gltf,11700480_c_shstriker06_d.png,11700480_c_shstriker06_c.png,0,
11790691,룬의 의식 신발,11700486,63,59,51,20,18,15,11700486_F_SHSoulbinder06.gltf,11700486_c_shsoulbinder06_d.png,11700486_c_shsoulbinder06_c.png,0,
11790692,정교한 광란 신발,11700459,63,59,51,20,18,15,11700459_F_SHWarriorClassSetBoots01.gltf,11700459_c_shwarriorclasssetboots01_d.png,11700459_c_shwarriorclasssetboots01_c.png,0,
11790693,정교한 난투 신발,11700598,63,59,51,20,18,15,11700598_F_SHFighter10.gltf,11700598_c_shfighter10_d.png,11700598_c_shfighter10_c.png,0,
11790694,정교한 마법 신발,11700460,63,59,51,20,18,15,11700460_F_SHMageClassSetBoots01.gltf,11700460_c_shmageclasssetboots01_d.png,11700460_c_shmageclasssetboots01_c.png,0,
11790695,정교한 신성 신발,11700460,63,59,51,20,18,15,11700460_F_SHMageClassSetBoots01.gltf,11700460_c_shmageclasssetboots01_d.png,11700460_c_shmageclasssetboots01_c.png,0,
11790696,정교한 암살 신발,11700462,63,59,51,20,18,15,11700462_F_SHBrigandClassSetBoots01.gltf,11700462_c_shbrigandclasssetboots01_d.png,11700462_c_shbrigandclasssetboots01_c.png,0,
11790697,정교한 의식 신발,11700598,63,59,51,20,18,15,11700598_F_SHFighter10.gltf,11700598_c_shfighter10_d.png,11700598_c_shfighter10_c.png,0,
11790698,정교한 전투 신발,11700459,63,59,51,20,18,15,11700459_F_SHWarriorClassSetBoots01.gltf,11700459_c_shwarriorclasssetboots01_d.png,11700459_c_shwarriorclasssetboots01_c.png,0,
11790699,정교한 주술 신발,11700459,63,59,51,20,18,15,11700459_F_SHWarriorClassSetBoots01.gltf,11700459_c_shwarriorclasssetboots01_d.png,11700459_c_shwarriorclasssetboots01_c.png,0,
11790700,정교한 집중 신발,11700461,63,59,51,20,18,15,11700461_F_SHHunterClassSetBoots01.gltf,11700461_c_shhunterclasssetboots01_d.png,11700461_c_shhunterclasssetboots01_c.png,0,
11790701,정교한 포격 신발,11700461,63,59,51,20,18,15,11700461_F_SHHunterClassSetBoots01.gltf,11700461_c_shhunterclasssetboots01_d.png,11700461_c_shhunterclasssetboots01_c.png,0,
11790702,정교한 혼란 신발,11700462,63,59,51,20,18,15,11700462_F_SHBrigandClassSetBoots01.gltf,11700462_c_shbrigandclasssetboots01_d.png,11700462_c_shbrigandclasssetboots01_c.png,0,
11790703,잊혀진 부츠,11700142,63,59,51,20,18,15,11700142_F_SHForgottenBoots.gltf,11700142_c_shforgottenboots_d.png,11700142_c_shforgottenboots_d.png,0,
11790749,루미에라곤 전투 신발,11700607,63,59,51,20,18,15,11700607_F_SHDarkSteel.gltf,11700607_c_shdarksteel_d.png,11700607_c_shdarksteel_c.png,0,
11790750,루미에라곤 광란 신발,11700607,63,59,51,20,18,15,11700607_F_SHDarkSteel.gltf,11700607_c_shdarksteel_d.png,11700607_c_shdarksteel_c.png,0,
11790751,루미에라곤 마법 신발,11700607,63,59,51,20,18,15,11700607_F_SHDarkSteel.gltf,11700607_c_shdarksteel_d.png,11700607_c_shdarksteel_c.png,0,
11790752,루미에라곤 신성 신발,11700607,63,59,51,20,18,15,11700607_F_SHDarkSteel.gltf,11700607_c_shdarksteel_d.png,11700607_c_shdarksteel_c.png,0,
11790753,루미에라곤 집중 신발,11700607,63,59,51,20,18,15,11700607_F_SHDarkSteel.gltf,11700607_c_shdarksteel_d.png,11700607_c_shdarksteel_c.png,0,
11790754,루미에라곤 포격 신발,11700607,63,59,51,20,18,15,11700607_F_SHDarkSteel.gltf,11700607_c_shdarksteel_d.png,11700607_c_shdarksteel_c.png,0,
11790755,루미에라곤 혼란 신발,11700607,63,59,51,20,18,15,11700607_F_SHDarkSteel.gltf,11700607_c_shdarksteel_d.png,11700607_c_shdarksteel_c.png,0,
11790756,루미에라곤 암살 신발,11700607,63,59,51,20,18,15,11700607_F_SHDarkSteel.gltf,11700607_c_shdarksteel_d.png,11700607_c_shdarksteel_c.png,0,
11790757,루미에라곤 주술 신발,11700607,63,59,51,20,18,15,11700607_F_SHDarkSteel.gltf,11700607_c_shdarksteel_d.png,11700607_c_shdarksteel_c.png,0,
11790758,루미에라곤 난투 신발,11700607,63,59,51,20,18,15,11700607_F_SHDarkSteel.gltf,11700607_c_shdarksteel_d.png,11700607_c_shdarksteel_c.png,0,
11790759,루미에라곤 의식 신발,11700607,63,59,51,20,18,15,11700607_F_SHDarkSteel.gltf,11700607_c_shdarksteel_d.png,11700607_c_shdarksteel_c.png,0,
11790909,리버스 나이트 컴뱃부츠 (LV50),11700660,63,59,51,20,18,15,11700660_F_SHBrightStar.gltf,11700660_c_shbrightstar_d.png,11700660_c_shbrightstar_c.png,0,
11790910,리버스 버서커 컴뱃부츠 (LV50),11700660,63,59,51,20,18,15,11700660_F_SHBrightStar.gltf,11700660_c_shbrightstar_d.png,11700660_c_shbrightstar_c.png,0,
11790911,리버스 위자드 컴뱃부츠 (LV50),11700660,63,59,51,20,18,15,11700660_F_SHBrightStar.gltf,11700660_c_shbrightstar_d.png,11700660_c_shbrightstar_c.png,0,
11790912,리버스 프리스트 컴뱃부츠 (LV50),11700660,63,59,51,20,18,15,11700660_F_SHBrightStar.gltf,11700660_c_shbrightstar_d.png,11700660_c_shbrightstar_c.png,0,
11790913,리버스 레인저 컴뱃부츠 (LV50),11700660,63,59,51,20,18,15,11700660_F_SHBrightStar.gltf,11700660_c_shbrightstar_d.png,11700660_c_shbrightstar_c.png,0,
11790914,리버스 헤비거너 컴뱃부츠 (LV50),11700660,63,59,51,20,18,15,11700660_F_SHBrightStar.gltf,11700660_c_shbrightstar_d.png,11700660_c_shbrightstar_c.png,0,
11790915,리버스 시프 컴뱃부츠 (LV50),11700660,63,59,51,20,18,15,11700660_F_SHBrightStar.gltf,11700660_c_shbrightstar_d.png,11700660_c_shbrightstar_c.png,0,
11790916,리버스 어쌔신 컴뱃부츠 (LV50),11700660,63,59,51,20,18,15,11700660_F_SHBrightStar.gltf,11700660_c_shbrightstar_d.png,11700660_c_shbrightstar_c.png,0,
11790917,리버스 룬 블레이더 컴뱃부츠 (LV50),11700660,63,59,51,20,18,15,11700660_F_SHBrightStar.gltf,11700660_c_shbrightstar_d.png,11700660_c_shbrightstar_c.png,0,
11790918,리버스 스트라이커 컴뱃부츠 (LV50),11700660,63,59,51,20,18,15,11700660_F_SHBrightStar.gltf,11700660_c_shbrightstar_d.png,11700660_c_shbrightstar_c.png,0,
11790919,리버스 소울바인더 컴뱃부츠 (LV50),11700660,63,59,51,20,18,15,11700660_F_SHBrightStar.gltf,11700660_c_shbrightstar_d.png,11700660_c_shbrightstar_c.png,0,
11790920,리버스 나이트 컴뱃부츠 (LV56),11700660,63,59,51,20,18,15,11700660_F_SHBrightStar.gltf,11700660_c_shbrightstar_d.png,11700660_c_shbrightstar_c.png,0,
11790921,리버스 버서커 컴뱃부츠 (LV56),11700660,63,59,51,20,18,15,11700660_F_SHBrightStar.gltf,11700660_c_shbrightstar_d.png,11700660_c_shbrightstar_c.png,0,
11790922,리버스 위자드 컴뱃부츠 (LV56),11700660,63,59,51,20,18,15,11700660_F_SHBrightStar.gltf,11700660_c_shbrightstar_d.png,11700660_c_shbrightstar_c.png,0,
11790923,리버스 프리스트 컴뱃부츠 (LV56),11700660,63,59,51,20,18,15,11700660_F_SHBrightStar.gltf,11700660_c_shbrightstar_d.png,11700660_c_shbrightstar_c.png,0,
11790924,리버스 레인저 컴뱃부츠 (LV56),11700660,63,59,51,20,18,15,11700660_F_SHBrightStar.gltf,11700660_c_shbrightstar_d.png,11700660_c_shbrightstar_c.png,0,
11790925,리버스 헤비거너 컴뱃부츠 (LV56),11700660,63,59,51,20,18,15,11700660_F_SHBrightStar.gltf,11700660_c_shbrightstar_d.png,11700660_c_shbrightstar_c.png,0,
11790926,리버스 시프 컴뱃부츠 (LV56),11700660,63,59,51,20,18,15,11700660_F_SHBrightStar.gltf,11700660_c_shbrightstar_d.png,11700660_c_shbrightstar_c.png,0,
11790927,리버스 어쌔신 컴뱃부츠 (LV56),11700660,63,59,51,20,18,15,11700660_F_SHBrightStar.gltf,11700660_c_shbrightstar_d.png,11700660_c_shbrightstar_c.png,0,
11790928,리버스 룬 블레이더 컴뱃부츠 (LV56),11700660,63,59,51,20,18,15,11700660_F_SHBrightStar.gltf,11700660_c_shbrightstar_d.png,11700660_c_shbrightstar_c.png,0,
11790929,리버스 스트라이커 컴뱃부츠 (LV56),11700660,63,59,51,20,18,15,11700660_F_SHBrightStar.gltf,11700660_c_shbrightstar_d.png,11700660_c_shbrightstar_c.png,0,
11790930,리버스 소울바인더 컴뱃부츠 (LV56),11700660,63,59,51,20,18,15,11700660_F_SHBrightStar.gltf,11700660_c_shbrightstar_d.png,11700660_c_shbrightstar_c.png,0,
11790933,천계의 선인 신발 (남),11790933,63,59,51,20,18,15,11790933_M_SHOrientalFairy.gltf,11790933_m_shorientalfairy_d.png,11790933_m_shorientalfairy_c.png,0,
11790934,천계의 선녀 꽃신 (여),11790934,255,168,203,205,86,106,11790934_F_SHOrientalFairy.gltf,11790934_f_shorientalfairy_d.png,11790934_f_shorientalfairy_c.png,0,
11790935,천계의 선인 신발 (남),11790933,63,59,51,20,18,15,11790933_M_SHOrientalFairy.gltf,11790933_m_shorientalfairy_d.png,11790933_m_shorientalfairy_c.png,0,
11790936,천계의 선녀 꽃신 (여),11790934,255,168,203,205,86,106,11790934_F_SHOrientalFairy.gltf,11790934_f_shorientalfairy_d.png,11790934_f_shorientalfairy_c.png,0,
11790946,안티크 에라곤 부츠,11701046,63,59,51,20,18,15,11701046_F_SHDarkStream.gltf,11701046_c_shdarkstream_d.png,11701046_c_shdarkstream_d.png,0,
11790947,타이렌 컴뱃 부츠,11701037,63,59,51,20,18,15,11701037_F_SHGiganTikaA01.gltf,11701037_c_shgigantikaa01_d.png,11701037_c_shgigantikaa01_c.png,0,
11790948,타이렌 커맨더 컴뱃 부츠,11701038,63,59,51,20,18,15,11701038_F_SHGiganTikaA02.gltf,11701038_c_shgigantikaa02_d.png,11701038_c_shgigantikaa02_c.png,0,
11790949,안티크 인페누크 부츠,11701076,63,59,51,20,18,15,11701076_F_SHBalrogB02.gltf,11701076_c_shbalrogb02_d.png,11701076_c_shbalrogb02_c.png,0,
11791079,완성된 힘의 전사 신발,11709996,63,59,51,20,18,15,11700003_F_SHSilverOrihalcon.gltf,11700003_f_shsilverorihalcon_d.png,11700003_f_shsilverorihalcon_d.png,0,
11791080,완성된 힘의 마법사 신발,11700078,63,59,51,20,18,15,11700002_F_SHRibbonDeco.gltf,11700002_f_shribbondeco_d.png,11700002_f_shribbondeco_c.png,0,
11791081,완성된 힘의 궁수 신발,11700104,63,59,51,20,18,15,11700104_F_SHMilitiaBoots.gltf,11700104_c_shmilitiaboots_d.png,11700104_c_shmilitiaboots_d.png,0,
11791082,완성된 힘의 도적 신발,11700052,63,59,51,20,18,15,01700018_F_GoldSilkyShoes.gltf,01700017_c_goldsilkyshoes_d.png,01700017_c_goldsilkyshoes_c.png,0,
11791083,완성된 힘의 격투가 신발,11700517,63,59,51,20,18,15,11700517_F_SHFighter07.gltf,11700517_c_shfighter07_d.png,11700517_c_shfighter07_c.png,0,
11791084,완성된 힘의 기공사 신발,11700517,63,59,51,20,18,15,11700517_F_SHFighter07.gltf,11700517_c_shfighter07_d.png,11700517_c_shfighter07_c.png,0,
11791094,브라이트 스타의 신발,11700660,63,59,51,20,18,15,11700660_F_SHBrightStar.gltf,11700660_c_shbrightstar_d.png,11700660_c_shbrightstar_c.png,0,
11791105,크림슨 발록의 신발,11701039,63,59,51,20,18,15,11701039_F_SHBalrogB01.gltf,11701039_c_shbalrogb01_d.png,11701039_c_shbalrogb01_c.png,0,
11791224,타이드 캡틴 부츠 (나이트),11700718,63,59,51,20,18,15,11700598_F_SHPirate.gltf,11700598_f_shpirate_d.png,11700598_f_shpirate_c.png,0,
11791225,타이드 캡틴 부츠 (버서커),11700718,63,59,51,20,18,15,11700598_F_SHPirate.gltf,11700598_f_shpirate_d.png,11700598_f_shpirate_c.png,0,
11791226,타이드 캡틴 부츠 (위자드),11700718,63,59,51,20,18,15,11700598_F_SHPirate.gltf,11700598_f_shpirate_d.png,11700598_f_shpirate_c.png,0,
11791227,타이드 캡틴 부츠 (프리스트),11700718,63,59,51,20,18,15,11700598_F_SHPirate.gltf,11700598_f_shpirate_d.png,11700598_f_shpirate_c.png,0,
11791228,타이드 캡틴 부츠 (레인저),11700718,63,59,51,20,18,15,11700598_F_SHPirate.gltf,11700598_f_shpirate_d.png,11700598_f_shpirate_c.png,0,
11791229,타이드 캡틴 부츠 (헤비거너),11700718,63,59,51,20,18,15,11700598_F_SHPirate.gltf,11700598_f_shpirate_d.png,11700598_f_shpirate_c.png,0,
11791230,타이드 캡틴 부츠 (시프),11700718,63,59,51,20,18,15,11700598_F_SHPirate.gltf,11700598_f_shpirate_d.png,11700598_f_shpirate_c.png,0,
11791231,타이드 캡틴 부츠 (어쌔신),11700718,63,59,51,20,18,15,11700598_F_SHPirate.gltf,11700598_f_shpirate_d.png,11700598_f_shpirate_c.png,0,
11791232,타이드 캡틴 부츠 (룬블레이더),11700718,63,59,51,20,18,15,11700598_F_SHPirate.gltf,11700598_f_shpirate_d.png,11700598_f_shpirate_c.png,0,
11791233,타이드 캡틴 부츠 (스트라이커),11700718,63,59,51,20,18,15,11700598_F_SHPirate.gltf,11700598_f_shpirate_d.png,11700598_f_shpirate_c.png,0,
11791234,타이드 캡틴 부츠 (소울바인더),11700718,63,59,51,20,18,15,11700598_F_SHPirate.gltf,11700598_f_shpirate_d.png,11700598_f_shpirate_c.png,0,
11791246,윙드 데몬 그리브 (나이트),11700659,63,59,51,20,18,15,11700659_F_SHDragon.gltf,11700659_c_shdragon_d.png,11700659_c_shdragon_c.png,0,
11791247,윙드 데몬 그리브 (버서커),11700659,63,59,51,20,18,15,11700659_F_SHDragon.gltf,11700659_c_shdragon_d.png,11700659_c_shdragon_c.png,0,
11791248,윙드 데몬 그리브 (위자드),11700659,63,59,51,20,18,15,11700659_F_SHDragon.gltf,11700659_c_shdragon_d.png,11700659_c_shdragon_c.png,0,
11791249,윙드 데몬 그리브 (프리스트),11700659,63,59,51,20,18,15,11700659_F_SHDragon.gltf,11700659_c_shdragon_d.png,11700659_c_shdragon_c.png,0,
11791250,윙드 데몬 그리브 (레인저),11700659,63,59,51,20,18,15,11700659_F_SHDragon.gltf,11700659_c_shdragon_d.png,11700659_c_shdragon_c.png,0,
11791251,윙드 데몬 그리브 (헤비거너),11700659,63,59,51,20,18,15,11700659_F_SHDragon.gltf,11700659_c_shdragon_d.png,11700659_c_shdragon_c.png,0,
11791252,윙드 데몬 그리브 (시프),11700659,63,59,51,20,18,15,11700659_F_SHDragon.gltf,11700659_c_shdragon_d.png,11700659_c_shdragon_c.png,0,
11791253,윙드 데몬 그리브 (어쌔신),11700659,63,59,51,20,18,15,11700659_F_SHDragon.gltf,11700659_c_shdragon_d.png,11700659_c_shdragon_c.png,0,
11791254,윙드 데몬 그리브 (룬블레이더),11700659,63,59,51,20,18,15,11700659_F_SHDragon.gltf,11700659_c_shdragon_d.png,11700659_c_shdragon_c.png,0,
11791255,윙드 데몬 그리브 (스트라이커),11700659,63,59,51,20,18,15,11700659_F_SHDragon.gltf,11700659_c_shdragon_d.png,11700659_c_shdragon_c.png,0,
11791256,윙드 데몬 그리브 (소울바인더),11700659,63,59,51,20,18,15,11700659_F_SHDragon.gltf,11700659_c_shdragon_d.png,11700659_c_shdragon_c.png,0,
11791257,베히모스 레더 부츠 (나이트),11701034,63,59,51,20,18,15,11701034_F_SHVehement.gltf,11701034_c_shvehement_d.png,11701034_c_shvehement_c.png,0,
11791258,베히모스 레더 부츠 (버서커),11701034,63,59,51,20,18,15,11701034_F_SHVehement.gltf,11701034_c_shvehement_d.png,11701034_c_shvehement_c.png,0,
11791259,베히모스 레더 부츠 (위자드),11701034,63,59,51,20,18,15,11701034_F_SHVehement.gltf,11701034_c_shvehement_d.png,11701034_c_shvehement_c.png,0,
11791260,베히모스 레더 부츠 (프리스트),11701034,63,59,51,20,18,15,11701034_F_SHVehement.gltf,11701034_c_shvehement_d.png,11701034_c_shvehement_c.png,0,
11791261,베히모스 레더 부츠 (레인저),11701034,63,59,51,20,18,15,11701034_F_SHVehement.gltf,11701034_c_shvehement_d.png,11701034_c_shvehement_c.png,0,
11791262,베히모스 레더 부츠 (헤비거너),11701034,63,59,51,20,18,15,11701034_F_SHVehement.gltf,11701034_c_shvehement_d.png,11701034_c_shvehement_c.png,0,
11791263,베히모스 레더 부츠 (시프),11701034,63,59,51,20,18,15,11701034_F_SHVehement.gltf,11701034_c_shvehement_d.png,11701034_c_shvehement_c.png,0,
11791264,베히모스 레더 부츠 (어쌔신),11701034,63,59,51,20,18,15,11701034_F_SHVehement.gltf,11701034_c_shvehement_d.png,11701034_c_shvehement_c.png,0,
11791265,베히모스 레더 부츠 (룬블레이더),11701034,63,59,51,20,18,15,11701034_F_SHVehement.gltf,11701034_c_shvehement_d.png,11701034_c_shvehement_c.png,0,
11791266,베히모스 레더 부츠 (스트라이커),11701034,63,59,51,20,18,15,11701034_F_SHVehement.gltf,11701034_c_shvehement_d.png,11701034_c_shvehement_c.png,0,
11791267,베히모스 레더 부츠 (소울바인더),11701034,63,59,51,20,18,15,11701034_F_SHVehement.gltf,11701034_c_shvehement_d.png,11701034_c_shvehement_c.png,0,
11791268,에일리온 보이드 워커 (나이트),11700892,63,59,51,20,18,15,11700892_F_SHReverseRaidA02.gltf,11700892_c_shreverseraida02_d.png,11700892_c_shreverseraida02_c.png,0,
11791269,에일리온 보이드 워커 (버서커),11700892,63,59,51,20,18,15,11700892_F_SHReverseRaidA02.gltf,11700892_c_shreverseraida02_d.png,11700892_c_shreverseraida02_c.png,0,
11791270,에일리온 보이드 워커 (위자드),11700892,63,59,51,20,18,15,11700892_F_SHReverseRaidA02.gltf,11700892_c_shreverseraida02_d.png,11700892_c_shreverseraida02_c.png,0,
11791271,에일리온 보이드 워커 (프리스트),11700892,63,59,51,20,18,15,11700892_F_SHReverseRaidA02.gltf,11700892_c_shreverseraida02_d.png,11700892_c_shreverseraida02_c.png,0,
11791272,에일리온 보이드 워커 (레인저),11700892,63,59,51,20,18,15,11700892_F_SHReverseRaidA02.gltf,11700892_c_shreverseraida02_d.png,11700892_c_shreverseraida02_c.png,0,
11791273,에일리온 보이드 워커 (헤비거너),11700892,63,59,51,20,18,15,11700892_F_SHReverseRaidA02.gltf,11700892_c_shreverseraida02_d.png,11700892_c_shreverseraida02_c.png,0,
11791274,에일리온 보이드 워커 (시프),11700892,63,59,51,20,18,15,11700892_F_SHReverseRaidA02.gltf,11700892_c_shreverseraida02_d.png,11700892_c_shreverseraida02_c.png,0,
11791275,에일리온 보이드 워커 (어쌔신),11700892,63,59,51,20,18,15,11700892_F_SHReverseRaidA02.gltf,11700892_c_shreverseraida02_d.png,11700892_c_shreverseraida02_c.png,0,
11791276,에일리온 보이드 워커 (룬블레이더),11700892,63,59,51,20,18,15,11700892_F_SHReverseRaidA02.gltf,11700892_c_shreverseraida02_d.png,11700892_c_shreverseraida02_c.png,0,
11791277,에일리온 보이드 워커 (스트라이커),11700892,63,59,51,20,18,15,11700892_F_SHReverseRaidA02.gltf,11700892_c_shreverseraida02_d.png,11700892_c_shreverseraida02_c.png,0,
11791278,에일리온 보이드 워커 (소울바인더),11700892,63,59,51,20,18,15,11700892_F_SHReverseRaidA02.gltf,11700892_c_shreverseraida02_d.png,11700892_c_shreverseraida02_c.png,0,
11791279,블랙 뱅가드 워 부츠 (나이트),11700607,63,59,51,20,18,15,11700607_F_SHDarkSteel.gltf,11700607_c_shdarksteel_d.png,11700607_c_shdarksteel_c.png,0,
11791280,블랙 뱅가드 워 부츠 (버서커),11700607,63,59,51,20,18,15,11700607_F_SHDarkSteel.gltf,11700607_c_shdarksteel_d.png,11700607_c_shdarksteel_c.png,0,
11791281,블랙 뱅가드 워 부츠 (위자드),11700607,63,59,51,20,18,15,11700607_F_SHDarkSteel.gltf,11700607_c_shdarksteel_d.png,11700607_c_shdarksteel_c.png,0,
11791282,블랙 뱅가드 워 부츠 (프리스트),11700607,63,59,51,20,18,15,11700607_F_SHDarkSteel.gltf,11700607_c_shdarksteel_d.png,11700607_c_shdarksteel_c.png,0,
11791283,블랙 뱅가드 워 부츠 (레인저),11700607,63,59,51,20,18,15,11700607_F_SHDarkSteel.gltf,11700607_c_shdarksteel_d.png,11700607_c_shdarksteel_c.png,0,
11791284,블랙 뱅가드 워 부츠 (헤비거너),11700607,63,59,51,20,18,15,11700607_F_SHDarkSteel.gltf,11700607_c_shdarksteel_d.png,11700607_c_shdarksteel_c.png,0,
11791285,블랙 뱅가드 워 부츠 (시프),11700607,63,59,51,20,18,15,11700607_F_SHDarkSteel.gltf,11700607_c_shdarksteel_d.png,11700607_c_shdarksteel_c.png,0,
11791286,블랙 뱅가드 워 부츠 (어쌔신),11700607,63,59,51,20,18,15,11700607_F_SHDarkSteel.gltf,11700607_c_shdarksteel_d.png,11700607_c_shdarksteel_c.png,0,
11791287,블랙 뱅가드 워 부츠 (룬블레이더),11700607,63,59,51,20,18,15,11700607_F_SHDarkSteel.gltf,11700607_c_shdarksteel_d.png,11700607_c_shdarksteel_c.png,0,
11791288,블랙 뱅가드 워 부츠 (스트라이커),11700607,63,59,51,20,18,15,11700607_F_SHDarkSteel.gltf,11700607_c_shdarksteel_d.png,11700607_c_shdarksteel_c.png,0,
11791289,블랙 뱅가드 워 부츠 (소울바인더),11700607,63,59,51,20,18,15,11700607_F_SHDarkSteel.gltf,11700607_c_shdarksteel_d.png,11700607_c_shdarksteel_c.png,0,
11791290,블랙퓨리티 카발릭 부츠 (나이트),11701131,63,59,51,20,18,15,11701131_F_SHDarkTutor.gltf,11701131_c_shdarktutor_d.png,11701131_c_shdarktutor_c.png,0,
11791291,블랙퓨리티 카발릭 부츠 (버서커),11701131,63,59,51,20,18,15,11701131_F_SHDarkTutor.gltf,11701131_c_shdarktutor_d.png,11701131_c_shdarktutor_c.png,0,
11791292,블랙퓨리티 카발릭 부츠 (위자드),11701131,63,59,51,20,18,15,11701131_F_SHDarkTutor.gltf,11701131_c_shdarktutor_d.png,11701131_c_shdarktutor_c.png,0,
11791293,블랙퓨리티 카발릭 부츠 (프리스트),11701131,63,59,51,20,18,15,11701131_F_SHDarkTutor.gltf,11701131_c_shdarktutor_d.png,11701131_c_shdarktutor_c.png,0,
11791294,블랙퓨리티 카발릭 부츠 (레인저),11701131,63,59,51,20,18,15,11701131_F_SHDarkTutor.gltf,11701131_c_shdarktutor_d.png,11701131_c_shdarktutor_c.png,0,
11791295,블랙퓨리티 카발릭 부츠 (헤비거너),11701131,63,59,51,20,18,15,11701131_F_SHDarkTutor.gltf,11701131_c_shdarktutor_d.png,11701131_c_shdarktutor_c.png,0,
11791296,블랙퓨리티 카발릭 부츠 (시프),11701131,63,59,51,20,18,15,11701131_F_SHDarkTutor.gltf,11701131_c_shdarktutor_d.png,11701131_c_shdarktutor_c.png,0,
11791297,블랙퓨리티 카발릭 부츠 (어쌔신),11701131,63,59,51,20,18,15,11701131_F_SHDarkTutor.gltf,11701131_c_shdarktutor_d.png,11701131_c_shdarktutor_c.png,0,
11791298,블랙퓨리티 카발릭 부츠 (룬블레이더),11701131,63,59,51,20,18,15,11701131_F_SHDarkTutor.gltf,11701131_c_shdarktutor_d.png,11701131_c_shdarktutor_c.png,0,
11791299,블랙퓨리티 카발릭 부츠 (스트라이커),11701131,63,59,51,20,18,15,11701131_F_SHDarkTutor.gltf,11701131_c_shdarktutor_d.png,11701131_c_shdarktutor_c.png,0,
11791300,블랙퓨리티 카발릭 부츠 (소울바인더),11701131,63,59,51,20,18,15,11701131_F_SHDarkTutor.gltf,11701131_c_shdarktutor_d.png,11701131_c_shdarktutor_c.png,0,
11791301,강화된 품위의 전투 신발,11700721,63,59,51,20,18,15,11700721_F_SHArenaA01.gltf,11700721_c_sharenaa01_d.png,11700721_c_sharenaa01_c.png,0,
11791302,강화된 품위의 광란 신발,11700721,63,59,51,20,18,15,11700721_F_SHArenaA01.gltf,11700721_c_sharenaa01_d.png,11700721_c_sharenaa01_c.png,0,
11791303,강화된 품위의 마법 신발,11700721,63,59,51,20,18,15,11700721_F_SHArenaA01.gltf,11700721_c_sharenaa01_d.png,11700721_c_sharenaa01_c.png,0,
11791304,강화된 품위의 신성 신발,11700721,63,59,51,20,18,15,11700721_F_SHArenaA01.gltf,11700721_c_sharenaa01_d.png,11700721_c_sharenaa01_c.png,0,
11791305,강화된 품위의 집중 신발,11700721,63,59,51,20,18,15,11700721_F_SHArenaA01.gltf,11700721_c_sharenaa01_d.png,11700721_c_sharenaa01_c.png,0,
11791306,강화된 품위의 포격 신발,11700721,63,59,51,20,18,15,11700721_F_SHArenaA01.gltf,11700721_c_sharenaa01_d.png,11700721_c_sharenaa01_c.png,0,
11791307,강화된 품위의 혼란 신발,11700721,63,59,51,20,18,15,11700721_F_SHArenaA01.gltf,11700721_c_sharenaa01_d.png,11700721_c_sharenaa01_c.png,0,
11791308,강화된 품위의 암살 신발,11700721,63,59,51,20,18,15,11700721_F_SHArenaA01.gltf,11700721_c_sharenaa01_d.png,11700721_c_sharenaa01_c.png,0,
11791309,강화된 품위의 주술 신발,11700721,63,59,51,20,18,15,11700721_F_SHArenaA01.gltf,11700721_c_sharenaa01_d.png,11700721_c_sharenaa01_c.png,0,
11791310,강화된 품위의 난투 신발,11700721,63,59,51,20,18,15,11700721_F_SHArenaA01.gltf,11700721_c_sharenaa01_d.png,11700721_c_sharenaa01_c.png,0,
11791311,강화된 품위의 의식 신발,11700721,63,59,51,20,18,15,11700721_F_SHArenaA01.gltf,11700721_c_sharenaa01_d.png,11700721_c_sharenaa01_c.png,0,
11799996,오리할콘 부츠,11709996,63,59,51,20,18,15,11700003_F_SHSilverOrihalcon.gltf,11700003_f_shsilverorihalcon_d.png,11700003_f_shsilverorihalcon_d.png,0,
11799997,블러드 레퀴엠 부츠,11709997,63,59,51,20,18,15,11700004_F_SHBloodRequiem.gltf,11700004_f_shbloodrequiem_d.png,11700004_f_shbloodrequiem_c.png,0,